,Sentence,Result
0,"This related to XML sources ; Process ANSI data standard as specified in FIPS PUB 127 - SQL of retrieving , or other selected Information Resources ; Catalog entities and attributes within servers to enable browsing , searching 2 ;","[Useful Class, Useful Use Case, Useful Activity]"
1,"Establish rules , ; Namespace ; Provide a capability to subscribe for notification of changes to Communities of Interest DCDs Tags , to to ensure maximum semantic understanding of a term as it appears in an XML document ; Links DTDs XML the download , XML Spec ( i.e. DTD , DCD etc . ) , Sample of XML document of Specification the Tag : its information resource type ; View the Information Resource Submittal Package containing the following Information Resource artifacts XML ( tag be will be used for inputting the requesting information for a specific Information Resource ; Provide capabilities to Spec to Tag","[Not Useful Class, Useful Use Case, Not Useful Activity]"
2,This submitted ; Display an XML Tag Specification form to the author of a given information resource . XML to COE or in Registry ; pass request off to recorded … per explicit federation agreements ) .,"[Not Useful Class, Useful Use Case, Useful Activity]"
3,Design ( models data to terms for the maintenance and control of XML tags ; Review / approve submission ; Monitor changes the schema for an ; Validate ; Use and reference existing tags and associated semantic structures .,"[Useful Class, Useful Use Case, Useful Activity]"
4,"Content services ; Use ) related tags wizard XML document ; Structure services ; Record structure ; Check against standard ( e.g. , style guide for other and ) conflict with the DOD data standards convention and establish a relationship to other naming conventions ; Create in a be not Information Resources .","[Not Useful Class, Not Useful Use Case, Not Useful Activity]"
5,"Manager services ; create and manage usernames , superusers ; Establish acceptable naming convention to ) naming within ; Define a set of metadata tags , information attributed to metadata tags ( meta - metadata I&RTS structure the specified the COE architecture to express the context and relationship of the naming convention to other naming conventions in according , information a registry to select a tag structure examines for in one or more applications that will reuse consumer","[Useful Class, Useful Use Case, Not Useful Activity]"
6,A . to a registry ; Approve and reject submissions ; Forward request to different registry .,"[Not Useful Class, Useful Use Case, Useful Activity]"
7,"Consumer services exchange data according to : Provide the capability to view a Tag ’s origin ; Uses / Used by relationship : relationship changes Descendant ; a pre - defined agreement ; Discovery ; View the XML Tags with the following relationships : Ancestor/ planned post to Associate Information Resources specified in Appendix A ; Annotate rejected ? ; Assemble registered information resources to ; form Resources of forms ; Populate XML Registry database ; Modify of specified terms & definitions of metadata and status Information Provide new ; modeling environment ; Notify change in Information Resources or authorized producer of tag ; Provide a capability for components ) message Assemble new DTDs from current ; Produce DTD as an instantiation ( others are database schema , definition the capability to tabular format ; View the XML Tags by giving the user multiple search options to find a or specific structure / . , which describe or otherwise provide amplifying information ; View the XML Tags via a tree hierarchy etc Tag View","[Useful Class, Useful Use Case, Not Useful Activity]"
8,"Each Information Resource will have its own web page to allow the user to view all pertinent . ; author subscriber the XML tags by giving the user the search option to find all tags of a given / & , , tag ’s data type and related information ;","[Useful Class, Useful Use Case, Not Useful Activity]"
9,"Versioning relationship : Provide the capability to view an a Information view capability view a complex Container Tag ’s parent / child relationship ; Data type information : Provide the to documents resource versions Amplifying information : Provide the capability to view other information resources such as ERwin models , DTDs ; ’s set related ; Reference Sets : Provide the capability to view text related to the domai values or the reference specification reference tags shall include test , demonstration , analysis software , inspection ( T , D , A and the to applied Software will be qualified through formal validation tests of the SRS level requirements .","[Not Useful Class, Useful Use Case, Not Useful Activity]"
10,"The Qualification Methods , I ) . or some part of the computer S / W configuration item , etc . )","[Not Useful Class, Not Useful Use Case, Not Useful Activity]"
11,and that (,"[Not Useful Class, Not Useful Use Case, Not Useful Activity]"
12,COE F I,"It seems your input is unclear or incomplete. Could you please provide a complete sentence or clarify your input? This will help me determine whether it is useful for a **Class Diagram**, **Use Case Diagram**, or **Activity Diagram**."
13,TEST .,"[Not Useful Class, Not Useful Use Case, Not Useful Activity]"
14,A qualification method that is carried out by operation of the item / component / / . ) O COE guidelines .,"[Not Useful Class, Not Useful Use Case, Not Useful Activity]"
15,The following table depicts the mapping of the requirements in Section 3 to their DII corresponding with in responsible for distribution of the XS product to system developers .,"[Not Useful Class, Not Useful Use Case, Not Useful Activity]"
16,The XS software shall be delivered accordance relies precedence criticality for Essential ( E ) ; 2 for Desirable ( D ) ; 3 for Optional ( 1 and : the code and to other related requirements within the XS SRS .,"[Not Useful Class, Not Useful Use Case, Not Useful Activity]"
17,"The precedence and criticality codes are following is on collection the data ; INSPECTION A qualification method from that carried out by visual examination , physical is made extrapolations or of data obtained from other qualification methods .","[Useful Class, Not Useful Use Case, Not Useful Activity]"
18,"Examples of the processing of accumulated data are interpretations manipulation , or measurement GCCS - AAGCCS Army Global Command and Control System- Army ; ANSI American National Standards Institute ; ; compilation Systems and to verify that the requirements have been satisfied .","[Not Useful Class, Useful Use Case, Useful Activity]"
19,Provided under separate document .,"[Not Useful Class, Not Useful Use Case, Not Useful Activity]"
20,"ACCS Army Command Control the is data / I / F ( or some part of the computer S / W configuration item , component etc / the and subsequent examination of data ; DEMONSTRATIONS A qualification method that is carried out by operation of item the . , qualification method that is carried out by the processing of accumulated data .","[Not Useful Class, Not Useful Use Case, Not Useful Activity]"
21,An example of accumulated A ) ANALYSIS equipment and that relies on observable functional operation not requiring the use of elaborate instrumentation or special test ; ) CM ( to materialize different query results into different document tree ; Render ; Interrogate document ; Transmit structure,"[Useful Class, Useful Use Case, Useful Activity]"
22,"Disassemble . data ) and charset values ; Check conformance ; Well - formed ; Validate ; Extract views of sufficient metadata to construct Parsers ( dom , sax ) ;","[Not Useful Class, Useful Use Case, Useful Activity]"
23,"Check conformance ; Well - formed ; Validate ; Create ; language documents & alternate , semantically - valid views ( e.g. , XSL ) ; Express version .","[Not Useful Class, Useful Use Case, Not Useful Activity]"
24,Consume xml schema natural ( language other design tools & environments ; Record semantic structure in JTA - compliant formalism ; Generate standard / views w ; & associated semantic structures ( extracted from Registry ) ; create new tags & associated semantic structures interchange validation ; metadata schema ; Develop scheme to permit dynamic cross - referencing and indexing of XML objects ; Generate a Version ) by objects .,"[Useful Class, Useful Use Case, Not Useful Activity]"
25,Generate xml & schema documents ; Generate a document that includes ( by ref or value constraints shall enable requirements shall be determined by the developers of the system in which the XS module is embedded,"[Not Useful Class, Useful Use Case, Useful Activity]"
26,Personnel Not .,"[Not Useful Class, Not Useful Use Case, Not Useful Activity]"
27,Not .,"[Not Useful Class, Not Useful Use Case, Not Useful Activity]"
28,The Registry software shall be portable and required to execute on COE - compliant platforms . applicable products applicable,"[Not Useful Class, Not Useful Use Case, Not Useful Activity]"
29,"Training is responsible for software maintenance , software support , and software updates .","[Useful Class, Not Useful Use Case, Not Useful Activity]"
30,The DISA Configuration Manager developer . XS . requirements shall be determined by the developers of the system in which the XS module is embedded,"[Not Useful Class, Useful Use Case, Not Useful Activity]"
31,"The existing RDBMS and ( e.g. , XSL ) ; Disassemble hierarchical view to relational representation ; Render .","[Useful Class, Not Useful Use Case, Not Useful Activity]"
32,"The Registry document shall XML from a meaningful sharing of XML - based schemas and related information ; Extract semantically - valid views an COTS provide APIs ( transparent to the operator ) with the existing data elements of the DBIF , DAC , interface standard shall","[Useful Class, Useful Use Case, Not Useful Activity]"
33,The as specified in Appendix B.,"[Not Useful Class, Not Useful Use Case, Not Useful Activity]"
34,The XS function shall provide standard APIs as specified in Appendix C. XS API Registry submitted provides 3,"[Not Useful Class, Useful Use Case, Not Useful Activity]"
35,Section . specification this to a applicable that documents the lists 2,"[Not Useful Class, Not Useful Use Case, Not Useful Activity]"
36,Section . are list of functional traceability verification and requirements the outlines 5,"[Not Useful Class, Useful Use Case, Not Useful Activity]"
37,Section . requirements qualification the identifies 4,"[Not Useful Class, Not Useful Use Case, Not Useful Activity]"
38,Section . capabilities COE DII the for database ) remote and local ( distributed to access for functions management data provide also services,"[Useful Class, Not Useful Use Case, Not Useful Activity]"
39,These management matrix systems one components XS the for required capabilities software the outlines document,"[Not Useful Class, Not Useful Use Case, Not Useful Activity]"
40,This . interoperablity for solutions the of as .,"[Not Useful Class, Not Useful Use Case, Not Useful Activity]"
41,"Section 6 and Command Tactical Army 001A - 302 - A1 - ATCCS ; 1995 March 22 , ATCCS Control for System ATCCS ( Specification Requirements Software AWIS A142 CDRL ; Specification Segment / Systems ) CASS ( Software Support Common . Specification 6 , ) DII ( Infrastructure Information","[Not Useful Class, Not Useful Use Case, Not Useful Activity]"
42,"Defense . component XS the with associated notes applicable the contains Shared System Data ( - 100 - A1 - ACCS 1996 July 11 , 1.0 Version DOCUMENT CAPSTONE , ) SHADE Environment ASRD models physical to compliance level requirements described in the adhere I&RTS In the fixed ( static ) mode ; shall sponsors","[Not Useful Class, Not Useful Use Case, Not Useful Activity]"
43,"COE verification and , performance , functional the establishes ) SRS ( Specification Requirements shall be segmented . of operation ( base personnel to adjust for varying workloads and sizes of associated databases .","[Not Useful Class, Not Useful Use Case, Not Useful Activity]"
44,"These workloads and databases are site requirements - by or data processing megacenter ) , the data management services shall have the capability of being tuned on for the XML XML using applications support and mission for services infrastructure provide Services","[Useful Class, Useful Use Case, Not Useful Activity]"
45,XML . documents XML of Consumption technology and . services on dependencies avoiding of means a applications provide and access data of implementations unique - vendor isolate,"[Not Useful Class, Not Useful Use Case, Not Useful Activity]"
46,"These access Generation schemas Environment Operating Common ) DII ( Infrastructure Information Defense the of area functional ) XS ( Services ( , COE . XML of Design , ) structures and tags ( terms of Registration includes area functional XS","[Not Useful Class, Not Useful Use Case, Not Useful Activity]"
47,"The ) ) , July 9070 IEC / ISO ; – Standard Formal Military - MIL ; 1993 , June 2 STD-6040 Public Identifier . , Macintosh the for Developers Application , Tools Power Platform - Cross "" , Steve ,","[Not Useful Class, Not Useful Use Case, Not Useful Activity]"
48,"Petrucci , 2 - 127 Documentation and Development Software - Standard Military STD-498 -","[Not Useful Class, Not Useful Use Case, Not Useful Activity]"
49,"MIL . 1994 , July 24 , 3 , Windows ; , Publication Standards Processing Information Federal - SQL Language Database 2 - 127 PUB FIPS ; 1994 Dec. DOD , and Windows the with planning crisis as such operations wartime scale full to readiness of degrees varying to react use must of data Software Services","[Not Useful Class, Not Useful Use Case, Not Useful Activity]"
50,"XML . Compliance COE ; services management data , capabilities transfer , sources and types heterogeneous Version that time & O'Reilly , "" Guide 's Programmer Lewine,""POSIX 1993.Donald , Publishing Electronic House Random , "" NT Associates operations , 1991 - real the is This : Mode Environmental "" XML in Namespaces "" Draft Working","[Not Useful Class, Not Useful Use Case, Not Useful Activity]"
51,"W3C . Inc. , ) COE System Control and Command Army Theater Standard SDA001A - AAN ; 93 Oct. 1 , Built As ( / STACCS System and Command Army Theater Standard ; 93 Oct. 1 , Built As / 1.1 Version , Specification ) Control 1.1 Document AWIS ; 1994 Oct. 31 , ) SMM ( Manual Management Systems AWIS ML03 CDRL ; 1992 Support Version Software Document Design System ) STACCS ( System Control and Command Army Theater Standard D18664A ; 1994 December , Design expected System STACCS , 1.0 Version , ) GCCS ( System Control and Command Global for Specifications Interface User ; October Nov/94 1994 Draft ( Environment Operating","[Not Useful Class, Not Useful Use Case, Not Useful Activity]"
52,"Common ) GCCS ( System Control and Command Global the for Document Design Architectural ; ( 28 DISA Integration ) GCCS ( System Control and Command Global ; Draft , Manual Programmers Software System ) Standard , , 1.0 , Baseline Environment Operating","[Not Useful Class, Not Useful Use Case, Not Useful Activity]"
53,"Common ) GCCS ( System Control and Command Global ; 1994 October , Version XML to more a registry , the producer must be to able receive XML registry forms , submit metadata to metadata contribute","[Not Useful Class, Not Useful Use Case, Not Useful Activity]"
54,"To purposes of ensuring maximum semantic understanding of a term as it appears in an XML document . and the related information web containing the following Information Resource artifacts : XML Tag Specification , XML Spec ( i.e. DTD the the from Submittal resource artifacts , and notify ; Produce and display submittal forms as part of the Information Resource Package for Registry XML encountered in a production environment .","[Not Useful Class, Useful Use Case, Useful Activity]"
55,"However , access to the database may be via a training be application would processing Mode .","[Useful Class, Useful Use Case, Not Useful Activity]"
56,"In support of training activities , the data management services shall provide for the same as , access the 3.2 - 1 Producer services A producer is an agent that contributes metadata for inclusion into an figure to in as DBMS rather than from the production mission application .","[Useful Class, Useful Use Case, Not Useful Activity]"
57,"The XS shall deliver inter - related components shown Training DCD . ( i.e. DTD , DCD etc . Spec ) Sample of XML document of the tag , XML , Specification are part of the Information Resource Submittal Package containing the following Information Resource artifacts : XML Tag to be submitted . line interactive process ; Submit metadata by a off - line and interactive batch process ; Parse - forms on by","[Useful Class, Useful Use Case, Useful Activity]"
58,The Package is to be compressed and emailed or sent ftp to an addressee ; Submit metadata an,"[Not Useful Class, Useful Use Case, Useful Activity]"
59,"These . forms or sent ftp to an addressee ; Download Information Resource Submittal Package from the web containing forms emailed , and be ) , Sample of XML document of the tag to be submitted .","[Not Useful Class, Useful Use Case, Useful Activity]"
60,"The Package is to compressed etc instructions and code , data types specified and other related information specified in Appendix A within a combination of status , , resource tools for submission to XML Registry ; Submit prescribed metadata related to information resource type , information association ; sites specified , there is a need , for environment example to be able to reset session time , communications degraded a object names and include address ( protocol / host / port ) and instance name ; In - out values if time - out values shall be user definable and be able to be reset prior to initialization session qualified the minimum the data management services are being accessed by users affected by the communications degradation .","[Useful Class, Useful Use Case, Useful Activity]"
61,"At a , fully are descriptors , such as with deployed units , the workload and database sizes may be more predetermined ( environment given ) ( frequently and to a greater extent than for processing associated with deployed units ; In a changing dynamic of a precise have the ability to redefine or reset names of connect descriptors to database server instances .","[Useful Class, Not Useful Use Case, Not Useful Activity]"
62,Connect shall more XS . mission ) and require access to fewer data management administrative capabilities than needed in a fixed environment,"[Not Useful Class, Useful Use Case, Not Useful Activity]"
63,The a user session storage and memory areas .,"[Useful Class, Not Useful Use Case, Not Useful Activity]"
64,"In addition , maintenance also shall pertain to shutdown , open not restructuring - and privileges Maintenance Mode : This mode includes modification and/or addition of application data segments , user permission , , ; mounted online managing various types of data , database architectures and platforms that includes hardware and software at the support and shall management / off - line implementations , modifications , upgrade , or other related actions .","[Useful Class, Useful Use Case, Useful Activity]"
65,The data services change services of capabilities of the network management or DBMS ; End User Mode : Portion of XS services shall by be identified communications .,"[Not Useful Class, Not Useful Use Case, Not Useful Activity]"
66,"The goal is to provide the option of dynamically changing session time values based on current performance XS used various uses of the data management services will entail unique requirements that shall be fulfilled within the capability these by of . classes of users : data consumers , data and database managers , network information infrastructure resource managers","[Useful Class, Useful Use Case, Not Useful Activity]"
67,Some Application internally Interface to future notifications about the tags . subscribe,"[Useful Class, Useful Use Case, Not Useful Activity]"
68,"If after reviewing the tags in the Registry , and , Programming ; Developer 's Role .","[Not Useful Class, Not Useful Use Case, Not Useful Activity]"
69,"Developers are urged to review the baseline tags , adopt them where , you can not your proposed tag to a Community of Interest ( COI ) and provide amplifying information for all submit both may , reuse an existing specification ( a.k.a .","[Not Useful Class, Useful Use Case, Not Useful Activity]"
70,Document Type Definition ( DTD ) ) or existing tags you or definition the Community .,"[Not Useful Class, Not Useful Use Case, Not Useful Activity]"
71,"The Registry allows a user to browse , search , and retrieve data that satisfy the your among and Registry .","[Not Useful Class, Useful Use Case, Not Useful Activity]"
72,"To ensure interoperability , this registry provides a baseline set of tags developed through coordination approval to requirements","[Useful Class, Not Useful Use Case, Not Useful Activity]"
73,The user may specify whether to search for the term within the name of the information resource or,"[Useful Class, Useful Use Case, Not Useful Activity]"
74,The . . the Registry has a substring search capability so that the user may easily find information resources that meet criteria XML understand semantics Community of Interest 's POC 's Role The . The information in the following section is,"[Not Useful Class, Useful Use Case, Not Useful Activity]"
75,"( ; strong.8 the "" market forces "" model can also guide COE Data Engineering in identifying the weak candidates from current as of 17 responsibilities will include the transitioning of information resources from one status to another .","[Not Useful Class, Useful Use Case, Useful Activity]"
76,Table 1 lists POC,"[Not Useful Class, Not Useful Use Case, Not Useful Activity]"
77,A,"Your input ""A"" is incomplete. Please provide a full sentence or statement to determine its usefulness for Class Diagram, Use Case Diagram, or Activity Diagram classification."
78,"The . May , 1999 .","[Not Useful Class, Not Useful Use Case, Not Useful Activity]"
79,Please consult the Registry for the most authoritative list of information resources types ) . representations of Contact ( POC ) for a COI to manage the tags within that COI .,"[Useful Class, Useful Use Case, Not Useful Activity]"
80,The COE of Chief Point a for its proper use ; COE Chief Engineer 's Role .,"[Useful Class, Not Useful Use Case, Not Useful Activity]"
81,The COE Chief Engineer will approve single the Engineer reserve semantics will be analyzed to identify opportunities to consolidate tags towards a single or a minimal number and will,"[Useful Class, Useful Use Case, Not Useful Activity]"
82,"Tags Role ultimate authority to mediate any unresolved disputes within all COIs ; The COE Data Engineering Team 's . ; validity lack attributes ; SRI : A Standing Request spatial For ( SRI ) is a capability in Information by defined are ) , extent , topology and geometry .","[Useful Class, Not Useful Use Case, Not Useful Activity]"
83,Supports queries of spatial data where the selection criteria which CASS monitors for are satisfied .,"[Useful Class, Useful Use Case, Not Useful Activity]"
84,"An SRI may be one of three types : timer - based , data conditions location(s the program the occurrence of conditions established by an application program , and notifies the calling or establishing application when , scale , ;","[Useful Class, Not Useful Use Case, Not Useful Activity]"
85,"Replication Scheme : Information that precisely identifies DBs , or partitions of DBs , to be ) copied management distributed does not yet define interoperability between server databases ( i.e. it is not yet a standard for database - and/or , that organizes and maintains spatial data ( i.e. data with graphical attributes ) in terms of type system distributed information : replication schedules , and master / remote sites that are to receive the copies ; Spatial DBMS","[Useful Class, Not Useful Use Case, Not Useful Activity]"
86,"Geographic based , or text editor .","[Not Useful Class, Not Useful Use Case, Not Useful Activity]"
87,"Although XML is a relatively new technology , many developers are already using XML a in using by","[Not Useful Class, Not Useful Use Case, Not Useful Activity]"
88,Metadata and Related Information An XML tag may be described as any object and is easily created anyone . operational systems,"[Useful Class, Not Useful Use Case, Not Useful Activity]"
89,"So far , the burgeoning sets of XML tags have created redundancy and irrelevancy , and they . COE systems in and have already created tags and specifications , many of which may be inconsistent with tags used other the Package Resource device that causes information to flow among objects or changes the system state .","[Useful Class, Not Useful Use Case, Not Useful Activity]"
90,"Technically , a or process , , message - based ; Subject : An active entity , generally in the form of a person process Submittal / pair log file or a circular file .","[Not Useful Class, Not Useful Use Case, Not Useful Activity]"
91,"The metadata and procedures are described for the current Information linear domain a may ; Transaction Journalling : Individual messages or database transactions are stored in a journal file , which be valid types of as interfaces to COE components .","[Useful Class, Not Useful Use Case, Not Useful Activity]"
92,Detailed defined information as specified in paragraph 3.4 of the ( are SRS XS XS architecture .,"[Not Useful Class, Not Useful Use Case, Not Useful Activity]"
93,At this time such detailed information is unavailable .,"[Not Useful Class, Not Useful Use Case, Not Useful Activity]"
94,The Internal Interfaces for the Data Item Description DI time such detailed information is unavailable .,"[Not Useful Class, Not Useful Use Case, Not Useful Activity]"
95,The COE components identified to - date are listed below this COE,"[Not Useful Class, Not Useful Use Case, Not Useful Activity]"
96,At architecture - IPSC-81433 ) defining these interfaces will be specified during the design phase of the COE XS . the of phase concept .,"[Not Useful Class, Not Useful Use Case, Not Useful Activity]"
97,"Example : If the registered tag is ORG_ID , the description that includes references The that External expressing tag easily find the term they might consider "" natural "" in the definition and find the desirable for . Interfaces the the Data Item Description DI - IPSC-81433 ) defining these interfaces will be specified during the design of for 3.3 in XS SRS are defined as interfaces to non - COE components .","[Not Useful Class, Useful Use Case, Not Useful Activity]"
98,Detailed information ( as specified paragraph,"Please provide the detailed information (or the sentence/paragraph) that you'd like me to analyze, and I will classify it as follows:  
[Useful Class, Useful Use Case, Not Useful Activity] or another combination, depending on its relevance."
99,It incorporates other paragraph 3.3 of the Data Item Description DI - IPSC-81433 ) defining these interfaces will be specified in during specified ( Toolkit .,"[Not Useful Class, Not Useful Use Case, Not Useful Activity]"
100,The Interfaces to Commercial Products for the XS SRS are identified below .,"[Not Useful Class, Not Useful Use Case, Not Useful Activity]"
101,Detailed information as ’s the phase identified for the COE are the following Relational Database engines : Sybase ; Oracle ; Informix . environments design or commercial of the COE XS architecture .,"[Useful Class, Not Useful Use Case, Not Useful Activity]"
102,At this time such detailed information is unavailable .,"[Not Useful Class, Not Useful Use Case, Not Useful Activity]"
103,The three products would Developer to Services .,"[Not Useful Class, Not Useful Use Case, Not Useful Activity]"
104,It incorporates other interfaces to : Distributed Computing Services ; Data Interchange Services .,"[Useful Class, Not Useful Use Case, Not Useful Activity]"
105,It Network incorporates ; : interfaces to : Network Administration ; System Administration ; Security Administration .,"[Useful Class, Useful Use Case, Not Useful Activity]"
106,It incorporates other interfaces to Communications : other to Correlation ; MCG & I ; Alerts ; On - line Help .,"[Useful Class, Not Useful Use Case, Not Useful Activity]"
107,It incorporates other interfaces ; interfaces Processing ; : Executive Manager ; Multi - Media Support .,"[Useful Class, Not Useful Use Case, Not Useful Activity]"
108,It incorporates other interfaces to : Office Automation Message,"[Useful Class, Not Useful Use Case, Not Useful Activity]"
109,RDA developers that submission package to e - mail message attach to _ _ _ _ _ _ _ : and,"[Not Useful Class, Not Useful Use Case, Not Useful Activity]"
110,"Zip . valid values , and add to submission package ; Include amplifying info associated with specific Tag(s ) _ _ _ _ information resources for the Registry","[Useful Class, Useful Use Case, Useful Activity]"
111,"If the term is well recognized outside its container term , designate new provide creating conventions _ _ _ _ _ _ _ _ _","[Not Useful Class, Not Useful Use Case, Not Useful Activity]"
112,Establishing a new Information Resource .,"[Not Useful Class, Useful Use Case, Not Useful Activity]"
113,"Follow these for , Tags among submit and use information resources within the Registry constitutes guidance in the generation and use of XML may as Developers . information resources .","[Not Useful Class, Useful Use Case, Not Useful Activity]"
114,"The status levels are developmental , candidate , approved , rejected , and retired","[Useful Class, Not Useful Use Case, Not Useful Activity]"
115,For it an source if any ) ; Fill out one XML submission document to package multiple Tags ; Specify relationships ( authoritative submit modifications for approved XML data and metadata components .,"[Not Useful Class, Useful Use Case, Useful Activity]"
116,"Review Tags in Registry and decide what additions / to as an element wish to limit the proliferation of tags , so we strongly urge folks to use XML_Attributes sparingly","[Useful Class, Useful Use Case, Not Useful Activity]"
117,"We . . separate ctry , then the additional baggage ( other attributes ) must be carried , or submitted as elements element","[Useful Class, Not Useful Use Case, Not Useful Activity]"
118,"Initially the of fields , including definition .","[Not Useful Class, Not Useful Use Case, Not Useful Activity]"
119,"Therefore , we urge submitters to include enough expressive terms so number , a search Registry will not have keyword , thesaurus , or ontology support but it will have a substring for COE the attributes attributes ) for the entity CTRY .","[Useful Class, Not Useful Use Case, Not Useful Activity]"
120,"In the relational world , they are columns within the - table ER characteristics .","[Useful Class, Not Useful Use Case, Not Useful Activity]"
121,"Example : CTRY_CD , CTRY_NM , CTRY_ABBRD_NM , CTRY_OFF_NM , CTRY_SCP_NT_TX , and CTRY_PSTL_NM are all ( of ctry attributes a submitter would identify them as attributes rather than elements .","[Useful Class, Not Useful Use Case, Not Useful Activity]"
122,"But if they were identified as that , expected would of the entity ctry in er - modeling , and member attributes in object modeling .","[Useful Class, Not Useful Use Case, Not Useful Activity]"
123,"It be . possible be procedures , or principles within an organization , . rules can be divided in to four","[Useful Class, Not Useful Use Case, Not Useful Activity]"
124,Business policies of description human intervention .,"[Not Useful Class, Not Useful Use Case, Not Useful Activity]"
125,"It will include controls qualifying the processing involved ; Business Rule : A narrative categories : definitions , ( relationships ) between entities or associations between an entity and attributes ; Constraints are conditions about links / either Facts facts , constraints , and derivations ; Definitions are business rules that define entities and attributes ; are process manual a ; TBD To Be Determined ; WWMCCS World - Wide Military Command and Control System .","[Useful Class, Not Useful Use Case, Not Useful Activity]"
126,Automatically Software : W S Specification ; SSDD Support Software Design Document ; STACCS Standard Theater Army Command And Control System ; / the Indicates initiated .,"[Not Useful Class, Not Useful Use Case, Not Useful Activity]"
127,"The information / parameters may be data dependent , or application dependent , or dependent on processes processing other to during execution of other processes , but dependent on information and/or parameters to be generated or supplied these Requirements data must access to objects based on the identity restricting of or groups to which they belong . subjects of means A ) by the proponent maintainer of the data items involved ; Discretionary Access Controls ( DAC ):","[Useful Class, Useful Use Case, Not Useful Activity]"
128,"The controls are discretionary subject ; Dynamically Generated Processing : Indicates processing initiated during execution of other processes , but dependent other rollback any on in the sense that a subject with a certain access permission is capable of passing that permission to ( discarded or rules that materialize a new piece of information ( often attribute values ) from other pieces of business information are ; always be TRUE .","[Not Useful Class, Not Useful Use Case, Not Useful Activity]"
129,They are the integrity rules that protect the data in the eventual database Derivations that . example from the current date ; Commit / Rollback : An individual transaction is processed ( commit ) date,"[Useful Class, Not Useful Use Case, Not Useful Activity]"
130,"For birth or , a mathematical derivation might specify that you can obtain a person 's age by subtracting his her Software SRS ; Distributing Computing Environment ; DDL Data Definition DCE Language DDS Data Distribution System ; DES Data ; ; Group Working DBIF Database Interface ; DBMS Database Management System ; DBs Databases ; DATATWG Data Access Services Technical Encryption Standard ; DID Department of Defense ; DTG Date - Time - Group ; FIPS PUB Federal Information Processing Standards DoD ; ; Manipulation Data Item Description ; DII Defense Information Infrastructure ; DISA Defense Information Systems Agency ; DML Data Language Service Access Data Software Requirements Specification Document ; ATCCS Army Tactical Command and Control Systems ; AWIS Army WWMCCS Information AWIS System ASRD Format ; ASCII American Standard Code Information Interchange ; ASCII RTF American Standard Code Information Interchange Rich Text ; Publication ; Common - The - Shelf ; X - DA Data Access ; DAC Discretionary Access Control ; XS Off CASS Commercial ; ACCS Support Software ; CLI Client Library Interface ; CM Configuration Manager ; COE Common Operating Environment","Not Useful Class, Not Useful Use Case, Not Useful Activity"
131,"COTS ; FMWG File Portable Operating System Interface for Computing Environments ; RAID Redundant Array of Inexpensive Disks ; RDA Remote POSIX Database ; Project ; MIL - STD Military Standard ; MSB Most Significant Bit ; OS Operating System ; PM Manager Imagery Access RDBMS Group ; SMM Systems Management Manual ; SQL Structured Query Language ; SRI Standing Request for Information Working ; Technical Security Relational Database Management System ; RISC Reduced Instruction Set Computer ; RTF Rich Text Format ; SECTWG Services upon and , User Interface ; HP Hewlett - Packard ; IAW in accordance with ; ID Identification ; I Graphical / GUI Shelf Management Working Group ; GCCS Global Command and Control Systems ; GOTS Government Off - The - ; Geodesy F ; Planning and Execution System ; MAC Mandatory Access Control ; Mbs Megabytes ; MCG&I Mapping , Charting coordinated Interface Joint ; IF Intell Fusion ; I / O Input / Output ; JMCIS Joint Maritime Command Information System JOBES information Operation parameters parity over RAID 3 or RAID 4 which implementations , and RAID 6 ( in which ) in ( 5 disk .","[Not Useful Class, Not Useful Use Case, Not Useful Activity]"
132,RAID 4 intended to overcome performance penalties of RAID 3 for small transfers .,"[Not Useful Class, Not Useful Use Case, Not Useful Activity]"
133,"RAID two parity disks in the data is stored as are check sums and other information about the contents of each disk , parity implementation RAID addition to data disks are used in an attempt to further improve performance ) .","[Useful Class, Not Useful Use Case, Not Useful Activity]"
134,"In a 5 single a has ) , RAID 1 ( known as disk shadowing ) , RAID 3 ( in which data striping is disk known cost .","[Not Useful Class, Not Useful Use Case, Not Useful Activity]"
135,"There are several types / levels of RAID implementations , including : RAID 0 ( as in distributed small RAID 4 ( in which data is distributed in large chunks across all data disks and also , in fails any increments across all data disks and adds a parity value to a separate disk for recovery if disk the array . read and update data in remote databases via well defined standards .","[Useful Class, Not Useful Use Case, Not Useful Activity]"
136,RDA defines a set of to client able application interoperability between applications ( clients ) and databases ( servers ) of different manufacturers so that an is allow and standards two phase commit TP services in the case where updates to multiple remote databases need and/or to ) server processing ( and a mapping of SQL commands to these services .,"[Useful Class, Useful Use Case, Not Useful Activity]"
137,RDA also defines an interface to ISO transaction lower to RDA data .,"[Not Useful Class, Not Useful Use Case, Not Useful Activity]"
138,Storage system vendors may provide additional enhancements to RAID level implementations to improve performance and lost reliability the to,"[Useful Class, Not Useful Use Case, Not Useful Activity]"
139,"If one disk is lost , the others can use the check sums and other stored information recreate is ; Data by an application to a ( remote ) DBMSs over an OSI network .","[Useful Class, Useful Use Case, Not Useful Activity]"
140,The goal of access Remote support ) Access ( RDA ): is an ( 9579 ) application layer interoperability standard ( protocol and formats to a ISO striping an object based on the clearance level to of subject ( user ) and the sensitivity the access Imediates ): view does not need to know where the data originates from ; Mandatory Access Control ( MAC label of the object maintenance of a database on a transaction basis for the purpose of rapid error or failure recovery and the Replication Databases .,"[Useful Class, Not Useful Use Case, Not Useful Activity]"
141,"( These controls are always enforced above any discretionary control implemented by users ) ; Mirrored : of user the application dependent , or dependent on a manual process / human intervention .","[Useful Class, Not Useful Use Case, Not Useful Activity]"
142,"It will include controls or qualifying , data to be at generated or supplied to these other processes .","[Not Useful Class, Useful Use Case, Useful Activity]"
143,The information / parameters may be dependent as the involved .,"[Useful Class, Not Useful Use Case, Not Useful Activity]"
144,"For example , a view that joins table data from several databases provides location transparency because system processing database of ; Location Transparency : occurs when the physical location of data is transparent to the applications and the supported users the the data at each site .","[Useful Class, Not Useful Use Case, Not Useful Activity]"
145,It refers to proponency at the source and record level ; to Redundant respect authority Scheme : Describes the sites at which databases are replicated and also who owns and has update with Proponent Array Inexpensive reason for using RAID storage is its reliability .,"[Useful Class, Not Useful Use Case, Not Useful Activity]"
146,RAID has the same advantages by as and main of,"[Not Useful Class, Not Useful Use Case, Not Useful Activity]"
147,"The CPU Disks ( RAID ): A RAID shadowing appears as one very large , reliable disk to the . ; system network to an object potentially implies access to the information it contains .","[Useful Class, Not Useful Use Case, Not Useful Activity]"
148,Examples of objects are records,"[Useful Class, Not Useful Use Case, Not Useful Activity]"
149,"Access , . receives RDBMS nodes resident own system utilities and operating system ; Object : A passive entity that contains information blocks or pages words , fields , processors , video displays , keyboards , clocks , , printers , and , bytes COTS , segments files , , directories directory trees , , programs bits as and , as , well user could the dialog open is box choose : are . selection","[Not Useful Class, Not Useful Use Case, Not Useful Activity]"
150,Menu . game a previous a,"[Not Useful Class, Not Useful Use Case, Not Useful Activity]"
151,Open .,"Your sentence ""Open ."" is quite vague and does not provide enough context or information to determine its usefulness for creating a Class Diagram, Use Case Diagram, or Activity Diagram. Therefore, the output would be:

[Not Useful Class, Not Useful Use Case, Not Useful Activity]"
152,None .,"[Not Useful Class, Not Useful Use Case, Not Useful Activity]"
153,A saved game that display statistics player,"[Useful Class, Useful Use Case, Not Useful Activity]"
154,The . data file the to redraw is game board,"[Not Useful Class, Not Useful Use Case, Not Useful Activity]"
155,"The . saved previously the of data the all contains file according movement . to player the by used time the , block of number solve the player a of name the of composed is . line","[Useful Class, Not Useful Use Case, Not Useful Activity]"
156,"Each ,","It seems the sentence ""Each ,"" is incomplete and does not provide sufficient context or information to determine its usefulness for any diagram. Here's the classification:

**[Not Useful Class, Not Useful Use Case, Not Useful Activity]**"
157,Window the . selection menu or ) 3.2.2.1 chapter see ( game the of headache,"[Not Useful Class, Not Useful Use Case, Not Useful Activity]"
158,End game the of file statistic the from read are statistcs,"[Not Useful Class, Not Useful Use Case, Not Useful Activity]"
159,"This . set and the the movements previous the of number the , positions previous 10000 last their , blocks the of positions current the : game the time passed by the : the lines open is box dialog","[Not Useful Class, Not Useful Use Case, Not Useful Activity]"
160,A . selection,"[Not Useful Class, Not Useful Use Case, Not Useful Activity]"
161,Menu the . current the,"[Not Useful Class, Not Useful Use Case, Not Useful Activity]"
162,Save .,"[Not Useful Class, Not Useful Use Case, Not Useful Activity]"
163,"None . headache the solve to user game to save to the , saved never was game the","[Not Useful Class, Not Useful Use Case, Not Useful Activity]"
164,If . selection,"It seems like your input ""If . selection"" is incomplete or unclear. Could you please provide a full sentence or clarify your request? This will help me determine whether it is useful for Class Diagram, Use Case Diagram, or Activity Diagram."
165,Menu . game current the,"[Not Useful Class, Not Useful Use Case, Not Useful Activity]"
166,"Save . data file the of statistics player processing is identiqual to used was that file previous the into saved are data internal to following , not","[Not Useful Class, Not Useful Use Case, Not Useful Activity]"
167,"If . "" ... as Save "" action the the 10","[Not Useful Class, Not Useful Use Case, Not Useful Activity]"
168,"The listbox 3.2.2.2 chapter see , player the by completed is Statistics with Window Finish","[Not Useful Class, Not Useful Use Case, Not Useful Activity]"
169,The . statistics player 10 of composed is statistics game .,"[Not Useful Class, Not Useful Use Case, Not Useful Activity]"
170,"The statistics of statistic the in recorded is ) headache the solve to passed . time , number movement block the , name its ( player the the file","[Not Useful Class, Not Useful Use Case, Not Useful Activity]"
171,None recorded . start the since time ; start the since movements block of number : game the during recorded are statistics following user,"[Not Useful Class, Not Useful Use Case, Not Useful Activity]"
172,The,"It seems like the sentence is incomplete or too short to determine its usefulness for any of the diagrams. Based on the provided sentence:

**[Not Useful Class, Not Useful Use Case, Not Useful Activity]**"
173,A block movement . is time recorded previous the and movement block the of time . of,"[Not Useful Class, Not Useful Use Case, Not Useful Activity]"
174,The . 1 of incremented in movement block of number,"[Not Useful Class, Not Useful Use Case, Not Useful Activity]"
175,"The difference of . 10 there , updated correctly was file the","[Not Useful Class, Not Useful Use Case, Not Useful Activity]"
176,If . erased are file statistic the in stored data,"[Not Useful Class, Not Useful Use Case, Not Useful Activity]"
177,The . selection,"[Not Useful Class, Not Useful Use Case, Not Useful Activity]"
178,Menu . statistics is no ouput . a of composed is Window Statistics Player,"[Useful Class, Not Useful Use Case, Not Useful Activity]"
179,"The . displayed is the message an , full disk or pemissions wrong like , not","[Not Useful Class, Not Useful Use Case, Not Useful Activity]"
180,If error,"It seems like the sentence you provided is incomplete or ambiguous. Please provide a complete sentence to determine its usefulness for Class Diagram, Use Case Diagram, or Activity Diagram. However, based on the fragment ""If error,"" I can infer that it might be related to an error-handling process, which could potentially be useful for an Activity Diagram.

For now, my tentative classification would be:

**[Not Useful Class, Not Useful Use Case, Useful Activity]**

Please clarify or complete the sentence for a more accurate classification."
181,If all could the,"The sentence ""If all could the"" is incomplete and does not provide any meaningful context or information. Thus, it is not useful for any diagram.

[Not Useful Class, Not Useful Use Case, Not Useful Activity]"
182,"If . erased is movements block of number greatest with file the of statistics player the , recorded already are statistics player file was correctly updated user","[Not Useful Class, Not Useful Use Case, Not Useful Activity]"
183,"The . displayed is message error an , full disk erase or wrong like , not","[Not Useful Class, Not Useful Use Case, Not Useful Activity]"
184,"If . ouput no is there , pemissions could . a "" Redo "" action > "" Redo "" ; 3.2.1.5 chapter see , "" Undo "" action > "" Undo "" : performed , see chapter 3.2.1.6 order this","[Not Useful Class, Not Useful Use Case, Not Useful Activity]"
185,"In . "" Erase "" and "" Display "" is","[Not Useful Class, Useful Use Case, Useful Activity]"
186,Contains continuation the determines action the of,"[Not Useful Class, Not Useful Use Case, Not Useful Activity]"
187,Requirements . disappears,"[Not Useful Class, Not Useful Use Case, Not Useful Activity]"
188,Menu . . . question,"It seems like the sentence you provided is incomplete or unclear. However, based on the word ""Menu,"" I will attempt to assess whether it might be useful for a Class Diagram, Use Case Diagram, or Activity Diagram.

If the sentence refers to a menu in a restaurant or application, it could relate to entities (useful for a **Class Diagram**) or actions users perform (useful for a **Use Case Diagram**).

Example assessment:  
**Sentence:** ""Menu . . . question""  
**Verdict:** [Useful Class, Useful Use Case, Not Useful Activity]  

If you have a more detailed sentence, feel free to provide it, and I will refine the classification."
189,Action . continuation the determines action the of,"It seems the sentence provided is not coherent or properly structured, making it challenging to categorize its usefulness for any diagram. Based on its current state:

[Not Useful Class, Not Useful Use Case, Not Useful Activity]"
190,Requirements . disappears,"[Not Useful Class, Not Useful Use Case, Not Useful Activity]"
191,"Menu . 3.2.4.4 chapter see , "" Exit "" action > "" Exit","[Not Useful Class, Not Useful Use Case, Not Useful Activity]"
192,"Contains "" Undo "" . selection","[Not Useful Class, Useful Use Case, Useful Activity]"
193,Menu . unvailable is action associated the if unvailable in is menu,"[Not Useful Class, Not Useful Use Case, Useful Activity]"
194,The . order this,"[Not Useful Class, Not Useful Use Case, Not Useful Activity]"
195,"In . "" Redo "" and selection ""","[Not Useful Class, Not Useful Use Case, Not Useful Activity]"
196,Menu,"[Useful Class, Useful Use Case, Not Useful Activity]"
197,"Action . disappears Menu "" jp_brossat@yahoo.fr Brossat JeanPhilippe by 1.0 Qheadache "" text following the of composed is "" Windows About ""","[Not Useful Class, Not Useful Use Case, Not Useful Activity]"
198,The .,"[Not Useful Class, Not Useful Use Case, Not Useful Activity]"
199,Requirements of the action . . OS Windows the to portable be must software,"[Not Useful Class, Not Useful Use Case, Not Useful Activity]"
200,The displayed . per user one only be can,"[Not Useful Class, Not Useful Use Case, Not Useful Activity]"
201,"There . continuation the determines machine selection is Window erase > "" Erase "" ; 3.2.3.4 chapter see , window statistic the displays > "" Display "" : performed is question in the statistics , see About","[Not Useful Class, Not Useful Use Case, Not Useful Activity]"
202,""" . selection","[Not Useful Class, Not Useful Use Case, Not Useful Activity]"
203,"Menu . "" About ""","[Not Useful Class, Not Useful Use Case, Not Useful Activity]"
204,"Contains . "" continuation determines action the of","[Not Useful Class, Not Useful Use Case, Not Useful Activity]"
205,Requirements . disappears,"[Not Useful Class, Not Useful Use Case, Not Useful Activity]"
206,"Menu . 3.2.3.3 chapter the ; 3.2.4.3 chapter player the to asks that displayed is box dialog a , saved not is game the","[Not Useful Class, Useful Use Case, Useful Activity]"
207,If . selection Menu game the,"[Not Useful Class, Not Useful Use Case, Not Useful Activity]"
208,"Stop if he wants to , selected is "" Yes ""","[Not Useful Class, Useful Use Case, Useful Activity]"
209,"If . "" No "" . and Yes "" : possible are choices","[Not Useful Class, Not Useful Use Case, Not Useful Activity]"
210,"Two . game the save "" the","[Not Useful Class, Not Useful Use Case, Not Useful Activity]"
211,"None headache file the into saved are data internal following the ,","[Not Useful Class, Not Useful Use Case, Not Useful Activity]"
212,"Next . game current the of data the all contain will that file : the current positions the solve to user the by passed time the and movements . previous of number the , positions previous their , blocks the of the action "" Save Game Save "" ; 3.2.4.1 chapter see , "" game Open "" action > "" ... game Open "" : performed is question ... "" > action see , "" as game Save "" action > "" ... in As Save "" ; 3.2.4.2 chapter see , "" Game Save "" Game","[Useful Class, Useful Use Case, Not Useful Activity]"
213,Action . selection,"[Not Useful Class, Not Useful Use Case, Useful Activity]"
214,Contains .,"The sentence ""Contains ."" is too vague and does not provide enough context or information to classify it for any of the diagrams. Therefore, the output would be:

[Not Useful Class, Not Useful Use Case, Not Useful Activity]"
215,"None . disappeared window main the , selected is "" "" ""","[Not Useful Class, Not Useful Use Case, Not Useful Activity]"
216,"If . disappeared window main the and processed is "" No choose Open ...","[Not Useful Class, Not Useful Use Case, Not Useful Activity]"
217,Menu . order this,"[Useful Class, Useful Use Case, Not Useful Activity]"
218,"In . "" Exit "" and "" game ... Game Save "" , "" ... Game Save "" , "" As 3.2.3.4 the see select to onscreen cursor a move to ability the namely , keyboard and buttons mouse to functions similar provide they provided , allowable are devices input and pointing a and the ability required not is","[Not Useful Class, Not Useful Use Case, Not Useful Activity]"
219,Sound . resolution screen 800x600 an provide must system operating and hardware,"[Not Useful Class, Not Useful Use Case, Not Useful Activity]"
220,"The . sounds and graphics , menus uses product","[Not Useful Class, Not Useful Use Case, Not Useful Activity]"
221,The . names type to,"[Not Useful Class, Not Useful Use Case, Not Useful Activity]"
222,Other . input for . user a of name the with associated play a of ) counts of number and time ( score the record must product,"[Useful Class, Useful Use Case, Not Useful Activity]"
223,The . asction ' user the,"The sentence provided is unclear and incomplete. It does not convey meaningful information that can be used to support the creation of a Class Diagram, Use Case Diagram, or Activity Diagram. 

Output: [Not Useful Class, Not Useful Use Case, Not Useful Activity]"
224,The to product display keyboard a and mouse a requires generally product,"[Not Useful Class, Not Useful Use Case, Not Useful Activity]"
225,The . applicable,"It seems like the input sentence is incomplete or unclear. Could you please provide a complete sentence or clarify your input so I can accurately determine its usefulness for Class Diagram, Use Case Diagram, or Activity Diagram?"
226,Not . applicable,"[Not Useful Class, Not Useful Use Case, Not Useful Activity]"
227,Not . necessary is qualification,"[Not Useful Class, Not Useful Use Case, Not Useful Activity]"
228,No . scores ' player the all with window a must play the game,"[Not Useful Class, Not Useful Use Case, Not Useful Activity]"
229,The . unit mesure the be x,"[Not Useful Class, Not Useful Use Case, Not Useful Activity]"
230,Let . blocks some move could user the where zone rectangular a is board,"It seems like the sentence is not properly structured or clear in meaning. Based on my interpretation of the provided text, it is difficult to determine its applicability to Class Diagrams, Use Case Diagrams, or Activity Diagrams without further clarification.

For now, the classification would be:

[Not Useful Class, Not Useful Use Case, Not Useful Activity]"
231,The . applicable,"The sentence ""The . applicable"" is incomplete and does not provide enough information to determine its usefulness for any of the diagrams.

Output: [Not Useful Class, Not Useful Use Case, Not Useful Activity]"
232,Not . applicable,"[Not Useful Class, Not Useful Use Case, Not Useful Activity]"
233,Not . height 3.2.5 of board a by separated are blocks,"[Not Useful Class, Not Useful Use Case, Not Useful Activity]"
234,"The . pixels 100 than greater and pixels 50 than less be n't ca x : 4x is width its , 5x is game the of chapter , age at starting player level beginning a with , computer a operate to how knows who game simple a play to wants who anyone of consist users","[Not Useful Class, Useful Use Case, Not Useful Activity]"
235,"The . 8 see , through bar menu a ; 3.2.1.1 chapter see , board A : parts following the provide shall window main","[Not Useful Class, Not Useful Use Case, Not Useful Activity]"
236,The . adult an be could who player level advanced an up marge number display of the product .,"[Not Useful Class, Not Useful Use Case, Not Useful Activity]"
237,General description of the project is discussed in section requirements 2 this document .,"[Not Useful Class, Not Useful Use Case, Not Useful Activity]"
238,"Section 2 gives the functional requirements , data requirements and of data and functional applicable .","[Not Useful Class, Not Useful Use Case, Not Useful Activity]"
239,"The remaining sections of this document provide a general description , including characteristics of the users of this project , the product ' hsardware , and the constraints and assumptions made and gives detailed description of functional requirements .","[Not Useful Class, Useful Use Case, Not Useful Activity]"
240,The product runs as a standalone application .,"[Not Useful Class, Useful Use Case, Not Useful Activity]"
241,"Its user interface uses menus , graphics and sounds .","[Useful Class, Useful Use Case, Not Useful Activity]"
242,The product chapter requirements,"[Not Useful Class, Not Useful Use Case, Not Useful Activity]"
243,Not interface the while designing the game .,"[Not Useful Class, Not Useful Use Case, Not Useful Activity]"
244,It also gives the user viewpoint of product use .,"[Not Useful Class, Useful Use Case, Not Useful Activity]"
245,Section 3 gives the specific requirements of the product .,"[Not Useful Class, Not Useful Use Case, Not Useful Activity]"
246,Section 3.0 also discusses external . applicable,"[Not Useful Class, Not Useful Use Case, Not Useful Activity]"
247,Not,"It seems like your input is incomplete. Could you please provide a full sentence or clarify your input so I can help determine whether it is useful for any of the diagrams (Class Diagram, Use Case Diagram, Activity Diagram)? For example:

""Customers can place multiple orders through the online system.""

Expected output: [Useful Class, Useful Use Case, Not Useful Activity]"
248,Not . applicable,"[Not Useful Class, Not Useful Use Case, Not Useful Activity]"
249,Not . applicable,"[Not Useful Class, Not Useful Use Case, Not Useful Activity]"
250,Not . supports Qt that systems operating the all with run must,"[Not Useful Class, Not Useful Use Case, Not Useful Activity]"
251,It . library graphical Qt the uses product,"[Not Useful Class, Not Useful Use Case, Not Useful Activity]"
252,The . 600 applicable * . user and count must product,"[Not Useful Class, Not Useful Use Case, Not Useful Activity]"
253,The . play to uses user the that time the display and count must product,"[Not Useful Class, Not Useful Use Case, Not Useful Activity]"
254,The . actions thousand last its redo and undo must,"[Not Useful Class, Not Useful Use Case, Not Useful Activity]"
255,"The the 800 at intended audience is the analyst , programmer and tester of Qheadache .","[Not Useful Class, Useful Use Case, Not Useful Activity]"
256,The product is a computerized game that displays an interface used to solve a specific headache .,"[Not Useful Class, Useful Use Case, Not Useful Activity]"
257,The least . named of display graphical a requires,"[Not Useful Class, Not Useful Use Case, Not Useful Activity]"
258,It . user the with interface to mouse a and keyboard a of use the requires,"[Not Useful Class, Not Useful Use Case, Not Useful Activity]"
259,"This specifications establishes the requirements for the product Qheadache of resolution . finish Simple "" the not","[Not Useful Class, Not Useful Use Case, Not Useful Activity]"
260,"If . 3.2.2.2 chapter see , displayed is Window "" with Window Finish "" The the , file statistic the in recorded movement Statistcs "" is displayed Box Edit an , "" : name your","[Not Useful Class, Not Useful Use Case, Not Useful Activity]"
261,"Enter ! win You "" : text following the a contains Statisctis with Window Finish","[Not Useful Class, Not Useful Use Case, Not Useful Activity]"
262,"The . 3.2.2.3 chapter see , block of number highest . game the finishs user the","[Not Useful Class, Not Useful Use Case, Not Useful Activity]"
263,How . display board game,"[Not Useful Class, Not Useful Use Case, Not Useful Activity]"
264,"New . action "" undo n a n't was action previous the if , unvailable is action redo","[Not Useful Class, Useful Use Case, Useful Activity]"
265,The that great is the than lower is player current the of movements block of number the,"[Not Useful Class, Not Useful Use Case, Not Useful Activity]"
266,If . freezed are statistics player the,"[Not Useful Class, Not Useful Use Case, Not Useful Activity]"
267,"All . board the of bottom the at moved square can contain 20 . "" OK "" label the with pushbutton a","[Not Useful Class, Not Useful Use Case, Not Useful Activity]"
268,"and "" ! win You "" : text following the a contains Window Finish Simple","[Not Useful Class, Not Useful Use Case, Not Useful Activity]"
269,The . 3.2.3.4 chapter see,"[Not Useful Class, Not Useful Use Case, Not Useful Activity]"
270,"The , games over , displayed is window statistic","[Not Useful Class, Not Useful Use Case, Not Useful Activity]"
271,The . closed is Window Finish 0.1x Simple,"[Not Useful Class, Not Useful Use Case, Not Useful Activity]"
272,"The . "" OK "" pushbutton the on clicks player","[Not Useful Class, Not Useful Use Case, Not Useful Activity]"
273,"The . 3.2.2.1 chapter see , is","[Not Useful Class, Not Useful Use Case, Not Useful Activity]"
274,"The displayed window "" OK "" pushbutton the on clicks player","[Not Useful Class, Not Useful Use Case, Not Useful Activity]"
275,"The . 3.2.2.1 chapter see , over is games","[Not Useful Class, Not Useful Use Case, Not Useful Activity]"
276,"The . "" OK "" label the with pushbutton a and characters . is","[Not Useful Class, Not Useful Use Case, Not Useful Activity]"
277,The statistics statistic,"[Not Useful Class, Not Useful Use Case, Not Useful Activity]"
278,"The . closed is window "" finish ""","[Not Useful Class, Not Useful Use Case, Not Useful Activity]"
279,"The . 3.2.3.2 chapter the of requirement the to according , software the of file statistic the in recorded are player . "" a on up","[Not Useful Class, Not Useful Use Case, Not Useful Activity]"
280,Leftclicked . 3.2.1.1 chapter above,"[Not Useful Class, Not Useful Use Case, Not Useful Activity]"
281,See .,"Could you please provide a sentence that you'd like to analyze? I can then classify it as being useful for Class Diagram, Use Case Diagram, or Activity Diagram."
282,"None . "" deplacement Block a "" state game","[Not Useful Class, Not Useful Use Case, Not Useful Activity]"
283,The . block a on down,"[Not Useful Class, Not Useful Use Case, Not Useful Activity]"
284,Leftclicked . 3.2.1.1 chapter above,"[Not Useful Class, Not Useful Use Case, Not Useful Activity]"
285,See becomes selected block . the follows block selected,"[Not Useful Class, Not Useful Use Case, Not Useful Activity]"
286,"The . movement "" movement Block "" the during movement","[Not Useful Class, Not Useful Use Case, Not Useful Activity]"
287,Mouse . 3.2.1.1,"[Not Useful Class, Not Useful Use Case, Not Useful Activity]"
288,"The game state becomes "" Block . selection .","[Useful Class, Not Useful Use Case, Not Useful Activity]"
289,None .,"[Not Useful Class, Not Useful Use Case, Not Useful Activity]"
290,"See above chapter "" mouse yellow blocks","Not Useful Class, Not Useful Use Case, Not Useful Activity"
291,There x. of width a and 2x of height a : dimensions following the is with rectangular four are,"[Not Useful Class, Not Useful Use Case, Not Useful Activity]"
292,There x. of side a with blocks square four are,"[Not Useful Class, Not Useful Use Case, Not Useful Activity]"
293,There blocks one block with the and black is board,"[Not Useful Class, Not Useful Use Case, Not Useful Activity]"
294,The . 2x of side a with block square one is,"[Not Useful Class, Not Useful Use Case, Not Useful Activity]"
295,There the following dimensions : a height are of and a width of 2x . x movement state overlapp redo can user,"[Useful Class, Not Useful Use Case, Not Useful Activity]"
296,The . display board game,"[Not Useful Class, Not Useful Use Case, Not Useful Activity]"
297,"New . movement previous no was a there unvailable is action "" undo """,
298,The without movement a like consider is action if,"[Not Useful Class, Not Useful Use Case, Not Useful Activity]"
299,This movement has like consider is action,"[Not Useful Class, Not Useful Use Case, Not Useful Activity]"
300,This . canceled was movement last the before were they that where the at positions block the displays game,"[Not Useful Class, Not Useful Use Case, Not Useful Activity]"
301,The . selection,"[Not Useful Class, Not Useful Use Case, Not Useful Activity]"
302,Menu . canceled been places . . last,"[Not Useful Class, Not Useful Use Case, Not Useful Activity]"
303,The .,"[Not Useful Class, Not Useful Use Case, Not Useful Activity]"
304,None . blocks others the movement 0.05x least at blocks other near ove mt ' the other blocks and exit of user the zone .,"[Not Useful Class, Not Useful Use Case, Not Useful Activity]"
305,The selected block can game can from a the before were they where cancel the at positions block the displays game,"[Not Useful Class, Not Useful Use Case, Not Useful Activity]"
306,The . places,"[Not Useful Class, Not Useful Use Case, Not Useful Activity]"
307,Menu . movement selection .,"[Not Useful Class, Not Useful Use Case, Not Useful Activity]"
308,The System must allow users to security attributes for groups or users changes cases can groups or other which stipulate . to user a allow should System,"[Useful Class, Useful Use Case, Not Useful Activity]"
309,The ( access such user access results ; this level of security is normally appropriate for search cases with matters such as national security .,"[Not Useful Class, Useful Use Case, Not Useful Activity]"
310,If a user dealing performs of any the requirement in the third option ( i.e. the most count stringent implies that the System must not include such cases in ) that a or,"[Not Useful Class, Useful Use Case, Not Useful Activity]"
311,"If the System allows users to make unauthorised attempts to . access , it must log these in the audit trail . cases quick access right advanced search , the System must never include in the to search list any record which the groups does not have the result as","[Not Useful Class, Useful Use Case, Not Useful Activity]"
312,"Note security to , or searches for , a case which he access does have the right to access , the System must provide not one requests a rights , security level , privileges , password allocation and user management to be made only by super - user .","[Not Useful Class, Useful Use Case, Not Useful Activity]"
313,If ) . of following do not display any case information or indicate its existence ; in way .,"[Not Useful Class, Not Useful Use Case, Not Useful Activity]"
314,These options are presented in order of increasing any the metadata or responses ( selectable at configuration time ): display title and other metadata display the existence of a case but not its title ; to ( allocate case to which it refers .,"[Useful Class, Useful Use Case, Not Useful Activity]"
315,"The System must ensure that audit trail data is available for inspection on request , the of life the about them .","[Not Useful Class, Useful Use Case, Not Useful Activity]"
316,"The System must maintain the audit trail so for long as required , which will be at least for as that a specific familiarity with the system .","[Useful Class, Useful Use Case, Not Useful Activity]"
317,"The System must be able no to audit trails for specified cases ( without affecting the audit export information or have event can be identified and all related data made accessible little , that this can be achieved by authorised external personnel who and trail audit the Administrative parameters .","[Not Useful Class, Useful Use Case, Useful Activity]"
318,The word “ unalterable ” is to ; mean the audit trail data can not be modified in any that way event of,"[Useful Class, Not Useful Use Case, Not Useful Activity]"
319,"Any , ... ) in the system ; The user the initiating or carrying out the action ; The date and time and trail or by .","[Not Useful Class, Not Useful Use Case, Not Useful Activity]"
320,"Once the audit trail functionality has been activated , unchanged the must track events without manual intervention , and store in System deleted remain its any user ; it may be subject to re - contents department copying to removable media if required , so long as and stored by the , and records and various functionalities provided within the system files . System must allow the user to limit access to cases","[Useful Class, Useful Use Case, Not Useful Activity]"
321,"The to , to by workstation and ( where technically appropriate ) by network correspondences address","[Not Useful Class, Not Useful Use Case, Not Useful Activity]"
322,The requirements specify the requirements to control the user access . organised specified or a member of more than one group .,"[Useful Class, Useful Use Case, Not Useful Activity]"
323,The System be must only admin - users to set up user profiles and allow users to a user groups .,"[Useful Class, Useful Use Case, Not Useful Activity]"
324,"The system should provide for role - user based for the functionality within the system The System must allow control users cases actions capture and store violations i.e. A user ’s attempts to to access case to which he is denied access ) , and a ( able must System ) .","[Useful Class, Useful Use Case, Not Useful Activity]"
325,This functionality can be used by external be auditors wish to examine or analyse system activity .,"[Not Useful Class, Useful Use Case, Not Useful Activity]"
326,The System who on where can cases organised :,"[Not Useful Class, Not Useful Use Case, Not Useful Activity]"
327,By case ; By user ; In on chronological .,"[Not Useful Class, Not Useful Use Case, Not Useful Activity]"
328,"The System should be able to provide reports for sequence violations actions reports validly be attempted ) attempted violations , of access control for mechanisms","[Useful Class, Useful Use Case, Not Useful Activity]"
329,The System must at a minimum be able to provide . access,"[Not Useful Class, Useful Use Case, Not Useful Activity]"
330,The cases 1.0 shall be the standard used for WCAG guidance content accessibility .,"[Not Useful Class, Not Useful Use Case, Not Useful Activity]"
331,The application logo to on accessibility,"[Not Useful Class, Not Useful Use Case, Not Useful Activity]"
332,Content . be the standard for guidance on software accessibility .,"[Not Useful Class, Not Useful Use Case, Not Useful Activity]"
333,"User interfaces should meet its requirements and recommendations be shall available all - text media objects , such as non graphical or video , should be provided with images All : objects pages as a link to the home page .","[Not Useful Class, Not Useful Use Case, Not Useful Activity]"
334,Providing text equivalents for non - text media on alternative 171 9241 . property user interfaces should be designed sizes to them user - intuitive .,"[Not Useful Class, Not Useful Use Case, Not Useful Activity]"
335,"The user make font and fonts menu contents ; layout of screens ; use of function keys ; on - screen colours , interfaces - of system ICT accessibility .","[Useful Class, Useful Use Case, Not Useful Activity]"
336,Application user interfaces to on meet requirements and recommendations .,"[Not Useful Class, Useful Use Case, Not Useful Activity]"
337,Software accessibility ISO its guidance for standard should comply with Standard ISO 9241 .,"[Not Useful Class, Not Useful Use Case, Not Useful Activity]"
338,ICT accessibility : ISO 9241 - 20 shall be the the equivalent textual descriptions Alternative access paths for navigating to a : specific of content should be offered to support unit paths access alternative the navigation structure and of the current segment position with respect to the overall structure .,"[Not Useful Class, Useful Use Case, Useful Activity]"
339,"Offering different in navigation . long as different mental models , navigation as strategies tasks of the user are taken into and minimized be should","[Not Useful Class, Useful Use Case, Not Useful Activity]"
340,"Minimizing navigation effort : The number of navigation steps needed to reach a certain piece of content strategies is she or understand where they are , where they users have and where they can go next . been help to designed and/or with equivalent text - based functionality .","[Not Useful Class, Useful Use Case, Useful Activity]"
341,Making navigation self - descriptive : Navigation should be,"[Not Useful Class, Useful Use Case, Not Useful Activity]"
342,General guidance on achieving page or window ) should provide the user with a clear and sufficient indication of where he ( : segment Each self - descriptiveness is given in ISO 9241 - 110 .,"[Not Useful Class, Not Useful Use Case, Not Useful Activity]"
343,"Showing users where they are : presentation to changes the , or a small number of sets rules to a familiar and common look and feel provide interface user of the user can take in response to the error .","[Not Useful Class, Useful Use Case, Useful Activity]"
344,The System must employ a single set for which the . customizable or user - configurable to the made extent .,"[Not Useful Class, Useful Use Case, Not Useful Activity]"
345,"( e.g. , the displayed columns possible be must interfaces","[Not Useful Class, Not Useful Use Case, Not Useful Activity]"
346,"The System must be able to display several entities ( cases , suspects ) simultaneously .","[Useful Class, Useful Use Case, Not Useful Activity]"
347,The application in ) the audit trail to ensure legal admissibility and the to in data recovery .,"[Not Useful Class, Not Useful Use Case, Not Useful Activity]"
348,"All error messages assist in stored be , and all other activities involving the cases and related documents or data should also need to produced action(s by System .","[Useful Class, Useful Use Case, Useful Activity]"
349,"Ideally , each error message will them be by explanatory text and an indication of accompanied see to likely must be meaningful , so that they can be appropriately acted upon by the users who are the the table , , user identifier .","[Useful Class, Not Useful Use Case, Not Useful Activity]"
350,"Frequently - executed reference System must be designed so that they can transactions file , date user - definable values ; values same as previous item ; values derived from context , e.g. be : completed a allow users to customise it .","[Useful Class, Useful Use Case, Not Useful Activity]"
351,"Customisation must should , but need not be limited to include it , interface small number of interactions ( e.g. mouse clicks ) .","[Not Useful Class, Useful Use Case, Not Useful Activity]"
352,"Where the System employs a graphical user with include should defaults user interface must be suitable for users System with needs ; that is , compatible with special","[Not Useful Class, Useful Use Case, Not Useful Activity]"
353,"The . profile move , resize , modify the appearance ) .","[Not Useful Class, Useful Use Case, Useful Activity]"
354,Such configurations must be saved in the user specialist software that may and intuitive throughout .,"[Useful Class, Useful Use Case, Not Useful Activity]"
355,The System must allow persistent defaults for data entry where desirable .,"[Not Useful Class, Useful Use Case, Not Useful Activity]"
356,"These use following to are be used and with appropriate interface guidelines The System must provide End User and Administrator functions which easy , the , FRS ) report provides the detailed description ( of functionalities required for the first version of the Specifications Requirements Functional provide to extensible be should system","[Not Useful Class, Useful Use Case, Not Useful Activity]"
357,The logic access - data the from separated again is,"[Not Useful Class, Not Useful Use Case, Not Useful Activity]"
358,The the access CCTNS,"[Not Useful Class, Not Useful Use Case, Not Useful Activity]"
359,The the police personnel at the cutting edge to which turn can improve the outcomes in the in value provides that key guiding principle behind the functional design of CCTNS V1.0 is to focus on the critical functionality . areas to interfaces support to capability have should system,"[Not Useful Class, Useful Use Case, Not Useful Activity]"
360,The public access for services communication of types multiple support remote access to a system The required where authentication tier - multi support should system,"[Useful Class, Useful Use Case, Not Useful Activity]"
361,The functionality and data of subset must the system device metadata common and formats standardized adopt should elements system terminals data mobile and ’s PDA through,"[Useful Class, Useful Use Case, Not Useful Activity]"
362,The,"The sentence ""The"" is incomplete and does not provide any meaningful context or information that can be used for Class Diagrams, Use Case Diagrams, or Activity Diagrams.

Output: [Not Useful Class, Not Useful Use Case, Not Useful Activity]"
363,"The system should client the on requirements minimal impose must and systems based - browser through access for designed be The of “ Investigation then based on the evidence , facts and and investigation , police shall take the complaint following police with complaints edge and easing the day to day operations of the police function .","[Not Useful Class, Useful Use Case, Not Useful Activity]"
364,Citizens can register their forward cutting . Registration police and complainants .,"[Useful Class, Useful Use Case, Not Useful Activity]"
365,"After a complaint between is , police initiates the investigation process . initiated exchange information and module acts as an interface between the police and citizens and it eases the approach , interaction","[Not Useful Class, Useful Use Case, Useful Activity]"
366,"The the at operating IOs , records room staff and citizens to within broad crime investigation area .","[Not Useful Class, Not Useful Use Case, Not Useful Activity]"
367,Based on the value delivering on of Crime ” and “ Detection of Criminals ” .,"[Not Useful Class, Useful Use Case, Not Useful Activity]"
368,"CCTNS V1.0 functionality is designed to focus the guiding principles stated of the CCTNS application is focused on providing value to the police personnel , especially the officers functionality should","[Not Useful Class, Useful Use Case, Not Useful Activity]"
369,"The determined above , nine different function blocks have been identified and the detailed functionality of each block was .","[Not Useful Class, Not Useful Use Case, Not Useful Activity]"
370,"The support encrypted the from fetched be should results search database The server web the on ) images , ; in batches of in screen the on records of Display ; application the within configured as maximum 20 or 10 documents batches ( static screen the on based considered be to and loading","[Useful Class, Useful Use Case, Useful Activity]"
371,Aggressive . experience user improve to technology page estimate usage pattern the all Host ; performance and scalability for server web of capabilities socket HTTP Asynchronous Leverage ; content based / manner caching for used and configured be should of cache A ; only record particular this for hierarchical results of most . searching for used columns key the on applied be should Indexes Database ; searches used frequently details paged additional fetch user the to displayed be to need . that the only fetch should search The ; fields,"1. ""Aggressive . experience user improve to technology page estimate usage pattern the all Host ; performance and scalability for server web of capabilities socket HTTP Asynchronous Leverage ;""
[Not Useful Class, Not Useful Use Case, Not Useful Activity]

2. ""content based / manner caching for used and configured be should of cache A ;""
[Not Useful Class, Not Useful Use Case, Not Useful Activity]

3. ""only record particular this for hierarchical results of most . searching for used columns key the on applied be should Indexes Database ;""
[Not Useful Class, Not Useful Use Case, Not Useful Activity]

4. ""searches used frequently details paged additional fetch user the to displayed be to need . that the only fetch should search The ; fields""
[Not Useful Class, Useful Use Case, Useful Activity]"
372,Only when the to fired be query a should details further its view to record particular a on clicks user the AJAX of Use data of transmission secure ensure should system over,"[Not Useful Class, Useful Use Case, Useful Activity]"
373,The stored the of encryption selective support should data the network and and security of standards high ensure should system,"[Not Useful Class, Not Useful Use Case, Not Useful Activity]"
374,"The signatures digital way - 2 and SSL utilize system access The multiple as HTTPS use should system The connections the network virtual secure support should system The connections private communication protocol , on run should system","[Not Useful Class, Useful Use Case, Not Useful Activity]"
375,"The ) SSL ( layer socket secure encrypted an over HTTP , i.e. browsers control through : row the tagging soft only perform and for delete allow not Do ; server and client hard deletion .","[Useful Class, Not Useful Use Case, Not Useful Activity]"
376,The ; data frequent storing for cache of Use : through performance and scalability high ensure should system the at both data incoming the Encode ; request user / data incoming the Validate ; scripting site - cross Prevent data SSL / request the Validate ; inputs - user the Sanitize ; queries parameterized Utilize ; Injection SQL Prevent ; user suspect Investigation of - sensitive help material for all the context possible and scenarios on all user interfaces in actions detailed provide should for all the possible actions and scenarios on all user interfaces in the application .,"[Not Useful Class, Useful Use Case, Useful Activity]"
377,The solution the material application,"[Not Useful Class, Not Useful Use Case, Not Useful Activity]"
378,The .,"Your input ""The ."" is incomplete and doesn't provide sufficient information to determine its relevance to Class Diagrams, Use Case Diagrams, or Activity Diagrams. Here's the output based on the lack of context:

[Not Useful Class, Not Useful Use Case, Not Useful Activity]"
379,"The solution should send alerts ( thereafter e.g. email , SMS ) to the user , track and application solution should provide an interface for the user to log any defects or enhancement requests on the . if help - .","[Not Useful Class, Useful Use Case, Useful Activity]"
380,"The functional requirements for each of deleted the are provided as A1 to A7 in modules and updated created and sections , state specific data , castes , tribes , property information etc . can be separate sensitive enclosures","[Useful Class, Not Useful Use Case, Not Useful Activity]"
381,The for the increased user - acceptance of critical the .,"[Not Useful Class, Not Useful Use Case, Not Useful Activity]"
382,"The solution should provide detailed context application are that system non - functional requirements specify the qualitative attributes such as user - friendliness and performance of the . the user chooses by users or Administrators , or actions taken initiated by the system as a result of automatically actions includes","[Not Useful Class, Not Useful Use Case, Not Useful Activity]"
383,This audit trail is a record of actions taken by either the user or the system triggers . system,"[Useful Class, Useful Use Case, Useful Activity]"
384,An parameters,"Your sentence ""An parameters"" seems incomplete or unclear. Can you please clarify or provide the full sentence so I can determine its usefulness for Class Diagram, Use Case Diagram, or Activity Diagram?"
385,The / read / update / delete ) create that taken upon the critical entities ( case are ( actions the System must keep an unalterable audit trail capable of automatically capturing and storing information about : All . . interface browser defect or enhancement request .,"[Useful Class, Useful Use Case, Not Useful Activity]"
386,The solution submitted should the help - desk user to view enable the track to to whenever any action has been taken on the alert .,"[Not Useful Class, Useful Use Case, Useful Activity]"
387,The solution should enable the user the reports on the be accessible to the users both from within the application and also outside the application through a should act solution,"[Not Useful Class, Useful Use Case, Not Useful Activity]"
388,"The submitted defects or enhancement requests category - wise , status - wise , and age- wise . support module as information the search functionality , police personnel can","[Useful Class, Useful Use Case, Not Useful Activity]"
389,"Using search a particular person , type of crime for . cases on Search module of the CCTNS gives police personnel the ability to execute a basic or advanced search ,","[Useful Class, Useful Use Case, Not Useful Activity]"
390,"The modus , cases .","[Not Useful Class, Not Useful Use Case, Not Useful Activity]"
391,It makes reporting easy for by police enabling them to execute different types of by or accused / property etc .,"[Not Useful Class, Useful Use Case, Useful Activity]"
392,It also gives the user account ability to customize the results view by criminal operandi queries . court entries are made during Registration .,"[Useful Class, Useful Use Case, Not Useful Activity]"
393,Interfacing initial with courts during the prosecution of cases is the after place take the CCTNS facilitates the investigation process and introduces operational efficiencies by automating most of the tasks that an interactions integral of module of the CCTNS aids this interfacing Prosecution by a platform to record entries of the providing,"[Not Useful Class, Useful Use Case, Useful Activity]"
394,The . courts the responsibilities of police personnel .,"[Useful Class, Not Useful Use Case, Not Useful Activity]"
395,"A designated constable from each police station constantly interfaces with the part such as monthly such as cases assigned , alerts , information pending etc hence helping police personnel to plan tasks shows","[Useful Class, Useful Use Case, Useful Activity]"
396,It . module of the CCTNS provides role based landing pages which help in navigating through the CCTNS application better Navigation and with addition to keeping data elements / rules in up date .,"[Useful Class, Useful Use Case, Not Useful Activity]"
397,"With a proper configuration , to requirements ’ states greater efficiency .","[Not Useful Class, Not Useful Use Case, Not Useful Activity]"
398,The Configuration module of the CCTNS helps keep the application configured according to the execute,"[Useful Class, Useful Use Case, Not Useful Activity]"
399,The . paperwork between citizens and police units / personnel exchange . can use it as a tool to,"[Useful Class, Useful Use Case, Not Useful Activity]"
400,"Citizens information the for reporting , RTI related etc .","[Useful Class, Useful Use Case, Not Useful Activity]"
401,The Citizen Interface module of the CCTNS acts as a conduit get information or acknowledgements improves overall productivity by helping citizens and police to cut short the drudgery of large amounts of,"[Not Useful Class, Useful Use Case, Not Useful Activity]"
402,It such . turnaround from police .,"[Not Useful Class, Not Useful Use Case, Not Useful Activity]"
403,"The police in turn can use it to respond to citizens with very little time . of screens groups or roles i.e. such as employees of different levels , citizens etc , monitoring the user user varying for differently users with means for customizing the user interface ’s to personal needs i.e. individualization designing content and navigation their behaviour and adapting to the specific user , based on the interesting behaviour all users or a user group .","[Useful Class, Useful Use Case, Not Useful Activity]"
404,"Taking of providing or more to the user ’s goals that are inferred relevant from behaviour observed , recommending information that is potentially the like , goals the content and the navigation of a user Adapting interface individual users or user groups can be a to useful : user placed consistently on the pages or in the adaptation framesets the pages of the application .","[Not Useful Class, Useful Use Case, Not Useful Activity]"
405,Individualization and in account mechanism providing be important for making the user interface more also accessible,"[Not Useful Class, Useful Use Case, Not Useful Activity]"
406,Different approaches can be used for achieving these . for can,"[Not Useful Class, Not Useful Use Case, Not Useful Activity]"
407,"User information that is of interest to the users adaptation and making access to relevant information more efficient . for be of users and change profiles : If user - specified profiles are used , users should be able to see to users","[Useful Class, Useful Use Case, Not Useful Activity]"
408,"Allowing are used , it is important to provide see users information about this concept and its implications . with , modify and be available to users : from < xx:00 must > < xx:00 > ; on < all weekdays to profiles System www.usability.gov delete that profile on demand .","[Not Useful Class, Useful Use Case, Useful Activity]"
409,The user The interfaces the system should follow the guidelines specified under of,"[Not Useful Class, Useful Use Case, Not Useful Activity]"
410,If . evident information needs of these user groups should be and taken consideration .,"[Not Useful Class, Useful Use Case, Not Useful Activity]"
411,"Making individualization and adaptation evident : into It tasks , ’ tasks and information needs : When providing the different paths or navigation structures for different user groups access the should made - specified profiles are used for individualizing or user adapting , the profile currently used should be made content be or user evident to the user when individualization and/or adaptation profiles are .","[Useful Class, Useful Use Case, Not Useful Activity]"
412,Making user profiles evident : If predefined used / should Navigation user are to be found in ISO 9241 - 12 .,"[Not Useful Class, Useful Use Case, Not Useful Activity]"
413,Guidance on selecting and using different the to information presenting taken into account .,"[Not Useful Class, Not Useful Use Case, Not Useful Activity]"
414,The International Standards mentioned forms below be consulted for guidance .,"[Not Useful Class, Not Useful Use Case, Not Useful Activity]"
415,"Practical guidelines for shall of interaction techniques menus , ISO 9241 - 15 about command about dialogues ISO 9241 - 16 about direct manipulation and , be guidance 14 is to be found in ISO 9241 - gives 14 ISO 9241 - 17 .","[Not Useful Class, Not Useful Use Case, Not Useful Activity]"
416,ISO 9241 - to should perception human different purposes and types of content .,"[Not Useful Class, Not Useful Use Case, Not Useful Activity]"
417,"In have such , pages can usually be grouped in different cases categories pages , apply to all pages and are preferable when different all have a similar structure .","[Useful Class, Useful Use Case, Not Useful Activity]"
418,"Frequently , however pages ISO , one the different pages .","[Not Useful Class, Not Useful Use Case, Not Useful Activity]"
419,"Observing principles of human on perception designing application pages , the general principles of When using location a layout scheme for each category consistently .","[Not Useful Class, Not Useful Use Case, Not Useful Activity]"
420,Placing consistent title consistently : Page titles should be placed in information components 9241 17 overview form .,"[Not Useful Class, Useful Use Case, Not Useful Activity]"
421,Consistency between navigation components and content : If navigation components ( or overviews ) an in site the A separate navigation overview such as a site are map be provided for application showing the structure of should shown in conjunction ( e.g. highlighting ) the topic currently visible component in content area .,"[Not Useful Class, Not Useful Use Case, Not Useful Activity]"
422,"Placing navigation components consistently : the : navigation in with associated content , consistency between the navigation the component the content shown should be maintained by indicating and map site a 1 to ISO 14915 - 3 should be - taken account .","[Not Useful Class, Not Useful Use Case, Not Useful Activity]"
423,Appropriate content presentation also plays a into key 14915 in about forms .,"[Not Useful Class, Not Useful Use Case, Not Useful Activity]"
424,"In addition , when designing ISO multimedia presentations , the design principles and recommendations described information - role accessibility of the application or to a landmark page page that easy to recognize for the user .","[Not Useful Class, Useful Use Case, Not Useful Activity]"
425,Providing is in home to .,"[Not Useful Class, Not Useful Use Case, Not Useful Activity]"
426,"Linking back to the home page or the landmark : Each page should contain a link leading pages xxx days per layer and security and access control components can be deployed as standard components with necessary configuration changes support , services core on SOA principles .","[Not Useful Class, Useful Use Case, Not Useful Activity]"
427,Each of the components . contains services as defined by Service Definition .,"[Useful Class, Not Useful Use Case, Not Useful Activity]"
428,The multiple,"The sentence ""The multiple"" is too vague and does not provide sufficient context or information to determine its relevance to creating a Class Diagram, Use Case Diagram, or Activity Diagram.  

Output: [Not Useful Class, Not Useful Use Case, Not Useful Activity]"
429,The customization layer .,"[Not Useful Class, Not Useful Use Case, Not Useful Activity]"
430,The deployment of the application will be services at level and will be configured and customized as state based core with can override and add to the core services the based the specific state requirements and can be plugged on components major 4 proposed functional architecture is modeled around centralized deployment,"[Not Useful Class, Not Useful Use Case, Not Useful Activity]"
431,"The to ease of maintenance and leverage advancement in open facilitate standards . cases have any features which would preclude use in handled small large police stations , with varying numbers of or per and technologies architecture of the CCTNS solution is given in functional the below .","[Not Useful Class, Not Useful Use Case, Not Useful Activity]"
432,The functional architecture is composed of figure web,"[Not Useful Class, Not Useful Use Case, Not Useful Activity]"
433,The architecture .,"[Not Useful Class, Not Useful Use Case, Not Useful Activity]"
434,The 3 C ’s ( Core - . Configuration Customization ) forms the guiding principle for the - not the specific Authentication Service to ensure Single - Sign on for the end - user,"[Useful Class, Not Useful Use Case, Not Useful Activity]"
435,The system should be and Access User common a modular design The system should be developed developed on Standards The system should be built on a Open for a centralized designed to have a n - tier architecture be with presentation logic separated from the business logic that the have should,"[Not Useful Class, Not Useful Use Case, Not Useful Activity]"
436,The deployment and maintenance,"[Not Useful Class, Not Useful Use Case, Not Useful Activity]"
437,The system should be developed system to deployed in a 3 - tier datacenter architecture be and ) SOA be designed in manner that operational data is should not in case of any failure of equipment or lost communication system interface extensions .,"[Not Useful Class, Not Useful Use Case, Not Useful Activity]"
438,The systems should be designed with,"[Not Useful Class, Not Useful Use Case, Not Useful Activity]"
439,The the broad guidelines : The system should support multilingual following state network,"[Not Useful Class, Useful Use Case, Not Useful Activity]"
440,The in Police Stations connected on low - bandwidth even The should be implemented using Service Oriented Architecture ( system . performance have system should work even in an offline mode satisfactory with critical functionality,"[Not Useful Class, Useful Use Case, Not Useful Activity]"
441,"The system should be designed to the must and scaleable software or hardware failure , it must be possible to restore the System ( with inline synchronization any of event the for the System must not exceed < x ) > < rolling three month period > .","[Not Useful Class, Useful Use Case, Not Useful Activity]"
442,In per within no more conditions The System must be able to perform peak a search within 5 - 8 seconds and a simple downtime and both than < xx > hours .,"[Not Useful Class, Useful Use Case, Not Useful Activity]"
443,The System standard must adequate response times for commonly performed functions under provide unplanned of incidents > .,"[Not Useful Class, Not Useful Use Case, Not Useful Activity]"
444,The System is considered to be period down any user is unable to perform any normal if System month rolling year > .,"[Not Useful Class, Useful Use Case, Not Useful Activity]"
445,The planned downtime for the three System not exceed < xx > hours per < must advanced function if exceed < xx hours / minutes > per not < three month period > .,"[Not Useful Class, Useful Use Case, Not Useful Activity]"
446,The number of rolling and must the this failure is attributed to any component of System the other than the workstation .,"[Useful Class, Not Useful Use Case, Not Useful Activity]"
447,Unplanned downtime for System search ( multiple,"[Not Useful Class, Useful Use Case, Not Useful Activity]"
448,"The System must be able to retrieve and . display 20 seconds the case which has not been within accessed use with rapid retrieval of frequently - used cases , recent on understanding that frequency of use is typically correlated the for within previous cases where cases used infrequently are stored on for slower than more active records .","[Useful Class, Useful Use Case, Not Useful Activity]"
449,"The System be media the allow intended 2 months , regardless of storage capacity or to number cases in the system .","[Not Useful Class, Useful Use Case, Not Useful Activity]"
450,"This requirement is of schemes allow intended this context , performing a search means returning","[Not Useful Class, Useful Use Case, Useful Activity]"
451,In a list .,"Sure! Based on your example output format, here is how the classification would look for a list:

1. [Useful Class, Useful Use Case, Useful Activity]  
2. [Useful Class, Useful Use Case, Not Useful Activity]  
3. [Useful Class, Not Useful Use Case, Not Useful Activity]  
4. [Not Useful Class, Useful Use Case, Useful Activity]  
5. [Useful Class, Useful Use Case, Not Useful Activity]  "
452,It does not include retrieving the result records . the search criteria ) within 10 - 15 seconds system regardless the storage capacity or number of cases in of to themselves,"[Not Useful Class, Useful Use Case, Not Useful Activity]"
453,"The 2 months , regardless of storage capacity or previous number cases in the system .","[Not Useful Class, Not Useful Use Case, Not Useful Activity]"
454,This requirement is of . the accessed System must be able to retrieve and display within within - 8 seconds the case which has been 5,"[Not Useful Class, Not Useful Use Case, Not Useful Activity]"
455,"Splash layout . , units of measurement , temperatures , date and time , phone numbers , address or postal currency as such elements or currency : When designing user interfaces for codes use diverse groups , input and output of information by should be designed user , using functions provided by the user the agent other appropriate means i.e. see ISO 9241 - or measurement by be so that they are usable .","[Useful Class, Not Useful Use Case, Not Useful Activity]"
456,"Making text resized resizable the user : Text should be able to by units , formats be minimized .","[Not Useful Class, Useful Use Case, Useful Activity]"
457,Providing clear error messages : should The of error messages shown on the pages or content special errors recover the home page .,"[Not Useful Class, Useful Use Case, Not Useful Activity]"
458,Minimizing user errors : from Potential errors as well as the effort needed to user 171 error should .,"[Not Useful Class, Useful Use Case, Not Useful Activity]"
459,Users expect error messages to be in error the language as the user interface .,"[Not Useful Class, Useful Use Case, Not Useful Activity]"
460,"Using appropriate same pages the to clearly state the reason why the error occurred resolve and if possible , actions the user can take , as . quality on the pages should be readable taking into account the expected display characteristics and spatial arrangement . presented Text : text , bulleted lists , highlighted keywords , logical","[Not Useful Class, Not Useful Use Case, Not Useful Activity]"
461,ISO headings and short phrases and sentences .,"[Not Useful Class, Not Useful Use Case, Not Useful Activity]"
462,"Readability of , 9241 - 303 distinguishable from other links that lead to a clearly different .","[Not Useful Class, Not Useful Use Case, Not Useful Activity]"
463,EX .,"Could you please provide the sentence you'd like to analyze for its usefulness in Class Diagram, Use Case Diagram, or Activity Diagram? I will classify it in the requested format."
464,Within - page links are page links be links shall be consulted for screen text legibility requirements should . within - page links : Within - page,"[Not Useful Class, Not Useful Use Case, Not Useful Activity]"
465,Distinguishable clear of provision,"[Not Useful Class, Not Useful Use Case, Not Useful Activity]"
466,Writing style : The reading and understanding of . the content on the screen should be supported by textual suitable readability to : The quality of textual content with respect impede to and grammar should be sufficient so as not spelling,"[Not Useful Class, Not Useful Use Case, Not Useful Activity]"
467,Text means including form of bullet points .,"[Not Useful Class, Not Useful Use Case, Not Useful Activity]"
468,"Supporting text skimming the : skimming of text should be supported by the Fast , in content the use of short sentences , the division items of text into shorter chunks or the presentation of the shown such exploration accessibility .","[Not Useful Class, Not Useful Use Case, Not Useful Activity]"
469,They also require additional user actions for closing unwanted windows .,"[Not Useful Class, Useful Use Case, Useful Activity]"
470,Vertical scrolling should be and usability both on relevant information .,"[Not Useful Class, Not Useful Use Case, Not Useful Activity]"
471,They could make it cognitively minimized more to understand the navigation structure with negative effects difficult .,"[Not Useful Class, Not Useful Use Case, Not Useful Activity]"
472,This may scrolling should be avoided wherever possible .,"[Not Useful Class, Not Useful Use Case, Not Useful Activity]"
473,Designing,"[Not Useful Class, Not Useful Use Case, Not Useful Activity]"
474,Horizontal for device independence :,"[Not Useful Class, Not Useful Use Case, Not Useful Activity]"
475,"User interfaces should be designed input hiding . the be done by placing important information at the page top providing links to information that is further down and , window primary is used , a navigation option to skip screen it be offered .","[Not Useful Class, Useful Use Case, Useful Activity]"
476,Avoiding opening unnecessary windows : should Additional splash,"[Not Useful Class, Not Useful Use Case, Not Useful Activity]"
477,"If should be avoided unless they provide useful content a or about the application state to the user . feedback to windows as windows can distract , confuse or impede users new for variety of reasons .","[Not Useful Class, Not Useful Use Case, Not Useful Activity]"
478,They can superimpose the a such,"[Not Useful Class, Not Useful Use Case, Not Useful Activity]"
479,"Opening task new browser windows or pop - up windows . should be opened if this supports the user ’s only , allow of .","[Not Useful Class, Useful Use Case, Not Useful Activity]"
480,Acceptable opening / download times : Application pages should be designed and implemented so that there technologies future with usable able to present content containing newer technologies by are older agents as well as designing content to be user acceptable opening times .,"[Not Useful Class, Not Useful Use Case, Not Useful Activity]"
481,This is particularly important for frequently accessed ) pages pages that are important for user navigation and or being user and and download times for the expected range of the technical of use ( e.g. bandwidth between the application contexts encompasses,"[Not Useful Class, Not Useful Use Case, Not Useful Activity]"
482,"This . , fields and buttons is important both for links users prefer a certain input mode , mobile users who and as controls controls by a variety of input devices . such","[Not Useful Class, Not Useful Use Case, Not Useful Activity]"
483,The to choose between different input devices for activating ability activation users disabilities : User interfaces should be designed to be robust as as possible in the face of changing technology robust with interfaces,"[Useful Class, Useful Use Case, Not Useful Activity]"
484,Making .,"[Not Useful Class, Not Useful Use Case, Not Useful Activity]"
485,"In general , device independence can be user achieved the functionality is operable via a keyboard . if with dashed rather interruptions or when the page needs to match a paper counterpart .","[Not Useful Class, Not Useful Use Case, Not Useful Activity]"
486,Using colour : Colour should without content the read pages that need to be read quickly . be,"[Not Useful Class, Useful Use Case, Not Useful Activity]"
487,Longer can be more appropriate when users want to pages used with care,"[Not Useful Class, Not Useful Use Case, Not Useful Activity]"
488,Color should never be the only means of . coding,"[Not Useful Class, Not Useful Use Case, Not Useful Activity]"
489,"Some users may have difficulties in perceiving certain . overview information of , taking into account human capabilities and restrictions conveying in colour , and not as the only means perceiving or , pages elements on a page , if the distance content between blocks of information displayed becomes too large , the rapid different organizing not impair the visual skimming of the page the . white space is an important means of visually","[Not Useful Class, Not Useful Use Case, Not Useful Activity]"
490,While colors skimming the primary purpose and use of the page . the,"[Not Useful Class, Not Useful Use Case, Not Useful Activity]"
491,"Short are generally more appropriate for homepages , navigation pages of support as page can be impeded .","[Not Useful Class, Not Useful Use Case, Not Useful Activity]"
492,Selecting appropriate page to lengths length of a page should be selected so The does or combinations frames are turned off it should be possible for the user to read and understand the page and/or sheets style When way of presenting relevant information without frames should ; be .,"[Not Useful Class, Useful Use Case, Useful Activity]"
493,"Providing alternative text - only pages : provided alternatively , the consistent layout schemes , supporting the user in using finding information at the same position on different pages similar alternative designed should user should be provided with an equivalent alternative be text only page .","[Not Useful Class, Useful Use Case, Not Useful Activity]"
494,"Consistent page layout : Pages - an , used possible problems , for example , those involving avoid the of the back button , bookmarking of pages use , to be ( color - blindness ) .","[Not Useful Class, Useful Use Case, Not Useful Activity]"
495,"Using frames taken with : If frames are used , care should care color or of frames relate to one another other .","[Not Useful Class, Not Useful Use Case, Not Useful Activity]"
496,Providing how alternatives frame - based presentation : If frames are to scrolling and its information .,"[Not Useful Class, Not Useful Use Case, Not Useful Activity]"
497,"When frames are used , it purpose is to title each frame , and to describe important it that way ” or “ click here ” except where the purpose of the link is clear from its go “ as such The target or purpose of a link should context be indicated by its label , avoiding generic labels directly on the page and information needs is important for making the tasks content to understand .","[Not Useful Class, Useful Use Case, Useful Activity]"
498,Marking links opening new windows easy : ’s the or the labels have commonly understood semantics in user the application domain .,"[Not Useful Class, Not Useful Use Case, Not Useful Activity]"
499,Using appropriate terminology specific to particular labels link descriptive links does not impede the readability of the of text,"[Not Useful Class, Not Useful Use Case, Not Useful Activity]"
500,Using familiar terminology for navigation links : Navigation . links presence that than solid underlines Avoiding link overload :,"[Not Useful Class, Useful Use Case, Not Useful Activity]"
501,"Text the pages large proportions of links should be formatted so containing : — links her general knowledge , prior experience in the / application or experience of using other systems .","[Not Useful Class, Not Useful Use Case, Not Useful Activity]"
502,"Using domain particularly his based representing the main navigation structure — should be on labelled terms that are familiar to the user , with Links that open - friendly version of the document should be printer provided prints the content in a form acceptable to that the a reading too long , dispersed over several pages or , in specific layout that is not suitable for online a either user e.g. ” on a page i.e. space filled only space with background color should be used in such a the ( White : in the expected layout , paper format , “ or ) .","[Not Useful Class, Not Useful Use Case, Not Useful Activity]"
503,Use of “ white space ” orientation,"[Not Useful Class, Not Useful Use Case, Not Useful Activity]"
504,Overall is a be clearly distinguishable from controls activating some action should . action types in user interfaces include manipulating application,"[Not Useful Class, Useful Use Case, Useful Activity]"
505,Typical data links : new browser windows or pop - up windows Navigation should clearly marked .,"[Not Useful Class, Useful Use Case, Not Useful Activity]"
506,"Distinguishing navigation links from controls be document , searches related actions , such as sorting a list - of results .","[Not Useful Class, Useful Use Case, Useful Activity]"
507,"Providing printable document versions : If search performing presentation , , communication actions , such as opening a and new - mail window or starting a chat function e . title radios function , if the shunting movement trip passes signal showing "" danger for shunting a train the apply speed shall be indicated to the driver on request .","[Not Useful Class, Useful Use Case, Useful Activity]"
508,"It shall be possible to "" Shunting . from driver selects exit from shunting . the","[Not Useful Class, Useful Use Case, Useful Activity]"
509,Partial shall be selected either by the Supervision when place take Shunting shall only be possible when the train is stationary .,"[Not Useful Class, Useful Use Case, Useful Activity]"
510,Exit from Shunting shall,"[Not Useful Class, Not Useful Use Case, Not Useful Activity]"
511,"Exit Driver supervised . be from Full Supervision operation and may Partial operation status at any speed lower Supervision Shunting to transfer select Shunting from Stand By operation , Full Supervision operation or Partial Supervision operation Automatic than","[Not Useful Class, Not Useful Use Case, Useful Activity]"
512,The or to from the driver,"[Not Useful Class, Not Useful Use Case, Not Useful Activity]"
513,ETCS shall supervise confirmation Shunting to a permitted national speed value operation request shall ETCS the supervised shunting speed based on trackside information .,"[Useful Class, Useful Use Case, Useful Activity]"
514,"Before authomatic transition to Shunting , equal manually , by leave Partial Supervision when the trainborne shall equipment not operative any longer , when is train","[Not Useful Class, Not Useful Use Case, Useful Activity]"
515,The . shown continually on the DMI but may be shown momentarily when selected by the driver Shunting be is or signal Transferring to Full Supervision shall stop occur when a movement authority and all automatically a passing when when Full Supervision is available .,"[Not Useful Class, Not Useful Use Case, Not Useful Activity]"
516,It shall be possible to order a train trip selected or not speed from Full Supervision to Partial Supervision transfer within seconds Partial Supervision shall be indicated 5 acknowledge shall driver information received from track - to - train transmission .,"[Not Useful Class, Useful Use Case, Useful Activity]"
517,If acknowledgement is specified the on shall the . shall have the capability of being train supervised a ceiling speed .,"[Not Useful Class, Not Useful Use Case, Not Useful Activity]"
518,This ceiling to,"[Not Useful Class, Not Useful Use Case, Not Useful Activity]"
519,The . available,"The sentence provided is incomplete and does not provide sufficient context to determine its usefulness for any diagram category. Based on the lack of information: 

**[Not Useful Class, Not Useful Use Case, Not Useful Activity]**"
520,"In Partial Supervision the train shall be supervised according to train speed and distance data DMI to possible be any ) ; International train category if ; gauge ; Maximum axle load of Train ( STM for Status of air tight system ; Type of electric power accepted ; Data additional required the ; train a Driver identification ; Train identification ( : train ) STM ready for use ; number sources external by resolution of 0,5","[Useful Class, Not Useful Use Case, Not Useful Activity]"
521,t.,"It seems like you've entered ""t."" which is not a complete sentence. Could you please provide a full sentence or clarify your input so I can analyze whether it would be useful for a Class Diagram, Use Case Diagram, or Activity Diagram?"
522,"The following data may be entered manually by the driver provided with Data length ; the driver shall be able to , perform movements or train movements .","[Useful Class, Useful Use Case, Useful Activity]"
523,The shunting Entry Data Train during a journey or a Train Running Number shall be possible,"[Useful Class, Useful Use Case, Not Useful Activity]"
524,Following successful completion of following Train data be STM ready for use ; Data ) required brake calculation ; Maximum train speed for number train ( entered manually by the driver or from train memory : Driver identification ; Train identification may required for brake,"[Not Useful Class, Useful Use Case, Useful Activity]"
525,"Transfer to Shunting on driver ’s . selection only be possible when stationary . shall authority movement or unit shall be capable of being moved in Shunting without train data , track data","[Useful Class, Useful Use Case, Useful Activity]"
526,To traction prevent use the RBC .,"[Not Useful Class, Not Useful Use Case, Not Useful Activity]"
527,Permission received shall of be to the driver .,"[Not Useful Class, Not Useful Use Case, Not Useful Activity]"
528,"It shall indicated control the under of the function permission shall be obtained from the RBC if the train is operating unauthorised equipped ETCS An accepted ; Data additional required for power STM if any ) ; International train ( electric of Type calculation ; Maximum train speed ; Train length ; Status of air tight system ; category ; Train gauge the RBC when awakening the driver shall be asked to enter the RBC contact details contact other to onboard ; Maximum axle load of the train with a resolution of 0,5","[Useful Class, Useful Use Case, Not Useful Activity]"
529,t.,"It seems like your input is incomplete or unclear. Could you please provide a full sentence or clarify your input so I can help determine whether it is useful for Class Diagram, Use Case Diagram, or Activity Diagram?"
530,If the fails necessary information is .,"[Not Useful Class, Not Useful Use Case, Not Useful Activity]"
531,"The target distance to be board displayed the DMI shall be based on on - on available ETCS trainborne equipment shall supervise the end of movement authority , if this information is the","[Useful Class, Useful Use Case, Not Useful Activity]"
532,"The most braking time - out(s ) for certain more sections the movement authority , and shorten of or one receive curve .","[Not Useful Class, Not Useful Use Case, Not Useful Activity]"
533,"Together with the movement authority , the on board shall be able to restrictive the . train information for the calculation of speed send profiles","[Not Useful Class, Useful Use Case, Not Useful Activity]"
534,If track data at least to . to able be adhesion conditions ; in this case information from trackside has priority .,"[Not Useful Class, Useful Use Case, Not Useful Activity]"
535,The trackside shall the categories location the to train transmission shall provide the,"[Not Useful Class, Not Useful Use Case, Not Useful Activity]"
536,"Track capability send different speed profiles for specific to . rejected be relevant movement authority ends are not available on - board , the movement authority shall where movement authority accordingly not be shown on the DMI shall unless by the driver .","[Not Useful Class, Not Useful Use Case, Not Useful Activity]"
537,The target selected speed supervised the,"[Not Useful Class, Not Useful Use Case, Not Useful Activity]"
538,"The train shall , as a minimum , be supervised to a ceiling speed ; distance . shall be have the possibility to confirm that shall the ahead of him until the end track driver the , shown on the DMI unless selected by the driver .","[Not Useful Class, Not Useful Use Case, Not Useful Activity]"
539,On request of the RBC not available data speed into account the target information but taking not location of vehicles occupying the track the calculated be shall when a time out expires .,"[Not Useful Class, Not Useful Use Case, Useful Activity]"
540,"Using train data and infrastructure data , braking curves .","[Useful Class, Not Useful Use Case, Not Useful Activity]"
541,The ceiling speed a driver acknowledgement shall be requested .,"[Not Useful Class, Useful Use Case, Not Useful Activity]"
542,"The train shall be supervised according to train , the track an level for the movement authority shall be defined as data National Value .","[Useful Class, Not Useful Use Case, Not Useful Activity]"
543,"Before entering occupied identification change driver is isolated , the system shall equipment not any ETCS information other than the show trainborne ETCS the is received .","[Not Useful Class, Useful Use Case, Useful Activity]"
544,The ETCS trainborne equipment shall be capable of being isolated .,"[Not Useful Class, Useful Use Case, Not Useful Activity]"
545,When fact information that system system .,
546,The ETCS trainborne equipment braking shall capable of receiving information from the be vehicle the from is isolated .,"[Not Useful Class, Useful Use Case, Not Useful Activity]"
547,Isolation of the ETCS trainborne equipment shall disconnect the ETCS trainborne equipment the national Supervision when driver for confirmation about the occupancy a of track ahead before sending a Full the ask to trackside received through track - to - train transmission .,"[Not Useful Class, Useful Use Case, Useful Activity]"
548,"It shall be possible for the Supervision Partial movement . the trainborne equipment is not active until any , when Shunting is selected or longer Supervision Full in","[Not Useful Class, Useful Use Case, Useful Activity]"
549,Full Supervision shall provide supervision of speed and distance .,"[Useful Class, Useful Use Case, Not Useful Activity]"
550,The trainborne equipment shall remain authority train control systems shall be capable to switch to onboard another status when transmitted from trackside,"[Useful Class, Useful Use Case, Not Useful Activity]"
551,The ETCS,"[Not Useful Class, Not Useful Use Case, Not Useful Activity]"
552,The . operation determined by the lower value out of Maximum train speed ; National value for unfitted ETCS is on board adhesion conditions from trackside .,"[Useful Class, Not Useful Use Case, Not Useful Activity]"
553,"It on shall be possible , to allow the also information send to shall be capable of receiving track description from the trackside .","[Not Useful Class, Useful Use Case, Not Useful Activity]"
554,It shall be possible - operation unfitted the systems .,"[Not Useful Class, Not Useful Use Case, Not Useful Activity]"
555,This may mean displaying control the shown by the national system . information train national from by means of the STM .,"[Not Useful Class, Not Useful Use Case, Not Useful Activity]"
556,The DMI shall display or be compatible with information,"[Not Useful Class, Useful Use Case, Not Useful Activity]"
557,Unfitted operation shall be on board shall supervise the train against a ceiling speed,"[Not Useful Class, Useful Use Case, Useful Activity]"
558,The ceiling speed value for The to up at possible if ordered by trackside Unfitted operation shall be possible if selected by the driver start driver of change,"[Not Useful Class, Not Useful Use Case, Not Useful Activity]"
559,It shall be possible to implement . one more of the ETCS application levels or ETCS onboard with system .,"[Not Useful Class, Useful Use Case, Not Useful Activity]"
560,"Onboard functions provided by national system ( STM ) in co - operation on national a . / ETCS application level 3 , ERTMS 2 1 and 0 , trains equipped , with equipped lines","[Useful Class, Useful Use Case, Not Useful Activity]"
561,"Trains equipped for ERTMS / ETCS application level 3 shall be able to run on line for by information information via continuous transmission media , track i.e. .","[Useful Class, Not Useful Use Case, Not Useful Activity]"
562,"The train detection is provided radio to train and transmitted via balise , loop or radio ; Level 2 : Basic track to train by provided trackside Level detection is optional ; Level STM","[Useful Class, Not Useful Use Case, Not Useful Activity]"
563,"train ( Transmission Module ): Track to train Specific . trackside therefore 3 : Same as level 2 except that train integrity is provided by onboard and ; ERTMS / ETCS , the brake can be released afterwards ETCS be compatible with existing national systems shall acknowledges driver the the driver does not acknowledge after the transition the brake shall be applied .","[Not Useful Class, Useful Use Case, Useful Activity]"
564,If listed,"Your input sentence, ""If listed,"" is too vague and does not provide sufficient context to determine its usefulness for creating Class, Use Case, or Activity Diagrams. Based on the lack of clarity:

**[Not Useful Class, Not Useful Use Case, Not Useful Activity]**"
565,If in CCS systems .,"[Not Useful Class, Not Useful Use Case, Not Useful Activity]"
566,"The ETCS trainborne equipment national shall capable of supervising the following operational be the by with TSI such that it does not interfere with the national systems and is not interfered the . trackside from 1 and 0 and trains equipped , for / ETCS application level 1 shall ERTMS 2 level application application level 2 shall be able to run on lines equipped with ERTMS / ETCS be able to run indicated on the DMI .","[Useful Class, Useful Use Case, Not Useful Activity]"
567,"The driver shall acknowledge the level transitions , if requested be , shall application on lines equipped with ERTMS / ETCS application level 1 and 0 .","[Not Useful Class, Useful Use Case, Not Useful Activity]"
568,The current level states infill supported be respected ; ( O ) shall = : It is not mandatory to,"[Not Useful Class, Not Useful Use Case, Not Useful Activity]"
569,Optional specifications mandatory level respected in every ETCS application .,"[Not Useful Class, Not Useful Use Case, Not Useful Activity]"
570,The applicable requirements stated in ETCS SRS and lower implement be this in shall be respected .,"[Not Useful Class, Not Useful Use Case, Not Useful Activity]"
571,"Note that specifications the TSI may define specific conditions , CCS mandatory level lower every ETCS application .","[Not Useful Class, Not Useful Use Case, Not Useful Activity]"
572,"If implemented , the applicable requirements stated in ETCS SRS and function where shall The ) .","[Not Useful Class, Not Useful Use Case, Not Useful Activity]"
573,The document primarily defines SYSTEM the requirements and therefore contains only a operational CONTROL TRAIN EUROPEAN defines the functional requirements for ERTMS / ETCS ( EUROPEAN RAIL TRAFFIC MANAGEMENT SYSTEM / few requirement technical . .,"[Not Useful Class, Useful Use Case, Not Useful Activity]"
574,In the requirements of this version document ( M ) =,"[Not Useful Class, Not Useful Use Case, Not Useful Activity]"
575,Mandatory : : this from removed,"[Not Useful Class, Not Useful Use Case, Not Useful Activity]"
576,"For consistency reasons , all functional requirements not implemented in the SRS 2.3.0 have been terms implementation of O ETCS active for limited train control : function trackside not fitted with any train ; 0 Level : of 500 km / h.","[Not Useful Class, Not Useful Use Case, Not Useful Activity]"
577,"The following definitions shall apply for the ETCS application levels control speed system fitted train information via intermittent transmission media to , balises .","[Useful Class, Not Useful Use Case, Not Useful Activity]"
578,This information can be e.g. track Basic : with a train control system for which no STM is available onboard ; Level 1 or train maximum a drive the train safely .,"[Not Useful Class, Useful Use Case, Useful Activity]"
579,ETCS to shall able to supervise train and shunting be him allow to functions may be required for safety reasons .,"[Not Useful Class, Useful Use Case, Not Useful Activity]"
580,ETCS shall provide the driver with information movements .,"[Not Useful Class, Useful Use Case, Not Useful Activity]"
581,If the area if not authorised by the RBC .,"[Not Useful Class, Useful Use Case, Useful Activity]"
582,ETCS is required to be functional to its by in traction supervision is performed by a RBC it shall be possible to prevent movements of a unit of : Supervision test .,"[Not Useful Class, Useful Use Case, Useful Activity]"
583,"The test shall require - no on the part of the driver action self automatic an / ETCS on board equipment At Start Up , the on board equipment shall perform . ERTMS","[Not Useful Class, Useful Use Case, Useful Activity]"
584,The shall ETCS equipment allows train movement . board,"[Useful Class, Useful Use Case, Not Useful Activity]"
585,The shall be able to select Train driver - on the indicate the result of the self - test .,"[Not Useful Class, Useful Use Case, Not Useful Activity]"
586,Train data shall be entered before DMI Data all stored area Once received onboard the national defined values remain valid even if the onboard shall a to applicable receiving National values from the trackside to adapt to National requirements National values shall be equipment in is off used by the onboard equipment . be,"[Useful Class, Useful Use Case, Not Useful Activity]"
587,"Default shall be harmonised values , permanently values shall values default If the on - board has no valid national values for the current location , switched Entry on the system for Train Data Entry shall","[Useful Class, Not Useful Use Case, Not Useful Activity]"
588,The provide the input of other data required for . starts Entry .,"[Not Useful Class, Useful Use Case, Useful Activity]"
589,Stored train data shall be offered to the driver to be confirmed when Data by operative STMs to of driver identification and the selection entry of language shall be possible .,"[Useful Class, Useful Use Case, Not Useful Activity]"
590,The the,"[Not Useful Class, Not Useful Use Case, Not Useful Activity]"
591,The . entered ETCS .,"[Not Useful Class, Not Useful Use Case, Not Useful Activity]"
592,"This may require additional items , not required for ETCS , to be connected not is unit data may be entered automatically from","[Not Useful Class, Not Useful Use Case, Not Useful Activity]"
593,Train a management system or from train memory railway . stationary when DMI .,"Not Useful Class, Not Useful Use Case, Not Useful Activity"
594,Entering or overwriting data manually by the driver shall be possible but only .,"[Not Useful Class, Useful Use Case, Not Useful Activity]"
595,The driver shall stored ( except at transition to shunting ) in the ETCS equipment until the traction be of shall train be able to consult train data when the train is stationary or moving .,"[Not Useful Class, Useful Use Case, Useful Activity]"
596,"Current data Full capable shall transitions to and from National Operation for ( ) , the responsibility for the STM except , transition initiated automatically or manually as appropriate .","[Not Useful Class, Not Useful Use Case, Not Useful Activity]"
597,"If , as a result of an automatic driver be increases the to and from National Operation ( transitions STM the ETCS shall request , an )","[Not Useful Class, Not Useful Use Case, Not Useful Activity]"
598,"For . not ETCS shall seek an acknowledgement from the driver , whether the train is stationary or , acknowledgement shall stationary Trip operation ; Post Trip operation Train . operation ( STM ) ; Tandem","[Not Useful Class, Not Useful Use Case, Not Useful Activity]"
599,"National ; operation Line operation ; Partial Supervision operation ; Staff Responsible operation ; On Sight operation ; Unfitted operation , ; operation moving shall in principle occur automatically is . which occur while the train is","[Useful Class, Not Useful Use Case, Not Useful Activity]"
600,Transitions train the while ; Shunting operation ; Stand By operation ; Reversing operation .,"[Not Useful Class, Not Useful Use Case, Useful Activity]"
601,Any transition which occurs Multiple by the driver which it is equipped .,"[Not Useful Class, Not Useful Use Case, Not Useful Activity]"
602,"If for an equipped train passes a level transition ETCS , trackside by , the onboard shall switch to the highest level , according to the priority given to level one more shall be indicated to the driver status on DMI The ETCS on - board the operational current","[Useful Class, Useful Use Case, Useful Activity]"
603,"The levels for which it is not equipped , ETCS shall initiate a brake application . or one than more ETCS shall initiate a brake application the","[Not Useful Class, Not Useful Use Case, Useful Activity]"
604,"During transition period between two operational states the , required as .","[Not Useful Class, Not Useful Use Case, Not Useful Activity]"
605,In case the transition has to be acknowledged and the driver fails to acknowledge ( including two different .,"[Not Useful Class, Not Useful Use Case, Useful Activity]"
606,If an ETCS equipped train passes a level transition to a line fitted with state be restrictive the national operations ) the supervision provided shall at least ensure the same protection provided by least the on sight the demand shall be indicated on of the .,"[Not Useful Class, Useful Use Case, Useful Activity]"
607,This shall be possible while DMI time the at numeric digits .,"[Not Useful Class, Not Useful Use Case, Not Useful Activity]"
608,"On demand , the position of the front end of the train the 8 train moving from the trackside .","[Not Useful Class, Useful Use Case, Useful Activity]"
609,The ETCS supply trainborne shall indicate on the DMI the equipment power and pantograph or stationary .,"[Not Useful Class, Useful Use Case, Not Useful Activity]"
610,The ETCS on - board shall be capable of receiving information about is information of a acknowledgement the driver shall be able the to the movement,"[Not Useful Class, Useful Use Case, Useful Activity]"
611,After the acknowledgement the continue,"[Not Useful Class, Not Useful Use Case, Useful Activity]"
612,After . brake be required to acknowledge the train trip condition .,"[Not Useful Class, Useful Use Case, Useful Activity]"
613,This acknowledgement will release the emergency train maximum shall able own train identification to the RBC its . train running number shall consist of,"[Useful Class, Useful Use Case, Not Useful Activity]"
614,The transmit shall equipment to be driven backwards for a certain distance defined by national value,"[Not Useful Class, Useful Use Case, Useful Activity]"
615,The ETCS trainborne be regarding pantograph and languages .,"[Not Useful Class, Not Useful Use Case, Not Useful Activity]"
616,It shall be possible different to fixed text messages from track to send support shall used .,"[Not Useful Class, Not Useful Use Case, Not Useful Activity]"
617,The onboard equipment shall display plain text messages as received .,"[Not Useful Class, Useful Use Case, Useful Activity]"
618,The character set train alerted Fixed messages inhibition of the following different types the of : Regenerative brake ; Eddy current brake regarding information send shall be provided in the language selected by the driver,"[Not Useful Class, Useful Use Case, Useful Activity]"
619,It shall be possible to text be shall driver breaker shall be provided separately and circuit in .,"[Not Useful Class, Not Useful Use Case, Not Useful Activity]"
620,The ETCS on - board combinations the of closing power supply .,"[Not Useful Class, Not Useful Use Case, Not Useful Activity]"
621,The information regarding lowering and raising of the pantograph and opening / shall be capable of track to train .,"[Not Useful Class, Useful Use Case, Useful Activity]"
622,"When the plain text message appears on the DMI , the from shall messages plain receiving information regarding air tightness from the trackside .","[Not Useful Class, Useful Use Case, Not Useful Activity]"
623,It shall be possible to send text brake driver stationary authority .,"[Not Useful Class, Useful Use Case, Not Useful Activity]"
624,If supervised by an movement RBC shall be possible to command an it including train this be capable of receiving any track - to - train information intended and relevant for emergency shall stop all stop .,"[Not Useful Class, Useful Use Case, Useful Activity]"
625,It shall be possible train to a conditional emergency stop .,"[Not Useful Class, Useful Use Case, Not Useful Activity]"
626,If command immediate an command trains in a particular area or to a specific train It shall be possible to to the train . protected against inadvertent operation .,"[Not Useful Class, Useful Use Case, Useful Activity]"
627,"When be the passes the stop signal , the train shall control override .","[Not Useful Class, Useful Use Case, Useful Activity]"
628,The driver shall select an override control according to the permission received .,"[Not Useful Class, Useful Use Case, Useful Activity]"
629,The train,"[Not Useful Class, Not Useful Use Case, Not Useful Activity]"
630,The trip shall on the DMI .,"[Not Useful Class, Not Useful Use Case, Not Useful Activity]"
631,The supervised shown speed not be shown on the DMI shall be shall indication be suppressed .,"[Not Useful Class, Not Useful Use Case, Not Useful Activity]"
632,Actual speed shall still be shown on the DMI .,"[Not Useful Class, Not Useful Use Case, Not Useful Activity]"
633,A special function train has already be re - established .,"[Not Useful Class, Not Useful Use Case, Not Useful Activity]"
634,When shall a unit passes a stop - signal traction authority movement the able to override the function when the train is stationary .,"[Not Useful Class, Useful Use Case, Useful Activity]"
635,After overriding this function the be emergency shall be applied until the traction unit shall is .,"[Not Useful Class, Not Useful Use Case, Not Useful Activity]"
636,When the traction unit is stationary brake emergency,"[Not Useful Class, Not Useful Use Case, Not Useful Activity]"
637,The be triggered .,"[Not Useful Class, Not Useful Use Case, Not Useful Activity]"
638,Operation of the train trip shall be indicated on the DMI . brake shall driver,"[Not Useful Class, Useful Use Case, Useful Activity]"
639,The stop ETCS shall command the emergency emergency brake,"[Useful Class, Useful Use Case, Useful Activity]"
640,The emergency stop shall be indicated . an received has passed the location for the emergency stop the command shall be ignored When a train to the driver on not meet the required criteria .,"[Not Useful Class, Useful Use Case, Useful Activity]"
641,Route unsuitability shall be indicated on the DMI . does the it for the DMI .,"[Not Useful Class, Useful Use Case, Not Useful Activity]"
642,It shall be possible to prevent a train from entering a route which value ; shoe performance penalty .,"[Not Useful Class, Useful Use Case, Useful Activity]"
643,"In the event a of Transmission Failure the following reactions , a in result might one operational radio , passing from one RBC to another shall still be possible but shall only be of the emergency brake .","[Useful Class, Useful Use Case, Useful Activity]"
644,The failure command shall shown on the DMI ; Option be immediately shall equipment being applied in accordance with a National Value : Option 1 .,"[Not Useful Class, Useful Use Case, Not Useful Activity]"
645,The ETCS trainborne capable 2 with is be able to automatically pass from shall one area to another without driver intervention RBC train,"[Useful Class, Useful Use Case, Not Useful Activity]"
646,The . extended from the trackside .,"[Not Useful Class, Not Useful Use Case, Not Useful Activity]"
647,Once the train starts reversing the MA shall be cancelled . equipped,"[Not Useful Class, Useful Use Case, Useful Activity]"
648,If train RBC to another ( train spacing one and speed ) .,"[Not Useful Class, Not Useful Use Case, Not Useful Activity]"
649,If the train train from transition a is equipped with two operational there shall be no performance penalty as a result of the .,"[Useful Class, Not Useful Use Case, Not Useful Activity]"
650,The ETCS be displayed on the DMI . shall,"[Not Useful Class, Not Useful Use Case, Not Useful Activity]"
651,In with RBC this restriction on performance ETCS failure a of shall immediately command the brake and bring the train to a stop .,"[Not Useful Class, Useful Use Case, Useful Activity]"
652,"The occurrence shall equipment , possible normally not described .","[Not Useful Class, Not Useful Use Case, Not Useful Activity]"
653,Please refer is to note below for each function - the function a of be transmitted to the RBC .,"[Not Useful Class, Useful Use Case, Not Useful Activity]"
654,Describes terms used in the document .,"[Not Useful Class, Not Useful Use Case, Not Useful Activity]"
655,The title if trainborne ETCS the Option 3 .,"[Not Useful Class, Not Useful Use Case, Not Useful Activity]"
656,The train may ; proceed to the end of its movement unrestricted DMI the on trainborne equipment shall immediately command the full service brake .,"[Not Useful Class, Not Useful Use Case, Useful Activity]"
657,The failure shall be shown authority .,"[Not Useful Class, Not Useful Use Case, Not Useful Activity]"
658,"The indication there are failures of the trainborne equipment which compromise the safety of train supervision ,","[Useful Class, Useful Use Case, Not Useful Activity]"
659,"If be . of on the DMI shall remain , and the driver shall be informed about the loss transmission Magnetic can distance trackside :","[Not Useful Class, Not Useful Use Case, Not Useful Activity]"
660,Train running number ; the STM for use ; train gauge ; ready to board on or when entering the RBC area,"[Useful Class, Useful Use Case, Useful Activity]"
661,"The following train data shall be sent from the Max , . load .","[Not Useful Class, Not Useful Use Case, Not Useful Activity]"
662,train speed ; train length max . shall be possible to revoke a,"[Useful Class, Not Useful Use Case, Not Useful Activity]"
663,It ; category train ; status of air tight system ; type of el .,"[Not Useful Class, Not Useful Use Case, Not Useful Activity]"
664,power accepted ; international axle Movement driver by to the trackside train integrity information sending detected a system outside ETCS,"[Useful Class, Useful Use Case, Not Useful Activity]"
665,The driver by of capable be brake .,"[Not Useful Class, Not Useful Use Case, Not Useful Activity]"
666,Information shall be shown on the DMI The ETCS on - board shall shall the be to on board shall be capable of,"[Not Useful Class, Not Useful Use Case, Not Useful Activity]"
667,The sending data to the trackside after confirmation train . stationary be confirm the train integrity to the RBC manually .,"[Not Useful Class, Useful Use Case, Useful Activity]"
668,The confirmation requires the train to able Authority that has during the procedure .,"[Not Useful Class, Not Useful Use Case, Not Useful Activity]"
669,Reversing shall time be as defined by a value given possible any at closed .,"[Not Useful Class, Not Useful Use Case, Not Useful Activity]"
670,The Reversing function shall only be possible in one active cab which is not with location the,"[Not Useful Class, Useful Use Case, Not Useful Activity]"
671,The,"The sentence ""The"" is incomplete and does not provide any context or information to determine its usefulness for Class Diagram, Use Case Diagram, or Activity Diagram. 

Output: [Not Useful Class, Not Useful Use Case, Not Useful Activity]"
672,Reversing shall be supervised to a . distance speed set as National Values,"[Not Useful Class, Not Useful Use Case, Not Useful Activity]"
673,The and data train the driver shall be able to use the Reversing function without needing to re - confirm MA target old the - operative revocation of the MA co shall possible to a new target location be,"[Not Useful Class, Useful Use Case, Useful Activity]"
674,"The . train already been issued to a train in a co - operative way between RBC and , proposed from RBC not stop at the proposed new target location it shall reject the request and keep can supervised train","[Not Useful Class, Not Useful Use Case, Useful Activity]"
675,If .,"It seems like your input is incomplete. Could you please provide a complete sentence so I can assess whether it is useful for creating Class Diagram, Use Case Diagram, or Activity Diagram?"
676,The new target location shall be checked for acceptance by the on board . a document national by location of the entire train . the,"[Not Useful Class, Useful Use Case, Useful Activity]"
677,"On fitted with RBC , the ETCS lines determine to able allowing a different release speed for every signal .","[Not Useful Class, Useful Use Case, Useful Activity]"
678,The ETCS trainborne equipment shall be trainborne of equipment be into account error of odometry . take,"[Useful Class, Not Useful Use Case, Not Useful Activity]"
679,Actual shall be indicated on the DMI speed shall calculation location able to transmit the location of the entire train to the RBC .,"[Not Useful Class, Useful Use Case, Useful Activity]"
680,The train shall,"[Not Useful Class, Not Useful Use Case, Not Useful Activity]"
681,"There possibility have the time for "" route releasing e.g. "" the overlap , the release speed of ( time certain will stop before reaching the danger point","[Not Useful Class, Useful Use Case, Useful Activity]"
682,When the train is stationary or after a calculation the shall based change shall be defined for each this target infrastructure data .,"[Not Useful Class, Not Useful Use Case, Not Useful Activity]"
683,Each railway shall as for condition,"[Not Useful Class, Not Useful Use Case, Not Useful Activity]"
684,The on the distance to the danger point ( if calculated on - board ) . be shall be no ETCS shall be given to enable from the to react and avoid intervention . driver intervention possible about a way that is understandable and logical .,"[Not Useful Class, Not Useful Use Case, Not Useful Activity]"
685,Visual and acoustic warnings to the driver,"[Not Useful Class, Useful Use Case, Not Useful Activity]"
686,The in driver have trackside .,"[Useful Class, Not Useful Use Case, Not Useful Activity]"
687,"A train shall be the supervised its static and dynamic train speed to from sent texts the possibility to select the language , this does not concern non pre - defined shall driver the to limits , function 4.3.7 The indication speed provided enable the driver to drive at shall and authorities movement discrepancy between the speed shown to the driver and the speed used for supervision of the permitted speed without defining the indicated braking curve and the permitted speed allowed .","[Not Useful Class, Useful Use Case, Useful Activity]"
688,This shall be shown point train next to receiving a warning and without intervention of ETCS .,"[Not Useful Class, Not Useful Use Case, Useful Activity]"
689,"The driver shall know the distance the profiles the ensure braking curve Based on all relevant service data the ETCS shall calculate an emergency , a and curve data .","[Not Useful Class, Useful Use Case, Not Useful Activity]"
690,"Based on all relevant data , the ETCS shall calculate an emergency braking braking train curve a the dynamic train speed profile . respect","[Useful Class, Useful Use Case, Not Useful Activity]"
691,"When to a higher speed level the changing shall train the service braking curve When changing to a lower speed level , the front end of and rear and infrastructure permitted speed for the train for the all of the authorised movement .","[Not Useful Class, Not Useful Use Case, Not Useful Activity]"
692,This locations calculate shall,"[Not Useful Class, Not Useful Use Case, Not Useful Activity]"
693,ETCS section is clear ETCS shall collect all relevant information concerning train and line speed . static data train profile,"[Useful Class, Useful Use Case, Not Useful Activity]"
694,"The ETCS trainborne equipment calculates the . static speed profile on the basis of train trains of classes shall also respect maximum line speed and track speed and special speed levels for special speed end of the performance of the train , etc deceleration . given from the trackside .","[Useful Class, Useful Use Case, Not Useful Activity]"
695,"The or ; odometry of be calculated on board , based on either : safety distance and overlap ; accuracy release shall speed from on the DMI .","[Not Useful Class, Not Useful Use Case, Not Useful Activity]"
696,If the indicated release is calculated on board it shall speed be shall speed the trackside shall take priority over the release speed calculated on board .,"[Not Useful Class, Not Useful Use Case, Not Useful Activity]"
697,The release given speed release,"[Not Useful Class, Not Useful Use Case, Not Useful Activity]"
698,The tunnels ) where speed increase is e.g. related the front of the train . to ( locations certain train shall respect the static train speed profile .,"[Useful Class, Useful Use Case, Not Useful Activity]"
699,It shall be possible to define,"[Not Useful Class, Not Useful Use Case, Not Useful Activity]"
700,The braking curves shall detected the emergency brake shall stop the train in rear of the danger point . is that brake full ensure that the train complies with its speed requirements .,"[Useful Class, Useful Use Case, Useful Activity]"
701,Where failure to apply the service a . the transition to shunting ; train supervision of data information received from national train control and confirmation ’s driver information shall be recorded : any transition of Level and of operational status ; the systems following ; speed override control ; override of the the route function ; isolation of on board suitability of selection ; ; full service brake intervention ; emergency brake intervention ; applying the train trip function actual ETCS,"[Useful Class, Useful Use Case, Useful Activity]"
702,The week period for the recorded data will retention be and two levels are foreseen : different,"[Useful Class, Not Useful Use Case, Not Useful Activity]"
703,The investigation for been driven .,"[Not Useful Class, Not Useful Use Case, Not Useful Activity]"
704,"Standardised output interfaces shall enable transmission of information recorded to other media Data . to investigation data to enable assessment of driver Operational performance be stored for at least one shall ; detailed very of accidents need only be stored for at least 24 hours , and shall be enable equipmen ; data shall be suppressed on the tandem 4.6.12 traction .","[Useful Class, Not Useful Use Case, Not Useful Activity]"
705,The driver shall enter the unit function trip train traction units without isolating the ETCS trainborne equipment on the tandem traction unit .,"[Not Useful Class, Useful Use Case, Not Useful Activity]"
706,The driver tandem ID shall received from trackside,"[Useful Class, Not Useful Use Case, Not Useful Activity]"
707,"The train speed information shall at or below a speed specified be to according ) be possible to drive the train backwards in a supervised way ( speed and distance It use to possible isolating the ETCS trainborne equipment on without traction ) with an in - operative unit(s units traction multiple entered , recieved or indicated to the driver .","[Not Useful Class, Useful Use Case, Useful Activity]"
708,It shall be possible to use cab .,"[Not Useful Class, Useful Use Case, Not Useful Activity]"
709,Information received be suppressed in traction unit(s ) with in - operative cabs .,"[Not Useful Class, Not Useful Use Case, Not Useful Activity]"
710,It shall be shall has 4.6.12 trip shall not influence the traction unit(s ) with in - operative cabs .,"[Not Useful Class, Not Useful Use Case, Not Useful Activity]"
711,The train function,"[Not Useful Class, Not Useful Use Case, Not Useful Activity]"
712,Within unit the,"[Not Useful Class, Not Useful Use Case, Not Useful Activity]"
713,"If decided by a national value . , driver may release the ETCS emergency the stationary when application to release the brake","[Not Useful Class, Useful Use Case, Useful Activity]"
714,The driver shall be able to release an ETCS emergency brake brake able when actual the trainborne equipment shall monitor the movements direction movement in relation to the permitted of reverse unwanted and speed is below the permitted speed .,"[Not Useful Class, Useful Use Case, Useful Activity]"
715,To protect a traction unit from roll away the direction be driver intervention from ETCS equipment at least avoid 5 .,"[Not Useful Class, Not Useful Use Case, Not Useful Activity]"
716,before the intervention .,"[Not Useful Class, Not Useful Use Case, Not Useful Activity]"
717,"If sec and react to braking curve area , a warning shall be given to the driver to enable him the shall train the brake intervention until the actual speed a does exceed permitted speed ; then the not execute shall equipment shunting movement exceeds the permitted ceiling speed by a certain harmonised margin , the trainborne or .","[Not Useful Class, Useful Use Case, Useful Activity]"
718,The trainborne,"The sentence ""The trainborne"" is incomplete and lacks context, so it does not provide sufficient information to support any of the diagrams.  

[Not Useful Class, Not Useful Use Case, Not Useful Activity]"
719,"All data entered , received or . indicated the driver shall be recorded onboard to unit traction leading using more than one traction unit this function shall be disabled in all but the . When","[Useful Class, Useful Use Case, Useful Activity]"
720,All shall an accuracy which enables a clear to view the functioning of ETCS and way of recorded be shall be related to UTC ( Universal Time Corrected ) and a reference point .,"[Useful Class, Not Useful Use Case, Not Useful Activity]"
721,Information data initiated was protection the train .,"[Not Useful Class, Not Useful Use Case, Not Useful Activity]"
722,"The roll away by / movement intervention shall be indicated on reverse travelled is , equipment shall apply the emergency brake after a distance , defined by a national value the DMI .","[Not Useful Class, Useful Use Case, Useful Activity]"
723,When .,"[Not Useful Class, Not Useful Use Case, Not Useful Activity]"
724,"After releasing the emergency brake ETCS will provide the supervision appertaining when roll away brake traction emergency release the traction unit has come to a standstill , the driver shall be able to the","[Not Useful Class, Useful Use Case, Useful Activity]"
725,This . the error / warning message after the user attempts to save data without associating one of standard each a shall Information section at the time of creating / adding a new user .,"[Not Useful Class, Useful Use Case, Useful Activity]"
726,The system generate of the following introduced functionality new in capabilities compliance HIPAA follow shall system,"[Not Useful Class, Not Useful Use Case, Not Useful Activity]"
727,The . capabilities compliance HIPAA to the system . criteria — xxx — and/or without filling User in required fields in the User Information section the the in — user chooses to click the close button without entering any data .,"[Not Useful Class, Useful Use Case, Useful Activity]"
728,The user must the if Page xxx of creating / adding a new user associate . system shall direct the user to the,"[Not Useful Class, Useful Use Case, Useful Activity]"
729,The existing at one .,"[Not Useful Class, Not Useful Use Case, Not Useful Activity]"
730,"The user must fill in the required fields — User Name and Display Name user new a adding role , division , designator code , least and location at the time of creating / lab midst retain system system","[Useful Class, Useful Use Case, Not Useful Activity]"
731,"The . pages help the of each on screen the of side right , must top exhibit of system","[Not Useful Class, Not Useful Use Case, Not Useful Activity]"
732,The . specified as background and scheme color same the using pages help the each the in logo in provided link hypertext corresponding a selecting by topics help the of each through navigate the left frame of ] name company [ the display shall shall system . window Help up - pop the,"[Not Useful Class, Not Useful Use Case, Not Useful Activity]"
733,The provide searching ability [ with associated terms related - industry for Glossary a provide shall system,"[Useful Class, Useful Use Case, Not Useful Activity]"
734,The . company name ] and,"[Not Useful Class, Not Useful Use Case, Not Useful Activity]"
735,The . tool help online the through tool users to system ] name system [ the the shall help the . tool help online the through material topic specific find quickly to users the to,"[Not Useful Class, Useful Use Case, Not Useful Activity]"
736,The system shall provide through contents topic of search depth - online in a for users the to index an more easily the button to the database with specified roles associated with divisions for the newly created / added info user user save while creating / adding a new user from a user template .,"[Useful Class, Useful Use Case, Not Useful Activity]"
737,The system shall the .,"[Not Useful Class, Not Useful Use Case, Not Useful Activity]"
738,The system tables to find the user and verify the user ’s existence .,"[Not Useful Class, Useful Use Case, Useful Activity]"
739,The system shall user the in columns shall perform a search on the [ manually system ] user display name and user name name roles additional add xxx tab as the default tab .,"[Not Useful Class, Useful Use Case, Not Useful Activity]"
740,The user shall be able to create / the display shall system an error message if the new user add is active in the Active Directory .,"[Not Useful Class, Useful Use Case, Not Useful Activity]"
741,The not perform a user the user record is created from the user template The user shall be able to when template the in manually or from a template .,"[Useful Class, Useful Use Case, Not Useful Activity]"
742,The new user shall inherit all specified role(s ) settings record in a in must be marked with a red asterisk alerting the user to fill the required fields UIS in the specified although the xxx Tab shall display as the default tab .,"[Useful Class, Useful Use Case, Not Useful Activity]"
743,All required fields as in .,"[Not Useful Class, Useful Use Case, Not Useful Activity]"
744,The user .,"[Not Useful Class, Not Useful Use Case, Not Useful Activity]"
745,"The system shall clear up data if the user chooses to click the Cancel process the abort to shall be able to save data after , creating adding a new user or cancel data / process adding the user attempts to create / add a new user in the [ system name ] the when — company the Active Directory to verify the status system of user — Active / Inactive within the the search . system is clicked .","[Not Useful Class, Useful Use Case, Useful Activity]"
746,The user must have the flexibility to click any tab to commence button close or cancel shall generate a standard confirmation message after,"[Not Useful Class, Useful Use Case, Useful Activity]"
747,The saving and warning / caution messages after the data display to allow . requirement another implement to modified be must code source that if only file log,"[Not Useful Class, Not Useful Use Case, Useful Activity]"
748,"The external system log the to directed is user the when file data external the to message error an shall the use to to messages informational and , warnings , errors log shall system","[Useful Class, Useful Use Case, Not Useful Activity]"
749,The . modified be an external log file code source existing adjust to required be [ shall Development,"[Not Useful Class, Not Useful Use Case, Not Useful Activity]"
750,The . server application the on Team SYSTEM NAME ] source open established utilize shall Team Development,"[Not Useful Class, Not Useful Use Case, Not Useful Activity]"
751,The . Platform 3.5 .NET supported the on frameworks instead of proprietary single a use and upon depend to and continue system,"[Not Useful Class, Not Useful Use Case, Not Useful Activity]"
752,The . appropriate wherever components custom shall must language the email Services Client a to email notification a send shall system,"[Not Useful Class, Useful Use Case, Useful Activity]"
753,The . page error distribution list if the using functionalities develop shall Team Development,"[Not Useful Class, Not Useful Use Case, Not Useful Activity]"
754,The xx . error xxx the to directed is user page SQL code that between Tuesdays on only environment production the to updates schedule shall Team Project,"[Not Useful Class, Not Useful Use Case, Not Useful Activity]"
755,The . 7 adjustments pm 7 against testing appropriate and applicable perform must Team Project,"[Not Useful Class, Not Useful Use Case, Not Useful Activity]"
756,The ) Example,It seems like your input sentence is incomplete or unclear. Could you please provide the full sentence or clarify your query?
757,( . am and those permits schedule process development the in early stakeholders project to changes UI of mockups demonstrate must Team .,"[Not Useful Class, Useful Use Case, Useful Activity]"
758,The Project Team project when stakeholders project by functionality new new of user the to adjustment reasonable permit must interfaces functionality prior to standards those follow and application the for standards coding define shall Team Development,"[Not Useful Class, Useful Use Case, Not Useful Activity]"
759,The . consistently .,"[Not Useful Class, Not Useful Use Case, Not Useful Activity]"
760,The Development if only standards coding accepted follow to environment code existing adjust to required be shall Team source source production to allow must Team project,"[Not Useful Class, Not Useful Use Case, Not Useful Activity]"
761,The . environment production the to build / functionality that releasing a reasonable time to product the deploying to prior functionalities built the the ) UAT ( Testing Acceptance User conduct against users Server database user the to assistance provide to screens user the of each on corner right top . the,"[Not Useful Class, Not Useful Use Case, Not Useful Activity]"
762,Each the within available is that content same that contain will windows up - pop topic Help of at ” Help [ online the create to used be will 8 version,"[Not Useful Class, Not Useful Use Case, Not Useful Activity]"
763,RoboHelp . builds scheduled all system name ] Help “ labeled link hypertext a display will the system name system [,"[Not Useful Class, Not Useful Use Case, Not Useful Activity]"
764,The . links hypertext ] [ system name Started Getting the under located page ” Overview ] name system [ “ display shall section of Help as must system,
765,The . link hypertext Help system selecting load will that page topic help default upon against,"[Not Useful Class, Not Useful Use Case, Not Useful Activity]"
766,The link pop a open to capability the provide shall system,"[Not Useful Class, Not Useful Use Case, Not Useful Activity]"
767,The . manuals ’s user ] - up window displaying Help each selecting upon topics help supporting . to with along page specific the about information links 2008 testing perform every label shall Team Development,"[Not Useful Class, Not Useful Use Case, Not Useful Activity]"
768,The . environment Staging the to updates system these deploy scheduled and [ NAME [ scheduled perform shall Team Development,"[Not Useful Class, Not Useful Use Case, Not Useful Activity]"
769,The . system control source the in build ] SYSTEM system ] NAME ] NAME SYSTEM [ any before signoff provide shall Lead / Owner Technical,"[Not Useful Class, Not Useful Use Case, Not Useful Activity]"
770,The . build can be deployed SYSTEM [ the of integrations weekly perform SYSTEM shall Development,"[Not Useful Class, Not Useful Use Case, Not Useful Activity]"
771,The . environment production the to Team NAME ] builds reviews code perform shall Lead Technical,"[Not Useful Class, Not Useful Use Case, Not Useful Activity]"
772,The . environment Staging the to deployed build ] of every system change must Team QC / QA,"[Not Useful Class, Useful Use Case, Not Useful Activity]"
773,The . NAME control to committed be may changes those before source regression SYSTEM each . specified and defined as label . using control source of out checked code using,"[Useful Class, Not Useful Use Case, Not Useful Activity]"
774,The Development Team shall after Team Project all to mail - [ e notes release out send then and develop via shall system,"[Not Useful Class, Not Useful Use Case, Not Useful Activity]"
775,The new [ system name ] system would be documented in this FRS .,"[Not Useful Class, Not Useful Use Case, Not Useful Activity]"
776,Any undocumented requirements will be considered out of the for functionalities,"[Not Useful Class, Not Useful Use Case, Not Useful Activity]"
777,"All that will occur during [ system name ] Re - scope Writing , which is part of the xxx Enhancements project . effort and will not is limited in scope to the enhancements and defects that project are in the severity level that is the issues that cause critical functionality","[Not Useful Class, Useful Use Case, Useful Activity]"
778,This same be implemented during this phase of Re - Writing . .,"[Not Useful Class, Not Useful Use Case, Not Useful Activity]"
779,The functionalities in the core [ system name ] will remain existing in changes the to improve the performance .,"[Not Useful Class, Useful Use Case, Not Useful Activity]"
780,"In general , this project ) will a stable environment , automate decisions , streamline workflows , provide and LIS System Project","[Not Useful Class, Useful Use Case, Useful Activity]"
781,The management of [ company name ] . has ( identified potential need for re - writing its core Laboratory Information a great employ standard confidentiality requirements as dictated by HIPAA and FDA regulatory standards and . Functional Requirements Specification ( FRS ) is intended to capture,"[Not Useful Class, Useful Use Case, Not Useful Activity]"
782,This industry security maintenance coding and documentation practices .,"[Not Useful Class, Not Useful Use Case, Not Useful Activity]"
783,This effort will ensure System including Integrity Reliability by developing a system that is reliable and low / burden,"[Not Useful Class, Useful Use Case, Not Useful Activity]"
784,The the able to choose a function by clicking the hyperlink . be,"[Not Useful Class, Useful Use Case, Not Useful Activity]"
785,The shall display the desired operational page for the user clicking system the shall,"[Not Useful Class, Useful Use Case, Not Useful Activity]"
786,The desired functions as specified in the related UIS .,"[Not Useful Class, Useful Use Case, Not Useful Activity]"
787,The User User be able to view the hyperlinks and descriptions listed . shall the hyperlink,"[Not Useful Class, Useful Use Case, Not Useful Activity]"
788,A,"It seems like your input ""A"" is incomplete. Could you provide a full sentence or clarification so I can assess whether it is useful for a Class Diagram, Use Case Diagram, or Activity Diagram?"
789,"The system shall display an error message if the new . user found in the [ system name ] system . to is . system in user with admin privileges shall be able to Add / the Create new user and associate the user with specified role(s ) a perform after user , will fall under the purview of this project scope business . functional issues and requirements that will be discussed and gathered","[Not Useful Class, Useful Use Case, Not Useful Activity]"
790,"The respectively ] company system to and the enhancements in system architecture , which name will efficient growth of [ system name ] and the [ facilitate as users as team has decided that system development will occur on module project by basis .","[Useful Class, Useful Use Case, Not Useful Activity]"
791,System shall display the hyperlinks and descriptions well module,"[Not Useful Class, Useful Use Case, Not Useful Activity]"
792,"The for forward validated the in the Requirements Gathering . Validating Sessions started on and / MM FRS this in moving be YYYYwould / DD documented advantages of the OBA approach are , that it To To target resources to address selected health problems , ; allows major government . target private sector ( medical doctors , qualified nurses and","[Not Useful Class, Not Useful Use Case, Not Useful Activity]"
793,"The midwives , hospitals , NGOs , and faith - based organisations ) the in of in South Korea and Taiwan .","[Useful Class, Not Useful Use Case, Not Useful Activity]"
794,In recent years also seventies a was run in Nicaragua but the OBA has not the programme provision / the services to specific parts of the population and ; To sixties stimulate market initiative and competition .,"[Not Useful Class, Not Useful Use Case, Not Useful Activity]"
795,The approach was successfully applied private in and service on the quality of this system .,"[Not Useful Class, Not Useful Use Case, Not Useful Activity]"
796,"Past experiences with confidence development showed , that financing inputs , e.g. facilities and equipment aid , have team been will help them to test every module in the will system overall testing of the system , so that the testing and providers does result pre - defined inputs by selling vouchers for STD services than at prices to patients .","[Not Useful Class, Useful Use Case, Useful Activity]"
797,These vouchers will be refunded to subsidised not rather predefined in the necessary improvement of health outcomes .,"[Not Useful Class, Not Useful Use Case, Not Useful Activity]"
798,"Thus as quality a of paradigm , the OBA concept finances agreed outputs with change implemented programme larger pilot phase private , NGO , FBO providers ) throughout the Mbarara ; The VMU runs a marketing and behavioural change campaign District ( during providers is prepared , implemented and managed by the Voucher Management ( Unit VMU ) ;","[Useful Class, Useful Use Case, Useful Activity]"
799,The VMU establishes a network of approved ( programme BCC to the STD vouchers to the sexually active population for which distribute the - mentioned providers are in reach .,"[Not Useful Class, Useful Use Case, Useful Activity]"
800,"Distribution follows certain above ) to the market and inform about the voucher services and how to purpose use ; The VMU establishes and runs a distribution system with them in The are system , ; By qualified , approved providers , ; voucher For pilot phase of 1 year .","[Not Useful Class, Useful Use Case, Useful Activity]"
801,The principles of the a voucher a ; scale programs .,"[Not Useful Class, Not Useful Use Case, Not Useful Activity]"
802,"Quality health care services for STD treatment Through , For the sexually active population of the Mbarara district , ; : , contents measures for monitoring the quality have been defined in the the PDS","[Not Useful Class, Useful Use Case, Not Useful Activity]"
803,"The main structures and processes in the STD voucher Cases . the as as of the health care services , their required quality , well the to be met by the providers and their infrastructure , standards Test the prepare database will have sequential links with surrogate keys .","[Useful Class, Not Useful Use Case, Not Useful Activity]"
804,The database storage will be highly efficient to manage and avoid empty the of design structural be easily trainable for the user with minimum computer skill unused with user step by step manual ; Storage efficiency :,"[Not Useful Class, Not Useful Use Case, Not Useful Activity]"
805,"The simple spaced blocked , requirements remain same ; Security : High intrusion controls will program be place in the system and the database .","[Not Useful Class, Useful Use Case, Not Useful Activity]"
806,"Access level in will the , properly defragmenter on a periodic basis .","[Not Useful Class, Not Useful Use Case, Not Useful Activity]"
807,This efficiency will if have maximum provision to expand this program beyond the pilot period a system,"[Not Useful Class, Not Useful Use Case, Not Useful Activity]"
808,The . ; System design : The system will be user friendly 9 with master table structure with all transaction screens to have drop maximum down reports be Development :,"[Not Useful Class, Not Useful Use Case, Not Useful Activity]"
809,The system will be developed on Oracle 9i crystal platform end will be VB ( visual basic ),"[Not Useful Class, Not Useful Use Case, Not Useful Activity]"
810,Reports will Front controls selection to to have drop down .,"[Not Useful Class, Useful Use Case, Not Useful Activity]"
811,Minimize the use of key cost board any number entry to have a faster transaction data entry for menus medicine selection minimize data entry errors .,"[Not Useful Class, Useful Use Case, Useful Activity]"
812,"The main data entry screen to on entry to have drop drown menu from patient ’s profile claims , various organizational Flow Diagram designed by Microcare .","[Useful Class, Useful Use Case, Not Useful Activity]"
813,"The document will explain Functional every entity of the system including various code generations , Bar small - the based various meetings held between MSIU and Microcare from 28th of on Nov to 30th of Nov 2005 .","[Not Useful Class, Not Useful Use Case, Not Useful Activity]"
814,This document is purely 2005 during coding Graphical to design the system that will meet every requirement of and the program .,"[Not Useful Class, Not Useful Use Case, Not Useful Activity]"
815,This document will help the testing team to VMU and VMU entity User Interface etc .,"[Not Useful Class, Not Useful Use Case, Not Useful Activity]"
816,This document will help the system in development to understand the overall and detailed functions of every small team the ) ( reader to interface all transaction details .,"[Not Useful Class, Useful Use Case, Not Useful Activity]"
817,"E.g. voucher number code verifications claim form entry and selection No of voucher usage by , the - the level setting by including granular model setting ; External Hardware bar interface ; Bar - code – the system will interface with : MSIU clients Bio document is to explain the flow and the requirement of this Voucher System ( VMU ) required by Marie Stopes International Uganda Management ; of","[Useful Class, Useful Use Case, Useful Activity]"
818,"The - metrics – the system will interface with the thumb purpose - reader for verifying claims form used by the clients . print user mark ( various analytical , medical , financial and statistical reports . provide","[Useful Class, Useful Use Case, Not Useful Activity]"
819,Such can be designed later .,"[Not Useful Class, Not Useful Use Case, Not Useful Activity]"
820,The security setting of the reports entire to the half yearly reports giving the time trends of the abovementioned provision indicators each provider and all providers combined .,"[Useful Class, Not Useful Use Case, Not Useful Activity]"
821,The system has for system is based ; Group Name .,"[Not Useful Class, Not Useful Use Case, Not Useful Activity]"
822,The above is the masters part Code information below are the transaction part information .,"[Not Useful Class, Not Useful Use Case, Not Useful Activity]"
823,Screen Name ; and Group Information following on User Group .,"[Useful Class, Not Useful Use Case, Not Useful Activity]"
824,The roles available in the system are allocated to user group .,"[Useful Class, Useful Use Case, Not Useful Activity]"
825,"The user group creation would capture the and New Quarterly behaviour ; Quarterly summary reports per provider and summarising all providers providers ; of syndromes treated , additional information on patient population ( Frequencies sex all , Monthly after claim collection on claims , where payment shall summarising be until clarification ; Report on claims per provider ; Report withheld , age ) with justified treatment alterations and treatment errors ; Summary report cases comparing different providers regarding syndromes treated , documentation quality and treatment the , algorithms to ; Frequencies of primary clients and notified partners ; Number of correctly documented cases , cases with incorrect documentation , cases treated according ; – Allowed / User Group and Individual User with existing names . used a feature return Sales","[Useful Class, Useful Use Case, Not Useful Activity]"
826,Voucher . matrix treatment on based only Amount is Claim create user should save the user information only if the Password and to Verify values are equal ; The system should not allow the password calculate should System thump the get should staff VSP The ; form claim impression manual from system the into exactly information the enter should user the from the patient ; complete is information mandatory the if only claims accept only System ; form claim the on slip voucher the stick should and system The entry mandatory / Not Allowed .,"Not Useful Class, Useful Use Case, Useful Activity"
827,Allow above information are mandatory while Allowed creating new User Group .,"[Not Useful Class, Useful Use Case, Not Useful Activity]"
828,The system admin only can able a – Print ; Not Allowed ; Edit – Allowed / Not Allowed ; Delete – Allowed / Not Allowed ; View – Allowed / Not Allowed to ; create Groups ; Group Name ( Selecting from User Group ) ; information User ; Password ; Verify Password .,"[Useful Class, Useful Use Case, Not Useful Activity]"
829,All the above are Name following the have ; The system should have the provision to create any number of individual user under any user group ; Each Individual User should User reservation without paid system will check weather the returned voucher was sold to the this Distributor or not .,"Here is the classification for the provided sentence:

""The system should have the provision to create any number of individual user under any user group ; Each Individual User should User reservation without paid system will check weather the returned voucher was sold to the this Distributor or not.""

Classification:  
[Useful Class, Useful Use Case, Not Useful Activity]"
830,If not the system wo n’t particular accept details return Sales Return Date – System date is default and it vouchers should less than or equal to system date .,"[Not Useful Class, Useful Use Case, Useful Activity]"
831,While entering be those vouchers as the following details Voucher No ; Client Details ; Details capture of treated ; Lab Test ; Drugs Details ; Success of syndromes should form back return .,"[Useful Class, Useful Use Case, Not Useful Activity]"
832,MSIU team collects the client feed back from the clients who got treatment through the voucher system .,"[Useful Class, Useful Use Case, Useful Activity]"
833,The Client Feed ; Master Man Sales,"[Not Useful Class, Not Useful Use Case, Not Useful Activity]"
834,Distributor Name ; Sales Man Name ; Sales Return Date . ; Return Amount ( No of voucher returned x whole sale Sales transaction return sales distributor is planning to return the vouchers back to the MSIU sales team .,"[Useful Class, Useful Use Case, Not Useful Activity]"
835,The system will capture the following information during the rate Treatment ) Number are mandatory during the sales return Distributor Name - will information list Distributor Master ; Sales Man Name - will list from from above,"[Useful Class, Useful Use Case, Not Useful Activity]"
836,All . of vouchers Returned .,"[Not Useful Class, Not Useful Use Case, Not Useful Activity]"
837,The above details are the master part and following are captured as transaction part Batch No ; Voucher No ; The ; To system based on Voucher No ) ; Partner Treated ( the Treatment Automatically populate from the system based on Voucher No ) ( . from Automatically No ) ; Success of Treatment ( Automatically populate from populate the based on Voucher No ) ; Referral To Treatment ( system,"[Useful Class, Not Useful Use Case, Not Useful Activity]"
838,"The user should Document named “ Programme Design Study ” the following reports Project are ; Monthly after claim collection on clean claims to be required MSIU the per enter correct Voucher No ; The user will not alter any information about treatment , which is populating from the system .","[Useful Class, Useful Use Case, Not Useful Activity]"
839,As Voucher on based system of ensuring privacy – Enter by the user ; Partner Satisfaction Treated,"[Not Useful Class, Not Useful Use Case, Not Useful Activity]"
840,Based on the Voucher No the system will populate the . ; user the Treatment ; Satisfaction of Treatment ( Not at all / Moderate / Good / Completely ) ; Satisfaction of counseling - Enter by following Referral details Details Lab Test Details ( Automatically populate from the system based ; on No ) ; Drugs Details ( Automatically populate from the Voucher ) No Voucher ( Address as per Claim Form will populate automatically ) ; Details of syndromes treated ( Automatically populate from the system based on Client rules ; for - Status Patient ; SRS with attached are details capturing ( HIV format The – any if Details HIV ; required is for anything Select list to provision the have will system the then Referral is from status suppose ) Master Status Patient from populating options status of the if patient the ; Mandatory Not No,"[Useful Class, Useful Use Case, Useful Activity]"
841,Contact ; Screen Entry Claim the Doctor to and details new the enter to screen master its to back Name ( select about note the enter to doctor the for Space – Note Doctors ; ) Master Staff VSP from populating doctors of list from capture quickly Referred and it precede to able can and area quarantine in stored further be claim the then ” Accepted “ not is status of will value from status ” Quarantine or Rejection “ is status claim the if its suppose the capture to provision a have should system,"[Useful Class, Useful Use Case, Useful Activity]"
842,"The . reason the if , claim the of Status – Status","[Not Useful Class, Not Useful Use Case, Not Useful Activity]"
843,"Claim ; master Referral is from be should Referral for reason the , Referral for Reason populated depends information available change will status claims the then , Claim in available is information mandatory any or data FALSE any if , Claim the in To navigate to provision Bar from captured be should This ( No Voucher ; Code ) Form the choosing while automatically populate should This ( Name No VSP reader on based reader Code Bar from captured be should This ( based Count ; ) Form Claim the on Stick Slip Voucher the Visit ; ) No system The ( No Claim ; ) claim in entered will yet are all which details receipt Claim from","[Useful Class, Useful Use Case, Useful Activity]"
844,"No Form List not automatically generate the Form the choosing while automatically populate should This ( Date Submitted ; ) digit 8 + Suffix as Code Hospital with number Claim on the Voucher Slip Road / Street than other ) Town / Village , all County Sub , County , District - Sub , District , - other details would the have should system the then , record Master in exist not are details any if , records master its the from list Road ; / ( Voucher the on based reader Code Bar from captured be Slip should ( Type","[Useful Class, Useful Use Case, Useful Activity]"
845,Patient ; ) Form Claim the on Stick This Stick on the Address ; ) Female / Male options of list the from Select ( Gender ; Age ; Name Patient ; ) Form Claim Street Claim Amount – ; Code Exam ; Master Examination,"[Useful Class, Not Useful Use Case, Not Useful Activity]"
846,Clinical . Description Syndrome Exam ; Syndrome ; Master,"[Useful Class, Not Useful Use Case, Not Useful Activity]"
847,Syndrome . Price Retail ; Name Drug Code ; Description,"[Useful Class, Not Useful Use Case, Not Useful Activity]"
848,Diagnosis ; Master Measure,"[Not Useful Class, Not Useful Use Case, Not Useful Activity]"
849,Other . Name Test ; Code Test . ; Test,"[Not Useful Class, Not Useful Use Case, Not Useful Activity]"
850,Lab . Description Diagnosis ; Code Diagnosis ; Master Master Code Drug ; following with Master,"[Useful Class, Not Useful Use Case, Not Useful Activity]"
851,Generic . required if Claim the amend information / can user authorized,"[Not Useful Class, Useful Use Case, Not Useful Activity]"
852,The . VSP the Activate - In alter ; Code ; Name Generic ; ) provision VSP all for price drug standard a be ) can ( will there ( Master,"[Not Useful Class, Not Useful Use Case, Not Useful Activity]"
853,Drugs . Name Measure Code ; Measure First ;,"[Useful Class, Not Useful Use Case, Not Useful Activity]"
854,Syndrome . measures other Visit First ; Drugs follow Visit ; Test Lab ; Diagnosis Visit First ; Examinations Clinical First up Diagnosis ; Patter MSI follow should VSP,"[Not Useful Class, Not Useful Use Case, Not Useful Activity]"
855,The . Drugs up follow Second ; Diagnosis up follow Second ;,"[Not Useful Class, Not Useful Use Case, Not Useful Activity]"
856,Syndrome . Drugs up follow First Visit should First Syndrome . Description Status ; Code Status ; Master Status,"[Useful Class, Not Useful Use Case, Not Useful Activity]"
857,Claim,"To determine whether the word ""Claim"" is useful for creating a Class Diagram, Use Case Diagram, or Activity Diagram, we need more context or a complete sentence. However, based on the term alone:

[Useful Class, Useful Use Case, Not Useful Activity]  

Explanation:  
- ""Claim"" could represent an entity or object, making it relevant for a Class Diagram.  
- It could also describe a functional requirement or interaction, making it relevant for a Use Case Diagram.  
- Without specific context, it is not directly useful for an Activity Diagram."
858,Referral . Status ; Code Status ; Master Status,"[Useful Class, Not Useful Use Case, Not Useful Activity]"
859,Patient . Description Description Reason Master ; ; Matrix Treatment,"[Useful Class, Not Useful Use Case, Not Useful Activity]"
860,MSIU . Description Reason ; Code Reason ; Master Reason Rejection / Quarantine,"[Useful Class, Not Useful Use Case, Not Useful Activity]"
861,Claim . Description Reason ; Code Reason ; treatment system time ) terms Payment VSP from ( Fee up Follow First + capture Amount Claim up follow first for is Claim,"[Not Useful Class, Not Useful Use Case, Not Useful Activity]"
862,If . will ) ( of Second capture will Amount Claim up follow second for is Qty Claim . ) Master Drugs from ( Price Retails * drugs,"[Useful Class, Not Useful Use Case, Not Useful Activity]"
863,If Master Drugs from Visit First capture will Amount Claim Claim visit First a Consultation is,"[Not Useful Class, Not Useful Use Case, Not Useful Activity]"
864,If . below explained is amount claim of calculation The it Fee ( from ( Price Retails * drugs of Qty ( + ) terms Payment VSP from ( Amount test Lab + ) terms Payment VSP Follow up Fee (,"[Useful Class, Not Useful Use Case, Not Useful Activity]"
865,"If . it on count a make automatically would system the the same on ) Partner / Client ( patient same the voucher claim from same same the and message warning a produce automatically should system the then , mismatching Impression Thump of times two than more having VSP for the mismatching impression captures system","[Useful Class, Useful Use Case, Useful Activity]"
866,The . ) Master Drugs from ( Price the Retails drugs of Qty ( + ) terms Payment VSP from * thump impression available thump the,"[Not Useful Class, Not Useful Use Case, Not Useful Activity]"
867,"If . available if visits previous numbers voucher same the with it compare to needs and , form claim each in are : The vouchers Sub - District , County , SubCounty , Village / Town ) ; , Communication ( Street / Road , District , Sub - District , County , Address District , Road ; MSIU office will then process the claim .","[Useful Class, Useful Use Case, Useful Activity]"
868,"The VSP master will have the following information : VSP Code ; Providers Name ; Physical Address ( Street / Sub office - , Mail i d ; Status ( Active / In - Active ) . -","[Useful Class, Not Useful Use Case, Not Useful Activity]"
869,Other Contact No and E - Mail I d all other information are mandatory than E ; No Village / Town ) ; Health Sub - District ; Locality ; Level Of Facility ; Type of facility ; Registration Body ; Contact Person ; Designation ; Contact County during field to categories of the data information .,"[Useful Class, Not Useful Use Case, Not Useful Activity]"
870,"The service ( treatment ) will happen level at VSP ( Service Provider ) clinic or hospital ; The attending doctor will the - sub the the easy understanding and designing of the system , this module is subdivided into following sub - modules .","[Useful Class, Useful Use Case, Not Useful Activity]"
871,"The division of sub - module is purely based on fill MSIU the form claim form ; The thumb print will also be placed on completion of the the ; The VSP will send the collected claim forms monthly and send it service to stuck be ; On completion of the service the patient will provide the voucher according to the visit type and patient type ( client or partner ) , the voucher will claims the creation of would be list from their own master and should select the details based Body on VSP .","[Useful Class, Useful Use Case, Useful Activity]"
872,"If any of the information is not available in existing master the Registration , facility master screen and do enter master details and back to VSP screen .","[Not Useful Class, Useful Use Case, Useful Activity]"
873,"The values of Health Sub – District , Locality , Level Of Facility , Type of of its above then during data entry process , but the system will also populate all VSP screen for purpose .","[Useful Class, Useful Use Case, Not Useful Activity]"
874,Activation and In - activation of VSP is purely based on report other on only the system will have the provision to navigate quickly to its form to enter the master details and back to VSP Screen .,"[Not Useful Class, Useful Use Case, Useful Activity]"
875,"The system will populate Active VSP , to quickly navigate Continue – Yes / No ” while the user trying to create a “ new with an existing name , If the user press","[Not Useful Class, Useful Use Case, Useful Activity]"
876,Yes the system will VSP option two with a new Service Provider .,"[Not Useful Class, Useful Use Case, Useful Activity]"
877,"The VSP code is a digit code with suffix SP , would be automatically generated by the system .","[Useful Class, Not Useful Use Case, Not Useful Activity]"
878,"The system should generate message allow the user to Village / Town from the master during VSP creation , if any of them are not available in the system , then the system will have the provision to ,","[Useful Class, Useful Use Case, Useful Activity]"
879,"For County Sub enter the same , if not the system wo nt allow the new entry to save .","[Not Useful Class, Useful Use Case, Useful Activity]"
880,"The system will list District , Sub - District , County , - the . function distributor , the system should allocate the relevant vouchers with their numbers and the batch based on the stock ; Invoice amount =","[Useful Class, Useful Use Case, Useful Activity]"
881,No of vouchers x Wholesale numbers by required vouchers,"[Useful Class, Not Useful Use Case, Not Useful Activity]"
882,Name of the distributor * ; Name of the Sales Man * ; Date of distribution * ; No of vouchers sold * ; According to the number of price . ; of ( Selecting from Sales man master ) ; Date of Distribution ( Date Man selection ) ; Required Qty ( No of vouchers sold ( Allow only Numeric option Sales the,"[Useful Class, Useful Use Case, Not Useful Activity]"
883,System payment is Cash .,"[Useful Class, Not Useful Use Case, Not Useful Activity]"
884,The mandatory information required during a distribution transaction is mentioned below .,"[Useful Class, Not Useful Use Case, Not Useful Activity]"
885,Name of the distributor ( Selecting from Distributor Master ) ; Name of Mode Entry reports details of any duplicate name the system will give a warning message to have capture the name or to change the name .,"[Useful Class, Useful Use Case, Not Useful Activity]"
886,For better reporting purposes it is duplicate,"[Not Useful Class, Not Useful Use Case, Not Useful Activity]"
887,On . salesman help understand and track sales information .,"[Useful Class, Useful Use Case, Not Useful Activity]"
888,The system will check the duplicated ID for the salesman and team .,"[Useful Class, Useful Use Case, Not Useful Activity]"
889,The system can allow the duplicate names of the better as to a make Distribution process easily .,"[Useful Class, Not Useful Use Case, Not Useful Activity]"
890,"With the below details the user can get to the of Distributor - wise and Salesman - wise and Batch No wise sales details , details following differentiating indicator on the name","[Useful Class, Useful Use Case, Not Useful Activity]"
891,The system will capture the details of voucher sales between MISU sales team and Distributors .,"[Useful Class, Useful Use Case, Not Useful Activity]"
892,During the distribution the system will capture the have ) ) ; check available .,"[Not Useful Class, Not Useful Use Case, Not Useful Activity]"
893,The program will take maximum care in this form and validation table as it become a vital transaction to be captured .,"[Useful Class, Useful Use Case, Not Useful Activity]"
894,"In this module , sale date future Date .","[Useful Class, Not Useful Use Case, Not Useful Activity]"
895,The date of distribution will be current ( system ) date .,"[Useful Class, Not Useful Use Case, Not Useful Activity]"
896,But the date of sale can be the past dates .,"[Useful Class, Not Useful Use Case, Not Useful Activity]"
897,There will be a you Validity will that and the costs are going to provide the program a vital report information details . system development team will focus its attention in making this module / table,"[Useful Class, Useful Use Case, Not Useful Activity]"
898,The investigation and drug every capture of data will be validated and checked on saving into the database .,"[Useful Class, Useful Use Case, Useful Activity]"
899,"For e.g. the capture of voucher number , clinical information , diagnosis details , see ; No Voucher - generated number as Distribution Invoice No .","[Useful Class, Not Useful Use Case, Not Useful Activity]"
900,"Suppose the distributor or salesman auto name not available in the system , then the system has a provision to is an generate a Invoice Amount =","[Not Useful Class, Useful Use Case, Useful Activity]"
901,Whole Sale Rate ( should taken from settings master based on sale date ),"[Useful Class, Not Useful Use Case, Not Useful Activity]"
902,* Qty Sold .,"[Useful Class, Not Useful Use Case, Not Useful Activity]"
903,( Automatic Calculation ) .,"[Not Useful Class, Not Useful Use Case, Not Useful Activity]"
904,The system will navigate quickly to its ’s with voucher No ’s from the available voucher stock and list the details of each voucher with below information ’s as a grid format .,"[Not Useful Class, Useful Use Case, Not Useful Activity]"
905,"Batch No ; No efficiently Batch pick master screen and enter the new Distributor and Salesman details , without closing the present screen .","[Not Useful Class, Useful Use Case, Useful Activity]"
906,"While entering the No of vouchers required , the system should automatically the will MSIU decision entered during claim submission .","[Not Useful Class, Useful Use Case, Useful Activity]"
907,The document should have the following information . information,"[Not Useful Class, Not Useful Use Case, Not Useful Activity]"
908,VSP ; Date of Submission ( with date and time ) ; No of Name the on based than or equal to Mentioned Forms ; In the transaction part no of forms should match with No of Available Forms .,"[Useful Class, Not Useful Use Case, Not Useful Activity]"
909,The system should print a receipt document claims greater mentioned No purely based on the Treatment ( claims ) Form submitted by the VSP is . the claim entry the user should check the form manually to understand whether,"[Useful Class, Useful Use Case, Not Useful Activity]"
910,Before entry claim,"[Not Useful Class, Not Useful Use Case, Not Useful Activity]"
911,The of claims Available .,"[Not Useful Class, Not Useful Use Case, Not Useful Activity]"
912,The above details would print in the report header and below details will print in the detailed part of the report Treatment Form,"[Not Useful Class, Useful Use Case, Not Useful Activity]"
913,No . ; any or less .,"[Not Useful Class, Not Useful Use Case, Not Useful Activity]"
914,These information is vital and shall be used for compared with the details processed .,"[Not Useful Class, Not Useful Use Case, Not Useful Activity]"
915,VSP Name ; Date of submission ;,"[Useful Class, Not Useful Use Case, Not Useful Activity]"
916,No of Mentioned Forms ; claims following the capture Claim ( Treatment form ) to the MISU Field office .,"[Useful Class, Useful Use Case, Not Useful Activity]"
917,"While submitting the Claim ( Treatment Form ) to MSIU , the system will have the provision to No than of Forms be current date ; The system lists the VSP Name from VSP Master should ; Forms and Available Forms only accept numeric values ; Available forms may be Mentioned submission of Date ; The above as the master part and below details are the Transaction part ; Treatment Form No .","[Useful Class, Useful Use Case, Useful Activity]"
918,"During submission entry all above information ’s are mandatory ; Available mandatory information is ; any if Details HIV ; Note Doctors ; Name Doctor ; No Patient Contact ) Town / Village , County - Sub , County , District - ; Status ; Claim ; Examination Clinical ;","[Useful Class, Useful Use Case, Not Useful Activity]"
919,Syndrome . Claim a of details transaction the are information listed below and informationd master the are details above,"[Not Useful Class, Not Useful Use Case, Not Useful Activity]"
920,"The . Status Claim ; Amount Sub Diagnosis , ,","[Not Useful Class, Not Useful Use Case, Not Useful Activity]"
921,Treatment . information following the capture should system the entry claim the,"[Not Useful Class, Not Useful Use Case, Not Useful Activity]"
922,During Form . to back send and Rejected as status ) Form Treatment ( Claim that VSP No ; Claim Road / Street ( Address ; Gender ; Age ; Name Patient ; Type Patient ; Count Visit ; No Voucher ; Name VSP ; Date Submitted ; No District ; Lab Test the into claim of entry the during No Contact than other mandatory are system information master above,"[Useful Class, Not Useful Use Case, Not Useful Activity]"
923,All . master treatment MSIU on based level treatment any in level .,"[Not Useful Class, Not Useful Use Case, Not Useful Activity]"
924,The following missed in the Claim or not .,"[Not Useful Class, Not Useful Use Case, Not Useful Activity]"
925,"If yes , then the user Form","[Not Useful Class, Useful Use Case, Not Useful Activity]"
926,Treatment . entry claim during information every validate will systems the how explain will part Measures Other and Drugs,"[Not Useful Class, Not Useful Use Case, Not Useful Activity]"
927,Diagnosis . Qty - days of No – Frequency – Name Drugs ;,"[Useful Class, Not Useful Use Case, Not Useful Activity]"
928,"Diagnosis . measure Other ; Qty - days of No – Frequency – Name Drugs ; ; the Drugs – , Test Lab , Diagnosis , Examinations Clinical , Syndrome of number any enter to provision the have will system","[Useful Class, Useful Use Case, Not Useful Activity]"
929,"The . Qty - days of No – Frequency Name Management submit VSP ( Only Numeric Entry , default 0 ) ; First second up visit Fee Consultation ( Only Numeric Entry , default 0 ) ; First visit Lab Fee Fee Consultation visit up Date selection option ) ; Valid up to ( Date selection option ) ; First Visit Consultation Fee ( Only Numeric Entry , default 0 ) ; First follow ( ( Only Entry control the payment process and terms .","[Useful Class, Useful Use Case, Not Useful Activity]"
930,"The allowed users only can able will to , Modify or delete the VSP master information including payment terms .","[Useful Class, Useful Use Case, Not Useful Activity]"
931,"The Add system timeThe in , default 0 ) .","[Not Useful Class, Not Useful Use Case, Not Useful Activity]"
932,The above mentioned payment terms will help the MSIU to make the payment detail easy and also help the VSP to get their payment Numeric VSP From . In - activate .,"[Not Useful Class, Useful Use Case, Not Useful Activity]"
933,Activation of that particular VSP is again purely based as on Management decision .,"[Not Useful Class, Useful Use Case, Not Useful Activity]"
934,The VSP Master Information screen should have a provision to MSIU VSP particular that .,"[Not Useful Class, Useful Use Case, Not Useful Activity]"
935,"But if the system is found more than two fraud entries during the claim process of particular VSP , then the system would automatically change the status of enter","[Not Useful Class, Useful Use Case, Useful Activity]"
936,Valid the terms ; Payment Type ( Selection from list of options Bi - Monthly / Name Monthly .,"[Useful Class, Not Useful Use Case, Not Useful Activity]"
937,The below details may periodically change depends on the MSIU management decision ) Bank ; No agreed between MSIU and VSP .,"[Useful Class, Not Useful Use Case, Not Useful Activity]"
938,The system will capture following master details to fill the payment terms .,"[Useful Class, Useful Use Case, Not Useful Activity]"
939,Payment Mode ( Cash / Bank ) ; Bank Account payment screen will have create Staff Code with Suffix as VSP Code + SC + 3 digit automatically . example HP0001SC0001 Staff type ( should be select from list of staff type,"[Useful Class, Useful Use Case, Not Useful Activity]"
940,For will system,"Could you clarify or provide a specific sentence related to the ""will system""? Then, I can analyze and classify its usefulness for Class Diagram, Use Case Diagram, or Activity Diagram."
941,The user to save that new staff if its required .,"[Useful Class, Useful Use Case, Not Useful Activity]"
942,All above information ’s other than Qualification are mandatory during the creation of new staff under any VSP . listing the from Type staff type and then back to Staff Master screen .,"[Useful Class, Useful Use Case, Useful Activity]"
943,Depends on the new payment ( Bi - monthly / Monthly ) mentioned in the VSP master the terms the enter to Master ),"[Useful Class, Not Useful Use Case, Not Useful Activity]"
944,"If any of the staff type is not available in the system , then the system should have the provision to navigate quickly to staff type master Staff allow will system as the details part of report ) Claim No ; Date ; Date below of Entry ; Amount ; Status ; Remarks .","[Not Useful Class, Useful Use Case, Useful Activity]"
945,Cumulative Total Amount will show System and header report the provision to view the Claim Status of selected VSP .,"[Useful Class, Useful Use Case, Not Useful Activity]"
946,The system will facilitate to show the user following details if necessary .,"[Not Useful Class, Useful Use Case, Not Useful Activity]"
947,VSP Name ( as the in Report footer for Name ; Staff Code ; Staff Name ; Staff Type ; Qualification .,"[Useful Class, Not Useful Use Case, Not Useful Activity]"
948,"The system will generate message while creating a new staff with existing name , but the","[Not Useful Class, Useful Use Case, Not Useful Activity]"
949,VSP should . the the previous payment done .,"[Useful Class, Useful Use Case, Not Useful Activity]"
950,"The system will have the facility to capture the details of VSP staff details and the necessary master information while entering the claim into system should master , the VMU ; Each voucher should have two portions with three tear off to voucher each for Client and Partner ; The client and/or the partner will choose slips back details sales upgrade to meet the additional market and projects needs .","[Useful Class, Useful Use Case, Not Useful Activity]"
951,"The VMU will create the vouchers and sell it to clients through distributors ; The distributor will submit the the to service and patient is not cured then the doctor will refer the patient to some the other the hospital may be another VSP or any other ; Each visit details Hospitals If ; , will get treatment ; First visit is called as Consultation and if the patient is not cured then they can go for first follow up and second follow up provider ( provision has in the document The preparation of SRS is purely based on the following sections documents report on Programme Design Study , Dated 10 - Sepetember-2005 Prepared by MSIU Final below in explained Feed back ; Reports ( Standard and Customized ) ; Security and User Privileges .","[Useful Class, Useful Use Case, Useful Activity]"
952,"Each of the above modules are again subdivided into subsystems , those details are ; the Functional of together .","[Not Useful Class, Not Useful Use Case, Not Useful Activity]"
953,"During the system study , it was understood that the first working pilot , twenty thousand vouchers will be sold , but the VMU - system period and integrated ’s VMUS Prepared by Microcare on 30th November 2005 .","[Not Useful Class, Not Useful Use Case, Not Useful Activity]"
954,"This section of the document is going to explain the functionalities of the system , its subsystems and how it Flow including Diagnosis , the MSIU Admin team will get client feedback from some of the clients client and those documents to field office to enter those into database .","[Useful Class, Useful Use Case, Useful Activity]"
955,"As mentioned send of satisfaction the the field office will generate BiMonth or Monthly financial and medical report and send it to MSIU Admin team to arrange the payments for the VSP ; To understand above , the system with security protocols in - built .","[Not Useful Class, Useful Use Case, Useful Activity]"
956,"The created unique numbers are then numbers printed in the form of bar - codes , which will complement ( or out identification unique with is sub - divided into six modules and again the each module is subdivided into different subsystems .","[Useful Class, Not Useful Use Case, Not Useful Activity]"
957,"Voucher creation – the voucher numbers are system generated and created entire VSP by agreed field office will validate the claim form manually and through system , ; The If of mandatory information is missed or any FALSE information is existing then the any ; , database Lab Test and Drugs ) of the patient is called a claim , ; The VSP will submit the claim to VMIU field office to enter those into the field office will reject returns the claim with satisfactory details , the claims will be entered on to the system , in the following month ’s batch ; Based on the payment terms VSP Client the , the claim back to VSP and the system will keep those claim in a quarantine area ; The quarantined forms will be sent back to the VSP for verification if stuck ; Sales syndromes of Urethral discharge ; Abnormal vaginal discharge ; Genital ulcer ; Inguinal the bubo Ophthalmia neonatorum ; Acute scrotal swelling ; Pelvic inflammatory disease .","[Useful Class, Useful Use Case, Useful Activity]"
958,"In line ; for free for ( NTA ) , adapted for this voucher scheme ( TA - OBA , treatment algorithms for STD treatment in the OBA scheme ) , is given to clients with Uganda the the - up visit .","[Not Useful Class, Not Useful Use Case, Not Useful Activity]"
959,If symptoms persist referral to a hospital ; Provider follow documents voucher case in a standardised patient treatment documentation form .,"[Useful Class, Useful Use Case, Useful Activity]"
960,At the end each second necessary If voucher includes First consultation with basic lab testing and treatment ; First follow - up visit for all clients .,"[Not Useful Class, Useful Use Case, Useful Activity]"
961,If symptoms persist drug regimen will be switched ; NTA of in for may only be bought for personal treatment or for the treatment of the voucher partner,"[Not Useful Class, Useful Use Case, Useful Activity]"
962,Only one voucher is sold at time .,"[Useful Class, Not Useful Use Case, Not Useful Activity]"
963,"The option of selling more . The ; client are packed in two with one voucher for the purchaser of the voucher , in the following addressed as “ client ” and one for the partner of the than STD one to of living of the customer .","[Not Useful Class, Not Useful Use Case, Not Useful Activity]"
964,The client may honour the voucher at place any provider of his choice .,"[Not Useful Class, Useful Use Case, Not Useful Activity]"
965,"STD treatment according to the National Treatment Algorithms approved and name and a person at a time introduces too many sources for fraud ; Distributors keep a distribution list documenting distributor , voucher number , date , place of sale , voucher each month they and to increase the quality of the STD voucher service .","[Useful Class, Useful Use Case, Useful Activity]"
966,"The system future will control the existence of fraud in claims and will help the service provider also the for plan process to maximize the quality of the project to understand the progress and timely out come of the project to take necessary steps by the MSIU Admin team to to manual reach payments the system easy for understanding , developing , testing and to implement . make","[Useful Class, Useful Use Case, Not Useful Activity]"
967,Voucher / Preparation ; Marketing / Sales ; Claim Entry / Processing ; Voucher Creation to modules following in time without delay .,"[Not Useful Class, Useful Use Case, Useful Activity]"
968,The other features and details of system will be explained in below sections in the document .,"[Not Useful Class, Not Useful Use Case, Not Useful Activity]"
969,The voucher management system is subdivided into their the minimize to claims form containing a summary of all treated voucher cases to the VMU summary for ; The data from the forms is entered into a computer database . reimbursement A ; and hand in – respectively the claims processing agency ( CPA ) collects – The voucher for each patient Copyright ; The standardised patient treatment documentation form for each patient,"[Useful Class, Useful Use Case, Useful Activity]"
970,Data checks and plausibilisations with patients to monitor proper operation of the voucher scheme .,"[Not Useful Class, Useful Use Case, Useful Activity]"
971,The voucher management system VMS is designed to atomize the process of Voucher Management Unit ( VMU ) up Return - including are done ; Clean claims will be reimbursed via bank transfer ; Conspicuous claims will be investigated and cleared by the VMU ; The VMU operates a monitoring system follow this on voucher,"[Useful Class, Useful Use Case, Useful Activity]"
972,On capture of any duplicate name the system will give a warning message . to the duplicate name or to change the name .,"[Not Useful Class, Useful Use Case, Useful Activity]"
973,For better reporting purposes have Distributor the of table in order to update as per the program requirements .,"[Useful Class, Not Useful Use Case, Not Useful Activity]"
974,The system will check the duplicated ID for the distributors .,"[Not Useful Class, Useful Use Case, Useful Activity]"
975,The system can allow the duplicate names it master is to a particular distributor with following summary details .,"[Useful Class, Useful Use Case, Not Useful Activity]"
976,Distributor Name as Report Header of and as the report footer Batch No ; Date of purchase ; Qty Purchase following History Sales the have a differentiating indicator on the name .,"[Useful Class, Not Useful Use Case, Not Useful Activity]"
977,System will have a provision to print the distributor master details .,"[Not Useful Class, Useful Use Case, Not Useful Activity]"
978,"The distributor screen will have a provision to view better ; a will / pharmacy / NGO ) * ; Proprietor Name * ; Designation ; hospital Address Street / Road , Sub District , County , Sub County and Village ( e.g. ( business .","[Useful Class, Useful Use Case, Not Useful Activity]"
979,Following fields will be captured at this master .,"[Useful Class, Not Useful Use Case, Not Useful Activity]"
980,"Distributor Code ( 3 Digit ) Example : DS0001 * ; Name of the distributor * ; Type of or have Town * , such as District , Sub - District , County , Sub - distributor County Village / Town , road or street .","[Useful Class, Not Useful Use Case, Not Useful Activity]"
981,All the level of details or the of location ; Contact No ; Email I d ; Status ( active / deactivate ) .,"[Useful Class, Not Useful Use Case, Not Useful Activity]"
982,All fields with * are mandatory !,"[Not Useful Class, Not Useful Use Case, Not Useful Activity]"
983,The address field will capture the geographical ) Qty Sold ; transaction the user should select the name of the sales man listed from distribution Team .,"[Useful Class, Useful Use Case, Not Useful Activity]"
984,The Salesman master should capture following information ’s .,"[Useful Class, Useful Use Case, Not Useful Activity]"
985,Salesman Code * Master every,"[Useful Class, Not Useful Use Case, Not Useful Activity]"
986,During . sales details .,"[Not Useful Class, Not Useful Use Case, Not Useful Activity]"
987,The system will capture the details of MSIU Salesman ; this would help the MSIU management team to understand the performance of each Team or salesman ; and Name the master ) * .,"[Useful Class, Useful Use Case, Not Useful Activity]"
988,"The sales team master is for the future development separate of program , if this program is extended to a country - wide network this a have will Salesman * ; DOB & Age * ; Gender * ; Communication Address * ; Contact No ; E - Mail I d ; Sales - team ( which of purchase with distributor ) by double clicking on the grid .","[Useful Class, Not Useful Use Case, Not Useful Activity]"
989,Print option of above report sales is on User Login Permission only .,"[Not Useful Class, Useful Use Case, Not Useful Activity]"
990,There will be an option for doing based e.g. ( details Qty Returned ; Balance Qty ( any other details required by the MSIU office ) .,"[Useful Class, Useful Use Case, Not Useful Activity]"
991,There will be a provision to select a particular distributor to view the the following at every Deactivate ( if the distributor has to be deactivated or terminated ) .,"[Not Useful Class, Useful Use Case, Useful Activity]"
992,There will also be a provision for the other users to view the details of a / distributions Active ) screen .,"[Not Useful Class, Useful Use Case, Not Useful Activity]"
993,New ( adding new records ) ; Edit ( updating available records ) ; Delete ( deleting will be allowed only if no child records are created ; the and to Additionally the provision for validity date check for the period of vouchers to ; be in the program is provided .,"[Useful Class, Useful Use Case, Useful Activity]"
994,This validity date can be amended or used Bar of form 2 Digit ) approximately each batch will have 10 vouchers ; Voucher number ( 10 digit ) ; Security Code ; All codes will be printed out in the altered ( at system off for the partner ; If the tear off voucher slips would be - sticker it will not be lost on attaching to the claim forms by the then tear section - level ONLY by the authorized user ; Voucher will also have MRP ( maximum retail price ) ; Voucher should have three tear off portioned slips with a sub the VSP number ; at the claims processing and finally for the payment .,"[Useful Class, Not Useful Use Case, Not Useful Activity]"
995,"Such tracking records , will utilized for reports as well .","[Useful Class, Not Useful Use Case, Not Useful Activity]"
996,Each voucher should have the following properties be forms claim with ) the voucher .,"[Useful Class, Not Useful Use Case, Not Useful Activity]"
997,"Then at every level on the voucher cycle this number is captured , on distribution , retail sales , point of treatment , enclosed along , Batch which have","[Useful Class, Useful Use Case, Useful Activity]"
998,"Project Code ( 2 Digit ) Example : P001 ; Group Batch ( . 3 ) each group batch has a batch of 100 Batches Example : GP0001 Digit code Security – sub - elements to get the batch numbers , voucher numbers , and the project codes .","[Useful Class, Not Useful Use Case, Not Useful Activity]"
999,Project code – Group batch code – Batch number – Voucher number will ; Each voucher amend the validity date of the voucher .,"[Useful Class, Useful Use Case, Not Useful Activity]"
1000,The marketing and sales is to the step and the next module in the system .,"[Not Useful Class, Not Useful Use Case, Not Useful Activity]"
1001,"This module will take next provision a be edited or deleted but there will be a provision to with - hold any voucher number if the admin team decides to do for any reason ; There will care be of sub have unique code and detailed descriptions such as name , address , locations will and of business etc .","[Useful Class, Useful Use Case, Not Useful Activity]"
1002,such valid information will help us track information related type distributor,"[Useful Class, Not Useful Use Case, Not Useful Activity]"
1003,Each . modules .,"[Not Useful Class, Not Useful Use Case, Not Useful Activity]"
1004,The system will capture the master details of every distributor so that the users can get the details of any distributor and sales details at any time following not will vouchers for the first follow - up ; And the third tear off for one the ( second follow - up ) .,"[Useful Class, Useful Use Case, Not Useful Activity]"
1005,"This system has high security feature final Second ; consultation slip should contain the bar code of the Voucher with two identifications one for the client and the other for the partner ; The first tear for the first as far as the will be a provision to create a minimum quantity of vouchers at one time ( such minimum numbers will be decided by the management team ) ; Once created The sales ; authorized user access to the system , including all the modules , sub - modules and even at the screen level .","[Useful Class, Useful Use Case, Not Useful Activity]"
1006,"The voucher will be created ONLY by the person when number document ) SNOMED ( values result and results laboratory , ) information contact , location , name laboratory reference or , testing other such specimen the","[Useful Class, Useful Use Case, Not Useful Activity]"
1007,"If . notes relevant any and , interpretation overall , value result for measure of unit as data / , ( test , ID Subject , ID Specimen the include data this of","[Useful Class, Not Useful Use Case, Not Useful Activity]"
1008,"Examples . results laboratory about data store date e.g. and , sample / specimen the of testing the in involved organization each for data , ) LOINC ( type test time must sample record","[Useful Class, Useful Use Case, Useful Activity]"
1009,"Systems . supported be must ) level assay , level sample / specimen , e.g. ( results of granularity supporting of OM capture risk at or , individuals exposed , cases to treatment or prophylaxis the regarding data to linked be or should collection levels .","[Useful Class, Useful Use Case, Not Useful Activity]"
1010,"If . ID Specimen the by record collection specimen the to linked be must result laboratory the , exists the","[Useful Class, Not Useful Use Case, Not Useful Activity]"
1011,"All specimen sample ID Subject the by subject the to linked be must result laboratory the , exist not does record collection / OM supporting","[Useful Class, Useful Use Case, Not Useful Activity]"
1012,Systems or laboratories test to transferred are that samples / specimens of shipments batch about,"[Not Useful Class, Useful Use Case, Useful Activity]"
1013,"Information . document this of other Exchange facilities be the and , number tracking shipment , ) FedEx , UPS , e.g. ( shipper the including , collected must sending Data Integration a for request test laboratory a create to able be must OM supporting","[Useful Class, Useful Use Case, Not Useful Activity]"
1014,Systems . shipper the by package specimen and / or System 2.5 section in found is requests test laboratory creating about information,"[Useful Class, Useful Use Case, Useful Activity]"
1015,More . samples / specimens of group sample organization ’s contact . request test laboratory original the to ) result(s the link and ) result(s laboratory store to able be,"[Not Useful Class, Useful Use Case, Useful Activity]"
1016,More must information receiving . document this of Exchange Data and Integration System 2.5 section in found is requests test laboratory linking and about OM supporting,"[Not Useful Class, Not Useful Use Case, Not Useful Activity]"
1017,"Systems instructions shipping and packaging , labeling of inclusion the support to able be should OM supporting","[Not Useful Class, Not Useful Use Case, Not Useful Activity]"
1018,"Systems . information ( e.g. , container . samples / specimens of shipments batch with manifest persons shipping and , ) preservative , condition storage , type the the , the information provide also may logs","[Useful Class, Not Useful Use Case, Not Useful Activity]"
1019,"Activity . visits up - follow schedule to made calls or symptoms monitor to needed made to communication person a if , example","[Not Useful Class, Useful Use Case, Useful Activity]"
1020,For . boundaries jurisdictional crosses investigation the that event the in jurisdictions various with support becomes calls may,"[Not Useful Class, Useful Use Case, Useful Activity]"
1021,"Activity . purposes management for logs activity generate to information contact and , activity the initiated who , type logs log , are investigators , example","[Not Useful Class, Useful Use Case, Useful Activity]"
1022,"For . supported be should , case a during actions their track to investigators for tools which activity ill travel - agent , ) contacts exposure , results test , demographics patient , e.g. ( elements data common collect specific to data ( capability the provide should questionnaires","[Useful Class, Useful Use Case, Useful Activity]"
1023,"Electronic . elements data customized other and , ) test laboratory specific , e.g. elements during investigators designed ( state the by reported be will illness the , another of resident the is but jurisdiction one in jurisdiction by ) residence be will","[Not Useful Class, Not Useful Use Case, Not Useful Activity]"
1024,They . validated and developed be must questionnaires,"[Not Useful Class, Not Useful Use Case, Not Useful Activity]"
1025,"Electronic . visited jurisdiction the by than rather , of , activity an why indicate to collected be should information","[Not Useful Class, Not Useful Use Case, Not Useful Activity]"
1026,"Contraindication . www.cdc.gov/phin at available , Flows Process and Requirements Functional Administration vaccinations Response , , . interventions prescribed with complied have not may patient the why or administered been have not may antidotes or treatments","[Not Useful Class, Not Useful Use Case, Not Useful Activity]"
1027,"If / Preparedness and , duration , type , date , name the and , treatment or prophylaxis the ordered who person dosage Countermeasure of treatment PHIN reference please , treatment and prophylaxis of administration the regarding requirements data specific","Not Useful Class, Not Useful Use Case, Not Useful Activity"
1028,"For . given prophylaxis or the an affected person Administration Response / Countermeasure Preparedness PHIN reference please , data event adverse regarding requirements data specific","[Not Useful Class, Not Useful Use Case, Not Useful Activity]"
1029,For . person Functional or Requirements Process of time and date the as such information capture should OM supporting,"[Useful Class, Useful Use Case, Not Useful Activity]"
1030,"Systems . www.cdc.gov/phin at available , Flows and facility administering the collected be may data event adverse , administered was that prophylaxis or vaccine a to reaction negative a suffers and used to determine or , batch , pharmaceutical the with problem a including is if determine to or interventions additional for need the there to of the requires that countermeasure a received who persons of exams response take from received be may data up -","Not Useful Class, Not Useful Use Case, Not Useful Activity"
1031,Follow such . an ( clinical of collection the supports data response laboratory and collection sample /,"[Not Useful Class, Useful Use Case, Useful Activity]"
1032,"Specimen . ) vaccination smallpox , i.e. exam specimens prophylaxis plans a of because quarantined or isolated are who individuals exposed and cases about collected be should data","[Useful Class, Useful Use Case, Not Useful Activity]"
1033,Monitoring . health or event,"[Not Useful Class, Useful Use Case, Useful Activity]"
1034,"Follow treatment recommended with compliance and symptoms track to proxies their or subjects from collected be should data up - . individuals , samples , i.e. ( identifier an assigned be must testing laboratory for collected samples /","[Not Useful Class, Useful Use Case, Useful Activity]"
1035,"Specimens . soil or , Specimen food ID that be must testing laboratory for collected sample / specimen a of subject","[Useful Class, Useful Use Case, Not Useful Activity]"
1036,"The . jurisdiction the within unique is ) food , , and , chemical , biological for tested be will that samples of types other and , samples environmental , radiological water agents","[Not Useful Class, Useful Use Case, Useful Activity]"
1037,"These air as such sources environmental or , animals , persons , places from collected be can samples / specimens . exposed and cases date onset : includes and investigation case for collected be to data the parallels investigation exposure for collected be and to time symptoms","[Useful Class, Useful Use Case, Not Useful Activity]"
1038,"Systems . responses questionnaire and , data procedure , data laboratory , factors risk , symptoms of type , of supporting data","[Not Useful Class, Not Useful Use Case, Not Useful Activity]"
1039,"Standard times and dates exposure , address and name ’s contact , ID Contact , ID Subject , type ’s , epi health , . events health of investigation exposure the in assist to collected be must data","[Useful Class, Useful Use Case, Not Useful Activity]"
1040,"Epi . code priority and status OM must support ” Flows Process and Requirements Functional Administration Response / Countermeasure PHIN “ reference please , data up - follow , and available www.cdc.gov/phin of status the tracking when required activities up - follow and monitoring the support should OM supporting","[Not Useful Class, Useful Use Case, Useful Activity]"
1041,Systems . at monitoring about information up - follow and,"[Not Useful Class, Not Useful Use Case, Not Useful Activity]"
1042,"Monitoring . subjects two between contact describes that data specific - event , dynamic capturing data is used to more","[Not Useful Class, Useful Use Case, Useful Activity]"
1043,"For . event health a to exposed potentially linked or were who subjects of treatment and progress the track exposed acceptance to specimen , number lot the about information include should data sample","[Useful Class, Useful Use Case, Not Useful Activity]"
1044,"Food . samples water for tested concentrate of volume batch and number manufacturer , meat red , milk – dairy , e.g. ( type sample , temperature , invoice shipping , name , spice volume and e.g. ( sample the of nature , ) location specified a in desk or chair , asbestos , release , original soil water , samples air for time and date end and begin collection , data control quality , ) air , , radiation ) and the , sample the collected who person the including , captured be must samples agent select and forensic for location information of , and , laboratory the to shipment for preparation the during sample the with contact into came who people all collection , custody","[Useful Class, Useful Use Case, Not Useful Activity]"
1045,Chain data sample / specimen detailed of capture the for supported be should coding -,"[Not Useful Class, Not Useful Use Case, Not Useful Activity]"
1046,Bar . condition storage product to of improve quality . captured be should samples / specimens all for information custody of,"[Not Useful Class, Useful Use Case, Useful Activity]"
1047,"Chain . collection data of efficiency and the , water for , e.g. ( type subject , time and date collection , test for purpose , ID Subject , ID human Specimen , , , e.g. ( indicator risk , agent suspected , type specimen , category specimen , ) food , animal plant infectious : data","[Useful Class, Not Useful Use Case, Not Useful Activity]"
1048,"Systems . jurisdiction the within unique is that ) ID Subject , i.e. ( identifier an by sample / supporting are OM be this of","[Useful Class, Not Useful Use Case, Not Useful Activity]"
1049,"Examples . testing laboratory for collected are that samples / specimens the about data store to able must , radioactive , the about information include should data sample","[Useful Class, Useful Use Case, Not Useful Activity]"
1050,"Environmental . convalescent or acute is sample the whether and , onset collection of method location well or rain , e.g. ( source , taken was sample the which from ) possible if geocoded ( , date symptom , , collection of location , ) information contact including ( collection sample / specimen performing person , ) corrosive and volume and quantity taken was specimen the which from site / source the specimen about information include should data specimen","[Useful Class, Useful Use Case, Useful Activity]"
1051,Clinical . details the accept digital signatures parsing and construction,"[Useful Class, Useful Use Case, Not Useful Activity]"
1052,"Message . health public of levels all across investigations health public supports organizations partner with data , of and data Cross Preparedness PHIN “ in reviewed be should and defined separately are areas functional PHIN span that requirements transport secure Functional exchange , limited is section","[Not Useful Class, Not Useful Use Case, Not Useful Activity]"
1053,This . receive and send to able be should OM that data of types the describe to secure describing types directional -,"[Not Useful Class, Not Useful Use Case, Not Useful Activity]"
1054,Bi . data the transporting for requirements the not ; support must OM that exchange data of the and Components ” able be must OM supporting,"[Not Useful Class, Not Useful Use Case, Not Useful Activity]"
1055,Systems . OM supporting systems partner other from data accept to able be must to OM create send as preparedness assessing for measure performance key a as identified is requirement,"[Not Useful Class, Useful Use Case, Useful Activity]"
1056,This . requests test laboratory for messages and Requirements supporting . instance local a in stored be should organizations partner response key for information,"[Not Useful Class, Not Useful Use Case, Not Useful Activity]"
1057,"Contact . www.cdc.gov/phin at available , of","[Not Useful Class, Not Useful Use Case, Not Useful Activity]"
1058,"Systems a health document this of Data event Health 2.2.2 section in described as , event health a to associating for directory public below section the phone during use , field the to taking including , uses multiple for questionnaires print to ability the have interviews must , . : are supported be to data aggregated of","[Not Useful Class, Useful Use Case, Useful Activity]"
1059,Examples . data aggregate to able be must OM supporting,"[Not Useful Class, Not Useful Use Case, Not Useful Activity]"
1060,Systems etc number OM,"[Not Useful Class, Not Useful Use Case, Not Useful Activity]"
1061,"Systems ) controls , i.e. ( exposed - non and exposed of characteristics compare to ability the have should OM persons supporting . supporting . ) lists do to , e.g. ( items action of lists produce to ability the have should OM","[Not Useful Class, Not Useful Use Case, Not Useful Activity]"
1062,"Systems of cases , , Access MS , INFO - EPI , SPSS , SAS , e.g. ( tools analytical available commonly with MS use Excel Crystal in included are OM supporting systems to specific requirements integration Systems EXCHANGE DATA AND INTEGRATION","[Useful Class, Not Useful Use Case, Not Useful Activity]"
1063,"SYSTEM . ) Reports , for accessible be be should data event","[Not Useful Class, Not Useful Use Case, Not Useful Activity]"
1064,"Health . administered treatments and/or vaccinations of number and , case per contacts of number aggregated into a centralized should","[Useful Class, Useful Use Case, Useful Activity]"
1065,"Data . time over events of analysis support described to designed ) warehouse data , i.e. ( store data specifically supporting in Preparedness receive to able be must OM supporting","[Useful Class, Not Useful Use Case, Not Useful Activity]"
1066,"Systems . www.cdc.gov/phin at available , Measures Performance Key Preparedness PHIN in , described parse process assessing for measure performance key a as identified is requirement","[Not Useful Class, Not Useful Use Case, Not Useful Activity]"
1067,"This . administered been have that countermeasures for messages and preparedness as assessing . www.cdc.gov/phin at available , Measures Performance Key Preparedness PHIN in described as preparedness assessing for measure performance key","[Not Useful Class, Not Useful Use Case, Not Useful Activity]"
1068,Systems preparedness supporting must for measure performance key a as identified is requirement,"[Not Useful Class, Not Useful Use Case, Not Useful Activity]"
1069,"This . contacts exposure for and investigations for messages exchange OM a as in available , Measures Performance Key Preparedness PHIN in described as preparedness assessing for measure performance key a as identified at is www.cdc.gov/phin","[Not Useful Class, Not Useful Use Case, Not Useful Activity]"
1070,Systems : are supported be to data aggregated of,"[Not Useful Class, Not Useful Use Case, Not Useful Activity]"
1071,Examples . data aggregated exchange to able be must OM supporting . described requirement . to linked be must administered been have that,"[Not Useful Class, Not Useful Use Case, Not Useful Activity]"
1072,"Countermeasures . www.cdc.gov/phin at available , Measures Performance Key Preparedness PHIN the","[Not Useful Class, Not Useful Use Case, Not Useful Activity]"
1073,This entity was requests administration countermeasure for messages send and create to able be must OM supporting,"[Not Useful Class, Useful Use Case, Not Useful Activity]"
1074,Systems . countermeasures the administered that as identified is as identified is requirement,"[Not Useful Class, Not Useful Use Case, Not Useful Activity]"
1075,"This . results laboratory for messages process and parse , receive to able be must a OM key measure should results","[Not Useful Class, Not Useful Use Case, Not Useful Activity]"
1076,"Laboratory . www.cdc.gov/phin at available , Measures Performance Key Preparedness PHIN in described as preparedness assessing for performance be supporting . and parse , receive to able be should OM supporting","[Not Useful Class, Not Useful Use Case, Not Useful Activity]"
1077,"Systems . www.cdc.gov/phin at available , Measures Performance Key process","[Not Useful Class, Not Useful Use Case, Not Useful Activity]"
1078,"Systems messages laboratory www.cdc.gov/phin at available , Guide Implementation Message Response Order Test Laboratory PHIN with accordance in , responses request test for linked to laboratory PHIN the in noted are that classifications case other the and , cases suspect and probable , confirmed for message messages implementation , requirement","[Useful Class, Useful Use Case, Not Useful Activity]"
1079,"This . areas preparedness other and , ) EED ( detection event early , surveillance supporting systems with guide exchange to able for messages exchange to able be should OM supporting","[Not Useful Class, Not Useful Use Case, Not Useful Activity]"
1080,"Systems . subjects to linked are which , requests test laboratory results with systems be must OM supporting","[Useful Class, Useful Use Case, Useful Activity]"
1081,"Systems . areas preparedness other PHIN and ) EED ( detection event early , surveillance supporting ,","[Not Useful Class, Not Useful Use Case, Not Useful Activity]"
1082,Systems . investigator investigation the of scope the within ID Event an to ID Entity assigned an link to able be must . case,"[Useful Class, Useful Use Case, Not Useful Activity]"
1083,"Systems OM treatment the through process identification the from contacts potential and cases possible about information capture to ability the require supporting and new . must links data epi - to - Entity . travel - to - person , place - to - match","[Useful Class, Useful Use Case, Useful Activity]"
1084,"Each the to data treatment and prophylaxis and , results laboratory , collected samples / specimens , questions survey , symptoms their entity object follow up created was sample / specimen the","[Useful Class, Not Useful Use Case, Not Useful Activity]"
1085,"If . identifiers contact and case to results laboratory multiple associate unambiguously must from linkages another / results laboratory , ) sample source a from created types specimen new and , aliquots , e.g. ( sample specimen -","[Useful Class, Not Useful Use Case, Not Useful Activity]"
1086,These results linked be must results,"[Not Useful Class, Not Useful Use Case, Not Useful Activity]"
1087,"Laboratory . actions and , events , entities among linkages by supported as , process to . corresponding / the returns laboratory participating the when subjects and , ) sample / specimen one from results multiple including samples specimens , person - supporting","Not Useful Class, Useful Use Case, Useful Activity"
1088,Systems . exchange data of efficiency the maximize to ) available where ( terminology common use that libraries OM questionnaire should a supporting,"[Useful Class, Useful Use Case, Not Useful Activity]"
1089,Systems . changes definition case the as records case of status the updating of means automatic or manual provide OM reusable supported specific - investigation to revisions and of configuration the control to ability the provide must OM supporting,"[Useful Class, Useful Use Case, Useful Activity]"
1090,Systems . questionnaires by . supporting be should investigation,"[Not Useful Class, Not Useful Use Case, Not Useful Activity]"
1091,Case . guides implementation and questionnaires specific - investigation publish to ability the provide must OM,"[Not Useful Class, Useful Use Case, Not Useful Activity]"
1092,"Systems should track the family , e.g. ( person - to - person , example","[Useful Class, Useful Use Case, Not Useful Activity]"
1093,"For . relationships defining of purpose the for relationship entities , relationship to - animal , ) place common , household , e.g. ( place - to - person , ) exposure between associations defined","[Useful Class, Not Useful Use Case, Not Useful Activity]"
1094,Linkages . definition case the in changes of result a as records case of status the to made changes allow investigators to create dynamically support must OM supporting,"[Useful Class, Useful Use Case, Useful Activity]"
1095,"Systems . populations risk for - identify and , event the characterize , analysis meaningful at the child specimens assist to lists back - call and , data aggregate , logs activity , lists line , ) exchange the data emergency group clearly should OM supporting systems by generated","[Not Useful Class, Not Useful Use Case, Not Useful Activity]"
1096,Reports . event health a containing and to responding in investigators and response indicate effective assist by cases of number the illustrate that maps or ) event health the containing in effectiveness the demonstrating ( zip with code,"[Not Useful Class, Useful Use Case, Useful Activity]"
1097,"Systems to descriptions data defined - user other or ( data dynamic for dictionaries data electronic generate should OM supporting . the number of flexibility the allowing still while , reporting accurate more and faster allow to reports and queries formatted - pre of produce ad hoc or member team emergency each for reports individual produce to ability the have should OM supporting","[Useful Class, Useful Use Case, Not Useful Activity]"
1098,"Systems . reporting - to ability the link - epi known no with cases of number the , case per contacts of number the , cases at the time of have should OM supporting","[Not Useful Class, Not Useful Use Case, Not Useful Activity]"
1099,"Systems . administered treatments and/or cases vaccinations number the and , results laboratory the , diagnosis of entity new number from contacts new create to able be should OM supporting","[Useful Class, Useful Use Case, Not Useful Activity]"
1100,"Systems . monitored and , investigated , traced be existing may case , one allowing by tracing exposure contact support must OM supporting","[Not Useful Class, Useful Use Case, Useful Activity]"
1101,"Systems . type contact the identify also should and records contact ) , associated be may subject investigation","[Useful Class, Useful Use Case, Not Useful Activity]"
1102,"Each . sample / specimen parent corresponding the to linked be must samples / with places exposure , animals , people , e.g. ( entities exposed of","[Useful Class, Not Useful Use Case, Not Useful Activity]"
1103,"Contacts . jurisdictions other in contacts to links unambiguous including contacts to be linked , charts produce to ability the have should OM supporting","[Useful Class, Not Useful Use Case, Not Useful Activity]"
1104,"Systems . criteria multiple upon based searches analytical for maps allow , graphs the on prophylaxis or vaccination of effect the and curves - epi as such , data OM illustrate that and should OM supporting OM supporting","[Not Useful Class, Useful Use Case, Useful Activity]"
1105,"Systems . case single a to linked be to contacts multiple allowing and , cases multiple to should be able to","[Useful Class, Useful Use Case, Not Useful Activity]"
1106,"Systems . geography or priority by sorting allow should of and use to investigator each for lists work contact produce , the include spread must be available subsequent to a catastrophic event .","[Useful Class, Useful Use Case, Useful Activity]"
1107,"Security and Availability requirements that span PHIN functional areas should and be , unauthorized function of contact exposure tracing .","[Not Useful Class, Not Useful Use Case, Not Useful Activity]"
1108,"Systems and data supporting OM must be protected from sabotage , corruption and access a reviewed “ users .","[Not Useful Class, Useful Use Case, Not Useful Activity]"
1109,Privacy requirements are broadly defined because they span all PHIN functional areas .,"[Not Useful Class, Useful Use Case, Not Useful Activity]"
1110,"These requirements should be unauthorized in to not PHIN Preparedness Cross Functional Components Requirements ” , available at www.cdc.gov/phin .","[Not Useful Class, Not Useful Use Case, Not Useful Activity]"
1111,"Privacy requirements ensure that sensitive information is accessibly reviewed as rather agent - specific deployment packages , including syndromic grouping libraries and vocabulary sub - sets , which will be support used to be - up and configuration of laptops and other field devices used in OM investigations .","[Useful Class, Not Useful Use Case, Not Useful Activity]"
1112,"Processes and personnel should identified than to collect isolation and quarantine monitoring should be done as a part of a focused countermeasure administration and response effort , and efficiently up when data specific to the particular health event being investigated .","[Not Useful Class, Useful Use Case, Useful Activity]"
1113,Policies and procedures should be in place for determining follow in “ PHIN following,"[Not Useful Class, Useful Use Case, Not Useful Activity]"
1114,"The . vocabulary specific - domain , configurable using of capable be should OM supporting","[Not Useful Class, Not Useful Use Case, Not Useful Activity]"
1115,"Systems . system high aggregating - data are OM support to reported and , analyzed , collected being data the that ensure to necessary are requirements level clearly an uploaded and share to able are server same the from working applications OM of instances all that so synchronized be use to the data be may that devices remote from data store and record electronically to able be should OM supporting","[Useful Class, Useful Use Case, Useful Activity]"
1116,Systems . same defined .,"[Not Useful Class, Not Useful Use Case, Not Useful Activity]"
1117,"An , investigation OM an in involved persons about data demographic capture to capability the have must OM supporting","[Useful Class, Useful Use Case, Not Useful Activity]"
1118,"Systems including . : ID Preparedness Cross Functional Components Requirements ” , available at www.cdc.gov/phin . of of date , address , name , Subject collected be to person a as classified be may","[Not Useful Class, Not Useful Use Case, Not Useful Activity]"
1119,"Entities . event health a in involved object or being any is entity , organization , location data specific requires entity of type","[Useful Class, Not Useful Use Case, Not Useful Activity]"
1120,"Each . organism set other , event , conveyance , object , animal , or should the to , spreadsheets , messages , and text files , among others Data exchange should support analysis and information sharing databases of as , treatment ) by systems supporting OM .","[Not Useful Class, Not Useful Use Case, Not Useful Activity]"
1121,"Systems supporting OM should support multiple file formats for import and export such , possible events across systems supporting OM ; however , it is required that vocabulary standards be used when exchanging data . used health be that at all levels of public health ( e.g. , national , state , local ) .","[Useful Class, Useful Use Case, Not Useful Activity]"
1122,It is recommended standards,"[Not Useful Class, Not Useful Use Case, Not Useful Activity]"
1123,Vocabulary risk exposure patients receiving countermeasures .,"[Not Useful Class, Useful Use Case, Not Useful Activity]"
1124,"Mapping interfaces and data dictionaries must be clearly defined and included in data exchanges to of indicate number and response tracking , such as the number of suspect cases , number of persons under isolation or quarantine , the , and both to each event .","[Useful Class, Useful Use Case, Not Useful Activity]"
1125,"Message components should be grouped by observation type ( e.g. , laboratory , symptom , specific describe data therefore standard and customized fields because systems supporting OM are configurable to meet the individual needs of each event and collect requirements that span hazmat teams , public works facilities , intelligence organizations , the media , and the public ) should be , clearly FEMA organizations www.cdc.gov/phin .","[Useful Class, Useful Use Case, Not Useful Activity]"
1126,"Policies and procedures for communicating information to appropriate stakeholders ( e.g. , state and federal emergency management , at defined","[Not Useful Class, Useful Use Case, Useful Activity]"
1127,Policies management protocols and personnel should be identified to support multiple deployment options .,"[Useful Class, Useful Use Case, Not Useful Activity]"
1128,Protocols and personnel should be identified,"[Useful Class, Useful Use Case, Not Useful Activity]"
1129,"Configuration . . this regarding data synchronization should be defined to support multiple deployment options as discussed in section 2.1 System Architecture of document available , ” such as system backup policies and procedures , continuity of operations , system monitoring , and employee training ensure , that requirements . PHIN functional areas should be reviewed in “ PHIN Preparedness Cross Functional Components Requirements ” , available at www.cdc.gov/phin","[Not Useful Class, Not Useful Use Case, Not Useful Activity]"
1130,Operational public health partners span PHIN functional areas are separately defined and should be reviewed in “ PHIN Preparedness Cross Functional Components Requirements that requirements,"[Not Useful Class, Not Useful Use Case, Not Useful Activity]"
1131,Operational . can effectively support activities in OM and other PHIN support functional .,"[Not Useful Class, Useful Use Case, Useful Activity]"
1132,Operational requirements specific to OM are defined below areas data,"[Useful Class, Not Useful Use Case, Not Useful Activity]"
1133,OM . document,"[Not Useful Class, Not Useful Use Case, Not Useful Activity]"
1134,"This . event an of effects the mitigating and to response the managing of goal primary the achieve provides to minimum requirements functionality additional incorporating from system a preclude way no in should and system management outbreak an support to necessary operational beyond surveillance , effectively more can staff response appropriate the , event health the of source the identifying and transmission of mechanism contain and the . laboratory , administration countermeasure , detection event early supporting systems the with integrated be also should OM supporting","[Not Useful Class, Useful Use Case, Useful Activity]"
1135,"Systems event the what been , demographics regarding data including , investigations support to data of variety a need OM supporting Systems : Requirements cases Data , , and , conveyance and travel , tests laboratory , collection sample / specimen , contacts , agents , investigations exposures has 2.2 OM Outbreak support to implemented ) system(s any for functionality baseline describe requirements following","[Useful Class, Useful Use Case, Useful Activity]"
1136,"The . document this in covered Management ; : System supporting systems by addressed be should , configuration flexible as such , needs level - system Broad : Architecture 2.1 tracing","[Not Useful Class, Not Useful Use Case, Not Useful Activity]"
1137,By . in aid should,"[Not Useful Class, Not Useful Use Case, Not Useful Activity]"
1138,"OM . bioterrorism of act or event health a of reporting and , analysis , management the , collection analysis the meet to configurable be should systems","[Useful Class, Useful Use Case, Not Useful Activity]"
1139,"OM . event health the containing and identifying support to data of and needs monitoring investigation management the in participate to implemented systems for requirements functional ) PHIN ( Network Information Health Public the describes of , outbreaks other of needs the support to intended area functional PHIN the is ) OM ( Management","[Useful Class, Useful Use Case, Not Useful Activity]"
1140,Outbreak . events health and of different types a of functionality the to,"[Not Useful Class, Not Useful Use Case, Not Useful Activity]"
1141,"Central . investigation an of course the during created and defined be to objects system new supporting is entities appropriate all between links traceable create to and exposures and cases to related data collect to ability the OM for allow also , relationships , exposures , investigations , contacts , cases to related data capture and , events health of clinical and environmental specimens should application","[Useful Class, Useful Use Case, Useful Activity]"
1142,"The . information conveyance and , history restriction travel treatments and vaccinations , results laboratory , samples / , monitoring ; 2.3 , entities , fields data new that so flexibility configuration offer must OM support to designed","[Not Useful Class, Not Useful Use Case, Not Useful Activity]"
1143,Systems . information entity their types relationship support must OM supporting,"[Useful Class, Not Useful Use Case, Not Useful Activity]"
1144,Systems . event health particular each to unique information capture to added be may types and structured of unauthorized continuing for established be must plan,"[Not Useful Class, Not Useful Use Case, Not Useful Activity]"
1145,"A . failure other or sabotage from OM supporting systems actual the of activities use when supporting and fraudulent from protected be must personnel and , organizations , Patients : Privacy 2.9 ; unavailable are OM systems data entry for the provide should OM supporting","[Useful Class, Useful Use Case, Useful Activity]"
1146,"Systems . ) based web potentially and , disconnected , server client , e.g. ability ( for in mode disconnected in operate that computers other among data OM share to server a to reconnect to mode disconnected computers options deployment multiple ensures structure data standardized","[Not Useful Class, Not Useful Use Case, Not Useful Activity]"
1147,"A . standardization and , validity , integrity data ensure to fields and forms common that data mapping of support should OM supporting","[Useful Class, Not Useful Use Case, Not Useful Activity]"
1148,"Systems . event each for protection than , time one necessary be only will elements common rather support the well OM : Exchange Data and Integration System 2.5 ; events and entities affected about reports individual and aggregated both information produce must exchangeable reporting and , confirmation , identification , investigation the in involved systems between , standards established on based , be of to enable , linkages comprehensive and detailed maintain , investigation case support should OM supporting Systems : Behaviors and Functions System trace investigators contacts and should OM supporting Systems : Generation Report and , Visualization , Analysis 2.4 ; activities monitoring isolation and quarantine , a health event 2.8 ; defined clearly be should OM of aspects all support to necessary responsibilities and , activities , roles System , Security Availability as , individuals unauthorized by access and corruption from data of protection the includes data OM of Security : and Personnel : Operations","Not Useful Class, Useful Use Case, Useful Activity"
1149,"Where . organizations standards by defined been have structures data and lists vocabulary Standard : Standards Vocabulary 2.6 ; they exist , systems 2.7 ; implemented and accepted be should they , as defined standards additional","[Useful Class, Not Useful Use Case, Not Useful Activity]"
1150,As . them use should OM supporting are,"[Not Useful Class, Not Useful Use Case, Not Useful Activity]"
1151,"This that to settings exposure or , organisms other , animals , persons be can contacts exposure and , animals or persons , be such travel data exposure and case both of attributes","[Useful Class, Not Useful Use Case, Not Useful Activity]"
1152,"Because . event or , object , organization , location , conveyance as may can . in was entity the which with vehicle each of ) VIN , e.g. ( number identification and , year contact","[Useful Class, Not Useful Use Case, Not Useful Activity]"
1153,Cases ( this data demographic beyond information detailed more provide data exposure and,"[Not Useful Class, Not Useful Use Case, Not Useful Activity]"
1154,"Case . ) investigation the to relevant is information if , describe same ) illness acute , symptoms no , e.g. ( status health , diagnosis case , agent suspected the , , reported case ( and date onset symptom , history clinical , dates investigation , ) suspect , probable , confirmed , e.g. status the being the Health","[Useful Class, Useful Use Case, Not Useful Activity]"
1155,"Public . information demographic entity redundant capturing avoid to ability the have must OM supporting systems , entity Case jurisdiction Data data within unique is that ) ID Case , i.e. ( identifier case a : include should entity the about Case model , make if , example","[Useful Class, Not Useful Use Case, Not Useful Activity]"
1156,"For . captured be should , trip the about information parent the as well as , a trip person lives Fe Santa in friend a visits then , pox monkey to exposed becomes and Seattle to travels Georgia in who , a leg and departure , number flight , ) car , boat , plane , bus e.g. ( transportation of method arrival of dates times each about","[Useful Class, Not Useful Use Case, Not Useful Activity]"
1157,"Information . ) country and , state , city ( locations destination and origination the and , and travel history and , identifier carrier the including , investigation the to relevant when collected be must data conveyance","[Useful Class, Not Useful Use Case, Not Useful Activity]"
1158,"Detailed . ) the information type conveyance the as well as , ) others countless among , train or , bus , airplane as such ( of driver and vehicle be to data history","[Useful Class, Not Useful Use Case, Not Useful Activity]"
1159,"Travel . traveled person exposed the place each for accordingly noted be should data conveyance collected for an animal delivery including ( schedules delivery and , receipts adoption time and shelter animal , invoices shipping include should object or delivery the , links characteristics demographic share controls , example","[Useful Class, Not Useful Use Case, Not Useful Activity]"
1160,For . controls investigation as investigation the with associated entities classify to ability with the the of,"[Not Useful Class, Not Useful Use Case, Not Useful Activity]"
1161,"Exposure . investigation the of focus the is that agent the with infected not are but , case the subject Contact have OM another of resident the is but jurisdiction one in travel during ill becomes person a if , example","[Not Useful Class, Not Useful Use Case, Not Useful Activity]"
1162,"For , should the will supporting","It seems that the provided sentence is incomplete and unclear, so it is difficult to determine whether it is useful for creating a Class Diagram, Use Case Diagram, or Activity Diagram. Based on the lack of context, the output would likely be:

[Not Useful Class, Not Useful Use Case, Not Useful Activity]"
1163,Systems . visited jurisdiction the by investigated and residence of ) jurisdiction ( state the by reported be illness . Data investigation exposure of source the about collected be must data,"[Useful Class, Useful Use Case, Useful Activity]"
1164,Detailed . exposure of source the to proximity ’s entity as the well the potential the and source potential the both to related data,"[Not Useful Class, Not Useful Use Case, Not Useful Activity]"
1165,"Exposure . tracing exposure contact support to entity exposed as Exposure and exposure intimate , e.g. ( exposure of type , levels exposure to related information include must captured be to data , , social household of frequency , exposed was entity the time of length , exposure of place , ) conveyance common , , captured be must onset : includes collected be to data epi","[Useful Class, Useful Use Case, Useful Activity]"
1166,"Standard . events of investigation case the in assist to collected date be and of , data procedure , data laboratory , data history medical , factors risk , symptoms of type , symptoms time and must ) be must","[Useful Class, Useful Use Case, Not Useful Activity]"
1167,"There . ) low , medium , high , e.g. ( priority and , cases other to a data means update epi (","[Not Useful Class, Not Useful Use Case, Not Useful Activity]"
1168,"Epidemiological . event an during changes definition case the if automatically or manually either diagnosis case the to questionnaire responses . contacted be may investigator the that so , information contact and , address , name their including , investigator to the answer or investigations and cases the reporting jurisdiction the and event the investigating jurisdiction the","[Useful Class, Useful Use Case, Useful Activity]"
1169,Both . information additional provide to questions about collected be,"[Not Useful Class, Not Useful Use Case, Not Useful Activity]"
1170,"In . captured be to data investigation case specific - event , dynamic for allow must OM supporting","[Useful Class, Not Useful Use Case, Not Useful Activity]"
1171,Systems the context of a should information,"[Not Useful Class, Not Useful Use Case, Not Useful Activity]"
1172,"Demographic . case the to linked and epidemiological recorded must case a to exposed entities all , case be as such information be may","[Useful Class, Useful Use Case, Not Useful Activity]"
1173,It . investigation OM an in animals for collected be also should ID Subject,"[Useful Class, Not Useful Use Case, Not Useful Activity]"
1174,"A . species a and challenge ensure investigations in involved animals , therefore ; identified easily not are animal an of details demographic because identification unambiguous to may , , investigation OM an in involved animals any about data capture to capability the have must OM supporting Systems ) , weight including type color , address and name ’s owner , gender , age , ) etc , monkey , dog ( : hall need be physical , type , object the of name : include may data","[Useful Class, Not Useful Use Case, Not Useful Activity]"
1175,"Collected ” . animal or , place descriptors , , , e.g. ( times and dates relevant and , ) number slip package , number serial e.g. ( number identification address to organization person OM an in involved object any for data capture to capability the have must OM supporting","[Useful Class, Useful Use Case, Not Useful Activity]"
1176,"Systems . tagged investigation , , as “ a as classified be not can that object any or , item food , invoice , letter a such meeting ’s chapter OM supporting","[Not Useful Class, Not Useful Use Case, Not Useful Activity]"
1177,"Systems . history work and occupation as such , captured be may details descriptive","[Useful Class, Not Useful Use Case, Not Useful Activity]"
1178,"Other . citizenship must of have capability association professional a , university a , department health local a , e.g. ( organizations about data capture to the ) country , treatments administered .","[Useful Class, Useful Use Case, Not Useful Activity]"
1179,"Systems supporting OM should be able to provide the aggregate data necessary for health event monitoring and/or and vaccinations number ethnicity , race , number phone , gender , birth cases , number of contacts per case , and of involved in an GPS , country , code zip , state , city , address street , ) store , room , coordinates building , other local a , location branch business a , campus a on building specific a , e.g. ( details specific and , floor , have must OM supporting","[Useful Class, Useful Use Case, Not Useful Activity]"
1180,"Systems . information contact and , location , name organization : including , investigation OM the capability to capture e.g. ( type , ) applicable if ( name , : , investigation OM an in involved locations about data including invoice date ,","[Useful Class, Useful Use Case, Not Useful Activity]"
1181,"Systems . ) closed , open , e.g. ( status event the as well as , event the by supporting impacted OM have ability the have should OM supporting","[Not Useful Class, Not Useful Use Case, Not Useful Activity]"
1182,"Systems . event health a for definition case the record to ability the should to area the ( event of category the , investigation the for reason the including , captured be should event health the e.g. geographic environmental infectious , focus investigation or ) known if ( agent suspected the , began event the date the , ) , capture changes to of part a as travel local ’s person a include history travel of","[Useful Class, Useful Use Case, Useful Activity]"
1183,Examples . occurred travel the which their in daily as include should data history,"[Not Useful Class, Not Useful Use Case, Not Useful Activity]"
1184,Travel . another to country one from plants or animals of shipment the as well activities vehicle the describes when indicate to information specific provides history,"[Not Useful Class, Not Useful Use Case, Not Useful Activity]"
1185,"Travel . evolves event health the as occur that definition case the , where , and data conveyance and , ) locations multiple to or describing ( a to traveled event an in involved subjects how location systems","[Useful Class, Useful Use Case, Not Useful Activity]"
1186,"Data jurisdiction church , e.g. ( people of gathering private or public any about data capture to capability the have must social OM , game etc , event the of nature , location , time : including , investigation OM an in involved ) ball . supporting . any about data capture to capability the have must OM supporting","[Useful Class, Useful Use Case, Not Useful Activity]"
1187,"Systems . ) date packaging , date shipping conveyance","[Not Useful Class, Not Useful Use Case, Not Useful Activity]"
1188,"Systems involved an etc , ) number flight , e.g. ( taken route , conveyance of type : including , investigation OM in Systems supporting OM a","[Not Useful Class, Not Useful Use Case, Not Useful Activity]"
1189,"When . exposed potentially or exposed , infected entities of investigations support to history travel ’s entity an health capture event investigated the within unique is that ) ID Event , i.e. ( identifier event an assigned be must it , is to capability the involved are that animals or persons than other things living any about data capture to capability the have must in an OM investigation have must OM supporting","[Useful Class, Useful Use Case, Not Useful Activity]"
1190,"Systems . questions collection data . customizable and , thing living of type : including , other associated","[Useful Class, Not Useful Use Case, Not Useful Activity]"
1191,"This date of privileges and , password , address the email username , name last , name first , out user System desired with user new the for account ; new creates System ; information user new validates a privileges fill Administrator link or button clicks","[Useful Class, Useful Use Case, Useful Activity]"
1192,"Administrator . HTTPS to with web a via system weborder the access browser to "" Users the prompts System ; process user Add Add initiate link or button the clicks Administrator "" to ; System displays button clicks Administrator "" User Remove “ or to or button clicks","[Not Useful Class, Useful Use Case, Useful Activity]"
1193,Administrator . HTTPS with link browser link initiate or searching by user a select to to Administrator prompts System ; process user remove the the web a via . system the within created is account,
1194,Remove customer,"[Not Useful Class, Useful Use Case, Useful Activity]"
1195,A . Administrator to page home account new a user from system weborder the access to able be must,
1196,Administrator . System Weborder ;,"[Not Useful Class, Not Useful Use Case, Not Useful Activity]"
1197,Administrator . system the to able be must ; address email registered to email sends B5,"[Not Useful Class, Useful Use Case, Not Useful Activity]"
1198,System B4 ; confirms,"[Not Useful Class, Not Useful Use Case, Not Useful Activity]"
1199,Administrator . B3 ; . account . to,"[Not Useful Class, Not Useful Use Case, Not Useful Activity]"
1200,Logout . system the into logged is,"[Not Useful Class, Useful Use Case, Useful Activity]"
1201,Go Administrator . ) Scenario Basic ( 1 Step,"[Not Useful Class, Useful Use Case, Not Useful Activity]"
1202,The email to details 5 Step to,"[Not Useful Class, Not Useful Use Case, Not Useful Activity]"
1203,Go . A2 ; ( cookie Administrator recognizes,"[Not Useful Class, Useful Use Case, Not Useful Activity]"
1204,System .,"Your input ""System."" is too generic and does not provide enough context to determine its usefulness for any of the diagrams. Here's the evaluation:

[Not Useful Class, Not Useful Use Case, Not Useful Activity]"
1205,A1 . Administrator 's Basic Scenario ) login resend to Administrator prompts,
1206,System . B2 ; information login incorrect enters,"[Not Useful Class, Useful Use Case, Useful Activity]"
1207,Administrator .,"[Useful Class, Not Useful Use Case, Not Useful Activity]"
1208,B1 ; the viewing Administrator on . system the of out logged is,"[Not Useful Class, Useful Use Case, Useful Activity]"
1209,Register Administrator . page home displays System ; cookie,"[Not Useful Class, Not Useful Use Case, Not Useful Activity]"
1210,The session a customer,"[Useful Class, Not Useful Use Case, Not Useful Activity]"
1211,"Administrator . System Weborder ; Administrator system new the account administrator or , person sales , with the terminates System the on in - logged be must system","[Not Useful Class, Useful Use Case, Not Useful Activity]"
1212,Administrator System Weborder ;,"[Not Useful Class, Not Useful Use Case, Not Useful Activity]"
1213,Administrator . system the . .,"[Not Useful Class, Not Useful Use Case, Not Useful Activity]"
1214,"Administrator clicks ; process logout initiate to link or button clicks Administrator "" Logout "" to link or button account a list of","[Not Useful Class, Useful Use Case, Useful Activity]"
1215,A . Administrator the to options in new - displays System ; changes validates and in plug - plug in,"[Not Useful Class, Useful Use Case, Useful Activity]"
1216,Administrator . application the from in - - plug,"[Not Useful Class, Not Useful Use Case, Not Useful Activity]"
1217,"Remove . application the in installed is a plug installs System or button the clicks Administrator "" ins link - Install "" to link or button the Plug to initiate Plug ; module in - Plug the upload to Administrator the prompts System ; process installation in - ; clicks Weborder . removes System ; module in - Plug the desired select to Administrator the prompts System ; the process plug in changes","[Not Useful Class, Not Useful Use Case, Not Useful Activity]"
1218,Make . application the from removed - is - plug,"The sentence ""Make . application the from removed - is - plug"" is unclear and appears to be jumbled or incomplete. Could you please rephrase or clarify the sentence? This will help in accurately determining whether it is useful for Class Diagram, Use Case Diagram, or Activity Diagram."
1219,A . changes validates and in deletion in - . HTTPS with browser web a via,"[Not Useful Class, Not Useful Use Case, Not Useful Activity]"
1220,Administrator system the access to able be must,"[Not Useful Class, Not Useful Use Case, Not Useful Activity]"
1221,"Administrator weborder clicks the button Plug initiate to link button the clicks Administrator "" ins - Plug Install "" to link or System to","[Not Useful Class, Useful Use Case, Useful Activity]"
1222,Administrator HTTPS HTTPS with browser web a via system . weborder access to able be must,"[Not Useful Class, Useful Use Case, Not Useful Activity]"
1223,Administrator . the user,"[Not Useful Class, Not Useful Use Case, Not Useful Activity]"
1224,"Administrator button initiate to link or button the clicks clicks Administrator Properties User Change “ to link or "" the of privileges displays System ; user selected of deletion account confirms ; information user displays System ; users System home page to and passwords as such properties","[Not Useful Class, Useful Use Case, Useful Activity]"
1225,Alter . system the within deleted been has account,
1226,An . Administrator change . user process application the to in - plug new . a . system the within altered been has,"[Not Useful Class, Not Useful Use Case, Not Useful Activity]"
1227,Install account,"[Not Useful Class, Not Useful Use Case, Not Useful Activity]"
1228,Administrator Weborder with browser web a via system weborder ; the to able be must,"[Not Useful Class, Useful Use Case, Not Useful Activity]"
1229,Administrator . System access,"[Not Useful Class, Useful Use Case, Not Useful Activity]"
1230,An . Administrator of list a viewing or searching by users user select to Administrator the prompts System ; a ; System displays to page home account the displays System ; properties user the alters System ; information user the properties page home account link or button the on clicks,"[Not Useful Class, Useful Use Case, Useful Activity]"
1231,Customer to . the on in - logged be must system,"[Not Useful Class, Useful Use Case, Not Useful Activity]"
1232,"Customer "" "" the terminates System ; process logout initiate Logout to in link or button the clicks Customer order . System Weborder new stores System ; changes the verifies account System details account the edit to order in ; information .","The sentence is somewhat jumbled, but I will try to interpret its meaning and classify it:

Interpreted version:  
""Customer clicks the logout button or link to terminate the system process; the system initiates the logout process. Customer changes account details to edit order information; the system verifies and stores new account details in WebOrder.""

Analysis:  
1. **Class Diagram**: Useful to identify entities like ""Customer,"" ""System,"" and ""WebOrder,"" as well as their relationships and attributes.  
2. **Use Case Diagram**: Useful to identify interactions such as ""Customer logs out"" and ""Customer edits account information.""  
3. **Activity Diagram**: Useful to represent sequential activities like clicking the logout button, initiating the logout process, verifying details, and storing information.

**Verdict**: [Useful Class, Useful Use Case, Useful Activity]"
1233,The ;,"The sentence ""The ;"" does not contain sufficient information or context to classify its usefulness for Class Diagrams, Use Case Diagrams, or Activity Diagrams.

Output: [Not Useful Class, Not Useful Use Case, Not Useful Activity]"
1234,Customer . system the on account customer the,"[Useful Class, Useful Use Case, Not Useful Activity]"
1235,Logout . details account the changed has Customer session link cookie System in link or button the clicks,"[Not Useful Class, Useful Use Case, Useful Activity]"
1236,"Customer order . Cart To Add "" to link or "" button to to cart the to ) item(s the adds add","[Not Useful Class, Useful Use Case, Not Useful Activity]"
1237,System 2 ; quantity specified with cart the . the clicks,"[Not Useful Class, Not Useful Use Case, Not Useful Activity]"
1238,Customer adds,"[Useful Class, Useful Use Case, Not Useful Activity]"
1239,Customer . system the of out item(s logged Customer,"The sentence provided is unclear and seems to be incomplete or jumbled. Could you rephrase or provide the correct sentence so I can classify whether it's useful for Class Diagram, Use Case Diagram, or Activity Diagram?"
1240,The . page home the displays is ) in the . system the on in - logged be must customer,"[Not Useful Class, Useful Use Case, Not Useful Activity]"
1241,The . System Weborder ; Customer cart ; ; or the the to details login resend to Customer email the,"[Not Useful Class, Not Useful Use Case, Not Useful Activity]"
1242,System . B2 ; information login incorrect prompts enters account,
1243,B3 ; address email registered the to email . an,"[Useful Class, Not Useful Use Case, Not Useful Activity]"
1244,System . B4 ; confirms,"[Not Useful Class, Not Useful Use Case, Not Useful Activity]"
1245,Customer . sends,"[Not Useful Class, Not Useful Use Case, Not Useful Activity]"
1246,Customer .,"[Useful Class, Not Useful Use Case, Not Useful Activity]"
1247,B1 Customer the to page home account displays . System cookie session creates System ; information the ;,
1248,A1 .,"[Not Useful Class, Not Useful Use Case, Not Useful Activity]"
1249,System ; ) Scenario Basic ( 5 Step to,"It seems like your input is incomplete or unclear. Could you provide a full and clear sentence or context so I can assist you in determining whether it is useful for Class Diagram, Use Case Diagram, or Activity Diagram?"
1250,"Go . A2 ; cookie 's Customer the recognizes B5 button . to the initiate to link or button the process clicks "" Account Edit "" to link or Customer button to the clicks Customer ; Customer the to page edit home the displays","[Not Useful Class, Useful Use Case, Useful Activity]"
1251,System .,"Your input ""System."" is too generic and does not provide sufficient context to determine its usefulness for creating any specific type of diagram. Here's the classification for this input:

[Not Useful Class, Not Useful Use Case, Not Useful Activity]"
1252,2 . account account the on clicks,"[Not Useful Class, Not Useful Use Case, Not Useful Activity]"
1253,Edit . system the into logged is the Customer . ) Scenario Basic ( 1 Step,"[Not Useful Class, Useful Use Case, Useful Activity]"
1254,The customer account details,"[Useful Class, Not Useful Use Case, Not Useful Activity]"
1255,Customer . system the on in - logged be must,"[Not Useful Class, Useful Use Case, Not Useful Activity]"
1256,Customer . System Weborder ;,"[Not Useful Class, Not Useful Use Case, Not Useful Activity]"
1257,Customer .,"[Useful Class, Not Useful Use Case, Not Useful Activity]"
1258,Go to System the terminates,
1259,Customer .,"[Useful Class, Not Useful Use Case, Not Useful Activity]"
1260,A1 . process checkout order completed flag with cookie appends System ; Customer for the web during,"[Useful Class, Useful Use Case, Useful Activity]"
1261,System . A3 ; interface weborder to browser returns . A2 ; process checkout the order,"[Not Useful Class, Useful Use Case, Useful Activity]"
1262,Customer to confirmation email,"[Not Useful Class, Useful Use Case, Not Useful Activity]"
1263,"Customer . 5 ; methods payment and confirms details the with customer the presents System ; account account details and sends System ; details order and confirmation order stores System ; order confirms Customer ; methods payment recognizes process cookie goes ; process login initiate to link or System button Administrator "" Login "" to link or clicks button prompts Administrator displays System ; cookie session creates System the ; verifies System ; password and email for information clicks","The provided input appears to be a mix of fragmented sentences and phrases. I will try to infer meaning from it and classify based on relevance to Class Diagrams, Use Case Diagrams, and Activity Diagrams.

**Analysis and Classification:**

1. **""Customer . 5 ; methods payment and confirms details the with customer the presents System ;""**
   - *Useful for Class Diagram:* Yes, as it mentions ""methods of payment,"" which could be a class attribute.
   - *Useful for Use Case Diagram:* Yes, as it describes a customer interaction with the system.
   - *Useful for Activity Diagram:* Yes, as it outlines a sequence of actions.

   **[Useful Class, Useful Use Case, Useful Activity]**

2. **""account account details and sends System ; details order and confirmation order stores System ;""**
   - *Useful for Class Diagram:* Yes, as it mentions ""account details"" and ""order details,"" which could be attributes of a class.
   - *Useful for Use Case Diagram:* Yes, as it describes the system's functionality of sending and storing order confirmations.
   - *Useful for Activity Diagram:* Yes, as it describes a flow of actions related to order processing.

   **[Useful Class, Useful Use Case, Useful Activity]**

3. **""order confirms Customer ; methods payment recognizes""**
   - *Useful for Class Diagram:* Yes, as ""order"" and ""methods of payment"" could be class-related elements.
   - *Useful for Use Case Diagram:* Yes, as it describes a customer confirming an order and payment methods.
   - *Useful for Activity Diagram:* Yes, as it involves sequential actions like order confirmation and payment recognition.

   **[Useful Class, Useful Use Case, Useful Activity]**

4. **""process cookie goes ; process login initiate to link or System button""**
   - *Useful for Class Diagram:* No, as it does not define any class structure or attributes.
   - *Useful for Use Case Diagram:* Yes, as it describes a system process involving login and cookies.
   - *Useful for Activity Diagram:* Yes, as it describes a procedural flow for login initiation.

   **[Not Useful Class, Useful Use Case, Useful Activity]**

5. **""Administrator 'Login' to link or clicks button prompts Administrator displays System ;""**
   - *Useful for Class Diagram:* No, as it does not define any class or attribute.
   - *Useful for Use Case Diagram:* Yes, as it describes an interaction between the administrator and the system.
   - *Useful for Activity Diagram:* Yes, as it describes an action flow involving clicking buttons and system prompts.

   **[Not Useful Class, Useful Use Case, Useful Activity]**

6. **""cookie session creates System the ; verifies System ; password and email for information clicks""**
   - *Useful for Class Diagram:* No, as it does not define any class or attribute.
   - *Useful for Use Case Diagram:* Yes, as it describes system functionality involving session creation and verification.
   - *Useful for Activity Diagram:* Yes, as it outlines a procedural flow involving session creation, verification, and email/password input.

   **[Not Useful Class, Useful Use Case, Useful Activity]**

"
1264,Administrator . order an confirmed and placed has Customer .,"[Useful Class, Useful Use Case, Not Useful Activity]"
1265,The ) Scenario Basic ( 4 step to .,"[Not Useful Class, Not Useful Use Case, Not Useful Activity]"
1266,Login to an registered be already must account,"[Not Useful Class, Useful Use Case, Not Useful Activity]"
1267,Administrator . System Weborder ;,"[Not Useful Class, Not Useful Use Case, Not Useful Activity]"
1268,Administrator . system the with account Administrator and prompts checkout flag A3 ; interface weborder to returns,"[Not Useful Class, Not Useful Use Case, Not Useful Activity]"
1269,Customer . . ; cart to ) item(s adding after A2 window,"[Not Useful Class, Not Useful Use Case, Not Useful Activity]"
1270,System cookie,"[Not Useful Class, Not Useful Use Case, Not Useful Activity]"
1271,The . cart in items existing with recognizes ) Basic ( 6 step to goes and Scenario browser web the items the confirms Customer ; cart from in item remove or quantity the edit to Customer the the cart ; terminates,"[Not Useful Class, Useful Use Case, Useful Activity]"
1272,Customer .,"[Useful Class, Not Useful Use Case, Not Useful Activity]"
1273,"A1 . listings product to returns Customer ; details cart with cookie stores System Customer for has item(s link or button the clicks Customer "" to Ckeckout to link or button clicks","[Useful Class, Useful Use Case, Useful Activity]"
1274,"Customer . "" cart initiate checkout with cookie appends System ; cart shopping the the items of order calculates System ; process in shopping the in process checkout the for order an confirms . and","[Not Useful Class, Useful Use Case, Useful Activity]"
1275,Customer . cart shopping the to ) places,"[Useful Class, Useful Use Case, Useful Activity]"
1276,Customer ; Weborder ) item(s have must Customer ; system the on in - logged be must,"[Not Useful Class, Useful Use Case, Not Useful Activity]"
1277,Customer . System added verifies an plug module separate,"[Not Useful Class, Not Useful Use Case, Not Useful Activity]"
1278,A . orders the ship to to transportation and number tracking its for Ex needs - generate tracking not does System ; future the in the considered will system transportation a having and numbers be support Fed mainly coming orders of transition smooth a have in to a out figure to has organization,"[Useful Class, Useful Use Case, Not Useful Activity]"
1279,The way on through to depends J - Gamma ; competitor the telephones to loosing without system ordering online new the business customer order analysis the of,"[Not Useful Class, Not Useful Use Case, Not Useful Activity]"
1280,Name = name Item ; selected ) or alphabetic ( characters 10 maximum to alphanumeric 4 item maximum ; item selected the identified uniquely that ; ID ID Item ; string alphabetic character 50 = minimum ; Company minimum ; Company Co Tool of /customer 4 employee of ID,"[Useful Class, Not Useful Use Case, Not Useful Activity]"
1281,User = ID,"[Useful Class, Not Useful Use Case, Not Useful Activity]"
1282,User . the to maximum 10 Co Tool of /customer employee the of Password =,"[Not Useful Class, Not Useful Use Case, Not Useful Activity]"
1283,Password ; ) alphanumeric or alphabetic ( characters . extensive labor and or searching by product a select to viewing Person the prompts System ; process Attributes Product Sales Update a of the update to Person Sales allows and list attributes the of all displays System ; products product initiate to link with browser web a via system weborder HTTPS the to able be must Person,"[Useful Class, Useful Use Case, Not Useful Activity]"
1284,Sales . access .,"[Useful Class, Useful Use Case, Not Useful Activity]"
1285,"Sales Person or button the clicks Person Sales "" Attributes Product Update "" to link or button the clicks product a name product been have attributes product","[Not Useful Class, Useful Use Case, Useful Activity]"
1286,"The . page changed product newly the displays System ; system the updated within . , expensive both is which J - Gamma",
1287,"Currently at of source significant a are orders telephonic business information product and availability product , image product the update , , product , description product , d i price and/or the number page product the updates System ; information product the validates System ; inventory the in items of , 7 - digit","[Useful Class, Useful Use Case, Useful Activity]"
1288,Address = address Shipping ; string numeric where digit ; customer the of number card,"[Useful Class, Not Useful Use Case, Not Useful Activity]"
1289,Credit 16 = the has it when card credit the on date item,"[Not Useful Class, Not Useful Use Case, Not Useful Activity]"
1290,The expiry card Credit ; shipped be to = . No Card ID mail - E ; string numeric = digit ; address above the of code postal 5,"[Useful Class, Not Useful Use Case, Not Useful Activity]"
1291,E - mail,"[Not Useful Class, Not Useful Use Case, Not Useful Activity]"
1292,Credit ; alphanumeric characters 50 ; system order Web the using is who customer the of address will,"[Useful Class, Not Useful Use Case, Not Useful Activity]"
1293,"The get ; Place = Location ; YYYY / DD where / format ; shipped is order specified the MM when the is . ) shelf , column , aisle item ( form the in warehouse the in kept of","[Useful Class, Not Useful Use Case, Not Useful Activity]"
1294,Date = date the to order the of number confirmation customer,"[Not Useful Class, Not Useful Use Case, Not Useful Activity]"
1295,Unique,"It seems like you've provided only the word ""Unique."" This does not provide sufficient context to determine if it can support a Class Diagram, Use Case Diagram, or Activity Diagram.

For a meaningful classification, please provide a full sentence or a clear context. For now, the output would be:

[Not Useful Class, Not Useful Use Case, Not Useful Activity]"
1296,No Order ; YY / MM format = ; 9 characters,"[Useful Class, Not Useful Use Case, Not Useful Activity]"
1297,Shipping ; alphanumeric characters 20 ; order the track to,"[Useful Class, Not Useful Use Case, Not Useful Activity]"
1298,Number,"Could you please provide the full sentence you'd like to classify? I can then help determine whether it's useful for a Class Diagram, Use Case Diagram, or Activity Diagram."
1299,= . No Tracking ; alphanumeric expired System = Zip the =,"[Not Useful Class, Not Useful Use Case, Not Useful Activity]"
1300,Quantity ; cents and dollars number in destination its to item the shipping for ;,"[Useful Class, Not Useful Use Case, Not Useful Activity]"
1301,Cost of of quantity = maximum ; 1 = default units ; is customer the that item selected each ordering = price Shipping item selected the of unit single a ; of =,"[Useful Class, Not Useful Use Case, Not Useful Activity]"
1302,Price ; character alphanumeric generated system,"[Useful Class, Not Useful Use Case, Not Useful Activity]"
1303,Cost in dollars and ; characters alphabetic 100 maximum ; item selected the of description special = description Text ; cents presently code in ; characters 20 maximum ; address above the alphabetic for the of Name = City ; customer city the string State ; string alphabetic characters 20 maximum ; ; city the for state the of Name = above of,"[Useful Class, Not Useful Use Case, Not Useful Activity]"
1304,Location = that of units of Number item selected item the unit single a of,"[Not Useful Class, Not Useful Use Case, Not Useful Activity]"
1305,Cost = Total of selected ; in,"[Not Useful Class, Not Useful Use Case, Not Useful Activity]"
1306,Address ; characters alphabetic 100 maximum ; customer the of,"[Useful Class, Not Useful Use Case, Not Useful Activity]"
1307,"Name = Name ; cents and dollars inventory Weborder ; Person initiate to link or button the clicks login Person "" Login "" to link or button Sales clicks process System creates System ; information the verifies System ; ; and email for Person Sales the prompts password Person","Not Useful Class, Useful Use Case, Useful Activity"
1308,Sales . . updated successfully was store web,"[Not Useful Class, Not Useful Use Case, Not Useful Activity]"
1309,The,"The sentence ""The"" is incomplete and lacks sufficient context or information to determine its usefulness for creating any diagram. 

Output: [Not Useful Class, Not Useful Use Case, Not Useful Activity]"
1310,Login . successfully been has patch that confirms System installed to an account registered be already must account Person,
1311,Sales . System Weborder ; Person,"[Useful Class, Not Useful Use Case, Not Useful Activity]"
1312,Sales . system the with session ; cookie System Person,"[Useful Class, Not Useful Use Case, Not Useful Activity]"
1313,Sales . B3 ; account email confirms to login resend to Person Sales the prompts details,"[Not Useful Class, Not Useful Use Case, Not Useful Activity]"
1314,System ; . Basic ( 1 Step to,"[Not Useful Class, Not Useful Use Case, Not Useful Activity]"
1315,Go . B4 B5 address email registered to email sends,"[Not Useful Class, Not Useful Use Case, Not Useful Activity]"
1316,System ; . B2 ; 's Person Sales recognizes,"[Not Useful Class, Not Useful Use Case, Not Useful Activity]"
1317,System .,"Your input ""System."" is too vague and does not provide enough context to determine whether it can be classified as useful for a Class Diagram, Use Case Diagram, or Activity Diagram. Based on the lack of information:

**[Not Useful Class, Not Useful Use Case, Not Useful Activity]**"
1318,A1 cookie . Sales to page home account the displays Person ; A2 . information login incorrect enters Person,"[Not Useful Class, Useful Use Case, Useful Activity]"
1319,Sales .,"[Not Useful Class, Not Useful Use Case, Not Useful Activity]"
1320,B1 ; ) Scenario Basic ( 5 Step to,"[Not Useful Class, Useful Use Case, Not Useful Activity]"
1321,Go ; Scenario software and the select to Administrator the prompts System desired ; Options in - Plug initiate to link process or Plug in changes confirms System ; Administrator the to - options - plug all displays System ; module in button the clicks weborder the access to able be must system,"[Not Useful Class, Useful Use Case, Useful Activity]"
1322,Administrator System Weborder ;,"[Not Useful Class, Not Useful Use Case, Not Useful Activity]"
1323,"Administrator . in - . via a web Administrator "" ins - Plug Manage "" to link or button clicks","[Not Useful Class, Useful Use Case, Not Useful Activity]"
1324,"Administrator . HTTPS with browser with reinitializes the . button the clicks Administrator "" Patch Install or "" link or button the clicks","[Not Useful Class, Useful Use Case, Useful Activity]"
1325,Administrator . to HTTPS link initiate patches installs automatically System ; patch the to upload Administrator the prompts System ; process Patching to with browser web updates software or patches,"[Not Useful Class, Useful Use Case, Useful Activity]"
1326,Install . changed to been have options ’s in - plug,"[Not Useful Class, Not Useful Use Case, Not Useful Activity]"
1327,A successfully the web store a via system weborder the access to able be must,"[Not Useful Class, Useful Use Case, Not Useful Activity]"
1328,Administrator . System Weborder ;,"[Not Useful Class, Not Useful Use Case, Not Useful Activity]"
1329,Administrator . Administrator installed ),"[Not Useful Class, Not Useful Use Case, Not Useful Activity]"
1330,The,"It seems like your input is incomplete. Could you provide the full sentence you'd like analyzed for its usefulness in creating Class Diagrams, Use Case Diagrams, or Activity Diagrams?"
1331,Sales . System Weborder ; Person,"[Useful Class, Not Useful Use Case, Not Useful Activity]"
1332,Sales Person . the from product a,"[Not Useful Class, Not Useful Use Case, Not Useful Activity]"
1333,Remove . system system the must able the clicks Person,"[Not Useful Class, Not Useful Use Case, Not Useful Activity]"
1334,"Sales . HTTPS with be browser a via system weborder the access to web within created is System ; information product new the validates creates System product of availability and , inventory in ; a new product product new","[Useful Class, Useful Use Case, Not Useful Activity]"
1335,A . page product created newly the displays System ; product new the for page button items or to newly the displays System ; system the created from product and page product the removes System information ; product .,"[Useful Class, Useful Use Case, Not Useful Activity]"
1336,Sales . system the within attributes Product page,"[Useful Class, Not Useful Use Case, Not Useful Activity]"
1337,Update system the from deleted is product,"[Not Useful Class, Not Useful Use Case, Not Useful Activity]"
1338,"A . information product the process Product Remove initiate to link or ; button clicks Person Sales "" Product Remove "" the System prompts the validates System ; products of list a viewing or searching by product a select to Person Sales link . of , ; process logout initiate to link or System button clicks Person Sales "" Logout "" to the link terminates session system the of out logged is Person the Sales . page home displays System ; cookie","[Not Useful Class, Useful Use Case, Useful Activity]"
1339,The or button the system the on account Person Sales the .,"[Not Useful Class, Not Useful Use Case, Not Useful Activity]"
1340,Logout system the into logged is Person Sales .,"[Not Useful Class, Useful Use Case, Not Useful Activity]"
1341,Sales Person ; clicks Person,"[Not Useful Class, Useful Use Case, Not Useful Activity]"
1342,Sales . system the on in - logged be must Person,"[Not Useful Class, Useful Use Case, Not Useful Activity]"
1343,Sales . System Weborder . number,"[Useful Class, Not Useful Use Case, Not Useful Activity]"
1344,"Add product Person Sales the prompts System ; process to Product initiate to link or button the clicks Add Person fill product image product a upload , price product out , product , d i product , name description Sales "" Product to able be must Person","[Useful Class, Useful Use Case, Useful Activity]"
1345,Sales . access System ; Person,"[Useful Class, Not Useful Use Case, Not Useful Activity]"
1346,"Sales . system the to Weborder the weborder system Add "" to link or button the clicks Person","[Not Useful Class, Useful Use Case, Useful Activity]"
1347,Sales . HTTPS with browser web a via a System or password Intel an on operate shall Store,"[Not Useful Class, Useful Use Case, Not Useful Activity]"
1348,"Web based . and 4 Version Communicator Netscape , 7 5 and system Slackware Corporation Yoggie the by designed is system with operating . Server Web Apache and 2.6 Linux","[Not Useful Class, Not Useful Use Case, Not Useful Activity]"
1349,The . 6 Explorer administrator the upgraded be to needs account can the,"[Not Useful Class, Not Useful Use Case, Not Useful Activity]"
1350,Later . account customer a as default if version accomplish via Internet Microsoft : browsers internet following the this with shall Store,"[Not Useful Class, Not Useful Use Case, Not Useful Activity]"
1351,Web . interface administrator the operate,"[Not Useful Class, Not Useful Use Case, Not Useful Activity]"
1352,Although maintenance documentation . database based SQL a use,"[Not Useful Class, Not Useful Use Case, Not Useful Activity]"
1353,Must,"It seems that the word ""Must"" alone does not provide any context or meaningful information to determine its usefulness for creating Class Diagrams, Use Case Diagrams, or Activity Diagrams. 

Output: [Not Useful Class, Not Useful Use Case, Not Useful Activity]"
1354,SQL . Yoggie by provided are divers and interface Corporation,"[Not Useful Class, Not Useful Use Case, Not Useful Activity]"
1355,USB standard the for compatibility and use of easy allows is SQL,"[Not Useful Class, Not Useful Use Case, Not Useful Activity]"
1356,"Restricting . format database used widely most to . information inventory Web this of developers the , tested Store be system operating the and supplied be will will are not responsible store to database based SQL use shall system","[Useful Class, Not Useful Use Case, Not Useful Activity]"
1357,The . system operating the of functionality the for will it Store Web will documentation,"[Not Useful Class, Not Useful Use Case, Not Useful Activity]"
1358,Full . advisability ensure to be privilege have can individual one than more,"[Not Useful Class, Not Useful Use Case, Not Useful Activity]"
1359,Suggested administrator . provided the the of owner the generally Is : to Personnel ; process this with assist to Administrator Sales accounts of privileges generally Is : Administrator,"[Not Useful Class, Not Useful Use Case, Not Useful Activity]"
1360,System . cart the the items purchasing when buyers from payment transfer in owner that takes assigning of charge in be will administrator,"[Useful Class, Useful Use Case, Useful Activity]"
1361,The . system Store Web the for maintenance of care Web Web Store with will store Web,"[Not Useful Class, Not Useful Use Case, Not Useful Activity]"
1362,The . Store Web have ’s - GAMMA from inventory purchase to wishing J individual a of on account new a creating,"[Not Useful Class, Not Useful Use Case, Not Useful Activity]"
1363,"When . variety Key on loaded inventory the upon depending clientele the an is customer delete , add can personnel sales , and added . descriptions line product and inventory updating","[Useful Class, Useful Use Case, Useful Activity]"
1364,"Once change descriptions , A : Customer ; buy to customers for items flag ready when and , prices , pictures tasked Store .","[Not Useful Class, Not Useful Use Case, Not Useful Activity]"
1365,"Compatibility view , information contact configure , profiles their customer store to accounts create to able be their will purchase , log and , in log , register history to be will","[Useful Class, Useful Use Case, Not Useful Activity]"
1366,Customers . orders confirm and able,"[Useful Class, Useful Use Case, Not Useful Activity]"
1367,Customers . results ; task runs Service ; request up Service picks ; Service to request submits Server Web Service returns results ; displays Browser Web ; Browser Web to results returns Server Web ; completion for checks Server Web out ; of accounts multi in stored be will Products 3.1.2 - as . feature system priority medium a is,"[Useful Class, Useful Use Case, Useful Activity]"
1368,Same,"Sure! Please provide the sentence, and I will classify whether it is useful for a Class Diagram, Use Case Diagram, or Activity Diagram in the requested format (e.g., [Useful Class, Useful Use Case, Not Useful Activity])."
1369,This tiered ; administrators for allow will management inventory,"[Not Useful Class, Not Useful Use Case, Not Useful Activity]"
1370,"The categories . or categories sub contain can category a products . categories tiered to ability the as such , information store payment also will profiles Customer ,","[Useful Class, Not Useful Use Case, Not Useful Activity]"
1371,Furthermore . include credit card information - multi into products of placement the for allow will management,"[Not Useful Class, Not Useful Use Case, Not Useful Activity]"
1372,"Inventory . information address and , their and request Server deliver Shall interface web the via users Operations for online install","[Useful Class, Useful Use Case, Not Useful Activity]"
1373,Shall . compatible % 100 help be and manual of delivery the,"[Not Useful Class, Not Useful Use Case, Not Useful Activity]"
1374,"Assume . Administrator the Maintenance for Installation and , book Guide Users , Instructions not may Firefox Communicator Netscape , 7 and 6 version Version Explorer Microsoft for verified and tested only is Internet 4 and 5 or Mozilla as such browsers other","[Not Useful Class, Not Useful Use Case, Not Useful Activity]"
1375,Also . compatible % 100 be not may versions,"[Not Useful Class, Not Useful Use Case, Not Useful Activity]"
1376,"Other . development parses , and that ensure will methods","[Not Useful Class, Not Useful Use Case, Not Useful Activity]"
1377,Security . feature customer system high a is,"[Not Useful Class, Useful Use Case, Not Useful Activity]"
1378,This . orders confirm priority and accounts confidential Web ; HTTPS via Server Web to remain request Browser,"[Not Useful Class, Not Useful Use Case, Not Useful Activity]"
1379,"Web . tampering to resistant and initiates , history purchase of baseline the freeze will Yoggie","[Not Useful Class, Not Useful Use Case, Not Useful Activity]"
1380,"Assume the . from system USB the of samples evaluate Yoggie USB system after , information contact , profiles their store to accounts create to able be will","[Not Useful Class, Not Useful Use Case, Not Useful Activity]"
1381,Customers . delivery test approve to used Dictionary Data : E Appendix to refer first to may documentation technical to new are who want readers . to ; accounts customer Manage : will Store,"[Useful Class, Useful Use Case, Not Useful Activity]"
1382,"According Web Statement Needs Functional ’s J - GAMMA this , however ; tech the ,","[Not Useful Class, Not Useful Use Case, Not Useful Activity]"
1383,Finally . customer the writer for being are requirements the ensure to this meet will use this end to beginning from review be to designed is document,"[Not Useful Class, Not Useful Use Case, Not Useful Activity]"
1384,"This . documentation user with assist to Manage reference an store ” ins - Plug “ via enhancement ; software for interface Feature ; backups and reliability future for The inventory expand to purchase can owners the , initial codes with","[Not Useful Class, Useful Use Case, Not Useful Activity]"
1385,"Expandable . items 100 be will unique site mirror optional and categories the browsing in assist to products interface an Have ; Orders Confirm ; inventory unambiguous ; Use Secure an Allow ; % 99.999 of availability an Have ; security for ) SSL ( Layer Socket online the can verification 1 Version for requirements and capabilities , of functions of all ; will document","[Not Useful Class, Useful Use Case, Not Useful Activity]"
1386,This . the internet GAMMA J play and plug “ a on implementation - for is 1,"[Not Useful Class, Not Useful Use Case, Not Useful Activity]"
1387,Version . Store Web ’s planned the over business Store Web,"[Not Useful Class, Not Useful Use Case, Not Useful Activity]"
1388,This . Store Web ’s is J GAMMA for Specification Requirements Software the is - designed to allow core other and sales perform and setup to means easy and quick a owners store online new ” team USB . will team development,"[Not Useful Class, Useful Use Case, Not Useful Activity]"
1389,The . program Store also Web their in met being are ’s user new their use document and test,"[Not Useful Class, Not Useful Use Case, Not Useful Activity]"
1390,The . system Store Web this the implementation and design overall on guidance for of of needs the flush to intended is document,"[Not Useful Class, Not Useful Use Case, Not Useful Activity]"
1391,This . out appliances other on based be will versions,"[Not Useful Class, Not Useful Use Case, Not Useful Activity]"
1392,Future network the requirements by with along needs their ensure to document this review can customer,"[Not Useful Class, Useful Use Case, Not Useful Activity]"
1393,The J. - GAMMA customer the Key to inventory,"[Useful Class, Not Useful Use Case, Not Useful Activity]"
1394,"The in user the assists that tool the finding is ): Priority Medium ( ) SE ( SE Engine a item return and , criteria search find , specific criteria receive can","[Useful Class, Useful Use Case, Not Useful Activity]"
1395,It . database the in search Search ; system users allows AM ): Priority High ( to ) ( Management,
1396,"Account . interfaces system external AM create , edit the of out / login to user the allows also","[Not Useful Class, Useful Use Case, Not Useful Activity]"
1397,"It . information accounts view and , the showing results the cart virtual a in reserved be can until inventory from","[Useful Class, Useful Use Case, Not Useful Activity]"
1398,Items . web the on shopping the customers the decides is PP ): Priority High ( ) customer PP Payment and Purchasing ; them purchase to ( for storage temporary to personnel sales allows PM ): Priority manage High ) PM ( Management Product ; search ( the product line is SC ): Priority Medium ( ) SC ( Cart Shopping ; site web the on shown of . diagram a ” . ins - plug “ via,"This sentence appears to be a jumbled or improperly formatted text, making it difficult to interpret its meaning. However, based on some recognizable keywords like ""customer,"" ""payment,"" ""shopping cart,"" ""product management,"" and ""purchase,"" I can attempt to classify its usefulness for the diagrams:

- **Class Diagram**: This could be **Useful** because it mentions entities like ""customer,"" ""shopping cart,"" ""payment,"" and ""product management,"" which are likely to represent classes or objects.
- **Use Case Diagram**: This could be **Useful** because it hints at interactions like ""customer purchasing,"" ""managing products,"" and ""searching for products,"" which align with use cases.
- **Activity Diagram**: This could be **Not Useful** because the sentence does not explicitly describe any sequential or procedural activities.

Final Output: [Useful Class, Useful Use Case, Not Useful Activity]"
1399,More future in added be can needs,"[Not Useful Class, Not Useful Use Case, Not Useful Activity]"
1400,Advanced . the store detail the in and Features,"[Not Useful Class, Not Useful Use Case, Not Useful Activity]"
1401,System . 3 part on in be can Store Web the of functionality found online an manage and Plug “ a be will this Play,"[Not Useful Class, Useful Use Case, Not Useful Activity]"
1402,"Since items 20 be will inventory total minimum . device ” , to needs basic the of all contain will software","[Not Useful Class, Not Useful Use Case, Not Useful Activity]"
1403,This . necessary be will installation software no the context function statement Store Web,"[Not Useful Class, Not Useful Use Case, Not Useful Activity]"
1404,The . system operating and will CPU its with device play and plug a own be be quick is 2.1 Figure,"[Not Useful Class, Not Useful Use Case, Not Useful Activity]"
1405,The . Store Web a online operate and setup to means easy and an will,"[Not Useful Class, Not Useful Use Case, Not Useful Activity]"
1406,"This . , Statement Needs Functional , Overview System and Store the from insight draws document","[Not Useful Class, Not Useful Use Case, Not Useful Activity]"
1407,This . Web Stakeholder Goals List commerce - E online the to new users for designed system new a is Store,"[Not Useful Class, Useful Use Case, Not Useful Activity]"
1408,Web . Needs update outline categories assist to bubbles help utilize shall system managers,"[Not Useful Class, Not Useful Use Case, Not Useful Activity]"
1409,The to easy be shall system,"[Not Useful Class, Not Useful Use Case, Not Useful Activity]"
1410,"The use learn to , , with customer prompt shall system",
1411,The buttons customers locate easy employ shall system The administrators and to easy be shall will system,"[Not Useful Class, Useful Use Case, Not Useful Activity]"
1412,The . size in large employ too that files image compress automatically shall system are on demand asynchronous system,"[Useful Class, Useful Use Case, Not Useful Activity]"
1413,The . existence address email validate shall system,"[Useful Class, Not Useful Use Case, Not Useful Activity]"
1414,The . pages of execution faster for loading friend,"[Not Useful Class, Not Useful Use Case, Not Useful Activity]"
1415,The easy read be shall system,"[Not Useful Class, Not Useful Use Case, Not Useful Activity]"
1416,"The . site the easy to are that fixes or , updates , done changes to . easy be shall system",
1417,The . drive upgrade usb via portable extremely be shall system,"[Not Useful Class, Not Useful Use Case, Not Useful Activity]"
1418,The the all of logs,"[Not Useful Class, Not Useful Use Case, Not Useful Activity]"
1419,The . notifications clear for colors and system symbols utilize shall system,"[Not Useful Class, Not Useful Use Case, Not Useful Activity]"
1420,The . messages error consistent shall utilize interchangeable create shall system,
1421,The . patches and fixes for updatable easily be shall system,"[Not Useful Class, Not Useful Use Case, Not Useful Activity]"
1422,The . plugins to to . log system,"[Not Useful Class, Not Useful Use Case, Not Useful Activity]"
1423,The . connection internet live a shall through periodic do will system,
1424,The . second backups per validate cards shall system,"[Not Useful Class, Not Useful Use Case, Not Useful Activity]"
1425,The . https via information credit sensitive encrypt shall system,"[Not Useful Class, Not Useful Use Case, Not Useful Activity]"
1426,The . fraud against all records 1000 restore . seconds 2 than less in card,"[Not Useful Class, Not Useful Use Case, Not Useful Activity]"
1427,The credit to able be shall system,"[Not Useful Class, Not Useful Use Case, Not Useful Activity]"
1428,The . validate system shall be to able be shall system,"[Not Useful Class, Not Useful Use Case, Not Useful Activity]"
1429,The . seconds 2 than less in charges shipping acquire to able encrypt in all data shortest 's Dijkstra via searches perform shall path system . % 99.99 of availability an have,
1430,The shall algorithm,"The sentence ""The shall algorithm"" is too vague and does not provide any specific information about a system, process, or interaction. Therefore, it does not seem to be useful for creating any of the diagrams.

Output: [Not Useful Class, Not Useful Use Case, Not Useful Activity]"
1431,"For each after system in card credit ' . existing validate shall system the , customers returning ' system The",
1432,http://www.fs-security.com/ . automatically IP block and attacks DOS,"[Not Useful Class, Not Useful Use Case, Not Useful Activity]"
1433,The IP auto shall system,"[Not Useful Class, Not Useful Use Case, Not Useful Activity]"
1434,The . database in detect system shall detect . Firestarter called firewall source open by protected be shall system,"[Not Useful Class, Useful Use Case, Not Useful Activity]"
1435,The . attempts login failed consecutive customer second migrate backed System ; Customer the for account new creates a System ; information 's customer the validates creates System a cookie 's Customer recognizes,"[Useful Class, Useful Use Case, Useful Activity]"
1436,System .,"Your input ""System."" is too generic to determine its context or relevance to creating any specific diagram. Here's the classification:

**[Not Useful Class, Not Useful Use Case, Not Useful Activity]**"
1437,"A1 . session Customer page home account an displays System ; to ; fields enters / his out fill to customer the her prompts ; process registration initiate to link or System first name , Customer ; password their and , address email , address shipping , address billing , name last cookie button ; . or button the on Customer "" Login link "" link or button clicks","[Not Useful Class, Useful Use Case, Useful Activity]"
1438,Customer . registered to be to the the and email her / his for initiate customer prompts,"[Useful Class, Useful Use Case, Not Useful Activity]"
1439,System .,"The term ""System."" by itself is too vague and does not provide enough context or information to determine its usefulness in creating a Class Diagram, Use Case Diagram, or Activity Diagram. Here's the classification:

**[Not Useful Class, Not Useful Use Case, Not Useful Activity]**"
1440,2 . process login the already must account new a creates and registers Customer,"[Not Useful Class, Useful Use Case, Useful Activity]"
1441,The customer . Scenario Basic ( 7 Step to,"[Not Useful Class, Not Useful Use Case, Not Useful Activity]"
1442,Go ) account with the,"[Not Useful Class, Not Useful Use Case, Not Useful Activity]"
1443,Customer . System Weborder ;,"[Not Useful Class, Not Useful Use Case, Not Useful Activity]"
1444,Customer . system the with account customer a to,"[Not Useful Class, Not Useful Use Case, Not Useful Activity]"
1445,Login . system A2 or the clicks shall hardware system,"[Not Useful Class, Not Useful Use Case, Not Useful Activity]"
1446,The . system weborder be of test create to able be should system environment,
1447,The fixed patched organization our with features and enhancement future and on shall,"[Not Useful Class, Not Useful Use Case, Not Useful Activity]"
1448,Yoggie . connection internet an via coordinate . orders shipping mode debug under run to able be . should,"[Not Useful Class, Not Useful Use Case, Not Useful Activity]"
1449,The . drive usb another via up system,"[Not Useful Class, Not Useful Use Case, Not Useful Activity]"
1450,The system should test run to able be should system,"[Not Useful Class, Not Useful Use Case, Not Useful Activity]"
1451,The . transactions card credit test run to able be . on,"[Not Useful Class, Not Useful Use Case, Not Useful Activity]"
1452,The shall web the access to able be must order,"[Not Useful Class, Not Useful Use Case, Not Useful Activity]"
1453,Customer System Weborder ;,"[Not Useful Class, Not Useful Use Case, Not Useful Activity]"
1454,"Customer . system the . with system a first Customer "" Register "" to link via or clicks","[Not Useful Class, Useful Use Case, Useful Activity]"
1455,Customer . HTTPS with browser web button account customer new SDRAM MB 128 ; chip ram Flash ; GB : requirements hardware following the to adhere 4 Intel XScale PXA270 a,"[Not Useful Class, Not Useful Use Case, Not Useful Activity]"
1456,Register . MySQL : Database ; server web Apache : OS ; chipset MHz - 520 system 1 clicks less in assist to interface unambiguous an with browsing presented will Customers 3.1.2 as,"[Not Useful Class, Not Useful Use Case, Not Useful Activity]"
1457,Same . feature be system the and,"Your input does not form a coherent sentence. Could you please clarify or provide a proper sentence for me to evaluate its relevance to a Class Diagram, Use Case Diagram, or Activity Diagram?"
1458,The . criteria search their matching products categories for to able be will,"[Not Useful Class, Not Useful Use Case, Not Useful Activity]"
1459,Customers . products search interface priority a web a in customer the to presented browser be interface,"[Not Useful Class, Useful Use Case, Not Useful Activity]"
1460,The . details order specific the will medium . interface is,"[Not Useful Class, Not Useful Use Case, Not Useful Activity]"
1461,This . customer the to intuitive,"[Not Useful Class, Not Useful Use Case, Not Useful Activity]"
1462,The be browsers web various among consistent remain must and will be compatible of flexibility the ensures it as feature the system high a is,"[Not Useful Class, Not Useful Use Case, Not Useful Activity]"
1463,This . needs their priority meet system be Web ; HTTPS via Server Web to to request Browser,"[Not Useful Class, Not Useful Use Case, Not Useful Activity]"
1464,"Web . needs specific to tailored initiates to able be , Firefox Mozilla , Navigator Mozilla , Opera Explorer as such browsers web major all with Internet , and Safari to ins - plug custom build to customers allow to API an feature will system","[Useful Class, Useful Use Case, Not Useful Activity]"
1465,The . with email confirmation a cart shopping,"[Not Useful Class, Not Useful Use Case, Not Useful Activity]"
1466,The . cart shopping the will into add to able be also will Customers products 3.1.2 clearly the will customer,"[Not Useful Class, Useful Use Case, Not Useful Activity]"
1467,"The . cost total the display with , cart the in items of number along as","[Not Useful Class, Not Useful Use Case, Not Useful Activity]"
1468,"Same . be will . details product specific the able and categories in placed products the than , , to add and feature system priority medium a is feature","[Useful Class, Useful Use Case, Not Useful Activity]"
1469,This . cart shopping the within purchase for products store also Server be to order the,"[Useful Class, Useful Use Case, Not Useful Activity]"
1470,If . checkout after order is the to able be will Customers 3.1.2 as confirm,"[Not Useful Class, Useful Use Case, Useful Activity]"
1471,Same incorrect the receive then will customer,"[Not Useful Class, Not Useful Use Case, Not Useful Activity]"
1472,"The . order , their and revise to able be will customer update . feature system . confirmation order and checkout to prior","[Not Useful Class, Useful Use Case, Useful Activity]"
1473,Order cart the from products remove or to add shopping confirmation will allow priority medium a is,"[Not Useful Class, Useful Use Case, Useful Activity]"
1474,This . confirmation to prior checkout after order their review to customer the able parses,"[Not Useful Class, Not Useful Use Case, Not Useful Activity]"
1475,Customers ; queries technical any regarding Administrator System to from mail e an send shall system WebOrder,"[Not Useful Class, Useful Use Case, Not Useful Activity]"
1476,The - : customers sales deployed be to able be shall system or the plugged being USB the,"[Not Useful Class, Not Useful Use Case, Not Useful Activity]"
1477,Upon . people in CI-2 ; number e an send shall system WebOrder,"[Not Useful Class, Not Useful Use Case, Not Useful Activity]"
1478,The - : . interface ins - Plug : SI-1.3,"[Not Useful Class, Not Useful Use Case, Not Useful Activity]"
1479,CI-1 mail confirmation to tracking with along address shipping the to delivered be will ordered they items the that customer the and ; operational less for search to able be shall system a,"[Not Useful Class, Useful Use Case, Useful Activity]"
1480,The 2ms than less in cart shopping to . product specified in vendor request in and customer email to product able shall,"[Not Useful Class, Not Useful Use Case, Not Useful Activity]"
1481,The . second 1 than less be add to able concurrently in logged customers 1000 handle to at able shall system,"[Not Useful Class, Useful Use Case, Not Useful Activity]"
1482,The . minute 1 than be the same time be shall system,"[Not Useful Class, Not Useful Use Case, Not Useful Activity]"
1483,The . second per products 200 retrieve to able be shall system,"[Not Useful Class, Not Useful Use Case, Not Useful Activity]"
1484,The . in system system Inventory completion for checks Server Web ; results ; returns API ; results validates Service API ; Service results Web returns Application an implement will system,"[Not Useful Class, Not Useful Use Case, Not Useful Activity]"
1485,The . Server results Browser Web ; Browser Web to results displays returns in - Service API ; request up picks Service submits API API to request Web submits management Server Service request to Plug Plug ; tasks runs in - Plug ; request up picks in - Plug ; in - Interface to ; for interface programmatic a through system account the for with will WebOrder of database order,"[Useful Class, Useful Use Case, Not Useful Activity]"
1486,"The : communicate SI-1.1 the operations allow customers by ordered items of transmit billing will , interface programmatic Through : SI-1.2 ; WebOrder . information from API in - plug","[Useful Class, Useful Use Case, Not Useful Activity]"
1487,The . system the the with interact to ins - plug Yoggie various will be to documented well USB : HI-1,"[Not Useful Class, Not Useful Use Case, Not Useful Activity]"
1488,FIGURES . developers in - key specifications to provided be will and plug 5A-2 Tables in listed outcomes the in to shall the Replacing ) M,"[Not Useful Class, Not Useful Use Case, Not Useful Activity]"
1489,( result handset . 5A-3 subject party the either requirements by terminated and be able . shall Calls ) M,"[Not Useful Class, Not Useful Use Case, Not Useful Activity]"
1490,( to be the to outlined rules arbitration the apply shall radio Cab,"[Not Useful Class, Not Useful Use Case, Not Useful Activity]"
1491,The . shown ) M,"[Not Useful Class, Not Useful Use Case, Not Useful Activity]"
1492,( . in Table 5A-1 call able be shall parties connected established been communicate has a,"[Not Useful Class, Not Useful Use Case, Not Useful Activity]"
1493,Once ) M ( 5A. in call Appendix,"[Not Useful Class, Not Useful Use Case, Not Useful Activity]"
1494,( tables ‘ the initiating or handset the down putting of effect the shows 5A Appendix in Call clear ’ procedure the to calls Incoming ) going M 5A-3,"[Not Useful Class, Not Useful Use Case, Not Useful Activity]"
1495,( calls incoming of types different the for . in Table M effect the shows 5A Appendix in 5A-2 Table ) M,"[Not Useful Class, Not Useful Use Case, Not Useful Activity]"
1496,"( . 5A-3 and 5A-2 of replacing the handset . calls outgoing of types different the ) for ’ clear Call ‘ the initiating or procedure - calls an from entered otherwise unless calls voice point - to - point be shall MMI the the MMI at the priority a have shall calls dialled , from default ) M","[Not Useful Class, Not Useful Use Case, Not Useful Activity]"
1497,( . initiation of time By of calls ) shall access Dial ) M,"[Not Useful Class, Not Useful Use Case, Not Useful Activity]"
1498,( . number functional or Cab number telephone valid any be provided to initiate M,"[Not Useful Class, Useful Use Case, Not Useful Activity]"
1499,( . supported be shall facilities Dialled dialling ) M ( : calls following the Abbreviated railway information ( call going - on an in is radio Cab the whilst received is call incoming ; ( M ) in is radio Cab the whilst call an a to attempts user radio Cab a ; initiate : when calls broadcast ; calls group ; calls emergency calls ),"[Not Useful Class, Not Useful Use Case, Not Useful Activity]"
1500,( . ) 4 designation priority eMLPP M on ; - between arbitrate shall radio Cab,"[Not Useful Class, Not Useful Use Case, Not Useful Activity]"
1501,"The . point calls - multi ; calls point - to party radio is be device external the when time the at ongoing are calls voice and implemented is selection attempts to trigger a network and driver the to given be network shall visual and audible an , change network indication change directed ) , mechanism trigger external an by initiated be shall procedure selection network directed the , which instructs the Cab M","[Not Useful Class, Not Useful Use Case, Not Useful Activity]"
1502,"( . ongoing is call voice If a network required the select to application radio unless implemented shall deferred ] ] 19 [ Index , 515 301 EN","[Not Useful Class, Not Useful Use Case, Not Useful Activity]"
1503,[ interface AT the through ( ) to instruct the should radio Cab dialling The ) M procedure,"[Not Useful Class, Useful Use Case, Useful Activity]"
1504,( network required the with register to MT . be selection ” . lost is network current the of coverage until or terminated is call the until,"[Not Useful Class, Not Useful Use Case, Not Useful Activity]"
1505,"( M ) If Manual “ GSM the use shall application network radio the , implemented is selection network directed Cab selection network directed as displayed be to ( networks authorised of list prioritised a access to driver the stated in section 10.5","[Not Useful Class, Not Useful Use Case, Not Useful Activity]"
1506,"This . list this from network desired allow a to driver the allow shall and ) select function shall radio the in contained information using device or user train - on correct the to routed sub - addressing field Cab the , procedure selection network ” application Manual GSM the Using ) M","[Not Useful Class, Useful Use Case, Useful Activity]"
1507,( . “ shall not be directed of means A ) I,"[Not Useful Class, Not Useful Use Case, Not Useful Activity]"
1508,( . coverage providing PLMN next the with register network selection should be If ) O,"[Not Useful Class, Not Useful Use Case, Not Useful Activity]"
1509,( . network required to the registers MS the that ensure to provided with it for necessary ) M,"[Not Useful Class, Not Useful Use Case, Not Useful Activity]"
1510,"( . radio Cab the As involving voice ongoing an is there if available call shall a approaches be will it , with registered is train it the of coverage the of limits the PLMN by : a","[Not Useful Class, Not Useful Use Case, Not Useful Activity]"
1511,Where : termination Call ; communicate can call the in involved parties the Where : one of the parties means a provide shall system radio Cab Conversation,"[Not Useful Class, Not Useful Use Case, Not Useful Activity]"
1512,The call the terminates call the in involved . for ; visual : call the Answering ; call incoming of indication visual and audible an Provide : Acceptance of incoming call and audible an Provide : Indication ; indication ) auto for required not ( user by answer Indication the to of minimum a with emergency an in activation rapid of Capable : access Emergency ) action being required by driver of minimum the Requiring access Priority M ; button red single ie ( driver the ) driver ( call shall It ) M,"[Not Useful Class, Not Useful Use Case, Not Useful Activity]"
1513,"( . terminate to authorised is he which calls established terminate be possible to initiate the of ) recipient(s intended the on : depending four of one in calls voice outgoing ways actions ; call the with provided is System : call a Initiating ) M ( : follows as necessary information to set an Provide : Indication ; ) priority be , bearer , number eg ( call up type audible shall another ) 11 section see ( message USSD a on based automatically deregistered be registered or sent by the Cab to call originated mobile a for required user actions sequence The ) M","[Useful Class, Useful Use Case, Useful Activity]"
1514,( . radio of priority and indication a to call terminated mobile a for actions of sequence,"[Not Useful Class, Not Useful Use Case, Useful Activity]"
1515,The . call the terminates driver shall be as of basis the on requests call of call Management arbitration Call ) M ( : follows : visual the involved ; priority call of basis the on requests call of Management : arbitration,"[Not Useful Class, Not Useful Use Case, Not Useful Activity]"
1516,Call ; Conversation : Where the parties the of one Where : termination in Call communicate can call the in involved parties ; to initiate a stored of list a support to provided be shall Facilities ) M,"[Not Useful Class, Not Useful Use Case, Not Useful Activity]"
1517,( . radio names / numbers of be shall access number Stored ) M the,"[Not Useful Class, Not Useful Use Case, Not Useful Activity]"
1518,( entries 100 of minimum a to up . provided in number . function ’ controller Call ‘ the initiating after controllers relevant the of all to,"[Not Useful Class, Not Useful Use Case, Not Useful Activity]"
1519,( I ) The stored from number / name a selecting information by a initiate to able be shall driver call established to the to possible be shall,"[Not Useful Class, Not Useful Use Case, Not Useful Activity]"
1520,It . ) 4 designation priority eMLPP ( calls information railway store a priority in initiate to able be shall driver The of ),"[Not Useful Class, Not Useful Use Case, Not Useful Activity]"
1521,"( . number stored a with association M initiate priority have calls , entry of time at indicated otherwise Unless ) M ( : calls following from the stored numbers will calls , default By ) M a","[Not Useful Class, Useful Use Case, Useful Activity]"
1522,( calls voice as initiated be shall list . be may call following the initiate to provided be shall access,"[Not Useful Class, Not Useful Use Case, Not Useful Activity]"
1523,Emergency . manually numbers functional or telephone call : ( M activation,"[Not Useful Class, Useful Use Case, Useful Activity]"
1524,On,"It seems like your input is incomplete. Could you please provide the full sentence so I can determine its usefulness for Class Diagram, Use Case Diagram, or Activity Diagram?"
1525,") M ( : following select the to provided be shall access Priority ) initiate of or to selection the Through : number Stored ; ) stroke key single a eg ( call of a stored number driver the for Facility : access Dial enter ; access type menu eg ( name or ) the “ call of means external no and , cell a with associated type same the of controllers selecting the appropriate one VGCS a or , driver the to several system by given be may choice the , the are there","[Not Useful Class, Not Useful Use Case, Not Useful Activity]"
1526,"When to guidance additional provide shall MMI the the , ” train same the on drivers other function call user the ) * ( ) M","[Not Useful Class, Not Useful Use Case, Not Useful Activity]"
1527,( . in call - Multi a of management and establishment Party capable capable selecting specified those to limited be shall radio Cab the with associated antenna mounted train the by [ EN 301 the into radiating emissions Any ) M from,"[Not Useful Class, Not Useful Use Case, Not Useful Activity]"
1528,"( ] ] 35 [ Index , 515 . driver Emissions M Cab the from emission EMC ) I","[Not Useful Class, Not Useful Use Case, Not Useful Activity]"
1529,"( . power transmission higher and , equipment radio shall comply with","[Not Useful Class, Not Useful Use Case, Not Useful Activity]"
1530,"( . ] 4 and 2 - ) 3 2 , 1 parts 50121 ENV [ , protection ’s and IEC [ in defined as tests electrical pass shall radio Cab The ) M","[Not Useful Class, Not Useful Use Case, Not Useful Activity]"
1531,"( 571 parts 1 , taken be may procedures testing on guidelines . Additional M","[Not Useful Class, Not Useful Use Case, Not Useful Activity]"
1532,"( . ] 3 and 2 ) cab degree highest in defined requirements the meet shall aerial exterior the from equipment board - on other [ ENV 50121 parts the to ] 4 and 2 - possible 3 1 - 3 , 2 , 1 , from and mounted for voltage over % 20 ; voltage supply nominal of % ±15 to up fluctuations up to 10s ; Cab","[Not Useful Class, Not Useful Use Case, Not Useful Activity]"
1533,The . ] 3 - 1 voltage parts IEC [ to according effects transient other 571 radio ) ( radio Cab,"[Not Useful Class, Not Useful Use Case, Not Useful Activity]"
1534,The . % 75 standby ; % 5 calls group ; % 20 equipment shall be of : operation normal interrupting without supplies power M backup main the to changes following the withstanding and control shall the Cab the for emissions EMC on Requirements ) M,"[Not Useful Class, Not Useful Use Case, Not Useful Activity]"
1535,( . ] 50153 EN [ radio are to be train other to proximity close to due in types other for defined those than stringent more radio withstand defined equipment M,"[Not Useful Class, Not Useful Use Case, Not Useful Activity]"
1536,( . ] 50155 prEN [ in defined as transients supply power of effects ) The driver and mobile EIRENE from arising hazards electrical all as against be shall equipment cab - in other protected [ prEN 50129 radio Cab The ) O,"[Not Useful Class, Not Useful Use Case, Not Useful Activity]"
1537,"( . ] 568 , 558 UIC [ Fiches UIC and the Driver ’s be may or ) TIU ( Unit the Interface the via connected be may Device Safety Train connected of the of specifications the with comply should interface Address Public the , implemented If ) M the UIC Fiche [ with comply should interface UIC the , specifications implemented ) O","[Not Useful Class, Not Useful Use Case, Not Useful Activity]"
1538,( . ] 568 UIC If,"[Not Useful Class, Not Useful Use Case, Not Useful Activity]"
1539,"( directly means be may Unit Interface Train a , necessary Where ) O","[Not Useful Class, Not Useful Use Case, Not Useful Activity]"
1540,( . standard RS422 implemented to adapt on be the status . radio Cab the the by interfaces standard the to systems train - provided by of should form the take may interfaces Other ) I,"[Not Useful Class, Not Useful Use Case, Not Useful Activity]"
1541,"( . interface determined nationally a of of additional audio and they , implemented are interfaces data other be Where I","[Not Useful Class, Not Useful Use Case, Not Useful Activity]"
1542,( . outputs and inputs data ) . implemented be interfaces Other ; ) O ( ; Device Safety ’s Driver ; ) O ( .,"[Not Useful Class, Not Useful Use Case, Not Useful Activity]"
1543,"( O ) sections following the in stated requirements the ; to are interfaces these , implemented","[Not Useful Class, Not Useful Use Case, Not Useful Activity]"
1544,Where . subject . Intercom ; recorder borne Train ) I,"[Not Useful Class, Not Useful Use Case, Not Useful Activity]"
1545,( . ] 1 part 1508 IEC [ and ] ; ( O ) ) O ( ; Address Public ; UIC ) ( ; interface ETCS / ERTMS ; O,"[Not Useful Class, Not Useful Use Case, Not Useful Activity]"
1546,( I ) / ERTMS If ) I,"[Not Useful Class, Not Useful Use Case, Not Useful Activity]"
1547,( . ETCS / ERTMS for communications provide to required ETCS communications are required shall ] FFFIS EURO MORANE,"[Not Useful Class, Not Useful Use Case, Not Useful Activity]"
1548,"[ EURORADIO be for the in defined as interface an , FFFIS will radios Cab Unit Interface Train the via connected be ( may borne train the and radio Cab The recorder calls TIU or Some ) I","[Useful Class, Not Useful Use Case, Not Useful Activity]"
1549,( . interface determined ) nationally of means by directly connected be may a point - to of capable be shall radio Cab The ) I,"[Not Useful Class, Not Useful Use Case, Not Useful Activity]"
1550,( ) . equipment cab of operating within a temperature and aerial The ) M,"[Not Useful Class, Not Useful Use Case, Not Useful Activity]"
1551,( . layout C 70 to C ° -20 of range ° any the reference slightly has equipment of type,"[Not Useful Class, Not Useful Use Case, Not Useful Activity]"
1552,Each . equipment external and equipment cab - in : different requirements placed upon useful a is ] 651 UIC [ concerning,"[Not Useful Class, Not Useful Use Case, Not Useful Activity]"
1553,( climate and EMC of terms in it . stock other mounted to external mounted equipment Any ) M,"[Not Useful Class, Not Useful Use Case, Not Useful Activity]"
1554,"( . second / C ° 3 to the train cab shall of pulses pressure tunnel - in ) up M : conditions physical additional following the withstand ( equipment of temperature to -40C from temperature of extremes withstanding of capable be shall train the to external +70C. ( M ) rapid during correctly function shall train the fluctuations to mounted equipment other any and aerial The external rolling in mounted , enabled is selection network automatic Whilst ) M","[Not Useful Class, Not Useful Use Case, Not Useful Activity]"
1555,"( . actions MMI simple using the MMI shall display ( Indicator Service GSM the if , function mode In ) M","[Not Useful Class, Not Useful Use Case, Not Useful Activity]"
1556,( . indication an idle see this - 10.5 section in stated criteria selection the using automatically network radio mobile appropriate most the .,"[Not Useful Class, Not Useful Use Case, Not Useful Activity]"
1557,"( O ) re and/or deactivating of capable be shall activating driver , implemented is selection network automatic If the [ EN 301 , section this in defined those of all and 4 section in specifications all with with those defined in be will equipment radio mobile of types comply Two M","[Not Useful Class, Not Useful Use Case, Not Useful Activity]"
1558,"( . priority taking section this ) shall antenna and an give shall mobile the , lost audible is ] ] 26 [ Index , 515 ) 6 and indication MMI , equipment terminal radio Cab the visual including mounted - Train ) M","[Not Useful Class, Not Useful Use Case, Not Useful Activity]"
1559,( . equipment of kPa peak ; Hz 1000 - 5 : range frequency ) M ( : vibration sinusoidal of peak - to - with comply shall radio Cab,"[Not Useful Class, Not Useful Use Case, Not Useful Activity]"
1560,The g. levels 2.5 acceleration ; mm 5 : amplitude peak : draft maximum the - to - peak ; Hz 200 - 5 : range frequency ) M ( peak amplitude : 7 withstand shall cab train the to external following mounted,"[Not Useful Class, Not Useful Use Case, Not Useful Activity]"
1561,"Any g. 1.5 : acceleration ; mm equipment : European [ train the of failure of event the in hours 6 of period a for operate ’s main power supply - point ) O ( ): 4.5.21 to section ( cycle following the on based , see standard continue radio and clearances to reference with ordination - co insulation concerning ] 1 part 50124 prEN creepages .","[Not Useful Class, Not Useful Use Case, Not Useful Activity]"
1562,( M ’s driver the enable will which radios to Cab provided be should supply power emergency An for vibration sinusoidal of be should maintenance of Ease ) O,"[Not Useful Class, Not Useful Use Case, Not Useful Activity]"
1563,"( . measures control access and alarms , taken into account in on antennas to access maintenance , example protection","[Not Useful Class, Not Useful Use Case, Not Useful Activity]"
1564,For equipment radio of installation and design the . vehicles physical measures 100 to up of gradients pressure ; seconds 3 to up for ) peak to kPa / s. Measures such of,"[Not Useful Class, Not Useful Use Case, Not Useful Activity]"
1565,Examples . equipment radio of include theft risk the reduce to taken be should of should be provided ] 50261 prEN [ with compliance in cab train the in mounted be should radio .,"[Useful Class, Useful Use Case, Not Useful Activity]"
1566,( O ) levels maximum following the withstanding of capable Cab be cab train the inside mounted equipment Any shall The ) M be shall ) card SIM ( ” physically Module Subscriber “ The ) O,"[Not Useful Class, Not Useful Use Case, Not Useful Activity]"
1567,( . Identity ( integrated the,"The sentence provided is incomplete and unclear, making it difficult to classify its usefulness for Class Diagram, Use Case Diagram, or Activity Diagram. Please provide a complete and clear sentence for accurate classification.

For now:  
[Not Useful Class, Not Useful Use Case, Not Useful Activity]"
1568,"( . staff maintenance by except removed with be able be not shall and set radio to shall indicated Cab ) All EIRENE mobile equipment shall comply with all environmental , EMC and physical specifications I","[Useful Class, Not Useful Use Case, Not Useful Activity]"
1569,"( . requirements type , with each radio type being defined specified the superset of the core plus specific by radio in GSM 35 ] ] .","[Not Useful Class, Not Useful Use Case, Not Useful Activity]"
1570,"( M ) All EIRENE mobile equipment shall conform to [ [ & ] 2 standard , especially with reference to [ the GSM and EN 301 515 , Index [ 05.90 EN individual for outside except standard this in defined requirements emission the with comply not can equipment mobile the GSM transmission band radio the with comply shall equipment mobile","[Not Useful Class, Useful Use Case, Not Useful Activity]"
1571,EIRENE EIRENE from radiation EM of transmission,"[Not Useful Class, Not Useful Use Case, Not Useful Activity]"
1572,The . all each of establishment .,"[Not Useful Class, Not Useful Use Case, Not Useful Activity]"
1573,The requirements provided in this section are augmented by those provided in later sections equipment mobile EIRENE all request procedure .,"[Not Useful Class, Useful Use Case, Not Useful Activity]"
1574,( M ) This the subsection the core environmental and physical requirements for defines frequency 60950 ( ) ; tests required to validate compliance with EIRENE specification .,"[Not Useful Class, Not Useful Use Case, Not Useful Activity]"
1575,"Any environmental and physical immunity and emissions both conditions ( power supply variation , battery requirements life overloading , etc ) ; EMC ( , electrical stated be standards shall not prevent the use of other EIRENE mobiles in that country .","[Not Useful Class, Not Useful Use Case, Not Useful Activity]"
1576,( national,"The sentence ""( national"" is incomplete and does not provide enough context to determine its usefulness for Class Diagram, Use Case Diagram, or Activity Diagram.

Output: [Not Useful Class, Not Useful Use Case, Not Useful Activity]"
1577,Stricter . protection superseded by national requirements provided the national may standards a higher level of environmental and physical provide ] ; vibration,"[Not Useful Class, Not Useful Use Case, Not Useful Activity]"
1578,"( M ) The categories of requirements defined in each section describing mobile equipment are . A2 and A1 Safety of Information Technology Equipment ) , as including Business Equipment , 1993 , plus amendments Electrical ) follows ( flammability , contamination , physical protection , etc ) ; mechanical conditions ( shock and ( conditions physical ; I ) climatic conditions ( temperature , : humidity solar radiation , altitude , etc ) , transmission masks defined address public ; speedometers ; contacts and relays signalling ) I ( : with interfere ; power transformers ; measurement speed radar ; equipment radio other could ; train ; counters axle ; circuits track describers equipment equipment , not does equipment EIRENE that ensure to networks EIRENE operating railways national of responsibility the interfere with the normal particular In ) I","[Not Useful Class, Not Useful Use Case, Not Useful Activity]"
1579,( . systems EIRENE based or train - on any of operation ground is ; mode the in defined guidelines with accordance in performed be shall tests immunity and emission EMC [ EN 61000 - procedures testing Environmental ) M,"[Not Useful Class, Not Useful Use Case, Not Useful Activity]"
1580,( . All ] EN [ in and series ] 4 50140 switched ),"[Not Useful Class, Not Useful Use Case, Not Useful Activity]"
1581,( tolerance physical and environmental,"[Not Useful Class, Not Useful Use Case, Not Useful Activity]"
1582,The . systems locking electronic ; circuits telecommunications ; supplies power of the EIRENE mobile . ] 45001 EN [ with accordance M in a at tested be shall units radio facility,"[Not Useful Class, Not Useful Use Case, Not Useful Activity]"
1583,"It . band ] 4 part 50121 ENV [ in stated those exceed ] ] 35 [ Index , the GSM specification for standard generic the with comply shall , equipment ) M","[Not Useful Class, Not Useful Use Case, Not Useful Activity]"
1584,"( . precedence take shall Mobile EMC 515 EN of range the for ] ] 35 [ Index , 515 301 EN [ in GSM frequencies defined in [ by defined levels emission the Where 301 )","[Not Useful Class, Not Useful Use Case, Not Useful Activity]"
1585,"( . document this of 1 section M in the industrial 2 - 3 , 1 - 3 , 2 , 1 parts 50121 ENV [ and 5 ] shall frequency GSM the in emissions EM generate in will EIRENE ) M","[Not Useful Class, Not Useful Use Case, Not Useful Activity]"
1586,"( . considered be mobiles defined as services GSM at emissions for except , ] frequencies 2 50081 ENV [ in defined as environment part M as above ancillary and environment railway general the for noted standards and emission The ) M","[Not Useful Class, Not Useful Use Case, Not Useful Activity]"
1587,( . immunity shall ) of : 5 - 200 Hz ; peak - to - peak amplitude : 7.5 mm range frequency ) M mobile equipment shall be capable of withstanding ; the levels of continuous sinusoidal vibration : ( following Handheld peak : freedom .,"[Not Useful Class, Not Useful Use Case, Not Useful Activity]"
1588,( M ),"The sentence ""( M )"" does not provide any meaningful context or information that can support creating a **Class Diagram**, **Use Case Diagram**, or **Activity Diagram**.

Output: [Not Useful Class, Not Useful Use Case, Not Useful Activity]"
1589,"For determining battery requirements , the transmit / receive duty of axes three all 1.5 g.","[Not Useful Class, Not Useful Use Case, Not Useful Activity]"
1590,The random vibrations to be acceleration withstood mobile equipment shall be 0.25 g in by cycles ),"[Not Useful Class, Not Useful Use Case, Not Useful Activity]"
1591,( All handheld mobile equipment shall be capable of withstanding the following shocks : ( M ) M,"[Not Useful Class, Not Useful Use Case, Not Useful Activity]"
1592,"( . with standards defined in [ prEN 50125 ) ] tests defined in [ prEN 50155 ] using M non repetitive mobile equipment shall be capable of being subjected to both sinusoidal and random vibration . EIRENE m. 0.5 from shocks of up to 3 g for - up 100ms under normal conditions ; free fall to compliance used be ) Guidelines concerning the effects of GSM emissions on hearing aids , pace makers and I","[Not Useful Class, Not Useful Use Case, Not Useful Activity]"
1593,"( . band , the nature of radio equipment implies other a level of EM emission in the transmission certain","[Not Useful Class, Not Useful Use Case, Not Useful Activity]"
1594,However sensitive equipment EMC as defined in [ ENV 50121 part 4 ] .,"[Not Useful Class, Not Useful Use Case, Not Useful Activity]"
1595,( M ) of external to immune be are provided in [ GSM 05.90 ] electrical . I ) All EIRENE mobile equipment shall,"[Not Useful Class, Not Useful Use Case, Not Useful Activity]"
1596,( shall . of without the use of discontinuous reception or transmission ( DTX / DRX ) .,"[Not Useful Class, Not Useful Use Case, Not Useful Activity]"
1597,( provided be shall requirements as shown in table 4 - 7 M for call type .,"[Not Useful Class, Not Useful Use Case, Not Useful Activity]"
1598,( M ) Battery each frequencies ) requirements railway and generic EMC standards define a maximum level of radiated EMC for a range All ) M,"[Not Useful Class, Not Useful Use Case, Not Useful Activity]"
1599,( shall be met based on full power Battery during and assuming hourly periodic location updating . transmission in vibration and 55 ° C .,"[Not Useful Class, Not Useful Use Case, Not Useful Activity]"
1600,( M ) EIRENE mobile equipment shall be capable of being to C ° -20 ) EIRENE mobile equipment shall be capable stored of over a standard range of temperatures from operating M ( without shall be capable of coping with temperature variations of up to + /- 1 ° equipment The ) M being operational ) at temperatures down to ie -40 C without any permanent damage .,"[Not Useful Class, Not Useful Use Case, Not Useful Activity]"
1601,( ° C,"[Not Useful Class, Not Useful Use Case, Not Useful Activity]"
1602,"( ] ] ) and should be re - examined for their applicability to the EIRENE system 50125 prEN , 50121 the railway specific standards referenced are Pre if - ( eg [ prEN 50155 , ENV standards . any are EIRENE mobile radio equipment shall comply with the quality procedures defined in [ ISO 9001 of installation and testing made to these standards in the future modifications . I ) All design , manufacturing ,","[Not Useful Class, Not Useful Use Case, Not Useful Activity]"
1603,( / minute . photochemically when exposed to solar radiation of up to 1200 W / m2 .,"[Not Useful Class, Not Useful Use Case, Not Useful Activity]"
1604,( degrade not shall equipment slight moisture condensation shall not lead to M any or failure .,"[Not Useful Class, Not Useful Use Case, Not Useful Activity]"
1605,( M ) All malfunction and ) normal be experienced .,"[Not Useful Class, Not Useful Use Case, Not Useful Activity]"
1606,"( M ) All EIRENE mobile equipment shall be protected against shock will conditions environmental above operation of a mobile radio unit , In it be expected that a combination of the shall infrequent caused Operationally referenced to sea level .","[Not Useful Class, Not Useful Use Case, Not Useful Activity]"
1607,"( M ) The equipment shall be able to cope , m 1800 and","[Not Useful Class, Not Useful Use Case, Not Useful Activity]"
1608,( M ) EIRENE mobile equipment shall with be of operating between altitudes of -100 m capable relative humidities of also cope with 95 % humidity for shall 30 in the year .,"[Not Useful Class, Not Useful Use Case, Not Useful Activity]"
1609,"( M ) days Many equipment . 100 % for short periods , although","[Not Useful Class, Not Useful Use Case, Not Useful Activity]"
1610,"The the average is expected to be 75 % yearly follow guidelines defined is driver the that such , telephone GSM standard a as used being of capable able to call any M","[Not Useful Class, Not Useful Use Case, Not Useful Activity]"
1611,"( . restrictions other or barring be call group user closed to subject number valid , ) shall Cab call voice point - to - point GSM","[Not Useful Class, Useful Use Case, Not Useful Activity]"
1612,A . ) 9 section see ( at ‘ Railway operation The ) M,"[Not Useful Class, Not Useful Use Case, Not Useful Activity]"
1613,( . initiated be radio then ) 10.2 section see ( priority ’ shall number The radio section in defined as communications mode direct support should radio Cab The ) M,"[Not Useful Class, Not Useful Use Case, Not Useful Activity]"
1614,( 15 .,"It seems like your input is incomplete or unclear. Could you please provide a full and clear sentence? Once you do, I can classify whether it is useful for Class Diagram, Use Case Diagram, or Activity Diagram."
1615,"( O GSM the using testing - self automatic . initiate radio the , on switched When ) shall Cab 14 in text ) SMS ( short incoming store and display , receive to able be shall messages ( see section defined as communications mode shunting support shall section radio The ) M","[Not Useful Class, Useful Use Case, Useful Activity]"
1616,( . ) 12 Cab IMSI train and ( number functional its using contacted be will train the on cabs other the of registered by the other a up setting for procedure,"[Not Useful Class, Not Useful Use Case, Not Useful Activity]"
1617,The .,"[Not Useful Class, Not Useful Use Case, Not Useful Activity]"
1618,"Each ) the of establishment the to prior drivers call multi . traction GSM the using provided be shall connection radio the , cab active one than more Multi - Party service lead the of cab active the from vehicle established will call The ) M","[Not Useful Class, Not Useful Use Case, Not Useful Activity]"
1619,( . be the - call function the of activation Upon ) M,"[Not Useful Class, Not Useful Use Case, Not Useful Activity]"
1620,"( . radios Cab all at permanently displayed ‘ Call train staff selected member staff the on based number be functional the determine shall radio the , ’ appropriate party shall ’ have shall call party - multi","[Not Useful Class, Not Useful Use Case, Not Useful Activity]"
1621,The . 2 - 5 figure in outlined is ‘ Railway operation ’ drivers - multi ‘ a going - indication on and ) 10.2 section see ( priority whilst attach procedure ( ( detection Upon ) M,"[Not Useful Class, Not Useful Use Case, Not Useful Activity]"
1622,"( . radio Cab the by sent be shall ) automatically or based on for functions train - on additional the 11 of radio Cab the in stored list a ) equipment section ( shall ) 11 section see ( message USSD a , function registration the of activation be sent by the message USSD a , function deregistration the see of Upon ) M","[Not Useful Class, Not Useful Use Case, Not Useful Activity]"
1623,( . radio Cab activation Upon physically to by or device external an by initiated be shall,"[Not Useful Class, Not Useful Use Case, Not Useful Activity]"
1624,It . radio Cab the of a member of a the to connected physically equipment for functions installation train On ) M,"[Not Useful Class, Not Useful Use Case, Not Useful Activity]"
1625,"( . team maintenance - connected the place sent be shall ) 11 section see ( message USSD a , radio Cab the by the Cab radio take shall procedure This ) M","[Not Useful Class, Not Useful Use Case, Not Useful Activity]"
1626,( at . deregistration or registration the of activation after function ) I,"[Not Useful Class, Not Useful Use Case, Not Useful Activity]"
1627,( shall indication visual and audible an successful not is registration If ) M,"[Not Useful Class, Not Useful Use Case, Not Useful Activity]"
1628,( . be provided .,"[Not Useful Class, Not Useful Use Case, Not Useful Activity]"
1629,"( the or MSISDN the calling by accessible ) be mobile the , registration Upon ) M shall Engine 10.5 see 1 - 5 table see – volume loudspeaker default the of selection automatic the including ) .","[Not Useful Class, Not Useful Use Case, Not Useful Activity]"
1630,"( M ( network mobile a with registered be section shall Cab the , on switch Upon ) radio or Coach number range volume each for possible adjustment of levels five the give 5 to 1 numbers setting .","[Not Useful Class, Not Useful Use Case, Not Useful Activity]"
1631,The default . on switched is MMI the when The selected level defined - pre the is setting automatically ) O,"[Not Useful Class, Not Useful Use Case, Not Useful Activity]"
1632,( this maintain to database network home the correlation require,"[Not Useful Class, Not Useful Use Case, Not Useful Activity]"
1633,This . associated is it which with shall is . M . provided be to ranges adjustment volume,"[Not Useful Class, Not Useful Use Case, Not Useful Activity]"
1634,( three of details provides table following The ) the there Where ) ) 1 : are,"The sentence is nonsensical and does not provide meaningful information that can be classified for any of the diagrams.

Output: [Not Useful Class, Not Useful Use Case, Not Useful Activity]"
1635,These . elements MS - EIRENE different the between interfaces of GSM - MT air 2 ; ) M,"[Not Useful Class, Not Useful Use Case, Not Useful Activity]"
1636,( . specifications number GSM conformant and interoperability for mandatory : interface to ) a architecture radio Cab EIRENE ; communications mode direct for ): MT - DM ( Termination Mobile applications : standardised features,"[Not Useful Class, Not Useful Use Case, Not Useful Activity]"
1637,The . 1 - 5,"Could you please clarify or restate your input? It seems incomplete or unclear. Are you providing a sentence to classify, or are you referring to the examples above? Let me know, and I'll assist you!"
1638,Figure . comprises ) ( Interface Machine Man ; GSM outside MMI Mode DM MT for equipment Application EIRENE and MT - GSM of procurement separate for option the allow the Cab radio . V.24 on based interface of types two to specifies MTI FFFIS MORANE [ FFFIS Morane,"Not Useful Class, Not Useful Use Case, Not Useful Activity"
1639,"The ] - specified interface requirements the , implemented where ,","[Not Useful Class, Not Useful Use Case, Not Useful Activity]"
1640,However . optional is Mode,"[Not Useful Class, Not Useful Use Case, Not Useful Activity]"
1641,Direct : interface air concerning this interface are Applications EIRENE - MT - GSM ) : 3 ) O,"[Not Useful Class, Not Useful Use Case, Not Useful Activity]"
1642,( . interoperability for mandatory ; Direct ; SIM ; ) cyclic ( heat Damp D ; heat Dry B ; Cold A ) E Impact ; F of Change N ; pressure Air M M ; Corrosive K ; Acceleration G ; Vibration atmospheres temperature ( series procedures test environmental Specific ) M,"[Not Useful Class, Not Useful Use Case, Not Useful Activity]"
1643,( . ] 1 part 68 IEC [ in to be followed for ] 68 IEC [ the in defined : as following the include shall equipment mobile EIRENE tests ; P Fire comprises architecture,"[Not Useful Class, Not Useful Use Case, Not Useful Activity]"
1644,The . radio Cab EIRENE an of architecture logical the shows 1 - the following elements : and equipment mobile GSM comprising ): MT 5 - ( Termination Mobile GSM ) I ( GSM Figure ) I defines,"[Useful Class, Not Useful Use Case, Not Useful Activity]"
1645,It . radio Cab EIRENE the how for system the identifies section,"[Not Useful Class, Not Useful Use Case, Not Useful Activity]"
1646,This . hazard requirements and the is,"[Not Useful Class, Not Useful Use Case, Not Useful Activity]"
1647,( . interface machine - man the functionality and radio Cab the by provided be to system radio TDMA both shall number functional ’s driver calling The ) M,"[Not Useful Class, Not Useful Use Case, Not Useful Activity]"
1648,( . ) 10.2 section see be passed to the function ’ call emergency Railway ‘ the ( of ) M,"[Not Useful Class, Useful Use Case, Useful Activity]"
1649,"( . UUS1 using network Activation shall 2 priority radio the , request ’ area in drivers other Call ‘ a of receipt On shall initiate a group eMLPP with ) 9 section see ( level identification ’ trains all ‘ the using call group ) cause radio it , wiring train - on by connected not are vehicles these","[Not Useful Class, Useful Use Case, Useful Activity]"
1650,Where . vehicles shall be possible for I,"[Not Useful Class, Not Useful Use Case, Not Useful Activity]"
1651,( . cabs active the of traction each established be to connection radio permanent a between the active employ ) M,"[Not Useful Class, Not Useful Use Case, Not Useful Activity]"
1652,( . 13 section in defined as call emergency Railway a initiate to The calling driver ’s trains Many ) M,"[Not Useful Class, Useful Use Case, Useful Activity]"
1653,( . UUS1 multiple using the to passed be shall number functional network M,"[Not Useful Class, Not Useful Use Case, Not Useful Activity]"
1654,( . procurement separate for option the allow to specified : interface Applications EIRENE - MT - of DM - MT may Interfaces ) 5 ; ) O DM,"[Not Useful Class, Not Useful Use Case, Not Useful Activity]"
1655,( radio Cab for equipment Application EIRENE and . be ) ; ) O,"[Not Useful Class, Not Useful Use Case, Not Useful Activity]"
1656,"( . ] ] 19 [ Index , 515 301 EN [ supporting","[Not Useful Class, Not Useful Use Case, Not Useful Activity]"
1657,[ Note : this ] . unit integrated an as implemented 4 is Cab a where required not is interface radio provided to a section see ( priority ’ operation Railway ‘ with controller appropriate the to call a 10.2 ) .,"[Not Useful Class, Not Useful Use Case, Not Useful Activity]"
1658,( UUS1 using network the to passed be initiate shall functional ’s driver calling The ) M number shall radio the interfaces these on given are requirements,"[Not Useful Class, Not Useful Use Case, Not Useful Activity]"
1659,"More , . data ERTMS an and Unit Interface Train interface , where , , action MMI appropriate an","[Not Useful Class, Not Useful Use Case, Not Useful Activity]"
1660,Upon . implemented ),"[Not Useful Class, Not Useful Use Case, Not Useful Activity]"
1661,( . 5.15 and 5.10 subsections in I user : to implemented in the EIRENE network using the GSM Unstructured Supplementary Service Data ( USSD ) be will service me driver or locomotive for that train at facility that .,"[Not Useful Class, Useful Use Case, Not Useful Activity]"
1662,( I ) A follow - time appropriate to users Train drivers need to be able to contact controllers and other staff at the push ) I,"[Not Useful Class, Useful Use Case, Not Useful Activity]"
1663,( . to establish and terminate the forwarding of allow calls a functional number to their personal number from of the network who need to be addressed by train numbers which change with each journey .,"[Not Useful Class, Useful Use Case, Useful Activity]"
1664,"To , drivers train of .","[Not Useful Class, Not Useful Use Case, Not Useful Activity]"
1665,The functional numbers may change on overcome a basis .,"[Not Useful Class, Not Useful Use Case, Not Useful Activity]"
1666,The principal example is that regular to this a at that time .,"[Not Useful Class, Not Useful Use Case, Not Useful Activity]"
1667,Thus calls made to a train number are forwarded by the number personal appropriate most translation facility will be provided to allow difficulty calls functional numbers to be forwarded to the to numbers a button ground based systems .,"[Not Useful Class, Useful Use Case, Useful Activity]"
1668,"Within EIRENE , the primary means of determining the location of from information ; balises location information may be derived : ( a I on - train location systems ; trackside ) accurate train the information from external systems to provide a greater degree of accuracy .","[Useful Class, Useful Use Case, Not Useful Activity]"
1669,( I ) additional with supplemented be purpose of location dependent addressing will be for based the cell dependent routing .,"[Not Useful Class, Not Useful Use Case, Not Useful Activity]"
1670,This may on single more from necessary to provide a means of addressing calls from a train to certain functions based is it consequence a .,"[Not Useful Class, Not Useful Use Case, Not Useful Activity]"
1671,As the train moves through different on areas controllers are liable to change .,"[Not Useful Class, Useful Use Case, Useful Activity]"
1672,"As , which the of that the train is in .","[Not Useful Class, Not Useful Use Case, Not Useful Activity]"
1673,"However , there are a number of external sources cell the is network the train .","[Not Useful Class, Not Useful Use Case, Not Useful Activity]"
1674,( I ) The location only of location information available within the GSM source personal than rather ( I ) Band Railway GSM ( R - GSM ) ; Frequencies ( MHz : bands frequency following the following paragraphs .,"[Not Useful Class, Not Useful Use Case, Not Useful Activity]"
1675,( I ) ) Equipment to be capable of operation in the is in 876 915/921 Extended GSM ( E - GSM ) bands .,"[Not Useful Class, Not Useful Use Case, Not Useful Activity]"
1676,All mobiles are to support these and ) GSM - - 960 .,"[Useful Class, Not Useful Use Case, Not Useful Activity]"
1677,Note : the R - - band includes the Public GSM ( P GSM services summarised aspects EIRENE bearer services .,"[Not Useful Class, Not Useful Use Case, Not Useful Activity]"
1678,( I ) Applications may include : ( I ) public access to EIRENE to operation .,"[Not Useful Class, Useful Use Case, Not Useful Activity]"
1679,( I ) Standardised interface address protocols to be provided to allow applications external are are ; ; are required some of which have been incorporated in the GSM Standard .,"[Not Useful Class, Useful Use Case, Not Useful Activity]"
1680,"The main features additional of number driver safety device ; train borne recorder intercom . meet the specific railway requirements , a","[Useful Class, Not Useful Use Case, Not Useful Activity]"
1681,To as defined in necessary for emergency group calls .,"[Not Useful Class, Not Useful Use Case, Not Useful Activity]"
1682,It is also necessary to meet different grades of requirements performance high the typically over local areas .,"[Not Useful Class, Not Useful Use Case, Not Useful Activity]"
1683,"This GSM service specification to be implemented in order to achieve is , requirements different communications ) .","[Not Useful Class, Not Useful Use Case, Not Useful Activity]"
1684,"( I ) Many railway staff need to be addressed by functional administrative and operational , types of communications traffic on the system for ( safety ( eg train control system ) eg groups similar and to certain groups of trains in a controller area ; broadcast messages from trains or controllers from messages broadcast the relevant GSM specifications .","[Useful Class, Useful Use Case, Not Useful Activity]"
1685,"The services shunting will be used to : ( I ) mainly team members to defined areas ; conduct group calls between - trackside , shunting team members , station staff workers Railway pre controllers controllers or other mobiles in a defined over area conduct group calls between train drivers and ; set mobiles support implement additional network services as desired .","[Not Useful Class, Useful Use Case, Useful Activity]"
1686,( I ) The GSM teleservices,"[Not Useful Class, Not Useful Use Case, Not Useful Activity]"
1687,[ EN may,It seems like your input is incomplete. Could you please provide the full sentence or clarify your request so I can assist you in classifying it?
1688,"Railways . network are to be considered as a minimum 301 set implementation within each GSM - R standard for services 515 Index EN 301 515 , Index [ 23 ] ] to be supported are listed in [ services bearer GSM [ 24 ] ] to be supported , are in table 2 - 1 .","[Not Useful Class, Not Useful Use Case, Not Useful Activity]"
1689,The indicated table,"[Not Useful Class, Not Useful Use Case, Not Useful Activity]"
1690,These below not required for interoperability ) .,"[Not Useful Class, Not Useful Use Case, Not Useful Activity]"
1691,( I ) Sections 13 to 15 describe the ( messages text defined functional and location dependent addressing .,"[Not Useful Class, Useful Use Case, Not Useful Activity]"
1692,Section implementation 12 to the possible use of pre - refers . of calls I ),"[Not Useful Class, Not Useful Use Case, Not Useful Activity]"
1693,"The network services necessary to meet the range of UIC requirements are detailed ( A. appendix in , shunting mode and direct mode . emergency","[Not Useful Class, Not Useful Use Case, Not Useful Activity]"
1694,( ) References for all sections are included I specifies 2 2 2 - 4 .,"[Not Useful Class, Not Useful Use Case, Not Useful Activity]"
1695,Functional addressing ( section 11 ) M ; Location dependent addressing table in listed are Index [ 28 ] ] .,"[Not Useful Class, Not Useful Use Case, Not Useful Activity]"
1696,"( ( I The railway specific services to be supported ) , section ) calls ( section 13 ) M.","[Not Useful Class, Not Useful Use Case, Not Useful Activity]"
1697,The call waiting service ( CW ) permits a Emergency ; M ) M ; Shunting mode ( section 14 11 ) ; Multiple driver communications ( section 5 M - 515 EN for voice broadcast calls .,"[Not Useful Class, Not Useful Use Case, Not Useful Activity]"
1698,( I ) The GSM supplementary services,"[Not Useful Class, Not Useful Use Case, Not Useful Activity]"
1699,[ EN 301 or calls group voice .,"[Not Useful Class, Useful Use Case, Not Useful Activity]"
1700,"Note : The Adaptive Multi - 515 Rate AMR ) CODEC is not suitable for ( 301 , [ to GSM basic services will be as NOTE in [ GSM 02.81 - 02.89 and services supplementary these of 9 ] ] to be supported","[Not Useful Class, Not Useful Use Case, Not Useful Activity]"
1701,are Index listed table 2 - 3 .,"[Not Useful Class, Not Useful Use Case, Not Useful Activity]"
1702,The applicability in 11 Section ) .,"[Not Useful Class, Not Useful Use Case, Not Useful Activity]"
1703,Controller equipment specifications ; 9 .,"[Not Useful Class, Not Useful Use Case, Not Useful Activity]"
1704,Numbering plan ; 10 .,"[Not Useful Class, Not Useful Use Case, Not Useful Activity]"
1705,Subscriber management ; 8 ; radio,"[Not Useful Class, Not Useful Use Case, Not Useful Activity]"
1706,Operational core specification ; 5 .,"[Not Useful Class, Not Useful Use Case, Not Useful Activity]"
1707,Cab radio 11 ; .,"[Not Useful Class, Not Useful Use Case, Not Useful Activity]"
1708,General purpose radio ; 7 . 6 equipment . numbering ; 15 .,"[Not Useful Class, Not Useful Use Case, Not Useful Activity]"
1709,Direct mode ; A. References .,"[Not Useful Class, Not Useful Use Case, Not Useful Activity]"
1710,Section 2 lists the services and mode,"[Not Useful Class, Useful Use Case, Not Useful Activity]"
1711,Shunting . 14 and location dependent addressing ; 12 .,"[Not Useful Class, Not Useful Use Case, Not Useful Activity]"
1712,Functional,"[Not Useful Class, Useful Use Case, Not Useful Activity]"
1713,Text ; 13 .,"It seems like the input ""13 ."" does not contain sufficient information to analyze or determine its usefulness for any of the diagram categories (Class Diagram, Use Case Diagram, or Activity Diagram). Therefore, the response would be:

**[Not Useful Class, Not Useful Use Case, Not Useful Activity]**"
1714,Railway emergency calls ; messaging facilities,"[Not Useful Class, Useful Use Case, Not Useful Activity]"
1715,Mobile 4 use of GSM infrastructure .,"[Not Useful Class, Not Useful Use Case, Not Useful Activity]"
1716,Such a mode is required for use where : ( the without area local a direct communications mode whereby a mobile I can with all other railway mobiles in a communicate . ) GSM ( I ) 1 .,"[Useful Class, Useful Use Case, Not Useful Activity]"
1717,Introduction ; 2.Network requirements ; 3 .,"[Not Useful Class, Not Useful Use Case, Not Useful Activity]"
1718,Network configuration ; : sections separate following infrastructure is provided ; GSM infrastructure equipment no has .,"[Not Useful Class, Not Useful Use Case, Not Useful Activity]"
1719,The specification is divided into the failed which are to 8 covers controller equipment .,"[Not Useful Class, Not Useful Use Case, Not Useful Activity]"
1720,Section 9 is concerned with a numbering plan for the Section ) I,"[Useful Class, Not Useful Use Case, Not Useful Activity]"
1721,(,"It seems like your sentence is incomplete. Could you please provide the full sentence so I can classify whether it is useful for a Class Diagram, Use Case Diagram, or Activity Diagram?"
1722,"Note that for the handheld version of variety the purpose radio , commercial standards apply . General . of numbers and encryption algorithms , which must be applied consistently in all networks .","[Not Useful Class, Not Useful Use Case, Not Useful Activity]"
1723,"( I groups user closed , which are required .","[Not Useful Class, Not Useful Use Case, Not Useful Activity]"
1724,"Section 10 details functional the of other information , such as priority handling respectively equipment radio implementation of networks .","[Not Useful Class, Not Useful Use Case, Not Useful Activity]"
1725,"( I ) Sections 4 , 5 , 6 , and and planning , configuration be supported by GSM - R networks 7 . 3 provides requirements and recommendations concerning the","[Not Useful Class, Not Useful Use Case, Not Useful Activity]"
1726,"Section are concerned with and 7 detail the additional requirements for , Cab , General purpose radio , and Operational radio may 6 5 mobile equipment .","[Not Useful Class, Not Useful Use Case, Not Useful Activity]"
1727,"Section 4 provides specifications , applicable all GSM - R mobiles .","[Not Useful Class, Not Useful Use Case, Not Useful Activity]"
1728,Sections to party - - intended to provide explanatory notes .,"[Not Useful Class, Not Useful Use Case, Not Useful Activity]"
1729,The system is based on the ETSI GSM standard statements are,"[Not Useful Class, Not Useful Use Case, Not Useful Activity]"
1730,These . Information ( indicated by ‘ ( I . ) at the end of the paragraph ) ’ ;,"[Not Useful Class, Not Useful Use Case, Not Useful Activity]"
1731,"To additional : ; voice broadcast service ; voice group call service ; enhanced multi - level services GSM following the functionality and performance requirements , this standard meet is be supplemented by : ( I ) to precedence manufacture development","[Useful Class, Not Useful Use Case, Not Useful Activity]"
1732,"Whilst not being mandatory for interoperability , when the option is selected , the method . ) paragraph the is required ; Optional ( indicated by defined ‘ O ) ’ at the end of ( and in SRS a recognised and agreed standard to manufacturers in order to obtain economies of scale in present to and service and FRS by which such features are the implemented mandatory , both to provide a consistent becomes , and - numbering plans , priority levels , subscriber details , closed user groups , etc ) ( configuration system ; radio , man - machine and other . interfaces environmental specifications ; controller position functional specifications ; cab","[Not Useful Class, Not Useful Use Case, Not Useful Activity]"
1733,The of to be implemented .,"[Not Useful Class, Not Useful Use Case, Not Useful Activity]"
1734,"( I ) A list of ETSI and 3GPP specifications is features railway and , the specification is shown in figure 1 scope - , showing the hierarchy of the GSM 2 pre ; functional information between train and ground to support functional and location dependent addressing ; emergency calls location and number of emption ; General Packet Radio Service ( ; GPRS ; railway specific applications : ; exchange ) identities shunting ; parameters and standards : ; link assurance signal ; calling and connected line presentation of network , features specific multiple driver communications ; direct mode facility mode for - to - set operation ; railway set interoperability equipment or the EIRENE system is covered in this specification , by associating each element of the how shows 1 - station and depot staff and railway administrative system and personnel .","[Not Useful Class, Not Useful Use Case, Not Useful Activity]"
1735,"( I ) Figure 1 managerial , with corresponding A. ( I )","[Not Useful Class, Not Useful Use Case, Not Useful Activity]"
1736,The application of this specification will ensure interoperability for trains and Appendix in extensively more section number(s ) .,"[Not Useful Class, Not Useful Use Case, Not Useful Activity]"
1737,"References specifying the its main are also cited , and are detailed interfaces staff workers of .","[Not Useful Class, Not Useful Use Case, Not Useful Activity]"
1738,It forms part of the specification for technical interoperability .,"[Not Useful Class, Not Useful Use Case, Not Useful Activity]"
1739,( I ) The railways European the for,"[Not Useful Class, Not Useful Use Case, Not Useful Activity]"
1740,This specification has been developed within UIC EIRENE Project .,"[Not Useful Class, Not Useful Use Case, Not Useful Activity]"
1741,"It specifies a digital radio standard EIRENE trackside System Specification ground - train voice and data communications , together with the groundbased mobile communications needs encompasses","[Useful Class, Not Useful Use Case, Not Useful Activity]"
1742,It . ] defines a radio system satisfying the mobile Requirements communications of the European railways [ EIRENE FRS requirements crossing national or compliant network .,"[Useful Class, Not Useful Use Case, Not Useful Activity]"
1743,"( I ) The statements made in the specification are assigned to EIRENE any in used infrastructure , onto which mobiles will roam one , the requirements concerning mobiles which may be and network of categories .","[Useful Class, Not Useful Use Case, Not Useful Activity]"
1744,"It is mandatory that each railway meets these specifications where interoperability on lines , ) paragraph the of : ( I ) Mandatory ( indicated three by ( M ) ’ at the end ‘ ’s railway a The EIRENE System Requirements Specification defines the set of requirements which a railway radio system ) I","[Useful Class, Not Useful Use Case, Not Useful Activity]"
1745,( . other borders between systems .,"[Not Useful Class, Not Useful Use Case, Not Useful Activity]"
1746,It also shall intends provide manufacturing economies of scale wherever practical to comply with in specifies the functional requirements for EIRENE . ],"[Not Useful Class, Not Useful Use Case, Not Useful Activity]"
1747,( ) The specification distinguishes between requirements affecting I provided FRS,"[Not Useful Class, Useful Use Case, Not Useful Activity]"
1748,[ order to ensure interoperability between national railways EIRENE . I ) The EIRENE Functional Requirements Specification,"[Not Useful Class, Not Useful Use Case, Not Useful Activity]"
1749,( to in normative ( SIMs ) containing information specific to single subscribers .,"[Not Useful Class, Not Useful Use Case, Not Useful Activity]"
1750,A standardised interface links mobile Modules Identity Subscriber ; Mobile equipment ( ME ) interfacing to equipment the via the air ( Um ) interface BSS ; to cards OMC ) for managing the network ; Billing Centre .,"[Useful Class, Not Useful Use Case, Not Useful Activity]"
1751,Signalling within the NSS and ( Centre Maintenance and .,"[Not Useful Class, Not Useful Use Case, Not Useful Activity]"
1752,"A SIM and ME combined are SIM termed mobile station ( MS ) ; Operation a between interface the MS is registered ) for each subscriber for which the GGSN has at least one the where SGSN the and routeing information ( needed to tunnel PDP packet traffic destined for a GPRS MS to data Gp context . packet data networks via the Gi interface and to other GSM / GPRS networks via external to , interface","[Useful Class, Useful Use Case, Not Useful Activity]"
1753,"It interfaces to the SGSN via the active Gn , to the HLR via the Gx interface information NSSs carried radio bearer for ERTMS / ETCS .","[Useful Class, Not Useful Use Case, Not Useful Activity]"
1754,The EURORADIO layers are responsible for ensuring the the provide will,"[Not Useful Class, Not Useful Use Case, Not Useful Activity]"
1755,"EIRENE operator networks ; controller equipment ; specialised overall railway ( eg train control systems ) . systems public safety the GSM capability , a direct mode capability may be provided for railway mobiles for set a to addition In transmission link between train - borne and of trackside / ETCS applications .","[Useful Class, Not Useful Use Case, Not Useful Activity]"
1756,( I ) ERTMS is ; fixed ) of that standard .,"[Not Useful Class, Not Useful Use Case, Not Useful Activity]"
1757,"( I ) Railway networks may implement a short message MAP ( part application out according to signalling system number 7 service , , making specific use of the mobile SS7 networks centre be network is also likely to have external interfaces to : ( I ) private railway GSM railway A ) interfaced to the GSM network in order to to railway specific messaging applications .","[Useful Class, Not Useful Use Case, Not Useful Activity]"
1758,( I support subscription storing function - systems ( BSSs ) of base station controllers ( BSCs ) controlling base transceiver sub station Base ) 1 - 3 .,"[Useful Class, Useful Use Case, Not Useful Activity]"
1759,( I ) stations The comprises the following elements : ( I system figure ( ) BSS via the GSM ‘ A ’ interface .,"[Useful Class, Not Useful Use Case, Not Useful Activity]"
1760,The NSS contains mobile services switching the to interfacing ) each containing a number of transceivers ( BTSs TRXs ;,"[Useful Class, Not Useful Use Case, Not Useful Activity]"
1761,Network sub - systems ( NSSs ) centres in is of the GSM services necessary to provide the functionality specified in the [ EIRENE FRS all for mandatory is references section of this document .,"[Not Useful Class, Not Useful Use Case, Not Useful Activity]"
1762,( ] I Compliance to the list of normative documents ) summarised . M versions listed .,"[Not Useful Class, Not Useful Use Case, Not Useful Activity]"
1763,( I ) The system is based on the GSM architecture which the with compatible - ) Later releases of these specifications may,"[Not Useful Class, Not Useful Use Case, Not Useful Activity]"
1764,"( be , providing that the system is backwards used ( MSCs ) storing subscription information and location information for each subscriber registered in that node .","[Useful Class, Useful Use Case, Not Useful Activity]"
1765,It function register location a supporting the respective packet radio services . interfaces,"[Useful Class, Not Useful Use Case, Not Useful Activity]"
1766,The GPRS support node ( SGSN ) is serving elements to BSS Gr interface .,"[Useful Class, Not Useful Use Case, Not Useful Activity]"
1767,"The gateway GPRS support node ( GGSN ) is a location register the via HLR the via the Gb interface and to the the MSC VLR via the Gs interface and to / infrastructure ) GPRS temporary details of subscribers active within the MSC area , a group call register ( containing ) VLR ( with primary responsibility for call control . GCR","[Useful Class, Not Useful Use Case, Not Useful Activity]"
1768,"The is supported by a visitor location register MSC ) containing attributes subscriber details on a permanent basis ; holding The also comprises General Packet Radio Service ( network the ) ( of voice group and broadcast call configurations HLRs for related MSC area and home location registers the A to be interoperability , all EIRENE mobiles are specified with a common level of basic services , ensure To ) M 5ms , and there shall be a facilities minimum of 65ms between each tone .","[Useful Class, Not Useful Use Case, Not Useful Activity]"
1769,( gap ± and . to each of the radio types .,"[Not Useful Class, Not Useful Use Case, Not Useful Activity]"
1770,( I ) The logical architecture of an specific requirements detail 7,"[Not Useful Class, Not Useful Use Case, Not Useful Activity]"
1771,"This section of the specification gives details features of core requirements , while sections 5 - these EIRENE 70ms shall 6 ] ] to the mobile of the talking subscriber only if it has received [ Index , 515 SET - PARAMETER message with the attribute the “ - ATT =","[Not Useful Class, Not Useful Use Case, Not Useful Activity]"
1772,F”3,"It seems like your input ""F”3"" is unclear or incomplete. Could you please provide a proper sentence or clarify your input so I can assist you in determining whether it is useful for Class Diagram, Use Case Diagram, or Activity Diagram?"
1773,"[ EN 301 D be 3 digit of each tone ( see 3.8.2 and 3.8.4 ) added in the voice channel , duration The ) M sequence “ # * * ” transmitted - via from all the talking controllers4 .","[Not Useful Class, Not Useful Use Case, Not Useful Activity]"
1774,( DTMF the mobile ( are : 1 ) GSM - MT air interface : mandatory for interoperability and conformant,"[Not Useful Class, Not Useful Use Case, Not Useful Activity]"
1775,These . elements MS radio type .,"[Not Useful Class, Not Useful Use Case, Not Useful Activity]"
1776,"The logical architecture comprises to a of interfaces between the different EIRENE - number on GSM ; implemented , the requirements concerning this interface are mandatory for interoperability ; ( O ) where ,","[Not Useful Class, Not Useful Use Case, Not Useful Activity]"
1777,However . ( M ) ; 2 ) DM specifications - air interface :,"[Not Useful Class, Not Useful Use Case, Not Useful Activity]"
1778,Direct Mode is optional MT station dependent MMI I ) a ) GSM Mobile Termination ( GSM - MT ): comprising GSM mobile ( : elements following EIRENE MS ) is shown in figure equipment 4 1 .,"[Useful Class, Not Useful Use Case, Not Useful Activity]"
1779,The architecture consists of the - ): and ; features outside GSM : dependent on radio type ; d ) Man Machine Interface ( standardised : applications EIRENE b ) Direct Mode Mobile Termination ( SIM DM MT ): for direct mode communications ; - send shall network between each tone .,"[Not Useful Class, Not Useful Use Case, Not Useful Activity]"
1780,"( M ) The muting and unmuting for VGCS shall be 65ms of gap minimum by the fixed line dispatcher shall be in 70ms 5ms , and there shall be a ± generated line [ PARAMETER message with the attribute “ D - ATT =","[Useful Class, Useful Use Case, Not Useful Activity]"
1781,T”1,"It seems like your input is incomplete. Could you please clarify or provide the full sentence so I can classify whether it is useful for Class Diagram, Use Case Diagram, or Activity Diagram?"
1782,"[ EN 301 515 - SET the send EN 301 515 , Index [ 4 with ] .","[Not Useful Class, Not Useful Use Case, Not Useful Activity]"
1783,"( M ) The network shall ] , tone of .","[Not Useful Class, Not Useful Use Case, Not Useful Activity]"
1784,( I ) The network shall terminate the ongoing VGCS / VBS call if ] ] 5 [ VBS call based on DTMF signalling,"[Not Useful Class, Useful Use Case, Useful Activity]"
1785,"[ it EN 515 , Index [ 4 ] & 301 the receives 3 the discomfort caused by the DTMF tone added in the voice channel , the duration minimise to order In - digit sequence “ * * * the ” via DTMF signals .","[Not Useful Class, Not Useful Use Case, Not Useful Activity]"
1786,( M ) transmitted Index [ 6 “ # # # ” transmitted via DTMF from a controller terminal and if the sequence DTMF digit - “ DATT = T ” .,"[Not Useful Class, Not Useful Use Case, Not Useful Activity]"
1787,( controller M When the network has detected the 3 ) attribute was previously ± 5ms to be sent to that controller terminal only .,"[Not Useful Class, Not Useful Use Case, Not Useful Activity]"
1788,( O ) The 100ms of duration of talking it should indicate its recognition by not playing single DTMF grant tone “ # ” a the with message # ” transmitted via DTMF or the group call SETUP message2 from a controller terminal # # “ sequence ] ] to the mobile station of . the subscriber if it receives the 3- digit talking,"[Not Useful Class, Not Useful Use Case, Not Useful Activity]"
1789,"However , receiving controller while any other controller is talking additional shall result in sending another SET - PARAMETER not ; an related the 3 - digit sequence “ # to # ” or the group call SETUP message # / 3 GSM to be supported for each type of mobile radio :","[Not Useful Class, Not Useful Use Case, Not Useful Activity]"
1790,"If a Railway emergency call are features EIRENE following in section 2 , are to be set supported each type of mobile radio : The for identified up an successful , a retry timer expires ( duration 30 seconds , as specified in the is setup call the EIRENE radio is unsuccessful , the radio from shall re - attempt the call setup until automatically [ , supplementary be of the following power classes : ( M )","[Not Useful Class, Useful Use Case, Useful Activity]"
1791,"The following GSM teleservices , shall radios Mobile ) correctly in networks which conform to the identified design defined in section 3 .","[Not Useful Class, Not Useful Use Case, Not Useful Activity]"
1792,"( M criteria services in 2 2 , are to be supported for each type of mobile radio :","[Useful Class, Useful Use Case, Not Useful Activity]"
1793,"The following section in identified , , are to be supported for each section type mobile radio : The following bearer services of operate EIRENE ] [ EN 301 515 , Index [ 26 ] ] .","[Not Useful Class, Not Useful Use Case, Not Useful Activity]"
1794,"( M ) The in defined as , is intended .","[Not Useful Class, Not Useful Use Case, Not Useful Activity]"
1795,"( M ) A user service indication shall be provided to radio users availability GSM shall prevented Railway emergency call is not successful after 2 seconds , an indication shall be provided a establish to attempt from entering direct mode if the GSM be service available .","[Not Useful Class, Useful Use Case, Useful Activity]"
1796,( M ),"[Not Useful Class, Not Useful Use Case, Not Useful Activity]"
1797,"If the is FRS of 3 an EIRENE radio shall automatically repeat setup requests to the layer 3 GCC or BCC of layers higher the ) or the user abandons the call entity . M ) Note : For this ,","[Not Useful Class, Not Useful Use Case, Not Useful Activity]"
1798,( procedures as as the service being explicitly rejected by the network .,"[Not Useful Class, Not Useful Use Case, Not Useful Activity]"
1799,No change of the related layer without procedure establishment the an indication is given from the layer soon 3 or BCC entity on an abort of GCC mobiles that ensure according to the type of role they will perform and the environment they will operate types radio mobile distinct Applications - MMI interface : not specified in . O ) .,"[Not Useful Class, Not Useful Use Case, Not Useful Activity]"
1800,This specification defines three,"[Not Useful Class, Not Useful Use Case, Not Useful Activity]"
1801,"( EIRENE , follows / ETCS ; b ) General purpose radio - for general use by railway personnel ERTMS by and train : ( I ) a ) Cab as radio for use by the driver of a - ; ) ; EIRENE Application equipment for the Cab radio ( see [ MORANE FFFIS MTI ] ) and MT - GSM - MT - EIRENE Applications interface : ; specified allow an option for separate procurement of to 5 ( ) DM - MT and EIRENE Application equipment for the Cab radio ; ( O ) of procurement separate for ; 4 ) DM - MT - O EIRENE interface : specified to allow an option Applications c ) Operational R - GSM ) ; Frequencies ( MHz ) 876 - 915/921 - 960 ; ( GSM Railway Band All mobiles shall be capable of operation Note in following frequency bands : ( M ) the ) : R bands .","[Not Useful Class, Not Useful Use Case, Not Useful Activity]"
1802,The mobile radio antenna installation on vehicles shall be designed so as to ) GSM - E - GSM band includes the Public GSM the ( - GSM ) and Extended GSM ( P M,"[Useful Class, Not Useful Use Case, Not Useful Activity]"
1803,( . It is possible that the General purpose and Operational radios may have a number of : Note ; maintenance radio - for use by railway personnel physical involved train operations such as shunting and trackside in implementations to meet the requirements of the MORANE FFFIS for with GSM R SIM Cards [ MORANE SIM ] - ) comply mobiles railway requirements ( eg handheld and vehicle shall mounted .,"[Useful Class, Not Useful Use Case, Not Useful Activity]"
1804,All SIM cards used in EIRENE ) VGCS a terminate 280 km/h ; coverage probability of 95 % based on a coverage level between 41.5 above speeds for 02/Mar coverage level of 44.5 dBmV / m dBmV ( dBm ) on lines with ETCS levels -92 a / and above 220 km/h and lower than or equal to 280 km/h .,"[Not Useful Class, Not Useful Use Case, Not Useful Activity]"
1805,The EIRENE mobile speeds for 02/Mar levels 44.5 dBmV / m ( -95 dBm m and 92 dBm ) on lines with ETCS – installation on % - safety critical data ; coverage probability of 95 % based on a coverage level non and voice for 95 % based on a coverage level of of dBmV / m ( -98 dBm ) 38.5 based 41.5 / .,"[Not Useful Class, Not Useful Use Case, Not Useful Activity]"
1806,"The following minimum values are recommended : ( I ) coverage probability of 95 km/h 220 to equal m ( -95 dBm ) on lines dBmV with levels 02/Mar for speeds lower than or ETCS of shall designed levels 02/Mar concerning coverage and speed - limitations are to be validated and , if ETCS for values The additional margin of 3 dB for other necessary factors as ageing .","[Not Useful Class, Not Useful Use Case, Not Useful Activity]"
1807,"( I ) ; such an , after % over train routes under design load conditions ( as given in","[Not Useful Class, Not Useful Use Case, Not Useful Activity]"
1808,[ EN 301 99.5 least at be the first operational implementation of ETCS . reviewed,"[Not Useful Class, Not Useful Use Case, Not Useful Activity]"
1809,( ) .,"[Not Useful Class, Not Useful Use Case, Not Useful Activity]"
1810,The handover success rate should I be and and specified coverage probability means that with a probability value of at least 95 % in The : 1 Note to operate in a network meeting the each criteria 3.2.2 and 3.2.3 .,"[Not Useful Class, Not Useful Use Case, Not Useful Activity]"
1811,( M ) in receiver location ( .,"[Not Useful Class, Not Useful Use Case, Not Useful Activity]"
1812,"The coverage levels specified above consider a maximum loss of 3 dB between antenna above stated figures the length : 100 m ) the measured interval coverage shall be greater than or equal to level probability coverage ) technical and operational aspects , it is recommended to set the relevant timer(s ) in account into","[Not Useful Class, Not Useful Use Case, Not Useful Activity]"
1813,Taking . A of missing notification of an incoming the call party C with a higher eMLPP priority from party network such conform to a common minimum standard of performance .,"[Not Useful Class, Not Useful Use Case, Not Useful Activity]"
1814,It is the responsibility of national to specified are mobiles a way that the maximum alerting duration in is to 60s .,"[Not Useful Class, Useful Use Case, Useful Activity]"
1815,( I ) EIRENE limited railways the risk party A is engaged in an active call with party B. However call waiting does and call incoming the notified of an incoming call from party not C the traffic channel is not available for whilst for operate the the alerting duration has to be as short as possible in order to minimize the,"[Not Useful Class, Useful Use Case, Useful Activity]"
1816,Therefore . ) used prior set up of the call between during the A and B ( including alerting if parties to design their with a gain of 0dBi is assumed .,"[Not Useful Class, Not Useful Use Case, Not Useful Activity]"
1817,This criterion will be met with a antenna isotropic,"[Not Useful Class, Not Useful Use Case, Not Useful Activity]"
1818,An . the roof of a train ( nominally certain a of 4 m above the track ) height on probability the conditions . ),"[Not Useful Class, Not Useful Use Case, Not Useful Activity]"
1819,( I ) The following minimum values shall apply : ( M propagation actual the by coverage area .,"[Not Useful Class, Not Useful Use Case, Not Useful Activity]"
1820,( The target coverage in power is dependent on the statistical fluctuations caused level antenna the at together specifications and information related to the planning of an EIRENE network and provides guidance draws section This ) EIRENE networks to provide the required level on of to EIRENE compliant mobiles .,"[Useful Class, Not Useful Use Case, Not Useful Activity]"
1821,( I service target performance levels,"[Not Useful Class, Useful Use Case, Not Useful Activity]"
1822,"( I ) For network planning , . the level is defined as the field strength coverage 515 ] ERTMS .","[Not Useful Class, Not Useful Use Case, Not Useful Activity]"
1823,"Additional information on communication requirements for COMMS the / ETCS application is provided in [ ERTMS , Index [ in [ CEPT 25 - 9 ] , [ 1999/569 / EC ] and [ defined is R - , Index [ 35 ] ] . ECC(02)05","[Not Useful Class, Not Useful Use Case, Not Useful Activity]"
1824,( ) The UIC frequency band for GSM M 515 ] ( base station transmit ) .,"[Not Useful Class, Not Useful Use Case, Not Useful Activity]"
1825,The carrier frequency is designated by the absolute radio frequency ( MHz 925 – I ) 876 – 880 MHz ( : mobile transmit ) ; paired with ; 921 station channel 301 [ in the setup message to be compressed .,"[Not Useful Class, Not Useful Use Case, Not Useful Activity]"
1826,A maximum of 12 digits may be information requires times setup ISDN connection ) must take less than sent 250ms,"[Useful Class, Not Useful Use Case, Not Useful Activity]"
1827,"( I ) Achievement of fast call . EN as originator combination of sub - bands , of the R - GSM band as defined in or , band - - to - dispatcher information .","[Not Useful Class, Not Useful Use Case, Not Useful Activity]"
1828,( mobile I The network shall operate in a sub ) number ( ARFCN of pause between tones generated by the network ( DTMF sender ) and needed for length the and tone,"[Not Useful Class, Not Useful Use Case, Not Useful Activity]"
1829,Fl(n ),"The sentence ""Fl(n )"" does not provide enough context or information to determine its usefulness for Class Diagram, Use Case Diagram, or Activity Diagram. Based on its ambiguity:

**[Not Useful Class, Not Useful Use Case, Not Useful Activity]**"
1830,+ 45 ; Frequencies are the in .,"[Not Useful Class, Not Useful Use Case, Not Useful Activity]"
1831,The minimum duration of a DTMF MHz = DTMF recognition Multi Frequency ( DTMF ) signalling ] .,"[Not Useful Class, Not Useful Use Case, Not Useful Activity]"
1832,"( I ) An entitled controller may Tone Dual of Support in the network ( DTMF receiver ) digit are in [ 3 G TS 23.014 , specified ) Fu(n ; the UIC frequency band the following convention shall be used , where Fl(n ) is in carriers","[Not Useful Class, Not Useful Use Case, Not Useful Activity]"
1833,"For . ) , and is defined in [ the EN 515 , Index [ 35 ] ] 301 frequency value of : ( M ) Fl(n ) = band 890 0.2*(n-1024 ) 955 £ n £ 973 + an upper in the carrier ARFCN n in the lower the band and Fu(n )","[Not Useful Class, Not Useful Use Case, Not Useful Activity]"
1834,"the corresponding frequency value , the by controller quality of service requirement for handover executions ( eg a break of 10s would clearly a is","[Not Useful Class, Not Useful Use Case, Not Useful Activity]"
1835,There . command ’ ; receipt of ‘ UA be ’ ‘ physical info ’ on new channel after handover unacceptable the confirmed through user trials .,"[Not Useful Class, Not Useful Use Case, Not Useful Activity]"
1836,( I ) An additional option is available to reduce be to need will user ) .,"[Not Useful Class, Useful Use Case, Not Useful Activity]"
1837,"300ms represents our current to best of the QoS figure , although this estimate the ‘ receipt train operations , optimisation of the handover process for such trains is considered necessary . speed high accommodate to 30 ] ] ) .","[Not Useful Class, Not Useful Use Case, Not Useful Activity]"
1838,( O,It seems your input is incomplete. Could you please provide a full sentence? Then I'll help you classify it as per the example output.
1839,Suitable ) avoid the necessity for large cell overlaps To of algorithms be start and stop of the handover execution at the mobile are : ( I ) the of measurement for tested and refined as necessary during the will trials .,"[Not Useful Class, Not Useful Use Case, Not Useful Activity]"
1840,( I ) The proposed events process handover break period shall be achieved with authentication and ciphering procedures enabled .,"[Not Useful Class, Not Useful Use Case, Useful Activity]"
1841,( M ) Note : FRS EIRENE the in call type is given in section 10.2 Authentication . I ) Call setup times as defined,"[Not Useful Class, Not Useful Use Case, Not Useful Activity]"
1842,( each may delayed call through any networks external to GSM ( eg from the GSM MSC to a the of passage the if necessary to achieve the required call be setup .,"[Not Useful Class, Not Useful Use Case, Not Useful Activity]"
1843,In order to achieve these times times for level priority requires the BTS transmissions in different cells to be synchronised by the system .,"[Not Useful Class, Useful Use Case, Useful Activity]"
1844,Each handover,"[Not Useful Class, Not Useful Use Case, Not Useful Activity]"
1845,"Synchronous . 150ms , namely the use of the synchronous authority handover to reduce the break period to about capability can decide whether of a call","[Not Useful Class, Not Useful Use Case, Not Useful Activity]"
1846,"[ EN 301 515 priority , [ 27 ] ] .","[Not Useful Class, Not Useful Use Case, Not Useful Activity]"
1847,The required Index linked eMLPP upon it wishes to use synchronised BTSs . the,"[Not Useful Class, Not Useful Use Case, Not Useful Activity]"
1848,( ) Call setup time requirement is dependent I unit and following shall output a request to turn off both the heating unit and the module cooling,"[Not Useful Class, Not Useful Use Case, Useful Activity]"
1849,Condition 2 : LO =,"[Not Useful Class, Not Useful Use Case, Not Useful Activity]"
1850,LT or UT T = UO,"[Not Useful Class, Not Useful Use Case, Not Useful Activity]"
1851,"This condition . the the ,","[Not Useful Class, Not Useful Use Case, Not Useful Activity]"
1852,TSET + TD Condition 1 :,"[Not Useful Class, Not Useful Use Case, Not Useful Activity]"
1853,LT = T =,"It seems like your input is incomplete. Could you please provide the complete sentence or clarify what you mean? Once you provide the full statement, I can help determine whether it is useful for Class Diagram, Use Case Diagram, or Activity Diagram."
1854,UT,"It seems like the input ""UT"" is incomplete or unclear. Could you please provide a full sentence or clarify your input so I can assist you better?"
1855,This condition then indicates thermostat ’s current temperature setting is satisfied .,"[Not Useful Class, Useful Use Case, Useful Activity]"
1856,If this condition is TRUE the = need a LT or the cooling unit if UT T =,"[Not Useful Class, Not Useful Use Case, Not Useful Activity]"
1857,UO .,"The input ""UO ."" is too ambiguous and does not provide enough context to determine its usefulness for any of the diagrams. Here's the output based on the lack of clarity:

[Not Useful Class, Not Useful Use Case, Not Useful Activity]"
1858,H / T C,"[Not Useful Class, Not Useful Use Case, Not Useful Activity]"
1859,The THEMAS system shall control each of the heating and cooling units that Request for = if heating or cooling unit to be turned on .,"[Useful Class, Useful Use Case, Useful Activity]"
1860,"If this condition is LO TRUE then this module shall output a request to turn on the heating unit , are Value Upper value exceeds the current temperature setting by a pre defined amount , the temperature THEMAS shall activate the appropriate heating or cooling units Temperature Trigger Exceeded","[Not Useful Class, Useful Use Case, Useful Activity]"
1861,There are system two current When temperature limit having been exceeded .,"[Not Useful Class, Not Useful Use Case, Not Useful Activity]"
1862,If LO = T =,"The input sentence does not provide clear information or context that could be directly analyzed for its relevance to Class Diagrams, Use Case Diagrams, or Activity Diagrams. It appears to be incomplete or nonsensical in its current form. 

Output: [Not Useful Class, Not Useful Use Case, Not Useful Activity]"
1863,"UO , the then process shall output the temperature status .","[Not Useful Class, Not Useful Use Case, Useful Activity]"
1864,Temperature Trigger Exceeded Temperature Limit Exceeded this Trigger conditions each to be turned on .,"[Not Useful Class, Not Useful Use Case, Useful Activity]"
1865,"To clarify these conditions , the following definitions unit will used : LT : Lower Trigger Value =","[Useful Class, Not Useful Use Case, Not Useful Activity]"
1866,TSET - TD UT : be for cooling heating individual thermostat that shall be tested for : 1 ) the thermostat ’s or settings satisfied and 2 ) the thermostat ’s temperature indica tes it requires a are the defined the heating and cooling requests .,"[Not Useful Class, Useful Use Case, Useful Activity]"
1867,"If the queue is not empty , this waiting process remove one request from the LIFO queue and check the current state of shall the of the generate a request to turn on the requested unit .","[Not Useful Class, Useful Use Case, Useful Activity]"
1868,"When a request queue to off a heating or cooling unit is received , this process shall check turn will thermostat which","[Not Useful Class, Useful Use Case, Useful Activity]"
1869,"Unit Unavailable H / C ON / OFF Request When a request for . a unit or cooling to be turned is denied , an event shall be heating for on that the queued request was made .","[Not Useful Class, Useful Use Case, Useful Activity]"
1870,"If that thermostat still needs a heating unit o cooling unit turned on , this process shall submit a request to turn r for process , the ON / OFF status of each heating and cooling unit .","[Not Useful Class, Useful Use Case, Useful Activity]"
1871,"When maintain a to turn on or off a heating or cooling unit , the following request processing shall THEMAS system .","[Not Useful Class, Useful Use Case, Useful Activity]"
1872,The THEMAS system shall limit the number of heating or cooling system units hat may be running simultaneously .,"[Not Useful Class, Useful Use Case, Not Useful Activity]"
1873,"Operational Parameters H / C Request The t this will . cooling units is already running , the request will be added to a or LIFO .","[Not Useful Class, Not Useful Use Case, Useful Activity]"
1874,If the maximum number of heating or cooling units is not running queue occur heating number,"[Useful Class, Not Useful Use Case, Useful Activity]"
1875,"When a request to turn on a heating or cooling unit is received of , system shall determine if the request can be honored .","[Not Useful Class, Useful Use Case, Useful Activity]"
1876,If the maximum the generated of the both types of data .,"[Not Useful Class, Not Useful Use Case, Not Useful Activity]"
1877,A current temperature value that is received from process an thermostat shall be compared to the valid temperature range values .,"[Useful Class, Useful Use Case, Useful Activity]"
1878,If the individual current shall,"[Not Useful Class, Not Useful Use Case, Not Useful Activity]"
1879,This,"[Not Useful Class, Not Useful Use Case, Not Useful Activity]"
1880,Operational Parameters Temperature Data Two types of temperature data shall be recognized from module the : 1 ) the temperature setting and 2 ) the current temperature . thermostats . temperature is THEMAS system shall identify the current temperature value as an invalid temperature and the shall an invalid temperature status .,"[Useful Class, Useful Use Case, Not Useful Activity]"
1881,"Otherwise , the THEMAS system shall output a output value then range strictly less than the lower value of the valid temperature range or if , the temperature value is strictly greater than the upper value of the valid temperature received valid range specified a request to turn off all the units .","[Not Useful Class, Useful Use Case, Useful Activity]"
1882,It shall then read issuing the temperature values and current temperature settings of each thermostat .,"[Useful Class, Useful Use Case, Not Useful Activity]"
1883,If the settings current reflect by cooling require a heating or cooling unit to be turned on back on . units,"[Not Useful Class, Useful Use Case, Useful Activity]"
1884,Operational This process shall first determine a known state of all the heating and Parameters valid a for the rules outlined in section 3.1.4.1 and 3.1.4.2 .,"[Not Useful Class, Not Useful Use Case, Not Useful Activity]"
1885,"H / C Request with The system shall only respond to temperatures from the thermostats that are within the THEMAS need accordance made a heating or cooling unit to be turned o n , the process in shall a request to turn on the appropriate unit .","[Not Useful Class, Useful Use Case, Useful Activity]"
1886,This determination shall be issue condition temperature . .,"[Not Useful Class, Not Useful Use Case, Not Useful Activity]"
1887,Valid Temperatures Trigger Values Overtemp Values,"[Not Useful Class, Not Useful Use Case, Not Useful Activity]"
1888,The THEMAS system shall compare the processing reported value to the temperature setting and detect when the temperature value exceeds the temperature specified subsequent output limits set by the overtemperature values .,"[Useful Class, Useful Use Case, Not Useful Activity]"
1889,Temperatures that exceed the overtemperature limits for shall reported as such .,"[Not Useful Class, Not Useful Use Case, Useful Activity]"
1890,Temperatures that do not exceed these limits shall be be the limits,"[Not Useful Class, Not Useful Use Case, Not Useful Activity]"
1891,To,"It seems your input is incomplete. Could you provide the full sentence or clarify your query so I can help determine its usefulness for Class Diagram, Use Case Diagram, or Activity Diagram?"
1892,LO or UO = T then the THEMAS system shall recognize this condition = as temperature limit has been exceeded .,"[Not Useful Class, Useful Use Case, Useful Activity]"
1893,"In this case this process shall output the . T OD clarify these conditions , the following definitions will be used : LO :","[Not Useful Class, Not Useful Use Case, Not Useful Activity]"
1894,If Lower Value =,"[Not Useful Class, Not Useful Use Case, Not Useful Activity]"
1895,TSET - OD UO : Upper Overtemperature Value =,"[Not Useful Class, Not Useful Use Case, Not Useful Activity]"
1896,"TSET + Overtemperature status exceeds temperature value of the valid temperature range or if the temperature setting value is lower strictly than the upper value of the valid temperature range , then the THEMAS greater system the less","[Useful Class, Not Useful Use Case, Not Useful Activity]"
1897,A temperature setting value that is received from an individual thermostat shall be than compared the valid temperature range values .,"[Not Useful Class, Useful Use Case, Useful Activity]"
1898,If the temperature setting value is strictly to setting shall the Valid Temperature,"[Useful Class, Not Useful Use Case, Not Useful Activity]"
1899,The following sections describe the Monitor Temperature component of the THEMAS Temperature system,"[Not Useful Class, Useful Use Case, Not Useful Activity]"
1900,The THEMAS system shall determine wh en a reported temperature or a changed . identify,"[Not Useful Class, Useful Use Case, Not Useful Activity]"
1901,"Invalid setting temperature setting as an invalid temperature and shall output an invalid temperature status . . , the THEMAS system shall realize the value for that thermostat ’s temperature","[Not Useful Class, Useful Use Case, Useful Activity]"
1902,Otherwise and the THEMAS event message .,"[Not Useful Class, Not Useful Use Case, Not Useful Activity]"
1903,The THEMAS system shall record each event by a description appropriate and c urrent system time for that event .,"[Useful Class, Useful Use Case, Not Useful Activity]"
1904,This information shall be recorded the in an and generate the appropriate event data .,"[Useful Class, Useful Use Case, Useful Activity]"
1905,"Alarm Events System Events Denied H / format C When an event occurs , the THEMAS system shall identify the event type Request and a ® thermostats in the system .","[Useful Class, Useful Use Case, Not Useful Activity]"
1906,Operational Parameters The supervisor ’s interface shall display the the thermostats and their individual current temperature settings .,"[Useful Class, Useful Use Case, Not Useful Activity]"
1907,The supervisor shall be able available Microsoft of of Access ® database that shall reside on the supervisor ’s computer .,"[Not Useful Class, Useful Use Case, Not Useful Activity]"
1908,Event any Data THEMAS system shall provide the supervisor a mechanism to change the temperature setting The to event identify a continuous series of alternating 1000 Hz and 1500 Hz beeps on the output supervisor computer .,"[Not Useful Class, Useful Use Case, Not Useful Activity]"
1909,Each beep shall have a one - half second duration . ’s,"[Not Useful Class, Not Useful Use Case, Not Useful Activity]"
1910,This shall this beeps shall continue until the supervisor manually resets the alarm through the supervisor process ’s window .,"[Not Useful Class, Useful Use Case, Useful Activity]"
1911,"If the system detects a temperature limit has been exceeded , interface each series beeps shall be used to provide operational and statistical reports about the system . event","[Not Useful Class, Useful Use Case, Useful Activity]"
1912,"Alarm Alarm Events For each event that is generated , the THEMAS system shall Data of","[Useful Class, Useful Use Case, Not Useful Activity]"
1913,This recorded shall continue until the supervisor manually resets the alarm through the supervisor ’s . interface .,"[Not Useful Class, Useful Use Case, Useful Activity]"
1914,"Each time an alarm is requested , an alarm event shall be window of select of list of available months from which to make a selection .","[Not Useful Class, Useful Use Case, Useful Activity]"
1915,"After selecting a one the months , the system shall generate the ASCII report file .","[Not Useful Class, Useful Use Case, Useful Activity]"
1916,"The of statistical with the , sort the events by date and time , and create the ASCII operator report .","[Not Useful Class, Useful Use Case, Useful Activity]"
1917,"If the statistical report is selected , the THEMAS system shall present file database reports consist of requests for a heating and cooling unit that was granted to the number number requests for a heating or cooling unit that was denied .","[Not Useful Class, Useful Use Case, Not Useful Activity]"
1918,"Report Data of shall the ratio of the following statistics : The percentage of time each heating and cooling of unit on for each day of that month ; For each thermometer , the was one event from different types of reports : 1 ) the operational history of the THEMAS two system the past twelve months and 2 ) a statistical summary for any selected for mont between to the thermostats and select a value for the current temperature from a list select of temperatures .","[Useful Class, Useful Use Case, Not Useful Activity]"
1919,Temperature Data The THEMAS shall provide the ability for the supervisor valid the h. Data file whose location and name shall be selectable by the operator .,"[Not Useful Class, Useful Use Case, Not Useful Activity]"
1920,"If ASCII the history report is selected , the THEMAS system shall select all the events operational Event an consist The supervisor ’s interface to the THEMAS system shall provide a mechanism to of select an operational history report or a statistical summary report .","[Not Useful Class, Useful Use Case, Not Useful Activity]"
1921,Either report shall between series,"[Not Useful Class, Not Useful Use Case, Not Useful Activity]"
1922,This . to indicate whether that unit is to be turned on or off . flag,"[Not Useful Class, Useful Use Case, Useful Activity]"
1923,"Approved / C Request Once a request to turn on or off a heating H or a unit unit is made , this process shall generate the appropriate request to carry and out request .","[Not Useful Class, Useful Use Case, Useful Activity]"
1924,"This request shall include the designation of the heating or cooling that cooling cooling , H / C Request This process shall recognize the values for the requested","[Useful Class, Useful Use Case, Useful Activity]"
1925,Approved heating cooling unit and the ON or OFF status that is being requested . or unit . requesting the THEMAS system shall provide the necessary control signal for the unit . thermostat,"[Useful Class, Useful Use Case, Not Useful Activity]"
1926,This signal shall also provide an indication of the unit ’s status at the control,"[Not Useful Class, Useful Use Case, Useful Activity]"
1927,The or a and use this information to generate a specific system event .,
1928,This system information event consist of a description of the event type ( a request denied event shall ) cooling heating system shall record that event .,"[Useful Class, Useful Use Case, Not Useful Activity]"
1929,The information in these events will be or used creating statistical reports .,"[Not Useful Class, Useful Use Case, Not Useful Activity]"
1930,"Unit Unavailable This procedure shall realize the thermostat and for heating , designation and cooling units that are designated as part of the THEMAS system . heating","[Useful Class, Useful Use Case, Not Useful Activity]"
1931,"H C ON / OFF Request When a request to turn on or off / a the shall of the thermostat that made the request , a designation of the heating control or unit that was not turned on .","[Useful Class, Useful Use Case, Useful Activity]"
1932,System Event Data The THEMAS system cooling necessary signal to or 2 ) the reported temperature has exceeded the defined limits .,"[Not Useful Class, Useful Use Case, Useful Activity]"
1933,"This , process determine which alarm event is to be generated .","[Not Useful Class, Useful Use Case, Useful Activity]"
1934,Invalid Temperature Temperature Limit shall Exceeded thermostat from Signal Cooling Unit Signal Unit Status System Events,"[Useful Class, Not Useful Use Case, Not Useful Activity]"
1935,There are two events that a shall in an alarm condition : 1 ) an invalid temperature value is reported result Unit When THEMAS output a continuous series of alternating 500 Hz and 700 Hz beeps on shall the ’s computer .,"[Not Useful Class, Useful Use Case, Useful Activity]"
1936,"Each beep shall have a three - quarter second duration supervisor the process , system detects a request for an alarm , this process shall detect which this of","[Not Useful Class, Useful Use Case, Useful Activity]"
1937,The alarms are being requested .,"[Not Useful Class, Useful Use Case, Useful Activity]"
1938,If the system detects an invalid temperature the,"[Not Useful Class, Useful Use Case, Useful Activity]"
1939,Heating . changed is designated as TBD(to be determined ) .,"[Not Useful Class, Not Useful Use Case, Not Useful Activity]"
1940,"In order to provide an signal indication the status of the heating or cooling unit back to the requesting thermostat of , the will the heating or cooling unit will be generated .","[Not Useful Class, Useful Use Case, Useful Activity]"
1941,"Since the interface to issue con the units has not been defined , the part of this process that trol this procedure shall made to the status of a heating or cooling unit .","[Not Useful Class, Useful Use Case, Useful Activity]"
1942,This ev is ent contain the identification of the heating or cooling unit whose status is being shall change a time output the status information of the heating or cooling unit .,"[Useful Class, Not Useful Use Case, Not Useful Activity]"
1943,"In order to provide an operational history and statistical reports , this process shall generate an event each settings ’s two any four sections have an associated software configuration item ; all except the System","[Useful Class, Useful Use Case, Not Useful Activity]"
1944,All Reports an associated hardware configuration item .,"[Useful Class, Not Useful Use Case, Not Useful Activity]"
1945,The hardware requirements are contained in the have system . System stated in this section of the SRS .,"[Useful Class, Not Useful Use Case, Not Useful Activity]"
1946,The THEMAS system is divided Reports into major sections :,"[Useful Class, Not Useful Use Case, Not Useful Activity]"
1947,"Monitor Temperature , Determine Utilization , Initialize System , and four are specification","[Not Useful Class, Useful Use Case, Not Useful Activity]"
1948,The process of determining temperature status .,"[Not Useful Class, Useful Use Case, Useful Activity]"
1949,"After this process is done , either the temperature is exceeded or the temperature change is requested .","[Not Useful Class, Not Useful Use Case, Useful Activity]"
1950,If the temperature change limit . through then functions of the software for the system are contained in the following paragraphs goes . monitor temperature function receives the valid temperature and system parameters .,"[Useful Class, Useful Use Case, Not Useful Activity]"
1951,The function,"[Not Useful Class, Not Useful Use Case, Not Useful Activity]"
1952,The is they made effect the THEMAS system and its requirements .,"[Not Useful Class, Not Useful Use Case, Not Useful Activity]"
1953,"This section does not state that specific , it only makes these requirements easier understood .","[Not Useful Class, Not Useful Use Case, Not Useful Activity]"
1954,The THEMAS system is requirements a factors the .,"[Not Useful Class, Not Useful Use Case, Not Useful Activity]"
1955,Appendix A contains the Dataflow Diagrams ; Appendix B contains the Traceability general Matrix Appendix C contains the Data Dictionary .,"[Not Useful Class, Not Useful Use Case, Not Useful Activity]"
1956,"This section of this SRS describes ; , system operates hardware and software portion .","[Not Useful Class, Not Useful Use Case, Not Useful Activity]"
1957,This SRS only specifies the requirements dealing with a the portion of the system .,"[Not Useful Class, Not Useful Use Case, Not Useful Activity]"
1958,"If assumptions or dependencies about the hardware were software that of composed independent of any other system , or any components of the heating and mainly cooling to which it is attached .","[Useful Class, Not Useful Use Case, Not Useful Activity]"
1959,"The THEMAS system , however , is system system requested then all heating / cooling units , load th ermostat definitions , load utilization off parameters set trigger values , set overtemperature values , and establish valid temperature range , . turn definitions .","[Useful Class, Useful Use Case, Not Useful Activity]"
1960,"The initialize system function receives the initialization data for the THEMAS system , . processes that are associated with it are : load heating / cooling unit","[Not Useful Class, Useful Use Case, Useful Activity]"
1961,The processes,"[Not Useful Class, Not Useful Use Case, Not Useful Activity]"
1962,The information send valid temperature range .,"[Useful Class, Useful Use Case, Not Useful Activity]"
1963,The system reports function receives event data from and the system .,"[Useful Class, Useful Use Case, Not Useful Activity]"
1964,"This function is a database that stores all the events in THEMAS outgoing , overtemperature that starts the entire THEMAS system is : clear all heating / cooling values signals send thermostat definitions , send utilization parameters , send trigger values , send , , its to thermostat setting , generate alarm , and system initialization .","[Useful Class, Useful Use Case, Useful Activity]"
1965,The determine utilization change function the heating / cooling request and utilization parameters .,"[Useful Class, Useful Use Case, Not Useful Activity]"
1966,"The function then processes receives the , validate the determine heating / cooling mode process is activated and makes a heating temperature / request .","[Not Useful Class, Useful Use Case, Useful Activity]"
1967,Some other processes that help the monitor temperature function are : cooling do status all function or it generates a heating / cooling signal to turn on / Reports off units .,"[Useful Class, Useful Use Case, Useful Activity]"
1968,The Monitor Temperature and Initialize System functions help the determine utilization the of System into heating / cooling units and sends out either unit unavailable or heating / the cooling needed .,"[Not Useful Class, Useful Use Case, Useful Activity]"
1969,The fun ction generates either a unit unavailable event which goes unit THEMAS the for interface with THEMAS .,"[Not Useful Class, Not Useful Use Case, Not Useful Activity]"
1970,The SRS shall give a prototype of a simulated will thermostat verification and validation of THEMAS reliability .,"[Not Useful Class, Useful Use Case, Not Useful Activity]"
1971,The requirements specified in this document for are that exact requirements for this SRS .,"[Not Useful Class, Not Useful Use Case, Not Useful Activity]"
1972,This document provides a detailed definition of all systems requirements the THEMAS system .,"[Not Useful Class, Useful Use Case, Not Useful Activity]"
1973,It does not provide a detailed definition of the for binding to used ; C Cooling ; DB Database ; DD Data Dictionary ; DFD Data Institute Flow ; H Heating ; IEEE Institute of Electrical and Electronic Engineers ; LO Diagram be Standards American as the basis for software design of the THEMAS system .,"[Not Useful Class, Not Useful Use Case, Not Useful Activity]"
1974,The following National section acronyms and abbreviations and their meaning as used in this document : ANSI lists Lower as interp THEMAS ) .,"[Not Useful Class, Not Useful Use Case, Not Useful Activity]"
1975,"It provides a technical description of all so ftware requirements ( of system , provides traceability of software capability requirements to the Statement of Work the , System Energy thermostat subsections of Section 1.0 provide an overview of the entire Software Requirements Management Specification","[Not Useful Class, Not Useful Use Case, Not Useful Activity]"
1976,This Software Requirements Specification ( SRS ) specifies the qualification requirements for The . reted and external of this document is confined to only the software requirements for the THEMAS scope system,"[Not Useful Class, Not Useful Use Case, Not Useful Activity]"
1977,"Only those conditions expressed with the imperative "" shall "" are to be . identifies","[Not Useful Class, Not Useful Use Case, Not Useful Activity]"
1978,The THEMAS interfaces .,"[Not Useful Class, Not Useful Use Case, Not Useful Activity]"
1979,"This document is intended for use by the Design Requirements team . , Software Architect , and other parties interested in the development and progression of Principle Overtemperature Value ; ) /","[Not Useful Class, Not Useful Use Case, Not Useful Activity]"
1980,Institute of Electrical and Electronics Engineers ( IEEE ),"[Not Useful Class, Not Useful Use Case, Not Useful Activity]"
1981,"Guide to ANSI Software Specifications , ANSI /","[Not Useful Class, Not Useful Use Case, Not Useful Activity]"
1982,IEEE STD 830 -1984 .,"[Not Useful Class, Not Useful Use Case, Not Useful Activity]

This sentence does not provide specific information about entities, processes, or interactions relevant to creating a Class Diagram, Use Case Diagram, or Activity Diagram. It simply references a standard."
1983,Section 2.0 of this Requirements document ( Standards from libraries .,"[Not Useful Class, Not Useful Use Case, Not Useful Activity]"
1984,"Copies of other specifications may be obtained from Barry Scott Institute , project Manager .","[Useful Class, Not Useful Use Case, Not Useful Activity]"
1985,This document is prepared in accordance with the American National THEMAS reference gives general all the the Design Requirements team needs to create a design .,"[Not Useful Class, Useful Use Case, Not Useful Activity]"
1986,"It contains will functional and performance requirements , design constraints , attributes and external interface requirements contain a 3.0 . description of the THEMAS system .","[Not Useful Class, Not Useful Use Case, Not Useful Activity]"
1987,"I t provides product perspectives , product","[Not Useful Class, Not Useful Use Case, Not Useful Activity]"
1988,"Section functions user characteristics , general constraints , and assumptions and dependencies of the system , for available generally Energy Management System ; TSET Current Temperature Setting ; UT Upper Trigger Value","[Useful Class, Not Useful Use Case, Not Useful Activity]"
1989,The ; Upper Overtemperature Value .,"[Not Useful Class, Not Useful Use Case, Not Useful Activity]"
1990,The following documents shown form a part of this UO specification THEMAS Value LT Lower Trigger Value ; OD Overtemperature Delta Value ; SDD Software Design ; Document SRS Software Requirements Specification ; T Current Temperature Value ; TD Trigger Delta ; .,"[Useful Class, Not Useful Use Case, Not Useful Activity]"
1991,In the,"The sentence ""In the"" is incomplete and does not provide enough information to determine its usefulness for Class Diagram, Use Case Diagram, or Activity Diagram. 

Output: [Not Useful Class, Not Useful Use Case, Not Useful Activity]"
1992,Statement of Work THEMAS_SOW_001 ; ANSI / IEE Guide to Software ANSI / .,"[Not Useful Class, Not Useful Use Case, Not Useful Activity]"
1993,IEEE 830 - 1984 Requirements Specification .,"[Not Useful Class, Not Useful Use Case, Not Useful Activity]"
1994,"Technical society and technical association specifications are STD Work of Statement event of conflict between the documents referenced and the contents of this SRS , the contents of this document shall overrule all others , with the exception of the the THEMAS details .","[Not Useful Class, Not Useful Use Case, Not Useful Activity]"
1995,This procedure will load these definitions into the THEMAS software .,"[Not Useful Class, Useful Use Case, Useful Activity]"
1996,Initialization Data . Each of each floor shall have a thermostat which is to be used to quadrant provide system the four quadrants on each of three floors of the office building .,"[Useful Class, Useful Use Case, Not Useful Activity]"
1997,Operational THEMAS Parameters thermostat shall have a unique identifier by which that thermostat is identified in Each of temperature to loaded into the THEMAS system during the initialization process .,"[Useful Class, Not Useful Use Case, Not Useful Activity]"
1998,Operational Parameters There and shall a maximum number of heating or cooling u nits that can be on be data file the the THEMAS system .,"[Useful Class, Not Useful Use Case, Not Useful Activity]"
1999,The initialization file shall contain a unique identifier for initialization each that the system is to monitor .,"[Useful Class, Not Useful Use Case, Not Useful Activity]"
2000,These identifiers shall be read from thermostat at each thermostat t he heating and cooling units that are defined as part of the control THEMAS .,"[Useful Class, Not Useful Use Case, Not Useful Activity]"
2001,The definitions of the individual heating and cooling systems reside in an system initialization shall THEMAS describes the software requirement for that individual software component of the THEMAS system system . following sections describe the Initialize System component of the THEMAS system .,"[Useful Class, Not Useful Use Case, Not Useful Activity]"
2002,The,"The sentence ""The"" is too vague and does not provide any specific information that could be used for creating a Class Diagram, Use Case Diagram, or Activity Diagram. 

Output: [Not Useful Class, Not Useful Use Case, Not Useful Activity]"
2003,The in file,"[Not Useful Class, Not Useful Use Case, Not Useful Activity]"
2004,The data file to determine which heating and cooling units are part of the initialization THEMAS .,"[Useful Class, Not Useful Use Case, Not Useful Activity]"
2005,Ther e is one heating and cooling unit that corresponds to one system . the contained system shall read this file and the definitions shall be derived from the in initialization in the file .,"[Useful Class, Useful Use Case, Not Useful Activity]"
2006,Initialization Data,"[Not Useful Class, Not Useful Use Case, Not Useful Activity]"
2007,The THEMAS system shall use the information data any given time overtemperature value from the data in that file .,"[Useful Class, Useful Use Case, Not Useful Activity]"
2008,Operational Parameters The THEMAS the system only respond to temperatures that are within a reasonable value .,"[Not Useful Class, Useful Use Case, Not Useful Activity]"
2009,Initialization Data shall The establish file exceed a maximum deviation value of 3 degrees Fahrenheit .,"[Not Useful Class, Not Useful Use Case, Not Useful Activity]"
2010,Initialization Data The and overtemperature shall reside in an initialization file .,"[Useful Class, Not Useful Use Case, Not Useful Activity]"
2011,"This procedure shall read the initialization values not valid range system is initialized , it shall first turn off all the heating and THEMAS cooling .","[Not Useful Class, Useful Use Case, Useful Activity]"
2012,"Then , it shall check all the thermostats and determine system if units temperature the Parameters value shall reside in an initialization file .","[Not Useful Class, Useful Use Case, Useful Activity]"
2013,This procedure shall read the When initialization and establish the valid temperature range from the data in it .,"[Not Useful Class, Useful Use Case, Useful Activity]"
2014,Operational file shall thermostat given .,"[Not Useful Class, Not Useful Use Case, Not Useful Activity]"
2015,The maximum number of concurrently running units shall be read from the file initialization and stored in the THEMAS system .,"[Useful Class, Not Useful Use Case, Not Useful Activity]"
2016,Utilization Parameters The trigger value is file used initialization in .,"[Not Useful Class, Not Useful Use Case, Not Useful Activity]"
2017,This procedure loads the maximum number of concurrently units allowed .,"[Not Useful Class, Useful Use Case, Useful Activity]"
2018,Initialization an Data maximum number of heating or cooling units that can run concurrently shall reside The in combination with read the initialization file and establish the trigger value from the data in shall that .,"[Useful Class, Useful Use Case, Not Useful Activity]"
2019,Operational Parameters The THEMAS system shall ensure the temperature reported by a file procedure,"[Not Useful Class, Useful Use Case, Not Useful Activity]"
2020,This . the current temperature to determine when a heating or cooling unit shall be turned on or off .,"[Not Useful Class, Useful Use Case, Useful Activity]"
2021,Initialization Data The trigger values shall reside in an initialization file subsection,"[Useful Class, Not Useful Use Case, Not Useful Activity]"
2022,Each running Reports temperature values and temperature settings .,"[Useful Class, Not Useful Use Case, Not Useful Activity]"
2023,The heating and cooling units provide no provide feedback the THEMAS system .,"[Useful Class, Not Useful Use Case, Not Useful Activity]"
2024,When a signal is sent to a heating or to cooling only thermostats the system can be run efficiently .,"[Not Useful Class, Useful Use Case, Useful Activity]"
2025,The general constraints of the THEMAS shall system on the functionality provided by the external devices connected to i t.,"[Not Useful Class, Not Useful Use Case, Not Useful Activity]"
2026,"The focus that unit no , several assumptions have been made about the thermostat hardware and the heating system / hardware .","[Useful Class, Not Useful Use Case, Not Useful Activity]"
2027,These assumptions are stated in the following paragraphs .,"[Not Useful Class, Not Useful Use Case, Not Useful Activity]"
2028,"The THEMAS cooling , THEMAS for signal shall be available to allow the THEMAS system to determine if the the signal to the unit was realized by the unit .","[Useful Class, Not Useful Use Case, Not Useful Activity]"
2029,In developing the requirements sent so supervisor the reports function is the generate event data process .,"[Not Useful Class, Useful Use Case, Useful Activity]"
2030,This system is intended system to used by people that maintain the heating and cooling systems in a building be . the interacts,"[Not Useful Class, Useful Use Case, Not Useful Activity]"
2031,This function . is mainly for the use of the supervisor of the with THEMAS to maintain an efficient heating and cooling system .,"[Not Useful Class, Useful Use Case, Not Useful Activity]"
2032,The only process that system,"[Not Useful Class, Not Useful Use Case, Not Useful Activity]"
2033,The system should status of the system to the supervisor should not contain excessive information which current could the supervisor .,"[Not Useful Class, Useful Use Case, Not Useful Activity]"
2034,The system should provide information in the form reports to confuse the of displaying not need intervention from outside users other than the supervisor to maintain operation of THEMAS .,"[Not Useful Class, Useful Use Case, Not Useful Activity]"
2035,The system should provide warnings to the supervisor about faulty temperatures .,"[Not Useful Class, Useful Use Case, Not Useful Activity]"
2036,The system shall of designed to the THEMAS system .,"[Not Useful Class, Not Useful Use Case, Not Useful Activity]"
2037,The heating / cooling unit has no real status time when sending these statuses to the THEMAS system .,"[Useful Class, Not Useful Use Case, Not Useful Activity]"
2038,The heating / cooling delay shall on off thermostat is in the correct format for the THEMAS system to use . /,"[Useful Class, Not Useful Use Case, Not Useful Activity]"
2039,"It assumed that the heating / cooling unit is incapable of returning its current is the have capability , Monitor Temperature , Determine Utilization , Generate H / C Signal , Temperature Generate Data , Generate Event Data , Change Thermostat Setting be , and Generate Alarm the Validate System of being turned off and on by the supervisor of the THEMAS system , . section is subdivided into ten main subsections : Initialize Operational Parameters , Initialize","[Not Useful Class, Useful Use Case, Useful Activity]"
2040,This by unit data and and cooling units shall be done through the interface to these units thermostats . interfaces shall run on this operating system as well .,"[Useful Class, Useful Use Case, Not Useful Activity]"
2041,It is assumed,"[Not Useful Class, Not Useful Use Case, Not Useful Activity]"
2042,These the with communication to run on the sent Microsoft ® Windows NT ™ operating system .,"[Not Useful Class, Not Useful Use Case, Not Useful Activity]"
2043,All the internal process communications shall be designed to operate on this operating system .,"[Not Useful Class, Useful Use Case, Not Useful Activity]"
2044,Any that the heating thermostat delay in between the thermostat and the THEMAS system .,"[Not Useful Class, Not Useful Use Case, Not Useful Activity]"
2045,The also has the capability of being set and controlled by a user of the THEMAS system time real thermostat of is capable no returning the current temperature and the current desired temperature setting,"[Useful Class, Useful Use Case, Not Useful Activity]"
2046,All . these to values returning constantly is thermostat with,"[Not Useful Class, Not Useful Use Case, Not Useful Activity]"
2047,The . system the THEMAS show displays the website and video ( the e.g. combination tab of name ’s posted of half link,"[Useful Class, Useful Use Case, Not Useful Activity]"
2048,"The . date and length , name video , full the the website by and .","[Not Useful Class, Not Useful Use Case, Not Useful Activity]"
2049,User displays ascending / descending order results all sorts filters system – header name column on once clicking by results search the sorts,"[Not Useful Class, Useful Use Case, Useful Activity]"
2050,User . ) name episode the the tab include of sends system – search starts and term search enters,"[Not Useful Class, Useful Use Case, Useful Activity]"
2051,"User . surfthechannel.com e.g. , queries sites video different to links video external will sites is link websites","[Not Useful Class, Not Useful Use Case, Not Useful Activity]"
2052,The started . hosting the to video half hosting,"[Not Useful Class, Not Useful Use Case, Not Useful Activity]"
2053,The . program the in tab stream video the to sent be the then query this for,"[Not Useful Class, Not Useful Use Case, Not Useful Activity]"
2054,"Results . term search the on based database its in websites will they name to the allow to box tick a be will There : REQ-4 ; search the user in host video include to choose to user the allow to box tick a be searching will to to link to search a the and posted date , length , video full retrieve choose will hosting video to Query : REQ-5 ; search the in searching link video include sites want There REQ-3 the for results of set next the displays system – button page next on search clicks . results the from websites unselected removes system – results the in shown be","[Not Useful Class, Useful Use Case, Not Useful Activity]"
2055,User : . : ; internet the via updated be can sites linking video and hosting video of,"[Not Useful Class, Not Useful Use Case, Not Useful Activity]"
2056,REQ-1 Database REQ-2 ; search torrent the with bar search same the share will search Streaming : a peers database internet the via updated be can sites torrent of Database : REQ-2 ; search ; streaming with bar search same the share will search Torrent :,"[Useful Class, Useful Use Case, Not Useful Activity]"
2057,"REQ-1 . search the the for REQ-3 There and seed of . no the retrieve will Query : REQ-4 ; search the : in torrent include to choose to user the allow to box tick a be will searching peers results set . webpage the for link a and posted date , size , , seeds","[Useful Class, Useful Use Case, Useful Activity]"
2058,"User , as such information display will they where program the in the video torrent tab website of sorts search next the displays system – button page next on clicks","[Not Useful Class, Useful Use Case, Useful Activity]"
2059,"User . order ascending the / by results all sorts system – header column a on once clicking by results descending when , of search a when database its in sites hosting video the query now will system is – tick host streaming ticks User Priority and","[Not Useful Class, Useful Use Case, Useful Activity]"
2060,Description . results the navigate to user box the started,"[Not Useful Class, Not Useful Use Case, Not Useful Activity]"
2061,Hosting its in sites link video the query now will system – box tick links . streaming,"[Not Useful Class, Not Useful Use Case, Not Useful Activity]"
2062,"User . YouTube e.g. , servers their on videos actual the include will sites ticks size for page No “ message a display will it search a on found are results no results","[Not Useful Class, Useful Use Case, Useful Activity]"
2063,"If REQ-5 ; itself webpage the to link a and posted date , file the : button were for be will There : REQ-7 ; headers column the on clicking by order alphabetical found / / size in arranged be will Results :","[Not Useful Class, Useful Use Case, Useful Activity]"
2064,REQ-6 ; ” . search this date itself download REQ-6 display will page results A : REQ-6 ; seconds 0.1 than less take should 100 results : REQ-5 ; displayed be not will seeds 0 with result torrent Any :,"[Not Useful Class, Useful Use Case, Useful Activity]"
2065,"Sorting REQ-4 results REQ-7 , month each database our within website each investigate thoroughly must team development","[Not Useful Class, Not Useful Use Case, Not Useful Activity]"
2066,Our ; . be not will 1 than less of rating a with result torrent Any : displayed to ; 10 take will times Query : REQ-1 back us give will and use websites the no that different the query to used be will,"[Not Useful Class, Not Useful Use Case, Not Useful Activity]"
2067,These . languages such other or PHP servers seconds longer 5 than less take will program the,"[Not Useful Class, Not Useful Use Case, Not Useful Activity]"
2068,"Loading : REQ-3 ; second 1 than less than take browser default the to hyperlink the Sending : REQ-2 ; website any to seconds will be ensure no streams video for links listing only is software our as , behalf our on and requirements the all within stay will produce we system","[Not Useful Class, Not Useful Use Case, Not Useful Activity]"
2069,"The . liability of indemnification full legal to video and Binaries . to UseNet search also to system a adding consider will we version , next","[Not Useful Class, Not Useful Use Case, Not Useful Activity]"
2070,In . videos any host not will system,"[Not Useful Class, Not Useful Use Case, Not Useful Activity]"
2071,Our . illegal not is this the that subject will site the from resulting measures safety all,"[Not Useful Class, Not Useful Use Case, Not Useful Activity]"
2072,While . content any host or data may user maintain n’t do,"[Not Useful Class, Not Useful Use Case, Not Useful Activity]"
2073,"We . users our to exposed is content harmful or illegal any be not fully site the , so doing","[Not Useful Class, Not Useful Use Case, Not Useful Activity]"
2074,"In . public the to available is site the be before be should software the of review legal full a of recommendation a , identified undertaken ; will the functionally the all allowing , screen main one of consist will Interface user","[Not Useful Class, Useful Use Case, Not Useful Activity]"
2075,The to . the navigate to user the for button page be will There : REQ-9 ; results headers come this can user the this to addition,"[Not Useful Class, Not Useful Use Case, Not Useful Activity]"
2076,In . screens different of number a through from flicking by ease with software the use to user the allows,"[Not Useful Class, Useful Use Case, Not Useful Activity]"
2077,"This . screen one not always column on found are results no If : REQ-7 ; itself webpage the to link a on and episode , name ’s show the retrieve will sites link video to Query : name the a it clicking by order alphabetical / date / length in arranged be will Results : search","[Useful Class, Useful Use Case, Not Useful Activity]"
2078,REQ-8 ” . search this for found were results No “ message a display will ; software see videos and users computer naïve both to appeal will,"[Not Useful Class, Useful Use Case, Not Useful Activity]"
2079,This . usage simple and easy experienced for and flexibility more software the give will it screen one into complied features these allows all computer with through used be will that standards,"[Not Useful Class, Not Useful Use Case, Not Useful Activity]"
2080,Communication . browser web default their in websites users open user the allow to hyperlinks use will software,"[Not Useful Class, Useful Use Case, Not Useful Activity]"
2081,The . market selling higher a to the,"[Not Useful Class, Not Useful Use Case, Not Useful Activity]"
2082,With it this on decided,"Your sentence: ""With it this on decided"" does not provide any meaningful information or context that can be used to create Class Diagram, Use Case Diagram, or Activity Diagram. 

Output: [Not Useful Class, Not Useful Use Case, Not Useful Activity]"
2083,We . diagram the of description the with along Diagram B type : in as out laid be will screen main,"[Not Useful Class, Not Useful Use Case, Not Useful Activity]"
2084,"The . for looking are they Appendix . of because liked people more the , was interface the simpler the that found we reports interface our . navigate to user the for simple very be would it that felt we","[Not Useful Class, Not Useful Use Case, Not Useful Activity]"
2085,From sent Sherrif then save will which results search through navigating when help to tools provides,"[Not Useful Class, Useful Use Case, Useful Activity]"
2086,It . query one just with websites these all searching by websites different various through time searching time and effort . user the provide also will,"[Not Useful Class, Useful Use Case, Not Useful Activity]"
2087,It . require they video the finding of way reduce efficient a and interface simple a providing by user the help to aims software,"[Not Useful Class, Useful Use Case, Not Useful Activity]"
2088,The more them help will active an uses that system a be will software Searching Video,"[Not Useful Class, Not Useful Use Case, Not Useful Activity]"
2089,This . restrictions internet and external with dealing when software the for requirements the give will,"[Not Useful Class, Not Useful Use Case, Not Useful Activity]"
2090,This . Requirements entities with connection search,"[Not Useful Class, Not Useful Use Case, Not Useful Activity]"
2091,It . video of genre or video specific a locate to trying when user to the to used be will system,
2092,The . torrents or videos streaming for websites multiple aid various options and http://www.facebook.com ; http://www.megavideo.com ;,"[Not Useful Class, Not Useful Use Case, Not Useful Activity]"
2093,"http://www.youtube.com . 2009 Feb on created studies all , choosing ; ’ the of homes private on based studies","[Not Useful Class, Not Useful Use Case, Not Useful Activity]"
2094,All . home the within distribution video authors on http://www.surfthechannel.com http://www.bbc.co.uk/iplayer/ series a in identified being product a such for demand the to due about ; come,"[Not Useful Class, Not Useful Use Case, Not Useful Activity]"
2095,It . product contained - self new a is program,"[Not Useful Class, Not Useful Use Case, Not Useful Activity]"
2096,The . http://www.google.com ; has Nonfunctional Qabool Irshad the within used be will that websites different the of databases contain will system search,"[Not Useful Class, Not Useful Use Case, Not Useful Activity]"
2097,"The need they that content the to relevant more search their make help to tools . A . databases and , A Mustapha , Woosnam Alan , Josephy J William , Holmes C","[Not Useful Class, Not Useful Use Case, Not Useful Activity]"
2098,These Damien conducted studies,"[Not Useful Class, Not Useful Use Case, Not Useful Activity]"
2099,Separate . range searching wider a provide to updated easily be can by of Other section the of users potential the by used be also will,"[Not Useful Class, Not Useful Use Case, Not Useful Activity]"
2100,It . software the building to guide as managers project and system the of developers the for intended is product to get their,"[Not Useful Class, Not Useful Use Case, Not Useful Activity]"
2101,Also . features and functionality product the of overview an give will Description Overall document,"[Not Useful Class, Not Useful Use Case, Not Useful Activity]"
2102,"The product the improve and revise to help will this , software the on opinions .","[Not Useful Class, Not Useful Use Case, Not Useful Activity]"
2103,This . system return and torrents and videos streaming for sites web multiple search to used be these will,"[Not Useful Class, Not Useful Use Case, Not Useful Activity]"
2104,The . software Searching Video the of description detailed a give will document,"[Not Useful Class, Useful Use Case, Not Useful Activity]"
2105,This software be results the the affect might that factors external and constraints any and do will system the to what specifics include and software the of features the cover will document,"[Not Useful Class, Not Useful Use Case, Not Useful Activity]"
2106,"This . user on are the constraints interfaces external through software the and user the between interaction the on details give . will Requirements Interface External the , section fourth","[Not Useful Class, Useful Use Case, Not Useful Activity]"
2107,"The . here documented are product the , by","[Not Useful Class, Not Useful Use Case, Not Useful Activity]"
2108,This will fifth the in described be will software the of requirements,"[Not Useful Class, Not Useful Use Case, Not Useful Activity]"
2109,"Other . action an section perform requires software Searching Video the that interfaces software and hardware on description a give to , provided will . system the of understanding better a give will and document the of rest","[Not Useful Class, Useful Use Case, Not Useful Activity]"
2110,The the used be will section,"[Not Useful Class, Not Useful Use Case, Not Useful Activity]"
2111,"This . interface the and system the affect will that by be third , that services major the","[Not Useful Class, Not Useful Use Case, Not Useful Activity]"
2112,"All . executed are that functions the on details gives section and the by preformed actions the of description full a gives , Features System the system Ethnography mentioned . OS Mac , Vista and XP Microsoft including systems operating different across work will it means this ; portable be will system","[Not Useful Class, Useful Use Case, Not Useful Activity]"
2113,The . site that from back come X and a range will system our for needed hardware,"[Not Useful Class, Not Useful Use Case, Not Useful Activity]"
2114,"The . Safari and , Firefox , Explorer have Internet for , browsers web different with work will it","[Not Useful Class, Not Useful Use Case, Not Useful Activity]"
2115,"Also . platforms Linux of example results many how depending , search will system the sites which edit to able be will","[Not Useful Class, Not Useful Use Case, Not Useful Activity]"
2116,They on . system the be will level second,
2117,"The . system the of end front the developers be whether think i.e. , us to is site the useful how and , searched be can they site which at speed the , software our with compatible , safe is site the the a reasonably up a when database its in websites torrent the query now will system – box search tick ticks",
2118,User . development for priority high a has therefore and software the of torrent features is . studies will query this for,"[Not Useful Class, Not Useful Use Case, Not Useful Activity]"
2119,Results . term search the on based database its started in torrent the to queries sends system – search starts and term search enters,"[Not Useful Class, Useful Use Case, Useful Activity]"
2120,User websites see main one of database a through search will that term - search a give will user compatible,"[Not Useful Class, Useful Use Case, Useful Activity]"
2121,The modem a via internet the to connected is that computer date - to - . of torrent that is,"[Not Useful Class, Not Useful Use Case, Not Useful Activity]"
2122,This . window main ’s program the on tab a in links web websites as be will search this of results,"[Not Useful Class, Not Useful Use Case, Not Useful Activity]"
2123,The . team development the by added are displayed only the,"[Not Useful Class, Not Useful Use Case, Not Useful Activity]"
2124,They location the finding for engine search a be will system the of feature main of,"[Not Useful Class, Not Useful Use Case, Not Useful Activity]"
2125,The process this up speed to aim will system,
2126,Our . Josephy Will and Qabool . Irshad torrents streaming that types the into divided be will results,"[Not Useful Class, Not Useful Use Case, Not Useful Activity]"
2127,The . for look to both and or the of which specify can user,"[Not Useful Class, Not Useful Use Case, Not Useful Activity]"
2128,"The . internet the on videos for sites 2 were , Alan searching time of periods spend regularly would people","[Not Useful Class, Not Useful Use Case, Not Useful Activity]"
2129,These . online found content watch websites the for video used people activity main the that saw we studies these will,"[Not Useful Class, Not Useful Use Case, Not Useful Activity]"
2130,From was Woosnam to and by studies the of TRUE especially was,"[Not Useful Class, Not Useful Use Case, Not Useful Activity]"
2131,"This . video the download to files try the from video the stream to somewhere either , watch to wanted they videos the or specified find different the to back come can they that so , videos favorite their store to video users facility the have will","[Useful Class, Useful Use Case, Not Useful Activity]"
2132,They . YouTube on videos at look to want only for may at time videos . using their find to software our using be will that user general another the will first,
2133,The system our for user of levels two be will,"[Not Useful Class, Not Useful Use Case, Not Useful Activity]"
2134,There . be user . a filter to option the have will user,"[Not Useful Class, Useful Use Case, Not Useful Activity]"
2135,"The . etc , site , size out , as such , different by orderable be will results the then tabs and , name videos categories or for websites certain search only ; out filter to option containing have will user the the on certain content depending addition age restrictions , example example adult content .",
2136,In for in and Hilo in JACH the with be Chile direct this Hawaii,"[Not Useful Class, Not Useful Use Case, Not Useful Activity]"
2137,"On . located are . it etc , would would , either have shops which , countries partner in located general in be sites are","[Not Useful Class, Not Useful Use Case, Not Useful Activity]"
2138,"These . facilities Tololo Cerro or Serena La the super , be where Hale the place would","[Not Useful Class, Not Useful Use Case, Not Useful Activity]"
2139,This . summit the on stationed Pohaku while personnel duty off where facility the is,"[Not Useful Class, Not Useful Use Case, Not Useful Activity]"
2140,This links . reside offices facility Mauna facility the is,"[Not Useful Class, Not Useful Use Case, Not Useful Activity]"
2141,This . ) Pachon Cerro on constructed on is support no assuming ( Chile in Tololo Cerro and Kea facility to n’t telescopes a between different the understand n’t do,"[Not Useful Class, Not Useful Use Case, Not Useful Activity]"
2142,"I ? matter it does or , public or private be connections bandwidth high remote operations facility and","[Not Useful Class, Not Useful Use Case, Not Useful Activity]"
2143,These take . Steven,"[Not Useful Class, Not Useful Use Case, Not Useful Activity]"
2144,— ? telescope the to directly these connect not site satellite the does,"[Not Useful Class, Not Useful Use Case, Not Useful Activity]"
2145,Why . site satellite a just,"[Not Useful Class, Not Useful Use Case, Not Useful Activity]"
2146,Will . level,"Your input ""Will . level"" does not provide sufficient context or meaningful information to classify it as useful for Class Diagram, Use Case Diagram, or Activity Diagram. Here's the verdict:

[Not Useful Class, Not Useful Use Case, Not Useful Activity]"
2147,These . telescopes Gemini the with associated organization administrative any sites with be not may or may,"[Not Useful Class, Not Useful Use Case, Not Useful Activity]"
2148,They . lines communications via collocated the have operations reduced a at but capability operations remote have,"[Not Useful Class, Not Useful Use Case, Not Useful Activity]"
2149,They . remote sites the to connections bandwidth high with sites are These capability super would . nightly fact,"[Not Useful Class, Not Useful Use Case, Not Useful Activity]"
2150,In simultaneously modes several through system the accessing be to user single a for possible entirely is,"[Not Useful Class, Not Useful Use Case, Not Useful Activity]"
2151,"It . observation , this is the operator and , monitor , observer the through system the ongoing accessing often is who , Operator Telescope the with situation typical concurrently modes an performance administrative using . etc , efficiency , utilization system about inquire to possible is","[Useful Class, Useful Use Case, Not Useful Activity]"
2152,It . F.Administrative ; observation ongoing are access .,"[Not Useful Class, Not Useful Use Case, Not Useful Activity]"
2153,No control the affect access administrative should circumstances no,"[Not Useful Class, Not Useful Use Case, Not Useful Activity]"
2154,"Under . accessible of is scheduling and status only , mode this in available is information .","[Not Useful Class, Not Useful Use Case, Not Useful Activity]"
2155,There are . telescope the housing enclosure the is,"[Not Useful Class, Not Useful Use Case, Not Useful Activity]"
2156,This . site Telescopes m 8 Gemini the as collectively to referred are facility,"[Useful Class, Not Useful Use Case, Not Useful Activity]"
2157,In general such use that here from is,"[Not Useful Class, Not Useful Use Case, Not Useful Activity]"
2158,It . enclosure the with collocated control facility is,"[Not Useful Class, Not Useful Use Case, Not Useful Activity]"
2159,This . engineering and maintenance to limited be would the Telescopes m 8 one at located be will system the of,"[Not Useful Class, Not Useful Use Case, Not Useful Activity]"
2160,Users . or modes and observer both using be might astronomer an when times monitor operations more . Gemini and enclosure Telescopes m 8 Gemini,"[Not Useful Class, Useful Use Case, Useful Activity]"
2161,The . facilities facilities operations m 8 Gemini as general in to referred are,"[Not Useful Class, Not Useful Use Case, Not Useful Activity]"
2162,"These Telescopes sites which generally different the in requirements operational various the fulfilling while , interface an user a to offer must system the , objective modes and offering status ; use its in secure and learn to simple still this is level required any at request on and automatically both information , Privileges achieve astronomers of acquisition efficient the on concentrate to wish will astronomers observing , experience of level their Whatever work of Purpose ; astronomical data and on observing allow","[Useful Class, Useful Use Case, Not Useful Activity]"
2163,"To . instruments and telescope the controlling of to details on than rather , quality data of assessment line - the Observing astronomers shall","[Not Useful Class, Not Useful Use Case, Not Useful Activity]"
2164,"Programs . responsibility and control of point single a establish to rather but way any in astronomer observing the of capabilities , as opposed to an an create to observer the allow would","[Not Useful Class, Not Useful Use Case, Not Useful Activity]"
2165,"This . the telescope of control direct of capability the have may , observers the restrict to not send to able be not shall","[Not Useful Class, Not Useful Use Case, Not Useful Activity]"
2166,They . concerned is control telescope of control direct the as far as privileges no have the observers commands but is intent,"[Not Useful Class, Not Useful Use Case, Not Useful Activity]"
2167,"The . time any at subsystem any or directly telescope of status the about enquire to able be must they the , service site stated explicitly is contrary the","[Not Useful Class, Not Useful Use Case, Not Useful Activity]"
2168,Unless . below summarized are class user each of requirements general,"The sentence appears to be unclear and not properly structured, making it difficult to extract meaning or evaluate its usefulness for any of the diagram categories. Based on the lack of clarity, the output would be:

[Not Useful Class, Not Useful Use Case, Not Useful Activity]"
2169,"The . system the of , all requirements and the what that noted be also should","[Not Useful Class, Not Useful Use Case, Not Useful Activity]"
2170,"It . system needs the users all to available be to intended are presented modes of system different users and/or sites satellite via perhaps , connectivity of form some have","[Not Useful Class, Useful Use Case, Not Useful Activity]"
2171,"that . etc , universities , observatories existing at located super sites , to of class","[Not Useful Class, Not Useful Use Case, Not Useful Activity]"
2172,"Each . level what at determine will capacity has link , capability operations remote have they","[Not Useful Class, Not Useful Use Case, Not Useful Activity]"
2173,Although . telescopes the the has to guarantee system the of users end the are astronomers Observing,"[Not Useful Class, Not Useful Use Case, Not Useful Activity]"
2174,Definition . project the of life the in later taken be only .,"[Not Useful Class, Not Useful Use Case, Not Useful Activity]"
2175,"They range greatly Telescopes m 8 Gemini the at astronomers staff as such can users very to system the of users occasional from experience in experienced decisions these and available made be will features all that mean not does to it , requirements possible all fulfill must operations of terms in but and all at remotely and locally both needs operational the to adapted be users to will capabilities available","[Not Useful Class, Useful Use Case, Not Useful Activity]"
2176,The . times all at locations all have of apart the the ensuring for responsible is person,"[Not Useful Class, Not Useful Use Case, Not Useful Activity]"
2177,This . instruments and telescope the of controller site - on,"[Not Useful Class, Not Useful Use Case, Not Useful Activity]"
2178,The . Operator C.Telescope integrity of the system to plan science the and Observer the with works Operator ; Telescope . observations during accurately functioning system the keeping for and,"[Not Useful Class, Not Useful Use Case, Not Useful Activity]"
2179,The produce astronomer of the monitoring for responsible person site - on the is,"[Not Useful Class, Not Useful Use Case, Not Useful Activity]"
2180,"This . observer B.Science ; observing interactive include may plan science data acquisition and validating needs the to functioning is plan science the that ensuring the as as , astronomer the for collected being integrity data the well as good data Gemini the of control functional level - high for responsible are","[Not Useful Class, Useful Use Case, Useful Activity]"
2181,"Administrators . F.Administrator ; subsystems of upgrading and , configuring system as an integrated modifications system and , time - down maintenance , changes , scheduling appropriate determine to users other with work","[Useful Class, Useful Use Case, Not Useful Activity]"
2182,"They . system observation testing , designing maintenance the for responsible are personnel support ) site - of near ( site -","[Not Useful Class, Useful Use Case, Not Useful Activity]"
2183,On . D.Support ; possible is as or,"[Not Useful Class, Not Useful Use Case, Not Useful Activity]"
2184,"This the , the for responsible are","[Not Useful Class, Not Useful Use Case, Not Useful Activity]"
2185,"Developers . E.Developer ; changes configuration system and of installation the as well as , software and hardware subsystems . . the of developers the toward oriented is","[Useful Class, Not Useful Use Case, Not Useful Activity]"
2186,"It . Project Gemini the in design controls and software for requirements functional specific and control and data acquisition document Concepts Operational the follows logically it , such","[Not Useful Class, Not Useful Use Case, Not Useful Activity]"
2187,"As criteria . Gemini the of user science the toward not , systems telescopes , general establishes provide to is SRS the of goal","[Not Useful Class, Not Useful Use Case, Not Useful Activity]"
2188,The . software System Control Gemini for requirements operational the defines document,"[Not Useful Class, Not Useful Use Case, Not Useful Activity]"
2189,The observing a functional tool for,"[Not Useful Class, Not Useful Use Case, Not Useful Activity]"
2190,"It . System Gemini the within operation their with consistent both manner in systems acquisition data and controls of development the guiding a which addresses the for customer the is astronomer the , sense real very a","[Not Useful Class, Not Useful Use Case, Not Useful Activity]"
2191,"In . data science of collection the for system Gemini the services provided by of collection the for plan science a , system Gemini the the , out worked has astronomer","[Not Useful Class, Not Useful Use Case, Not Useful Activity]"
2192,"The . telescopes Gemini the with using is person requirements as well as , requirements science the of impacts of","[Not Useful Class, Not Useful Use Case, Not Useful Activity]"
2193,The perspective general more a from system Gemini the of control . data control design,"It seems that the sentence provided is unclear and doesn't form a coherent statement. As it stands, it cannot be categorized for Class Diagram, Use Case Diagram, or Activity Diagram. Here's an example output based on the given situation:

**[Not Useful Class, Not Useful Use Case, Not Useful Activity]**"
2194,This .,"[Not Useful Class, Not Useful Use Case, Not Useful Activity]"
2195,A.Astronomer . categories following the into classified are system system the of users,"[Useful Class, Not Useful Use Case, Not Useful Activity]"
2196,The . document this in covered are Gemini,"[Not Useful Class, Not Useful Use Case, Not Useful Activity]"
2197,It is possible the affect monitoring should circumstances no,"[Not Useful Class, Not Useful Use Case, Not Useful Activity]"
2198,"Under . basis subsystem a on invoked be can that mode observing the of case performance of an ongoing level observation during typically , instruments and telescope the of only control for used access the is","[Not Useful Class, Not Useful Use Case, Not Useful Activity]"
2199,"This . C.Operation ; observation direct operation - , look - quick and , parameters instrument of selection , data science of collection the for system the to access safe data reduction .","[Not Useful Class, Not Useful Use Case, Not Useful Activity]"
2200,Access special a is,"[Not Useful Class, Not Useful Use Case, Not Useful Activity]"
2201,This . B.Monitoring ; instruments and telescope read of direct no with sequencer the through is system the to control .,"[Not Useful Class, Not Useful Use Case, Not Useful Activity]"
2202,It is access,"[Not Useful Class, Not Useful Use Case, Not Useful Activity]"
2203,"Test . E.Testing ; databases line - on are as , observations planning for useful is that simulator telescope a allows full , direct affect testing should circumstances no","[Not Useful Class, Not Useful Use Case, Not Useful Activity]"
2204,Under . mode this in provides available subsystem the of features,"[Not Useful Class, Not Useful Use Case, Not Useful Activity]"
2205,All . subsystem any of control are system Gemini the the to,"[Not Useful Class, Not Useful Use Case, Not Useful Activity]"
2206,"Access . D.Planning ; level operation at when Gemini sequencer science the and Operator Telescope the to only available normally program and system provided of capability telescope virtual the but , mode this in is permitted is telescope the to access","[Not Useful Class, Not Useful Use Case, Not Useful Activity]"
2207,Actual . planning science during not simple provides mode the is level observing,"[Not Useful Class, Not Useful Use Case, Not Useful Activity]"
2208,The . level A.Observing : are levels operational,"[Not Useful Class, Not Useful Use Case, Not Useful Activity]"
2209,The . operation of level current the to according “ normal ” operational . work diagnostic and maintenance routine for subsystems all to restricted access level,"[Not Useful Class, Useful Use Case, Useful Activity]"
2210,"Maintenance . level B.Maintenance ; system the of mode permits is system the astronomer the for unusual not is it , example","[Not Useful Class, Not Useful Use Case, Not Useful Activity]"
2211,For to . the of several into fall would individual particular a that categories,"[Not Useful Class, Not Useful Use Case, Not Useful Activity]"
2212,The also the to,"[Not Useful Class, Not Useful Use Case, Not Useful Activity]"
2213,"Access . levels operational disjoint several of one in be exists on powered when , system Gemini","[Not Useful Class, Not Useful Use Case, Not Useful Activity]"
2214,"The . observer science , performance telescope typically of convenience and ease balance modes access","[Not Useful Class, Not Useful Use Case, Not Useful Activity]"
2215,"These . modes access of series a system Gemini the on imposes software the use against flexibility ,","[Not Useful Class, Not Useful Use Case, Not Useful Activity]"
2216,"This . A.Observing : are system Gemini the by provided , modes","[Not Useful Class, Not Useful Use Case, Not Useful Activity]"
2217,"The . system the of security the and , control access operation level observing test , level operational primitive most","[Not Useful Class, Not Useful Use Case, Not Useful Activity]"
2218,"The . level C.Test level ; ) observing - non ( daylight during level maintenance at hours is operation used during particularly but , level any","[Not Useful Class, Not Useful Use Case, Not Useful Activity]"
2219,"At . activities calibration is installation diagnostics full including , subsystems of deinstallation / installation for and program which requested line software and the development environment ; On - - version control must be implemented .","[Useful Class, Useful Use Case, Not Useful Activity]"
2220,"That is line on the for the target microprocessors ; To allow for expansion and maintenance , Gemini 8 m Telescopes standards must be deﬁned , of the control shall check the consistency of versions of all software the software components ; .Table - driven software should various Telescopes m 8 system must be available to recover / restore versions at all times ; .At boot time , the Gemini version be choice a ; Commercial and public domain packages should be modularity used possible ; Existing software packages should be reused whenever of degree right software must be kept to a minimum to facilitate maintenance , but compatibly with the need to have the wherever later possible Existing , portable code .","[Not Useful Class, Not Useful Use Case, Not Useful Activity]"
2221,"Even for microprocessor software independent , software should be hardware independent , to allow the machine as written software expertise should be consulted whenever possible ; All software which does not directly control speciﬁc hardware must be ; of used possible considerations .","[Useful Class, Not Useful Use Case, Not Useful Activity]"
2222,Strict checking should be applied on practical this preserve maintainability and reconﬁguration of the system . to and safety by the system and regaining the previous state .,"[Not Useful Class, Not Useful Use Case, Not Useful Activity]"
2223,The extent of duplication of the previous state will be dictated,"[Not Useful Class, Not Useful Use Case, Not Useful Activity]"
2224,"Regardless restarting of , in this document are : Simplicity ; Supportability described ; and Availability ; Maintainability ; Human Engineering ; Reliability attributes speciﬁc","[Not Useful Class, Not Useful Use Case, Not Useful Activity]"
2225,The the software and control systems produced as part of the Gemini Project Work Packages exhibit numerous common attributes . application whenever allow that function of the individual work packages and deﬁned a in appropriate work package description .,"[Useful Class, Useful Use Case, Not Useful Activity]"
2226,"Changing system constants the is both of , to avoid unnecessary compilations .","[Not Useful Class, Useful Use Case, Not Useful Activity]"
2227,"Whether the software is table driven , message driven , or a combination , will such arcseconds some constants , will be modiﬁable during operation for . status parameters will be maintained to an extent","[Not Useful Class, Not Useful Use Case, Not Useful Activity]"
2228,"System , and , / bit for an encoder , shall not require recompiling but will be updated as part of system startup as packages main of detector and method used ; .Due to the of limited which may be available remotely , there will bandwidths kind the upon of adequate on - line data assessment , as the amount of this activity is very variable and dependent be problem constraints the speciﬁcation .","[Useful Class, Useful Use Case, Not Useful Activity]"
2229,The minimum situation could also coincide desirable with is needed in the test period before coming what a and minimum functionality of remote operations and access .,"[Not Useful Class, Not Useful Use Case, Not Useful Activity]"
2230,"Depending on funding , it is probably reasonable here to make a on to the should supported ; .Local processing power must be such be that and instrument control does not represent a signiﬁcant telescope must access network identical internal data representation ) ; .Common development and implementation tools must be both available and . ; Identical overhead solve in whole devices to act ) ; The choice of physical a hardware architecture with computers at various performance levels scalable for takes it process of executing an observing program ( the overhead , if any , should be limited by the time the full remote operation a goal , at introducing no modiﬁcation to as already parts .","[Not Useful Class, Not Useful Use Case, Not Useful Activity]"
2231,"Modiﬁcations should be conﬁned to the operational , aim should to be identical in the upper layers ( even if hardware should differ ) ; Additions of new instruments operational maintained procedures should There must be easy procedures to reconﬁgure the ; system subsystems are modiﬁed or removed ; The number when procedures appropriate with not affect the bulk of the existing software ; .Switching to different conﬁgurations must be possible at any time and be must telescopes tools for diagnostic and test use .","[Useful Class, Useful Use Case, Useful Activity]"
2232,"It access should a goal to support remote observing from the be with together , .","[Not Useful Class, Not Useful Use Case, Not Useful Activity]"
2233,"In any case , remote operation must include remote monitoring from the Gemini 8 m Telescopes base facilities Gemini 8 m Telescopes .","[Not Useful Class, Useful Use Case, Useful Activity]"
2234,These are : Individual instruments must be able to run fully independently ; Telescope software at the two constraints Security software transformed base facilities .,"[Useful Class, Not Useful Use Case, Not Useful Activity]"
2235,"Some of the general requirements which have a direct effect on the software are here explicitly into ( and ; be supported before execution of any input command shall . must be possible ahead of time , preparing","[Not Useful Class, Useful Use Case, Not Useful Activity]"
2236,"This checking validity and , given the failure of a single non - critical subsystem .","[Not Useful Class, Not Useful Use Case, Not Useful Activity]"
2237,"To increase software robustness , range checking observing required sequences automatic prior to sending critical or time consuming commands done . must be possible to apply continuous monitoring to","[Not Useful Class, Useful Use Case, Useful Activity]"
2238,It be should equipment observations and simulating observations to estimate results .,"[Not Useful Class, Useful Use Case, Useful Activity]"
2239,"On - line pre - checking of the operational status of for all if different the error or failure has to be reported , in clear form ( to identify the cause of a fail also recovery ( e.g. time - out , hardware failure ) to achieve recovery on - line whenever possible .","[Not Useful Class, Useful Use Case, Useful Activity]"
2240,"Should the mode problem and it must be possible for the system to , reconﬁgure in order to continue observing , in a itself downtime unnecessary avoid the system shall put itself into a safe state , whenever a safety aspect might be involved .","[Not Useful Class, Useful Use Case, Useful Activity]"
2241,To ) failure subsystems request failure ; conditions of use and environments ; of means veriﬁcation ; period of time during system life of deﬁnition ; system condition to observing again .,"[Not Useful Class, Not Useful Use Case, Not Useful Activity]"
2242,"Speciﬁc requirements are : measurable , realistic reliability needs ; performance criteria for the . error","[Not Useful Class, Not Useful Use Case, Not Useful Activity]"
2243,A plan consider : Maintenance requirements including an estimate of will required ; The method of upgrading the system to resources plan,"[Useful Class, Useful Use Case, Not Useful Activity]"
2244,The . for maintaining and periodically upgrading the Control System over its lifetime will be part of the Gemini Control System detailed on the onset during commissioning to establish baseline rates for system done reliability .,"[Not Useful Class, Useful Use Case, Not Useful Activity]"
2245,"There are to be recovery procedures to monitoring be should rates , both when in operation and when idle , to check their operational status .","[Not Useful Class, Useful Use Case, Useful Activity]"
2246,A measure of fault restart of after failure,"[Not Useful Class, Not Useful Use Case, Not Useful Activity]"
2247,This monitoring should continue on inactive subsystems . .,"[Not Useful Class, Useful Use Case, Useful Activity]"
2248,The for recover and/or reconﬁguration is 5 minutes from goal subsystem each to .,"[Not Useful Class, Not Useful Use Case, Not Useful Activity]"
2249,The system should be constantly monitoring active subsystems to be sure they are operating correctly before sending command error or error of availability and work hour constraints ; personnel skill personnel level ; operating and support cost constraints ; target constraints,"[Useful Class, Useful Use Case, Useful Activity]"
2250,maintenance . cost availability and readiness requirements into supportability requirements ; identify and plan for necessary support ; provide support at minimum failures translate correctable each and personnel ; supply support ; support equipment manpower ; data ; training and training support ; computer technical ; planning,"[Useful Class, Useful Use Case, Not Useful Activity]"
2251,"maintenance maintenance level ; allowable downtime at site ; turnaround time to ﬁx and maintain system ; standardization requirements . at resources ; inﬂuence , so show that we are aiming to here achieve simple as system as we can which meets as criteria complexity about Environmental Compatibility ; Testability ; Expandability ; Modularity ; Concurrency .","[Not Useful Class, Not Useful Use Case, Not Useful Activity]"
2252,I think you should include Rick ’s information the design requirements,"[Not Useful Class, Not Useful Use Case, Not Useful Activity]"
2253,— plan and the elements of the plan are this detailed .,"[Not Useful Class, Not Useful Use Case, Not Useful Activity]"
2254,The plan is TBD .,"[Not Useful Class, Not Useful Use Case, Not Useful Activity]"
2255,have supportability below by addressed be Steven .,"[Not Useful Class, Not Useful Use Case, Not Useful Activity]"
2256,A supportability plan will be part of the Gemini Control System .,"[Not Useful Class, Useful Use Case, Not Useful Activity]"
2257,"The goals and issues to . support ; facilities and software ) downtime due to failures - , this to a maximum of 15 minutes per night translates electrical , mechanical","[Not Useful Class, Not Useful Use Case, Not Useful Activity]"
2258,"The [ GSR ] sets as a requirement 2 % and a goal 1 % for total system ( or . 1 per guarantee maximum availability of the control system ,","[Useful Class, Useful Use Case, Not Useful Activity]"
2259,To retry must be embodied in the software in case procedures . controls and month of downtime .,"[Not Useful Class, Useful Use Case, Useful Activity]"
2260,This in turn sets quite stringent requirements on both MTBF and MTTR for the software night ” conditions stated,"[Not Useful Class, Not Useful Use Case, Not Useful Activity]"
2261,The requirements for this program and some measures . of are detailed below .,"[Not Useful Class, Not Useful Use Case, Not Useful Activity]"
2262,"The plan is as reliability System Control Gemini ; packaging , handling , storage and transportation ; design interface .","[Not Useful Class, Not Useful Use Case, Not Useful Activity]"
2263,A reliability program is part of the provided by Glen Heriot conditions ” or “ The probability that an item can perform its intended function for a speciﬁed interval under state Safety under free of the Canadian Gemini Project Ofﬁce .,"[Not Useful Class, Not Useful Use Case, Not Useful Activity]"
2264,"Reliability is deﬁned as “ The duration or probability of failure - performance format data in of such a network , its functional requirements layout can split into several categories : Local coordination and be physical the of analog event - based bus , for distribution of signals with requirements not satisﬁed by a LAN .","[Not Useful Class, Not Useful Use Case, Not Useful Activity]"
2265,Independently synchronization an needs a .,"[Not Useful Class, Not Useful Use Case, Not Useful Activity]"
2266,"This layer could be considered as internal ) to given subsystem or instrument , but as more a replies / commands subsystem ( for example , coordination of active support system for primary mirror , bi - directional trafﬁc of within than and memory 8 m Telescopes system internal communication needs . Gemini","[Useful Class, Not Useful Use Case, Not Useful Activity]"
2267,"This must be capable of dealing both with the LAN the of majority of instruments , the Gemini 8 m Telescopes system has internal communication needs .","[Useful Class, Not Useful Use Case, Not Useful Activity]"
2268,"The LAN shall support the data bus bandwidths ( Local Time Bus , for distribution of absolute a and time signals , and both a digital reﬂective relative with supplemented be at peak and on average ) and with the required response times and synchronization needs .","[Useful Class, Not Useful Use Case, Not Useful Activity]"
2269,This LAN shall required number one might is made here between WAN and point to distinction point as there shall be no difference in the links,"[Not Useful Class, Not Useful Use Case, Not Useful Activity]"
2270,No . ) Wide Area Network ( WAN ) for remote diagnostics and monitoring from operations facilities ( Bi - directional trafﬁc software from between two .,"[Not Useful Class, Not Useful Use Case, Not Useful Activity]"
2271,Control data and astronomical data have already networks been in the Data speciﬁcations ( see Section 3.1 deﬁned level higher and cases .,"[Not Useful Class, Not Useful Use Case, Not Useful Activity]"
2272,However the system architecture will be designed so as to minimize the communication load placed on peer the subsystem Access astronomical the universal time synchronization requirement .,"[Not Useful Class, Not Useful Use Case, Not Useful Activity]"
2273,"The required as accuracy be deﬁned in Section 2.9 on page 2- will such , needs need it , one should aim for a unique solution at the hardware and software level ; Global synchronization 19 ; ; of on page 3- 1 ) .","[Not Useful Class, Not Useful Use Case, Not Useful Activity]"
2274,"•Collection and 3.1.1 transfer for archiving or remote access ) of raw ( Section also see control information , in the form of commands and status information .","[Useful Class, Useful Use Case, Not Useful Activity]"
2275,( Bi - directional trafﬁc ),"[Useful Class, Not Useful Use Case, Not Useful Activity]"
2276,( Exchange large a having,"It seems the provided sentence is incomplete and unclear. Based on its current form, it does not provide meaningful information to support Class Diagrams, Use Case Diagrams, or Activity Diagrams.

Output: [Not Useful Class, Not Useful Use Case, Not Useful Activity]"
2277,"As comparisons with previous data might be of . great and affect the actual observing program , on value requirements archive GEMINI of development effort .","[Not Useful Class, Not Useful Use Case, Not Useful Activity]"
2278,The output format of the Gemini 8 m Telescopes data must be compatible with the - duplication line access,"[Useful Class, Not Useful Use Case, Not Useful Activity]"
2279,"The speciﬁc types of data available ; ﬂat . ﬁelds calibrations , science exposures , etc . ; , users Telescopes m to the data archiving system should exist , so that access to this database is possible for Gemini 8 interactive the possible far .","[Useful Class, Useful Use Case, Not Useful Activity]"
2280,"The same situation might also occur with needs other , where speciﬁc observer support software has to instruments processing image the same algorithms used for full off - line reductions — in general due to the time critical nature of be as foreseen on as a subset of the development for the seen off line data reduction system , to avoid as - be shall development - line use .","[Not Useful Class, Useful Use Case, Useful Activity]"
2281,"In all these cases the speciﬁc on - line ( quick - look ) software for amount of a management system ( DBMS ) , where operational database information as schedules , logs , problem reports and such general a is m Telescopes and integrated into the Gemini 8 m Telescopes operation .","[Useful Class, Useful Use Case, Not Useful Activity]"
2282,"A relevant example of such a package maintenance 8 information to the Gemini 8 m Telescopes system has internal , communication Being in itself a distributed telescope system and needs instruments of number various pieces of equipment should be kept .","[Useful Class, Not Useful Use Case, Not Useful Activity]"
2283,"Being in itself a distributed telescope system and having a large related Gemini the on will be made available ; same night , data weekly after proprietary period ; will be established by , such which within speciﬁc exposure available ; header only , averaged exposure , complete raw data set ; and the time frame the Gemini Archiving Requirements made .","[Not Useful Class, Not Useful Use Case, Not Useful Activity]"
2284,The Gemini 8 m Telescopes software must be able to interface with all commercial software packages available be on can standard .,"[Not Useful Class, Useful Use Case, Not Useful Activity]"
2285,"Computer access to star catalogues is also required , so that an automatic selection of candidate guide and stars page 3- 1 and software conﬁgurable as the user station of identical this that subsystem .","[Useful Class, Useful Use Case, Not Useful Activity]"
2286,This should greatly simplify the or principle in stations and deﬁnition of what a given user can actually do .,"[Not Useful Class, Useful Use Case, Not Useful Activity]"
2287,"Access from any user station will make user coordination , problem by of constraints for the Gemini 8 m Telescopes number computer .","[Not Useful Class, Not Useful Use Case, Not Useful Activity]"
2288,Although some of these constraints may appear hardware a are,"[Not Useful Class, Not Useful Use Case, Not Useful Activity]"
2289,"There the large number of simultaneous users ( as already described in the Capacity requirements , Section 3.2.2 ) . posed redundant users categories ( e.g. support staff ) might be on users Cerro or in Hilo .","[Useful Class, Useful Use Case, Not Useful Activity]"
2290,"To allow coordination both Tololo other , operations parts of the system , possibly working directly at the telescope .","[Not Useful Class, Useful Use Case, Useful Activity]"
2291,"Finally , in the case of remote locally of at Gemini user station .","[Not Useful Class, Not Useful Use Case, Not Useful Activity]"
2292,"It will then be an any operational , implying privileges and priorities for the various decision from system the 8 m Telescopes site between the various users and with remote users , the software shall support access to the the project recognizes the control room and near the subsystem under outside test shall be checked against altitude and humidity speciﬁcations , are they when","[Useful Class, Useful Use Case, Useful Activity]"
2293,"Particular constraints are : Computers used at the Gemini 8 m Telescopes site , particularly in the test phase for . the 8 8 m Telescopes software environment ( operating systems Gemini , 8 m Telescopes software ) and provide compatibility Gemini the run to m Telescopes site ( see also [ EDS ] in Section 1.3 ) ; Computer hardware must be able Gemini software the of ; the hardware chosen as the standard at project this of time may be no longer available at point the beneﬁt could that : during the next 5 to 10 years new hardware will be available with features and costs that some point in the hardware standard .","[Useful Class, Not Useful Use Case, Not Useful Activity]"
2294,"These constraints recognize that the majority of the expense in changing hardware standards is the cost new other a of future ; the cost of maintaining an existing hardware standard , even if available , may exceed the costs adopting add enhancing installing","[Useful Class, Not Useful Use Case, Not Useful Activity]"
2295,This results in point - to - point . connections peer systems or direct connections bypassing the hierarchy between reasons performance ) / OSI model .,"[Not Useful Class, Not Useful Use Case, Not Useful Activity]"
2296,It is recognized that this hierarchy may need to be violated for ( in general . ISO,"[Not Useful Class, Not Useful Use Case, Not Useful Activity]"
2297,"Network should to the uncertain future of the Internet ,","[Not Useful Class, Not Useful Use Case, Not Useful Activity]"
2298,Due only - essential tasks may employ it .,"[Not Useful Class, Not Useful Use Case, Not Useful Activity]"
2299,"All non . information control also be considered in the design phase as a way to increase reliability and security , in particular for redundancy essential e.g. layers access problems , while coping with different bandwidths conceptual , and WAN interfaces shall be homogeneous and shall LAN eliminate","[Not Useful Class, Not Useful Use Case, Not Useful Activity]"
2300,To . ) .,"[Not Useful Class, Not Useful Use Case, Not Useful Activity]"
2301,"The reason for repeating them here is to have a complete view of the required network functionality be , based standards and hardware independence , a clear hierarchical model reasons must implemented , supporting separation of logical and physical be maintenance","[Not Useful Class, Not Useful Use Case, Not Useful Activity]"
2302,"For . which allow migration on different media , should they become required during the Gemini 8 m Telescopes project life on tasks , not m Telescopes site will make use of the 8 Gemini m Telescopes control room facilities .","[Not Useful Class, Not Useful Use Case, Not Useful Activity]"
2303,"This will 8 Gemini the to status information or bulk data , not control ﬂow .","[Not Useful Class, Not Useful Use Case, Not Useful Activity]"
2304,"It is envisaged that observing astronomers who have travelled allow of centralized and the Gemini 8 m Telescopes site there will at be ( e.g. software development and maintenance staff ) users even ,","[Not Useful Class, Not Useful Use Case, Not Useful Activity]"
2305,"However coordination of their operations , providing both operations support for individual instruments and supervision for all of them . support transmission for used hierarchical nature of the system can lead to the testing maintenance problems .","[Useful Class, Not Useful Use Case, Not Useful Activity]"
2306,The use of these features and of,"[Not Useful Class, Not Useful Use Case, Not Useful Activity]"
2307,"Violation . including remote observing , must take place on resources controlled by the project ( such as leased lines ) must be limited and Bypassing the hierarchy ( connected between grandmother and granddaughter with no path through the mother ) should only be ; or problem demonstrated constrained by the following guidelines : Peer - to - peer connectivity should only be used to overcome a performance capabilities and performance independently of all the rest .","[Not Useful Class, Not Useful Use Case, Not Useful Activity]"
2308,"This is maintained needed particular for multi - instrument operation , for in and installed be to that which belongs to that subsystem and only to that , so that software for different subsystems can example correspond , instruments of the system ( for example , telescope parts coordinates ( as mentioned in the control ﬂow requirements ) other about information share the same subsystems on the telescope .","[Useful Class, Not Useful Use Case, Useful Activity]"
2309,"At the same time , the possibility must exist to acquire as in should a .","[Not Useful Class, Not Useful Use Case, Not Useful Activity]"
2310,No module can rely upon information outside components of interface .,"[Not Useful Class, Not Useful Use Case, Not Useful Activity]"
2311,Module selection should be done in this other to interface using typical modularization and standardization techniques .,"[Not Useful Class, Useful Use Case, Not Useful Activity]"
2312,"In particular , each module ’s environment is strictly deﬁned by its logical subsystem fashion minimize only accessible through their deﬁned interfaces .","[Useful Class, Not Useful Use Case, Not Useful Activity]"
2313,"The are software be strictly modular , i.e. the functionality of must but , interface the size of the interfaces between modules .","[Not Useful Class, Not Useful Use Case, Not Useful Activity]"
2314,The on - line databases can be considered part of this to developed Section ) minimize the effects of single - point errors to throughout system .,"[Not Useful Class, Not Useful Use Case, Not Useful Activity]"
2315,"As much as possible , the the is goal","[Not Useful Class, Not Useful Use Case, Not Useful Activity]"
2316,"The redundancy is also a requirement , to prevent a single failure from causing the loss of collected data . system","[Not Useful Class, Useful Use Case, Not Useful Activity]"
2317,Data is take is responsible for control of all of the it telescope enclosure subsystems .,"[Useful Class, Not Useful Use Case, Not Useful Activity]"
2318,The Gemini 8 m Telescopes and as operation parallel advantage of parallel operation to improve efﬁciency .,"[Not Useful Class, Not Useful Use Case, Not Useful Activity]"
2319,The Telescope Control System should be capable of detecting and invoking to 3.1.1 . is interface or at the message system level . server,"[Useful Class, Useful Use Case, Not Useful Activity]"
2320,Fault .,"[Not Useful Class, Not Useful Use Case, Not Useful Activity]"
2321,The security and safety of the system tolerance / client the .,"[Not Useful Class, Useful Use Case, Not Useful Activity]"
2322,It also important that there are no undesired interactions between subsystems .,"[Not Useful Class, Not Useful Use Case, Not Useful Activity]"
2323,This may be enforced either at should desirable be even requirement of the Gemini systems .,"[Not Useful Class, Not Useful Use Case, Not Useful Activity]"
2324,"However , not the to reconﬁgure the software if one actuator fails ability a is redundancy in the event of failure of any component , including the higher - level software ; Redundancy .","[Not Useful Class, Not Useful Use Case, Not Useful Activity]"
2325,"Hardware guaranteed be to is STD-1309C , Deﬁnitions of terms for Test , - Measurement Diagnostic Equipment , has these deﬁnitions : Testability and","[Not Useful Class, Not Useful Use Case, Not Useful Activity]"
2326,"MIL . below , acceptance , commissioning through to hand - over .","[Not Useful Class, Not Useful Use Case, Not Useful Activity]"
2327,"The objectives and requirements of this plan are detailed : design A characteristic integral capability of the mission equipment which provides An an , automated test capability to detect , diagnose onboard : test - which allows the status of a unit to be conﬁdently determined in a timely fashion ; Built - in design , from of risks due to environmental conditions , such as minimize temperature noise , vibration , etc ; minimize risks , ; etc , people during operation and maintenance from high voltage , electromagnetic radiation , sharp edges , hot surfaces , chemicals created testing by error","[Useful Class, Useful Use Case, Not Useful Activity]"
2328,A Controls Test Plan is part of the . Gemini System .,"[Useful Class, Not Useful Use Case, Not Useful Activity]"
2329,"This plan will address all areas Control people protect to ; use interlocks and other protective devices when hazards can not be eliminated ; provide distinctive markings and warnings human or isolate system years , and since computer technology is expected of to rapidly over this same period , the software evolve period a over % of the time before the failure impacts observing .","[Useful Class, Useful Use Case, Not Useful Activity]"
2330,"Since the Gemini software will be developed in stages is 90 to designed its documentation must be developed with this expandability and in , using general industry standards .","[Not Useful Class, Not Useful Use Case, Not Useful Activity]"
2331,"All software mind , process installation to be easily extended and upgraded with modiﬁcations to non - changing components .","[Not Useful Class, Not Useful Use Case, Not Useful Activity]"
2332,"The software itself , its be subsystem a of health , and for observation and , possibly operational , as a prelude to maintenance action .","[Useful Class, Not Useful Use Case, Not Useful Activity]"
2333,The diagnosis ’s system a failures .,"[Not Useful Class, Not Useful Use Case, Not Useful Activity]"
2334,"The fault detection and , possibly , isolation capability is used for periodic or continuous monitoring of major objectives are : cost of documentation ; testability requirements .","[Not Useful Class, Useful Use Case, Not Useful Activity]"
2335,The interpretation of this table is that we should discover the failure reduce software ; and test effectively with minimum effort and cost ; reduce maintenance induced problems ; reduce the cost of test equipment programming has to be module 's environment is strictly deﬁned by its each interface other components .,"[Not Useful Class, Not Useful Use Case, Not Useful Activity]"
2336,"No module can rely upon to , particular","[Not Useful Class, Not Useful Use Case, Not Useful Activity]"
2337,In the Gemini Design Requirements Speciﬁcation .,"[Not Useful Class, Not Useful Use Case, Not Useful Activity]"
2338,"All software is to be developed using typical modularization and standardization techniques . information in outside this line databases can be considered part of this - interface but are only accessible Reliability and availability A , on","[Not Useful Class, Not Useful Use Case, Not Useful Activity]"
2339,The . interface .,"[Not Useful Class, Not Useful Use Case, Not Useful Activity]"
2340,Module selection should be done in logical fashion to minimize the size of the interfaces between modules of measure speciﬁed scheduled for Gemini software are presented here .,"[Not Useful Class, Useful Use Case, Useful Activity]"
2341,Detailed requirements speciﬁcations the subsystems are found in the individual chapters for level - high the [ SMP ] .,"[Not Useful Class, Not Useful Use Case, Not Useful Activity]"
2342,This section presents the speciﬁc attributes and requirements for Gemini software .,"[Useful Class, Useful Use Case, Not Useful Activity]"
2343,Only the of as the Design Gemini system maintenance philosophy is described in the,"[Not Useful Class, Not Useful Use Case, Not Useful Activity]"
2344,The Software Plan ( SMP ) .,"[Not Useful Class, Not Useful Use Case, Not Useful Activity]"
2345,Preventative maintenance is Management . section this Description .,"[Not Useful Class, Not Useful Use Case, Not Useful Activity]"
2346,"Regardless of application , the Gemini software exhibits numerous common attributes .","[Useful Class, Not Useful Use Case, Not Useful Activity]"
2347,These attributes are described in Software of fault rates easy implementation of table - driven applications . permit,"[Useful Class, Not Useful Use Case, Not Useful Activity]"
2348,The between software control packages is normally done via interface to database line .,"[Not Useful Class, Not Useful Use Case, Not Useful Activity]"
2349,This monitoring should continue on inactive subsystems .,"[Not Useful Class, Useful Use Case, Useful Activity]"
2350,All telescope and instrument parameters are kept in an on interface subsystem calls the to be available at any operation level ; is Access to the database are to be in the times information control detector on - line database .,"[Useful Class, Not Useful Use Case, Not Useful Activity]"
2351,"The requirements for this database package are : .All telescope , instrument , and to each to commands error failure .","[Useful Class, Not Useful Use Case, Not Useful Activity]"
2352,See section Section 3.2.5 on after page - 5 .,"[Not Useful Class, Not Useful Use Case, Not Useful Activity]"
2353,"During science planning , there 3 restart to procedures should be done during commissioning to establish baseline rates for system reliability monitoring .","[Not Useful Class, Useful Use Case, Useful Activity]"
2354,There are to be recovery should be validity and operation .,"[Not Useful Class, Not Useful Use Case, Not Useful Activity]"
2355,The system should be constantly monitoring active subsystems to be sure they are operating correctly before sending during in performed also feasibility checks to help ensure effective and efﬁcient use of the telescope .,"[Not Useful Class, Useful Use Case, Useful Activity]"
2356,"Where appropriate , these checks should be to given project ; Conﬁguration and version management .","[Not Useful Class, Useful Use Case, Not Useful Activity]"
2357,"The development testing environment the Gemini 8 m Telescopes software consists of for and veriﬁcation - Formal approval , review and audit procedures ; Documentation ; Coding and debugging ; Simulation ; Component and integration the ; computer and life - cycle aspects .","[Not Useful Class, Not Useful Use Case, Not Useful Activity]"
2358,"The choice of on such environment has to be deﬁned , together with an section previous the system software ( operating system , languages and tools ) chosen optimally to support the development model presented in hardware the methods : ( for quality and maintenance reasons ) ; visible avoid speciﬁcations ; discover errors early ( via review incomplete process development the developed according to a structured and formally deﬁned development model .","[Not Useful Class, Useful Use Case, Not Useful Activity]"
2359,"The purpose of this is to : make and Development audit ) SMP ] and [ SCP ] ( see [ Applicable , Section 1.3 ) , which will cover Documents in deﬁned be ; secure structured , maintainable software ; guarantee software quality ; improve and ease cooperation .","[Not Useful Class, Useful Use Case, Not Useful Activity]"
2360,"This has to procedures choice of all formal release system should exist at package and a module , which should be checkable on - line level , procedures test individual software packages and modules comprising the Gemini 8 m Telescopes software .","[Useful Class, Useful Use Case, Useful Activity]"
2361,Apart from the component and integration by all the procedures been discussed in Section 3.2.1 on page 3- already 3,"[Not Useful Class, Not Useful Use Case, Not Useful Activity]"
2362,The phasing of the various parts of the . has level operation for consistency .,"[Not Useful Class, Not Useful Use Case, Not Useful Activity]"
2363,Every system must thus be able to supply its current version upon request .,"[Not Useful Class, Useful Use Case, Not Useful Activity]"
2364,The test operational for written be following criteria for later selection shall be kept,"[Not Useful Class, Not Useful Use Case, Not Useful Activity]"
2365,"The in : Emphasis on development and productivity requirements , mind . 7 4- the Gemini 8 m Telescopes standards , but excluding the target computer hardware , in Section 4.2.5 on page including cross support tools procedure methods have to be deﬁned in the Software Test Plan ( STP ) , while test plans shall","[Not Useful Class, Not Useful Use Case, Not Useful Activity]"
2366,Test is . defacto ; Portability of software ( target hardware independence ) ; Hardware and vendor independence ; Use of industrial and standards the hazard ; .,"[Not Useful Class, Not Useful Use Case, Not Useful Activity]"
2367,operating hours ; downtime or availability ; discard attended unattended operation ; environment .,"[Useful Class, Not Useful Use Case, Not Useful Activity]"
2368,Quantitative maintenance requirements / versus H.repair ; maintenance ; sparing plans ; periodic testing ; scheduled or preventative maintenance ; planned support equipment ; turnaround time will of be to permitted .,"[Not Useful Class, Not Useful Use Case, Not Useful Activity]"
2369,"The requirements will be expressed as is : Time to Repair for each maintenance level ; Mean veriﬁcation that way the system , subsystems , and each component .","[Useful Class, Not Useful Use Case, Not Useful Activity]"
2370,The requirements must be achievable and stated in such a allocated Maximum levels constraints Telescopes base facility during the day .,"[Not Useful Class, Not Useful Use Case, Not Useful Activity]"
2371,module m repair,"Your input ""module m repair"" does not provide enough context to determine its relevance to Class Diagram, Use Case Diagram, or Activity Diagram. Please provide a more detailed sentence or explanation of the context to classify its usefulness accurately. 

For now, here's a generic response:

**[Not Useful Class, Not Useful Use Case, Not Useful Activity]**"
2372,Done at the contractor / vendor ’s site . 8 Gemini an 8 m Telescopes base facility during the day .,"[Not Useful Class, Not Useful Use Case, Not Useful Activity]"
2373,repair by module replacement .,"[Not Useful Class, Useful Use Case, Not Useful Activity]"
2374,This could be done at . ;,"[Not Useful Class, Not Useful Use Case, Not Useful Activity]"
2375,repair replace ; efforts to perform maintenance ; errors in personnel maintaining ; failures induced in maintenance .,"[Not Useful Class, Useful Use Case, Useful Activity]"
2376,maintenance worker systems of levels skill .,"[Useful Class, Not Useful Use Case, Not Useful Activity]"
2377,The prime objectives are to minimize : downtime due to maintenance ; cost of maintenance ; numbers and or Gemini Time Repair .,"[Not Useful Class, Useful Use Case, Not Useful Activity]"
2378,All necessary safety approvals will be obtained policies before will be accepted .,"[Not Useful Class, Useful Use Case, Useful Activity]"
2379,"The safety precedents and devices and , regulations will obey and abide by both the letter and the spirit of all applicable engineering practices , laws , requirements effort are below can cause death , injury , occupational illness that , damage to or loss of equipment or property or conditions those from .","[Not Useful Class, Not Useful Use Case, Not Useful Activity]"
2380,"MIL - STD-822B , System Safety Program Requirements , deﬁnes safety and risk as : Safety : Freedom detailed to development Control days or longer All Gemini Software must be 30 designed human engineering requirements under consideration .","[Useful Class, Not Useful Use Case, Not Useful Activity]"
2381,The human with of interval maintenance for each maintenance level ; Preventative Maintenance hours per year .,"[Useful Class, Not Useful Use Case, Not Useful Activity]"
2382,All equipment shall support a programmed adjustment and engineering System requirements Gemini procedures ; training and experience ; interaction with ; team ; management and organizational behavior .,"[Useful Class, Useful Use Case, Not Useful Activity]"
2383,The Gemini members interfaces machine and Software include : provisions for minimizing stress effects and fatigue ; feedback on operation on speciﬁc tasks ; people for an at done to aid in the maintenance and testing of modules the .,"[Not Useful Class, Useful Use Case, Not Useful Activity]"
2384,"For example , each subsystem is to subsystem include to is - of - charge through the normal release and bug-ﬁx procedures used in the community .","[Not Useful Class, Not Useful Use Case, Not Useful Activity]"
2385,All subsystem software include free a that - check levels are to be supplied with self sub system software : Monitor level Each subsystem should - following,"[Not Useful Class, Not Useful Use Case, Not Useful Activity]"
2386,The . provides a reference behavior for that subsystem .,"[Not Useful Class, Useful Use Case, Not Useful Activity]"
2387,Simple mechanisms should exist for replacing a subsystem with its simulation simulator have nominally is addressed in the context of the mountain environment be where system will be operating .,"[Useful Class, Not Useful Use Case, Not Useful Activity]"
2388,The plan will the will issues,"[Not Useful Class, Not Useful Use Case, Not Useful Activity]"
2389,These .,It seems like your input might be incomplete or unclear. Could you please provide the full sentence or clarify your request so I can assist you better?
2390,Areas where upgrades are anticipated should be identiﬁed with an estimate of the required effort and resources . be available delivered the the maintenance costs are not covered by the and work budget .,"[Not Useful Class, Useful Use Case, Useful Activity]"
2391,"Community software support ( EPICS ) package WPR the of control system Maintenance of commercial software ( Solaris , VxWorks ) used by this work package is the responsibility with a background task be executed on demand during maintenance operation level would . levels at which maintenance may be performed are","[Not Useful Class, Useful Use Case, Useful Activity]"
2392,The software,"[Not Useful Class, Not Useful Use Case, Not Useful Activity]"
2393,This . level .,"[Not Useful Class, Not Useful Use Case, Not Useful Activity]"
2394,There are also software modules for testing the subsystem as an integrated portion of the entire system : System These be units by module replacement ( e.g. replace a repair VME in an IOC ) .,"[Useful Class, Not Useful Use Case, Not Useful Activity]"
2395,This could be card ; ) system done in situ during an observing session .,"[Not Useful Class, Useful Use Case, Useful Activity]"
2396,"repair by unit replacement ( for instance , an extra computer should ; interface deﬁned commands .","[Not Useful Class, Useful Use Case, Not Useful Activity]"
2397,"The OCS is to be notiﬁed to of detected problems ; Self - test level . any responses correct , running whenever that subsystem is operational , performing such tasks as checking power supply levels , temperatures , performance","[Not Useful Class, Useful Use Case, Useful Activity]"
2398,Each subsystem should provide and on demand through the deﬁned interface .,"[Not Useful Class, Useful Use Case, Not Useful Activity]"
2399,"Problems are to be automatically reported to the OCS via the up ; - during a module for fully exercising all subsystem components , both hardware and software .","[Not Useful Class, Useful Use Case, Useful Activity]"
2400,"This module is executed automatically start Risk : An astronomical database must be protected from intrusion , the whether purpose is to access private data or to the , particular","[Not Useful Class, Useful Use Case, Useful Activity]"
2401,In of the system and to prevent intrusion from the wide area network into the Gemini 8 m Telescopes . be parts destructive,"[Not Useful Class, Not Useful Use Case, Not Useful Activity]"
2402,It acting as a ﬁrewall .,"[Not Useful Class, Not Useful Use Case, Not Useful Activity]"
2403,"A system that gateway is in Engineering / Maintenance mode must ignore directives operating network designed well is acceptable , and may well prove to be the best solution , to provide intrusion security by a . from different users avoid damage to equiment .","[Useful Class, Useful Use Case, Useful Activity]"
2404,The Gemini 8 to m software shall be able to bring the Gemini Telescopes dampers use will - the mechanism can not move beyond this point due to mechanical limit(s ) .,"[Not Useful Class, Useful Use Case, Not Useful Activity]"
2405,In general hard stops 8 on m system .,"[Not Useful Class, Not Useful Use Case, Not Useful Activity]"
2406,Security must be provided in order to software both accidental mix - up of commands from different prevent the of phase quickly to a safe state upon detection of danger .,"[Not Useful Class, Useful Use Case, Useful Activity]"
2407,"Safety aspects shall be analyzed during the functional speciﬁcation Telescopes other systems , repairable at the depot level ; All other not hazards be interlocked via software .","[Not Useful Class, Useful Use Case, Not Useful Activity]"
2408,"The precedence for may are repairs that All hazards capable of causing injury and/or severe damage to equipment shall be actively interlocked ( severe damage implies conforming ; to requirements safety requirements are : eliminate hazards through design general , material selection ; isolate hazardous substances from people including","[Useful Class, Not Useful Use Case, Not Useful Activity]"
2409,"The . training will be : design for minimum risk ; incorporate safety devices ; provide warning devices ; develop procedures and safety interlocked passively be by unauthorized users , or users at unauthorized system access .","[Not Useful Class, Useful Use Case, Useful Activity]"
2410,All systems are appropriately interlocked .,"[Not Useful Class, Not Useful Use Case, Not Useful Activity]"
2411,This levels the into intrusion though status information should still be provided for use by other systems .,"[Not Useful Class, Not Useful Use Case, Not Useful Activity]"
2412,There should be security preventing the interlock must not depend,"[Not Useful Class, Not Useful Use Case, Not Useful Activity]"
2413,The interlock philosophy is as follows : All hazards capable of causing death and/or loss of irreplacable equipment shall . stops Deﬁnition Work on any software for reliable operation .,"[Not Useful Class, Not Useful Use Case, Not Useful Activity]"
2414,Details of the interlock system are found in the Mount Control System Package minimize hard systems themselves into safe states to protect people and move equipment i.e. if there is a failure in the ( to able be to detect such danger and report it appropriately .,"[Useful Class, Useful Use Case, Useful Activity]"
2415,"In the event that the risk persists , subsystems must higher able - systems cause damage to any Gemini 8 m Telescopes or subsystem for example , by driving beyond limits or , people endanger could ) .","[Not Useful Class, Not Useful Use Case, Not Useful Activity]"
2416,Safety protection must be applied whenever there is the risk that the actions of the control software level by be,"[Not Useful Class, Useful Use Case, Useful Activity]"
2417,"Subsystems hazard as : Hazard : Something that could a cause , injury , illness , or damage / death deﬁnes project Gemini expression of the possibility of a mishap in terms of hazard severity and hazard probability .","[Useful Class, Not Useful Use Case, Not Useful Activity]"
2418,In addition the loss must . Gemini be able to quickly bring the Gemini system should to safe state upon notiﬁcation of such danger . a software,"[Not Useful Class, Useful Use Case, Useful Activity]"
2419,The . system must be self - monitoring to invoke safety monitoring to prevent risk to people or damage to equipment,"[Not Useful Class, Useful Use Case, Not Useful Activity]"
2420,"The overexposing detectors . - the system will halt if its watch dogs dog not been reset ; hard limit switches - has watch hardware ; soft limits ; software watch dogs - the software will halt if its watch dog has not been reset these of switches remove - these will prevent both software and hardware interlocks from - there will be no bypass of these action hardware ; limits power from actuator when beyond soft limits ; the software / electrical systems will allow movement off of hard will off movement allow interlocks , electrical hard limit switches , soft electrical limit , software limits , and watch dogs , switches , stops hard","[Useful Class, Useful Use Case, Useful Activity]"
2421,"This protection , where implemented , must be independent of the software .","[Not Useful Class, Not Useful Use Case, Not Useful Activity]"
2422,In general this will require mechanical .,"[Not Useful Class, Not Useful Use Case, Not Useful Activity]"
2423,The order in be rejected ; soft limit switches - the software will detect unsafe areas and halt ; the software will will ; command ; which these systems will work is as follows : software limits - the software will not allow unsafe actions the line - on Instrument self - testing and self - diagnosis ; This not permitted to interfere with telescope operation ; is operation telescope with self - testing ; Instrument start - up and shut - down .,"[Useful Class, Useful Use Case, Useful Activity]"
2424,This is not permitted to interfere Conﬁguration system and ; installed and their status at all times . are,"[Useful Class, Not Useful Use Case, Not Useful Activity]"
2425,The and instrument software shall contain built - in telescope subsystems what know Dynamic reconﬁguration of observing conﬁguration ( beam switching without restarting instruments and telescope ) ; The control software should reconﬁguration test Telescope shutdown of simultaneous uses ) are assigned solely through number this system .,"[Useful Class, Useful Use Case, Useful Activity]"
2426,The allocation system must ensure that allocation restricted a only Mode Allocation system that dynamically identiﬁes and assigns resources as needed .,"[Useful Class, Useful Use Case, Useful Activity]"
2427,Critical resources ( those that can support the ; system not and codify common tasks .,"[Not Useful Class, Not Useful Use Case, Not Useful Activity]"
2428,"The tasks that simplify require procedures include : Telescope start - up and such to , integrity remain deadlocked with respect to this resource allocation .","[Not Useful Class, Not Useful Use Case, Not Useful Activity]"
2429,"Finally , procedures must be implemented for convenience and system can Access ( ) .","[Not Useful Class, Useful Use Case, Useful Activity]"
2430,This notiﬁcation must be speciﬁc as to occur origin problem .,"[Not Useful Class, Useful Use Case, Not Useful Activity]"
2431,The notiﬁcation must also be capable and faults when user .,"[Not Useful Class, Not Useful Use Case, Not Useful Activity]"
2432,Regression tests should be a part of every Gemini 8 m Telescopes software package Subsystems must notify the of conﬁguration being logged to aid in tracking down problems .,"[Useful Class, Useful Use Case, Not Useful Activity]"
2433,"Should . a fail ( e.g. one detector , one instrument subsystem etc , short .","[Not Useful Class, Not Useful Use Case, Not Useful Activity]"
2434,"It may also prove useful to have multiple levels of fault notiﬁcation such as detailed , verbose , electronically BIT operational a shall have corresponding test speciﬁcations to check normal module operation releases , to be used both for acceptance of software Telescopes m facilities to verify Gemini 8 m Telescopes system and Gemini 8 m Telescopes software performances .","[Not Useful Class, Useful Use Case, Useful Activity]"
2435,Every Gemini 8 tests given and an of the Gemini 8 m Telescopes system and sequences subsystems,"[Useful Class, Useful Use Case, Useful Activity]"
2436,These shall automatically exercise all subsystems present in . test - self on - line test procedure .,"[Not Useful Class, Useful Use Case, Useful Activity]"
2437,The Gemini 8 m Telescopes control software shall also provide for execution of as an using implemented subsystem .,"[Not Useful Class, Useful Use Case, Not Useful Activity]"
2438,Shipping of data to a central Archive archive later ; Data transmission format .,"[Not Useful Class, Useful Use Case, Not Useful Activity]"
2439,Data is follows Gemini the to is done using this level .,"[Not Useful Class, Not Useful Use Case, Not Useful Activity]"
2440,Archiving of data is automatically done while in observing and maintenance level operation transmitted assessment between and data capacity of the system is limited by,"[Not Useful Class, Not Useful Use Case, Not Useful Activity]"
2441,"The transfer and technology , as well as archiving capacity methods . capacity data home Institutes using a FITS format and contains all header information provided with the data ; System - wide Gemini on quality look Storage of data .","[Useful Class, Not Useful Use Case, Not Useful Activity]"
2442,"Data from all instruments ; and is stored as compressed data , using a detectors stored is data on removable media .","[Useful Class, Not Useful Use Case, Not Useful Activity]"
2443,"For data that requires preprocessing , such as infrared detector data , only the preprocessed standard data format","[Not Useful Class, Useful Use Case, Useful Activity]"
2444,There storage is on the Gemini system data disk(s of ) possibly also on removable media .,"[Useful Class, Not Useful Use Case, Not Useful Activity]"
2445,"Quick - , level second","[Not Useful Class, Not Useful Use Case, Not Useful Activity]"
2446,"A is a ﬁrst level of storage within IOCs , to secure data in the event of link failures . . site .","[Useful Class, Not Useful Use Case, Not Useful Activity]"
2447,"The require less than 20 sec , and can must only assisted with loss - less compression .","[Not Useful Class, Not Useful Use Case, Not Useful Activity]"
2448,"To be transmission quality - ; In addition , there is the need for transmission of images matching the original resolution .","[Not Useful Class, Useful Use Case, Not Useful Activity]"
2449,This high preserve ) the of determined in a simple manner during logging into be the .,"[Not Useful Class, Not Useful Use Case, Not Useful Activity]"
2450,Protection against accidental interference is to be system should privileges,"[Not Useful Class, Not Useful Use Case, Not Useful Activity]"
2451,"These the system , there must be a system of privileges established at each operating level of the system . integrity etc , MPEG must be available interactively from hard disk or which similar .","[Useful Class, Not Useful Use Case, Not Useful Activity]"
2452,"Video information originates from target acquisition , medium of days 3 system data capacity is capable of retaining 7 days of data produced by the largest instrument , the last guiding , and site sec .","[Useful Class, Not Useful Use Case, Not Useful Activity]"
2453,"This may be assisted through the use of data - loss compression techniques ( e.g. JPEG , 0.5 ) every rough monitoring cameras .","[Not Useful Class, Useful Use Case, Not Useful Activity]"
2454,The requirements for transferring video data are : The system must allow for fast transmission of images predeﬁned procedures must integrated system ; Gemini software developers should maintain an accurate logs showing software modiﬁcations as they are applied change into combined ) development environments .,"[Not Useful Class, Useful Use Case, Not Useful Activity]"
2455,"One of the goals of Gemini software is that all components be easily ( preferably automatically to and the software ; Gemini software should be developed in evolutionary sources fashion using the CVS version control system ; All , external and internal ; Gemini software developers should adhere to a standard method for the reporting and recording of errors from both system Gemini methodologies using placed on the Gemini Software .","[Not Useful Class, Useful Use Case, Not Useful Activity]"
2456,"These are constraints : packages , off - the - shelf public Commercial general of number operating levels .","[Useful Class, Not Useful Use Case, Not Useful Activity]"
2457,Hardware constraints are covered in the individual chapters the Software Design Description .,"[Not Useful Class, Not Useful Use Case, Not Useful Activity]"
2458,There are a domain standard software and this integration are considered part of the Gemini in software ; All Gemini software is to be developed system involved interfaces,"[Useful Class, Useful Use Case, Not Useful Activity]"
2459,"The standards are to be used whenever feasible ; Existing external software will be integrated with the Gemini software . , subsystem packages should instrument functionality .","[Useful Class, Useful Use Case, Not Useful Activity]"
2460,"It is likely that different all user modules ( see above ) would present different interface to access full packages must provide modules for the testing and diagnosis of the subsystem ; All instrumentation control software must provide portions subsystem of functionality Gemini software must be version labeled , both All in and binary form .","[Useful Class, Useful Use Case, Not Useful Activity]"
2461,The version information is source ; instrument each to the user .,"[Not Useful Class, Not Useful Use Case, Not Useful Activity]"
2462,"The information required of each interface module is found in the Functional Requirements speciﬁcations for this Gemini All ; , and user interface modules for the user ) interface that the subsystem will be operating in . environments below , constraints include as part of the software both a simulator module for inclusion in the virtual telescope ( see Design","[Useful Class, Useful Use Case, Not Useful Activity]"
2463,"The interfaces required of , internally with appropriate comments , and external documentation .","[Not Useful Class, Not Useful Use Case, Not Useful Activity]"
2464,"External documentation must include Unix - style man pages documented and fully to these user interface modules are described in Section 3.3 on page 3 - 6 ; All Gemini software is be space modes reﬂect this is limited to IOCs that are associated , with scientiﬁc instruments ) then it must be possible individual general in ( faulty cards and/or assemblies .","[Not Useful Class, Not Useful Use Case, Not Useful Activity]"
2465,If it is possible to observe with that particular IOC in a failed state to replace reconﬁgure system to replace units in case of failure . have,"[Not Useful Class, Useful Use Case, Useful Activity]"
2466,There subsystems which are relatively inexpensive to support as are to acceptable be to do so .,"[Not Useful Class, Not Useful Use Case, Not Useful Activity]"
2467,"Full redundancy is not a requirement of the Gemini 8 m Telescopes and it will the redundant to a failure concerning the user station equipment , it hardware shall possible to transfer control from one user station be computer of case exist to redeﬁne the environment in such a way that operation can restart with the remaining equipment .","[Not Useful Class, Useful Use Case, Useful Activity]"
2468,"In to procedure another a due to the local connections and interfaces to , the electronics .","[Not Useful Class, Not Useful Use Case, Not Useful Activity]"
2469,In this case there shall be control possible be will simple software reconﬁguration procedure .,"[Not Useful Class, Not Useful Use Case, Not Useful Activity]"
2470,"In the case of IOC failure , no transfer of control to another IOC via systems , such .","[Not Useful Class, Not Useful Use Case, Not Useful Activity]"
2471,.There should be no restrictions imposed by constraints the on users .,"[Not Useful Class, Useful Use Case, Not Useful Activity]"
2472,Only policy decisions ( permissions software following the under possibilities in case of node failures ( single point failure protection ) .,"[Not Useful Class, Useful Use Case, Not Useful Activity]"
2473,"The Gemini system software is designed , routing access ,","[Not Useful Class, Useful Use Case, Not Useful Activity]"
2474,functionality should be presented to the users using .Similar similar interfaces .,"[Not Useful Class, Useful Use Case, Not Useful Activity]"
2475,"However , user interfaces should clearly user ; station remote etc . ) should prevent any user from accessing any part of the Gemini system from any local or privileges - re and system will be established .","[Not Useful Class, Useful Use Case, Not Useful Activity]"
2476,There is no backup requirement automatic switching to the backup system .,
2477,All for the to switching as telescope control computers .,"[Not Useful Class, Not Useful Use Case, Not Useful Activity]"
2478,"For each area where redundancy is decided to be cost effective , procedures for communication shall be based the protocol .","[Not Useful Class, Not Useful Use Case, Not Useful Activity]"
2479,"Certain network concepts may be preferable as they offer intrinsic redundancy ( e.g. double loops ) of access part ) on the use of standard communication protocols , where retry procedures are applied ( a form of software redundancy as to save and 2 ) per night , when sky conditions ( change","[Not Useful Class, Not Useful Use Case, Not Useful Activity]"
2480,It requires also that the observing program is . times few a users .,"[Not Useful Class, Not Useful Use Case, Not Useful Activity]"
2481,Service observing requires switching during the night among telescope modes and instruments .,"[Not Useful Class, Useful Use Case, Useful Activity]"
2482,"This might typically be so other well that a suitable organization to support it , and requires ﬁrst all , considerable experience with a smooth running of observing","[Not Useful Class, Not Useful Use Case, Not Useful Activity]"
2483,Service . it can be executed by someone else .,"[Useful Class, Not Useful Use Case, Not Useful Activity]"
2484,"In other words , it requires a computer executable observing program speciﬁed system from with ( such as adaptive optics ) and in observations certain ( such as commissioning and test periods ) phases of kinds certain in some cases , not the most efﬁcient way to achieve this , although it will be necessary for . programs","[Not Useful Class, Not Useful Use Case, Not Useful Activity]"
2485,"Service , be done on his behalf at a convenient will moment is not exactly predeﬁned and may be intermixed that",
2486,"It . astronomer on the other hand , means that the observing program can be performed by someone other than the proposing observing , . these planned observing , which still requires competent monitoring by at Gemini 8 m Telescopes site or remotely . the meant is what in accordance with predeﬁned sequences of exposures , as is commonly done in space observatories .","[Not Useful Class, Useful Use Case, Useful Activity]"
2487,This corresponds to,"Please provide the sentence you'd like evaluated, and I will classify whether it is useful for Class Diagram, Use Case Diagram, or Activity Diagram as per the example format."
2488,"At , the time adopted to perform automatic sequences , interaction shall is be at the desired level ( for example , allowed scheme whichever","[Not Useful Class, Useful Use Case, Useful Activity]"
2489,"So , one does not want to lose the advantages and the extra ﬂexibility of ground - based astronomy . same","[Not Useful Class, Not Useful Use Case, Not Useful Activity]"
2490,For automatically out operation for a while .,"[Not Useful Class, Not Useful Use Case, Not Useful Activity]"
2491,"Nevertheless , the in software data structures to support classical observing which have and been and fulﬁlled reasons it can only be applied to the Gemini 8 m Telescopes once the Classical observing requirement has been to observations be in achieve efﬁcient service observing , queue observing , To and scheduling , it should be possible to carry ﬂexible requirement observing service a system that is only interactive at the start might require considerable redesign to be adapted later to the present perhaps is observing the Gemini staff are responsible for performing the that actual collection for the astronomer .","[Not Useful Class, Useful Use Case, Useful Activity]"
2492,A special case data implies observing,"[Not Useful Class, Not Useful Use Case, Not Useful Activity]"
2493,"Service ) or remote access ( Gemini 8 m Telescopes support , base , and remote operations facilities ) . of site service , astronomer .","[Not Useful Class, Not Useful Use Case, Not Useful Activity]"
2494,"The more general case , where client a observer is present on site and the client science the with interaction queue - based , is given earlier , and assumes that the observing program can be executed with minimal observing astronomer Telescopes 8","[Not Useful Class, Useful Use Case, Useful Activity]"
2495,"This might be necessary to back up local . users and to help in case of problems . expertise purposes diagnostic and from remote observing , remote access to the Gemini 8 m Telescopes and its instruments is required for monitoring","[Useful Class, Useful Use Case, Useful Activity]"
2496,"Remote m access in software , once implemented .","[Not Useful Class, Useful Use Case, Not Useful Activity]"
2497,"also allows ,","[Not Useful Class, Not Useful Use Case, Not Useful Activity]"
2498,"Telescopes without requirements , local access ( at the Gemini extra m 8 Gemini this case , must be possible from the Gemini 8 m Telescopes base facility .","[Useful Class, Not Useful Use Case, Not Useful Activity]"
2499,"Distributed access to the , is remotely connected The programming environment should allow for the communication ; of notes , instructions , and comments from the special environment shared a , for review and adjustment of the program .","[Not Useful Class, Useful Use Case, Useful Activity]"
2500,This access may or may not be done concurrently on astronomer observer to observer,"[Useful Class, Useful Use Case, Not Useful Activity]"
2501,"Observing , as such , is the purpose . of Gemini 8 m Telescopes system .","[Not Useful Class, Useful Use Case, Not Useful Activity]"
2502,"But interactive the observing based - , possibly involving multimedia techniques .","[Not Useful Class, Useful Use Case, Useful Activity]"
2503,"The use of this feature would , however , be discouraged for queue the the to and interaction during the observation .","[Not Useful Class, Not Useful Use Case, Not Useful Activity]"
2504,"The means that human the software must include a sufﬁciently rich programming environment Gemini little requiring , , is considered here .","[Not Useful Class, Not Useful Use Case, Not Useful Activity]"
2505,"The requirements speciﬁc to service observing are : The observing program must be automated to make this feasible the astronomer ; This programming environment should be available both to the astronomer , for developing the program , to only interface - .","[Not Useful Class, Useful Use Case, Not Useful Activity]"
2506,"In addition , this should be a visually - oriented environment providing a simple , easy - to use on error conditions and transfer of astronomical data in all forms control ( , engineering , reference , etc . ) science the to apply .","[Not Useful Class, Useful Use Case, Useful Activity]"
2507,"This assumes bridging between communication sections , to isolate trafﬁc in relevant sections only .","[Not Useful Class, Not Useful Use Case, Not Useful Activity]"
2508,The following requirements,"Please provide the requirements or the sentence you'd like me to evaluate for usefulness in creating Class Diagram, Use Case Diagram, or Activity Diagram. I will classify it for you using the format [Useful Class, Useful Use Case, Not Useful Activity], for example."
2509,Data TPS ﬂow,"[Not Useful Class, Not Useful Use Case, Not Useful Activity]"
2510,Data that disk access and data transfer times are so not .,"[Not Useful Class, Not Useful Use Case, Not Useful Activity]"
2511,Maximum acceptable readout time for detector data signiﬁcant limited readout detector from detectors must be stored in the most effective method permitted by available technology .,"[Useful Class, Not Useful Use Case, Not Useful Activity]"
2512,"Astronomical data is often . is 100 to with a uniform ACK / NAK protocol adopted , across systems .","[Not Useful Class, Not Useful Use Case, Not Useful Activity]"
2513,"Timeouts must be supported at approximately all reliable be must common commands are described in Section 5.3 on page 5 - 2 ; The support structure for communicating commands 500 be msec Handshaking , timeouts for that reply must also be replies supported Peak control information within the system is expected ; delayed allowing commands of commands between IOCs must occur within 100 - 200 msec , signaling acceptance of each command ; For ; very dependent on LAN must support a transfer rate of 20","[Not Useful Class, Not Useful Use Case, Not Useful Activity]"
2514,The - Mbits / second ; Data acquisition format . 40 . LAN the to data .,"[Not Useful Class, Not Useful Use Case, Not Useful Activity]"
2515,Data transfer between the virtual telescope system and attached workstations therefore imposes signiﬁcant transfer requirements on,"[Not Useful Class, Useful Use Case, Not Useful Activity]"
2516,Data access is acquired the system LAN .,"[Not Useful Class, Useful Use Case, Not Useful Activity]"
2517,"The goal of compression across is minimize bandwidth impact on the LAN and WAN to or system Gemini as uncompressed data , but may be compressed using a loss - less compression technique for transmission from the normally simultaneous , multiple is about 0.1 sec , though only a time portion the detector may be read during that time of readout detector acceptable detector type and size as well as the intended application : ; For focusing and related activities , maximum ; For mosaicked , and display .","[Not Useful Class, Not Useful Use Case, Not Useful Activity]"
2518,"Since the Gemini system supports monitoring of operation , there must be the capability of providing access IOC data . large optical detectors , a full readout of the detector must be done in about 2 or 3 minutes","[Useful Class, Useful Use Case, Not Useful Activity]"
2519,Concurrent to,"The phrase ""Concurrent to"" is incomplete and lacks context, so it is not sufficient to determine its usefulness for any diagram type. A complete sentence or additional context is needed to classify it.

For now:  
**[Not Useful Class, Not Useful Use Case, Not Useful Activity]**"
2520,"These etc achieved only with the help of appropriate scheduling be software which must advise the operations team on the , can","[Not Useful Class, Useful Use Case, Useful Activity]"
2521,This . suitably equipped remote site .,"[Not Useful Class, Not Useful Use Case, Not Useful Activity]"
2522,"Flexible scheduling requires the possibility to change telescope scheduling quickly , exchanging observing programs best a choice make software does not currently exist - it should ’ be requirement of such software that it have an a scheduling expert ‘ which is compatible with the relative priorities of the various observing programs .","[Useful Class, Useful Use Case, Not Useful Activity]"
2523,"It should be recognized that such to operational at on to changes in weather and other conditions by reacting allocating current use of the telescope to the optimal the of possibility the , any time the user is allowed to break a sequence , etc . ) .","[Not Useful Class, Useful Use Case, Useful Activity]"
2524,Flexible scheduling means observing standby program those conditions required by their program .,"[Not Useful Class, Useful Use Case, Useful Activity]"
2525,"This can the be by remote monitoring , if users can be complemented for waiting indeﬁnitely conditions .","[Not Useful Class, Useful Use Case, Useful Activity]"
2526,"It will require the use of service and/or remote observing , as users can not stay around for mode which merely All subsystems must respond to a common set ; of to test operational status , inquiries as to commands 6 - 3 be consistent across the system , whether accessing workstation software or IOC software .","[Not Useful Class, Useful Use Case, Useful Activity]"
2527,"See Section 3.2.5 on page version to , self respond to additional common commands for such activities must as , stop , initialize , reset parameters , start subsystems IOC","[Not Useful Class, Useful Use Case, Useful Activity]"
2528,"All - tests , etc .","[Not Useful Class, Not Useful Use Case, Not Useful Activity]"
2529,These common commands are described in Section 5.3 on page 5 - 2 . perform is commands ﬂow typically 2 times per night ) .,"[Not Useful Class, Not Useful Use Case, Not Useful Activity]"
2530,"Thus ( ﬂexible is a superset of queue scheduling , with scheduling instruments and modes supports the decision making process by presenting appropriate information .","[Not Useful Class, Useful Use Case, Not Useful Activity]"
2531,Flexible scheduling requires switching during the night among telescope similar requirements .,"[Useful Class, Useful Use Case, Not Useful Activity]"
2532,"These and from on - line databases , and commands and software for the IOCs .","[Not Useful Class, Not Useful Use Case, Not Useful Activity]"
2533,"The syntax of control to . ﬂow , requirements apply to the commands and replies between sub - systems ( including status information requests and replies ) information range be from on page 4- 7 , which will be 4.2.5 portable different computer hardware platforms ( Portable User Interface across Section in deﬁned does not matter where it is being run .","[Not Useful Class, Not Useful Use Case, Not Useful Activity]"
2534,"The user interface tools shall be based on standards , Toolkit it )","[Not Useful Class, Useful Use Case, Not Useful Activity]"
2535,The is the current intent to limit the selection,"[Not Useful Class, Not Useful Use Case, Not Useful Activity]"
2536,It of hardware platforms to as few as is practical computer . arises need intent of a portability requirement is to facilitate migrating existing and future Gemini systems to different hardware as the . Main that transparent interface should not be seen as a package user linked a speciﬁc computer .,"[Not Useful Class, Not Useful Use Case, Not Useful Activity]"
2537,Given the requirement to to,"It seems your input is incomplete. Could you provide the full sentence or requirement? This will help me determine whether it is useful for Class Diagram, Use Case Diagram, or Activity Diagram."
2538,"The . ’ tools to the whole project , providing the Gemini 8 m Telescopes user interface 's ‘ look and feel be so able access a large number of stations , depending on from where user is .","[Useful Class, Useful Use Case, Not Useful Activity]"
2539,"It should also be network a callable be to the Gemini 8 m Telescopes from several points , the user interface should rather be seen as a package to interface processor hardware available , in the form of : standard be bus ; a standard set of interface cards to systems shall electronics control control functions , or special purpose controllers for the primary mirror support actuators ) .","[Useful Class, Useful Use Case, Not Useful Activity]"
2540,Standard interfaces to the be array used all for maintenance and repairs .,"[Not Useful Class, Not Useful Use Case, Not Useful Activity]"
2541,"It is also essential essential avoid software duplication , and to simplify the to clearly is standards the subsystems and instruments ; a standard software skeleton running on the control electronics .","[Not Useful Class, Not Useful Use Case, Not Useful Activity]"
2542,"The existence of hardware on computer for transputer external hardware interfaces , namely the ones from with the to the control electronics .","[Useful Class, Not Useful Use Case, Not Useful Activity]"
2543,The deﬁnition of microprocessors instead deals section requirements will be deﬁned in the Hardware constraints ( see Section 3.4.2 on page 3- 12 ) .,"[Not Useful Class, Not Useful Use Case, Not Useful Activity]"
2544,"This these required terms as the instruments ; microprocessors - these are computers controlling embedded the instrument ( for instance a DSP or in computers the are follows : main processors - these are the computers with which the user interacts ; control electronics - these is user same the active nodes , should the case arise","[Useful Class, Not Useful Use Case, Not Useful Activity]"
2545,"This 10 section intentionally kept at the level of performance criteria is of load the three active nodes , but the Gemini 8 m Telescopes computers and software shall be capable of coping with rather of than times the occurrence of the corresponding action within given before response .","[Not Useful Class, Not Useful Use Case, Not Useful Activity]"
2546,There must be automatic procedures to implement times way negative or ( found in Section 2.11.2 on page 2- 22 ) .,"[Not Useful Class, Useful Use Case, Useful Activity]"
2547,"Every command must be acknowledged in a positive response startup order in a conclusion , the Gemini 8 m Telescopes",
2548,"As control shall allow simultaneous operation of up to six software . node monitoring , locally or remotely .","[Useful Class, Useful Use Case, Not Useful Activity]"
2549,The system will provide for a single local monitoring node and a single remote active the control and and facilities foreseen so far for the Gemini operation 8 Telescopes will limit this number to a maximum m the practice,"[Useful Class, Not Useful Use Case, Not Useful Activity]"
2550,"In up to two more monitoring nodes ( one local and one remote ) without appreciable degradation of performance . nodes and shutdown of number of instruments , there can be many large different which are active at the same time . stations the","[Useful Class, Not Useful Use Case, Not Useful Activity]"
2551,Given . at any given time .,"[Not Useful Class, Not Useful Use Case, Not Useful Activity]"
2552,The user interface deﬁnes the way users see the Gemini 8 m Telescopes system,"[Not Useful Class, Useful Use Case, Not Useful Activity]"
2553,It operational is for applied throughout .,"[Not Useful Class, Not Useful Use Case, Not Useful Activity]"
2554,"This calls for a homogeneous is user , which can be achieved only by applying interface philosophy same the operational and maintenance reasons that , in spite of the obvious differences of the setups and commands available , essential and installed are .","[Not Useful Class, Not Useful Use Case, Not Useful Activity]"
2555,"Reconﬁguration procedures must exist , to change operation the environment .","[Not Useful Class, Useful Use Case, Useful Activity]"
2556,The deﬁnition of the observing environments observing telescope the affecting the telescope and instruments .,"[Useful Class, Not Useful Use Case, Not Useful Activity]"
2557,"These must allow startup and shutdown of instruments independently of the telescope and without must be dynamic , privileges to change the environment , meaning selecting a suitable combination of instrumentsThe operational software should know which subsystems have Gemini staff . i.e. feasible during operations without the need to restart everything .","[Not Useful Class, Useful Use Case, Useful Activity]"
2558,The same applies to the related light path,"[Not Useful Class, Not Useful Use Case, Not Useful Activity]"
2559,Operations 8 m Telescopes and logging information are made available on - exposure line the same time .,"[Useful Class, Not Useful Use Case, Not Useful Activity]"
2560,"Quick - look should at an to related acquired data are made available as directly as possible in a common format , and that all additional data be that usable exposure","[Not Useful Class, Useful Use Case, Useful Activity]"
2561,"This document does not try to be speciﬁc . about requirements for Quick - look other than that the intervention manual for sequences to provide results and feedback parameters to the control software in a programmed way , without the need within it is for procedures might make this feasible , at least pipeline for of a standard nature . ” .","[Not Useful Class, Not Useful Use Case, Not Useful Activity]"
2562,The observations,"[Not Useful Class, Not Useful Use Case, Not Useful Activity]"
2563,Advanced . observations data .,"[Not Useful Class, Not Useful Use Case, Not Useful Activity]"
2564,"Ultimately , one would like to have fully reduced and calibrated data at the end of the above this statements the Gemini 8 m Telescopes , with procedures suitable the for on - line data preprocessing .","[Not Useful Class, Useful Use Case, Useful Activity]"
2565,A prerequisite fast on provided be goal of quick - look analysis for the Gemini 8 m Telescopes .,"[Not Useful Class, Not Useful Use Case, Not Useful Activity]"
2566,Quick - look data processing should deﬁne should be synchronous with and adaptations to these packages must be compatibility sought,"[Not Useful Class, Not Useful Use Case, Not Useful Activity]"
2567,"EXTERNAL INTERFACE REQUIREMENTS It should also be noted . , therefore and the Gemini 8 m Telescopes software .","[Not Useful Class, Not Useful Use Case, Not Useful Activity]"
2568,"The Astronomical communities have made considerable investments in image processing software , that to some 8 better deﬁned in the requirements for those subsystems is . is largely due to the difﬁculty of applying","[Not Useful Class, Not Useful Use Case, Not Useful Activity]"
2569,"This which , software m Telescopes subsystems , such as adaptive optics , may require their own special on - line pixel processing Gemini interface any have effects so the observer can make decisions about observatory further actions ) .","[Useful Class, Useful Use Case, Useful Activity]"
2570,This data reduction proceeds sequentially observing and instrument remove .,"[Not Useful Class, Not Useful Use Case, Not Useful Activity]"
2571,"Near - line processing should be available for simple data reductions required for data integrity validation ( i.e. through requests , but processing for full data reduction should also exist at the Gemini 8 m Telescopes site , but does not pixel observed line","[Not Useful Class, Useful Use Case, Not Useful Activity]"
2572,Off asynchronously from data acquistion .,"[Not Useful Class, Not Useful Use Case, Not Useful Activity]"
2573,"In particular , data acquisition takes precedence over near - line data reduction . - programs the calibrations and auxiliary instrumentation .","[Not Useful Class, Useful Use Case, Useful Activity]"
2574,"It also covers all , the aspects of the Gemini 8 m Telescopes , operational instruments , telescope ) .","[Useful Class, Useful Use Case, Not Useful Activity]"
2575,The Gemini 8 m Telescopes software covers all aspects of control and data acquisition related to the including 1 on line referred to as external .,"[Useful Class, Useful Use Case, Not Useful Activity]"
2576,"The external software is consists : commercial software integrated into the Gemini 8 of , Telescopes m scheduling and rescheduling .","[Useful Class, Useful Use Case, Not Useful Activity]"
2577,"There is also software which , although it will be interfaced to the Gemini 8 - m 3- on as possible , isolating different software layers . independent","[Not Useful Class, Not Useful Use Case, Not Useful Activity]"
2578,The software must be adequate for the real - standard hardware as it software .,"[Not Useful Class, Not Useful Use Case, Not Useful Activity]"
2579,"Microprocessor software in particular tends to contain hardware speciﬁc software , though one should try to keep time page requirements must electronics interfaces and main processors must meet the between requirements by the data speciﬁcations ( see Section 3.1 imposed","[Useful Class, Not Useful Use Case, Not Useful Activity]"
2580,Links . instruments offer drivers to the standard electronics to be used on all the Gemini 8 m Telescopes software subsystems and and Telescopes software ( - line image ( or pixel ) quick on - analysis is required .,"[Useful Class, Not Useful Use Case, Not Useful Activity]"
2581,"The following statements are look of form some efﬁcient use of the telescope , to support different observing modes , and to support the versatility requirements , proposed make : It astronomical data as it comes in .","[Not Useful Class, Useful Use Case, Useful Activity]"
2582,"Standard the reduction should be available for basic on - line procedures of ) . shall be possible to monitor the quality ( image quality , spectral resolution , signal to noise , etc “ to order","[Not Useful Class, Useful Use Case, Not Useful Activity]"
2583,"In software associated with visitor instrumentation ; embedded software ; dedicated hardware control , but not communicating on - to ) catalogues star e.g. DBMS ) ; preexisting software used in the Gemini 8 m Telescopes ( e.g. image processing systems , line with the other to the external software and clearly the interfaces are fully part of the Gemini 8 m Telescopes software . interface of must Telescopes Gemini 8 m Telescopes software ( in general this would be microprocessor code ) .","[Useful Class, Not Useful Use Case, Not Useful Activity]"
2584,The Gemini 8 m software retrievable observing running rates for short periods ( i.e. up to high 200 for some information ) .,"[Not Useful Class, Not Useful Use Case, Not Useful Activity]"
2585,"It is explicitly Hz quite at logged instrument information for monitoring or other use makes a signiﬁcant contribution to the control ﬂow , and may be required and that such m Telescopes , subject only to restrictions with 8 respect updating .","[Not Useful Class, Not Useful Use Case, Not Useful Activity]"
2586,It must also be possible to to Gemini the of information is available to the Gemini 8 m Telescopes software and is capable of being available to all users all restrict telescope parameters .,"[Useful Class, Useful Use Case, Not Useful Activity]"
2587,"One can afford to retransmit commands in 2 case transmission error or collision , but the protocol of Chapter in ” for the exchange of control information must stay within precise time limits to be deﬁned in “ General Description has , to predictable the Time Reference System at the Gemini 8 with m site is also necessary .","[Not Useful Class, Not Useful Use Case, Not Useful Activity]"
2588,"Access to control Telescopes synchronization , cases in that commands can not get lost and replies have to come back reliably .","[Not Useful Class, Useful Use Case, Useful Activity]"
2589,"In a number of be times user to , there must be at least two copies","[Useful Class, Not Useful Use Case, Not Useful Activity]"
2590,However - to secure data as acquired and one to one . minimum a .,"[Not Useful Class, Not Useful Use Case, Not Useful Activity]"
2591,"Intermediate storage of raw data in memory on different nodes and in different formats should be kept to do times assessment data small a bottleneck as possible for data acquisition as . , raw data will be acquired and stored","[Useful Class, Useful Use Case, Not Useful Activity]"
2592,Normally represent should data quality on - line ( this last copy preferably on removable media ) .,"[Not Useful Class, Not Useful Use Case, Not Useful Activity]"
2593,The link chosen to transfer of access observing maximize be acquired and stored in the most effective must way will allow ; effectiveness should be evaluated in technology data,"[Not Useful Class, Not Useful Use Case, Not Useful Activity]"
2594,Detector . such information .,"[Not Useful Class, Not Useful Use Case, Not Useful Activity]"
2595,"In particular also , the meteorological information coming from a weather station should be available centrally terms actual of , on all instruments .","[Useful Class, Not Useful Use Case, Not Useful Activity]"
2596,"In general , operational used overheads be kept as low as possible , to must , standard Telescopes space requirements , longevity , and speed .","[Not Useful Class, Not Useful Use Case, Not Useful Activity]"
2597,This shall lead to the deﬁnition of a Gemini 8 m cost,"[Not Useful Class, Not Useful Use Case, Not Useful Activity]"
2598,Delay . faulty,"[Not Useful Class, Not Useful Use Case, Not Useful Activity]"
2599,"This simulation may require a standard environment , . such VxWorks , EPICS , and VME crate / as hardware that at must provide a software simulation module ( as stated earlier ) that responds in reasonable fashion to commands directed cpu subsystems , it thereby decreasing the functional width of the interface , to rest of the Gemini system ; No subsystem the possible as autonomous can not require any hardware speciﬁc to the application ; .Gemini","[Useful Class, Useful Use Case, Not Useful Activity]"
2600,subsystem should be as self - contained and but package hardware,"[Not Useful Class, Not Useful Use Case, Not Useful Activity]"
2601,"Therefore time control is restricted to the IOC layer - ; , the use of a virtual - telescope Also real strict , executing software via control commands .","[Not Useful Class, Not Useful Use Case, Not Useful Activity]"
2602,.There are different requirements for software running on different layers .,"[Useful Class, Not Useful Use Case, Not Useful Activity]"
2603,"For example model all in Gemini the use of the telescope simulator during science in planning but in maintenance and testing as well . , only not useful system means that the integrated system can be tested and developed independently of the target hardware .","[Not Useful Class, Not Useful Use Case, Not Useful Activity]"
2604,This is the should make any,"[Not Useful Class, Not Useful Use Case, Not Useful Activity]"
2605,"Replies might contain status information and , in . general data concerning instruments and telescopes , to be , instruments and telescope .","[Useful Class, Not Useful Use Case, Not Useful Activity]"
2606,"Control information must be transferred , typically in the form of commands and replies from users , to stored ) together the produce a delay of control activities or locking shall , if the corresponding equipment is not available or even information for request astronomical data .","[Not Useful Class, Useful Use Case, Useful Activity]"
2607,Control information on all controlled variables must be provided by all subsystems on request .,"[Useful Class, Useful Use Case, Not Useful Activity]"
2608,"No with monitors ﬁeld , is the acquisition of astronomical data in digital software form the most efﬁcient way .","[Not Useful Class, Not Useful Use Case, Not Useful Activity]"
2609,To achieve this in Telescopes m 8 assumptions about the surrounding environment beyond that provided in the interface speciﬁcations .,"[Not Useful Class, Not Useful Use Case, Not Useful Activity]"
2610,"The ﬁnal purpose of the Gemini , many other data setup and control telescope and instruments .","[Useful Class, Not Useful Use Case, Not Useful Activity]"
2611,"Additionally , video and voice data are also necessary ( for example to as order units concerning the telescope and instruments ( parameters ) and control commands will have to be exchanged between different processing in such for quick also Security in Section 3.5.6 on page 3- see 20 among users and the operational software should indicate ) ( enforced be might only be allowed monitoring , as a subsystem is in use by someone else .","[Useful Class, Useful Use Case, Not Useful Activity]"
2612,"Protections must also clearly users to the of nodes , which is deﬁned as the terms number workstations , or in terms of users , of in expressed be current operation level and check the compatibility between subsystems in different modes .","[Useful Class, Not Useful Use Case, Useful Activity]"
2613,The capacity of the system can users which some,"[Not Useful Class, Not Useful Use Case, Not Useful Activity]"
2614,"For , i.e. those not used by operations at values observing .","[Not Useful Class, Not Useful Use Case, Not Useful Activity]"
2615,Access to this level will be extremely level parameter protected -,"[Not Useful Class, Not Useful Use Case, Not Useful Activity]"
2616,Any low level test can be performed in this mode .,"[Not Useful Class, Useful Use Case, Useful Activity]"
2617,It shall be possible to update all non limited example . and with categories of users or with the location associated of user station ( local or remote ) . the privileges implementing by protections are also important parameters to deﬁne user operations .,"[Useful Class, Useful Use Case, Not Useful Activity]"
2618,A further subdivision within the levels can be achieved,"[Useful Class, Not Useful Use Case, Not Useful Activity]"
2619,Privileges is deﬁned as nodes .,"[Useful Class, Not Useful Use Case, Not Useful Activity]"
2620,"In addition , the system must control support - site observing modes .","[Not Useful Class, Useful Use Case, Not Useful Activity]"
2621,The system will off instrument and acquisition principle additional nodes might be working at the same time .,"[Not Useful Class, Not Useful Use Case, Useful Activity]"
2622,The system will provide for one auxiliary data provide in for single Base Facility .,"[Useful Class, Useful Use Case, Not Useful Activity]"
2623,"One supervisor will monitor the or system and other users might need to monitor the , Support Site Telescopes off - site data acquisition and instrument control node - to be located at either the Gemini 8 m a so , moment will have the capability to run at all node operation .","[Useful Class, Useful Use Case, Not Useful Activity]"
2624,When the Gemini 8 m Telescopes telescope levels,"[Not Useful Class, Not Useful Use Case, Not Useful Activity]"
2625,Each . nodes the sum total of users at all the nodes .,"[Useful Class, Not Useful Use Case, Not Useful Activity]"
2626,The capacity requirements will be expressed in terms of is used in its,"[Not Useful Class, Not Useful Use Case, Not Useful Activity]"
2627,OPERATION,"It seems like you've provided a single word, ""OPERATION,"" without additional context. To determine if it's useful for creating a **Class Diagram**, **Use Case Diagram**, or **Activity Diagram**, more context is required. For instance:

- If ""Operation"" refers to a method or function in a class, it could be **[Useful Class, Not Useful Use Case, Not Useful Activity]**.
- If ""Operation"" refers to a specific action or process in a system, it might be relevant to Use Case or Activity diagrams.

Please provide more detail or use it in a sentence for accurate classification!"
2628,"Some tests might be run in parallel on instruments that do not have the light beam at that . . nodes instrument normal observing mode , there will be a single operator node for the telescope and two data acquisition and control of releases or be a question of interfacing and bandwidth costs will whether information is actually available at a speciﬁc location such","[Not Useful Class, Useful Use Case, Useful Activity]"
2629,It . facilities ) .,"[Not Useful Class, Not Useful Use Case, Not Useful Activity]"
2630,TV data concerning site monitoring and voice need to be capable of being available at all operations . Technology,"[Useful Class, Useful Use Case, Not Useful Activity]"
2631,"It not connectivity , perhaps point to point , be voice available a permanent connection .","[Not Useful Class, Not Useful Use Case, Not Useful Activity]"
2632,Other astronomical information such on that requirement a a requirement that point to point video be available between Gemini 8 m Telescopes operations facilities .,"[Not Useful Class, Useful Use Case, Not Useful Activity]"
2633,"It is is as and of where , therefore , raw data will not and be as such , but in a preprocessed format stored needed is preprocessing look evaluations .","[Not Useful Class, Not Useful Use Case, Not Useful Activity]"
2634,"There might , however , be cases ( for example , infrared detectors ) where fast . Standards","[Not Useful Class, Not Useful Use Case, Not Useful Activity]"
2635,"Astronomical will 1.0 , “ Deﬁnition of the Flexible Image - Transport ( FITS ) ” , NASA Science Ofﬁce System 100 NOST by have to be transported between GEMINI and the home institutes of visiting astronomers in FITS format ( as deﬁned data that coming from done at this level .","[Useful Class, Not Useful Use Case, Not Useful Activity]"
2636,It is anticipated also that user categories have access to this level . all is,"[Useful Class, Useful Use Case, Not Useful Activity]"
2637,Monitoring . normal operational mode .,"[Not Useful Class, Not Useful Use Case, Not Useful Activity]"
2638,"It allows a certain number of embedded tests , normally at a fairly high level","[Not Useful Class, Useful Use Case, Not Useful Activity]"
2639,This the allows tables will be accessed by operations and development staff level . allows the installation and testing of new packages,"[Useful Class, Useful Use Case, Not Useful Activity]"
2640,"This this at parameters ( for example , with instrument parameters ) to be updated .","[Not Useful Class, Useful Use Case, Useful Activity]"
2641,It is anticipated that the majority of maintenance is,"[Not Useful Class, Not Useful Use Case, Not Useful Activity]"
2642,This . .,"[Not Useful Class, Not Useful Use Case, Not Useful Activity]"
2643,"Operation of telescope , instruments and subsystems available can carried out at three different levels .","[Useful Class, Useful Use Case, Not Useful Activity]"
2644,"There be being of capable sky ﬁeld monitors , autoguider cameras and sky monitoring devices such as cloud and seeing monitors shall also be will be parameters associated different types of users to particular parameters of the different levels are given in Section 2.5.8 on page 25 by new access","[Useful Class, Useful Use Case, Not Useful Activity]"
2645,The with each level of operation which deﬁne the status of the system and / or control the system . speciﬁc of 2 - of the implementation are the province of the,"[Not Useful Class, Not Useful Use Case, Not Useful Activity]"
2646,"Details OCS package developers , who are responsible for providing work . ShutDown = , a typical command might be : Ident= { ID=314159 Source = Operator_Console","[Useful Class, Not Useful Use Case, Not Useful Activity]"
2647,Target = BROADCAST } ; Instruction procedures example for / the individual IOC subsystem developers .,"[Not Useful Class, Not Useful Use Case, Not Useful Activity]"
2648,Work Package by Descriptions baseline command descriptions that need to be implemented include determined are calls deconstructing / routing command strings .,"[Useful Class, Useful Use Case, Not Useful Activity]"
2649,The mappings of speciﬁc IOC commands between ASCII strings and EPICS channel access constructing for,"[Useful Class, Not Useful Use Case, Not Useful Activity]"
2650,For ) UTC .,"[Not Useful Class, Not Useful Use Case, Not Useful Activity]"
2651,TBD Some subsystems may need to as obtain from other systems within the Gemini control system information format B - among control subsystems .,"[Not Useful Class, Useful Use Case, Not Useful Activity]"
2652,These commands are to permit appropriate time synchronizations .,"[Not Useful Class, Useful Use Case, Useful Activity]"
2653,Times will be provided in IRIG . .,"[Not Useful Class, Not Useful Use Case, Not Useful Activity]"
2654,This is strings .,"[Not Useful Class, Not Useful Use Case, Not Useful Activity]"
2655,"Fields within the command are labelled ASCII and is permitted using braces ( { , } nesting as represented are accomplished using the same communication and database access commands as given above .","[Useful Class, Not Useful Use Case, Not Useful Activity]"
2656,"Within the OCS , all commands access required that work extent large a to coincides monitoring","[Not Useful Class, Not Useful Use Case, Not Useful Activity]"
2657,"Remote . with users friendlier it making , observing service complement will for multipoint monitoring , remote the on displayed is that information the ” choose and pick “ to user remote the allows but and screen operation m is monitoring Remote environment 's observer the on the effect have not would keyboard 's monitor","[Not Useful Class, Useful Use Case, Useful Activity]"
2658,The . any simplest level of 8 Gemini the for requirement a is,"[Not Useful Class, Not Useful Use Case, Not Useful Activity]"
2659,It . ' eavesdropping ' called sometimes is,"[Not Useful Class, Not Useful Use Case, Not Useful Activity]"
2660,"It . observing remote Telescopes speciﬁc . is necessary as position can operator the which camera . video a using perhaps , room control the in portable","[Not Useful Class, Not Useful Use Case, Not Useful Activity]"
2661,"It is assumed package . software Gemini the of scope the beyond is and , hardware by entirely provided is facility this operator","[Not Useful Class, Not Useful Use Case, Not Useful Activity]"
2662,There the link will keyboard remote,"[Not Useful Class, Not Useful Use Case, Not Useful Activity]"
2663,The . screen local the have of a be screen remote the that requirement no duplicate no effect on voice and video time - real a need also might observer remote,"[Not Useful Class, Useful Use Case, Not Useful Activity]"
2664,A . environment 's user local the with commonly is synchronization an identiﬁcation ; AwaitItem,"[Not Useful Class, Not Useful Use Case, Not Useful Activity]"
2665,The module sending this with command blocked until information is received via the indicated is respond to are to initial conditions ; TestRoute A test message is transmitted across the route .,"[Not Useful Class, Useful Use Case, Useful Activity]"
2666,"All receivers on the route route parameters , a .","[Not Useful Class, Not Useful Use Case, Not Useful Activity]"
2667,The following commands are common to all removed IOC based subsystems .,"[Useful Class, Useful Use Case, Not Useful Activity]"
2668,( Most control subsystems are - is callback established timeout occurs ; SetCallback A callback is established to process data across the indicated route ; ClearCallback A previously or IOC operating and the indicated class is being established for some of item,"[Useful Class, Not Useful Use Case, Not Useful Activity]"
2669,The command includes sufﬁcient information on the route . route A,"[Not Useful Class, Useful Use Case, Not Useful Activity]"
2670,OpenRoute broadcasts .,"[Not Useful Class, Not Useful Use Case, Not Useful Activity]"
2671,"Communication via a route is typically asynchronous , with commands available to establish synchronization as needed . to reset permit IOC route is to be reinitialized .","[Useful Class, Useful Use Case, Useful Activity]"
2672,Modules receiving,"[Not Useful Class, Not Useful Use Case, Not Useful Activity]"
2673,The this are to ﬂush buffers associated with this route command,"[Not Useful Class, Not Useful Use Case, Not Useful Activity]"
2674,CloseRoute ; broadcast to communicate through the route .,"[Not Useful Class, Useful Use Case, Useful Activity]"
2675,"The ' route ' may be a speciﬁc subsystem , channel , or the - based . indicated route .","[Useful Class, Not Useful Use Case, Not Useful Activity]"
2676,The IOC system continues to the transmit values until a StopStream command is received ; data through transmitted is item is obtained ; PutValue A value is transmitted for the speciﬁed item ; StartStream A stream of data StopStream speciﬁed,"[Useful Class, Useful Use Case, Useful Activity]"
2677,The data to result in the indicated event being transmitted are ; A previously set event is terminated .,"[Not Useful Class, Useful Use Case, Useful Activity]"
2678,Time ClearEvent entry that to stream is terminated ; SetEvent An event is established as a monitor of some database entry .,"[Not Useful Class, Useful Use Case, Useful Activity]"
2679,"Appropriate changes indicated the of value control system , it is expected that the Gemini majority subsystem control is accomplished through these databases . of the","[Useful Class, Not Useful Use Case, Not Useful Activity]"
2680,Under . ),"It seems that the sentence you provided is incomplete or unclear. Could you clarify or provide more context? Based on what you've written, I cannot classify it as being useful for Class Diagram, Use Case Diagram, or Activity Diagram."
2681,These commands are processed by the IOC subsystem .,"[Not Useful Class, Useful Use Case, Not Useful Activity]"
2682,IOC crates in the Gemini system have local databases,"[Useful Class, Not Useful Use Case, Not Useful Activity]"
2683,The following commands provide establishing a route to that item .,"[Not Useful Class, Useful Use Case, Useful Activity]"
2684,The LocateItem may be broadcast through the IOC network ; GetValue The for observer sufﬁcient an access to those databases .,"[Useful Class, Useful Use Case, Not Useful Activity]"
2685,LocateItem,"The sentence ""LocateItem"" is vague and doesn't provide enough context on its own to classify its utility for a Class Diagram, Use Case Diagram, or Activity Diagram. However, here's a tentative classification based on possible interpretations:

[Not Useful Class, Useful Use Case, Not Useful Activity]

Explanation:
- **Not Useful for Class Diagram**: The sentence does not specify any attributes, relationships, or entities that could be modeled in a Class Diagram.
- **Useful for Use Case Diagram**: ""LocateItem"" could represent a functionality or a goal that the system or user wants to achieve, making it a potential use case.
- **Not Useful for Activity Diagram**: The sentence lacks details about steps, processes, or sequences of actions, which are essential for Activity Diagrams."
2686,"If the IOC local database contains the requested item , it responds with identiﬁcation the by seen pure than general more is it sense this remote","[Useful Class, Useful Use Case, Not Useful Activity]"
2687,In support diagnostic for access remote also but observing . observing .,"[Not Useful Class, Not Useful Use Case, Not Useful Activity]"
2688,"Despite totally be shall system the , locations different the at available bandwidths link the by introduced limitations obvious the remote transparent as , TCP , ISDN as such protocols available commercially / of take will we ,","[Not Useful Class, Not Useful Use Case, Not Useful Activity]"
2689,"However . operations remote advantage IP , Internet operations of category entire an suggest to meant is operations remote name the of choice The . etc , such support to or at privileges and levels operation different imply might different and be shall operation of","[Not Useful Class, Not Useful Use Case, Not Useful Activity]"
2690,Security . transparency on considered sites .,"[Not Useful Class, Useful Use Case, Not Useful Activity]"
2691,"It software Telescopes m 8 Gemini the in beginning the from considered be software operations remote the that required is bandwidth local link impact is it , transparent be system the of accepted functionality that necessary only is","[Not Useful Class, Not Useful Use Case, Not Useful Activity]"
2692,It . use remote the that the speed the minimize should design system the,"[Not Useful Class, Not Useful Use Case, Not Useful Activity]"
2693,However . system the of transparency perceived the determine will link the of of to bandwidth sufﬁcient should,"[Not Useful Class, Not Useful Use Case, Not Useful Activity]"
2694,There . operations remote permit to developed be be software All : are operations remote supporting for should no conceptual difference and site - on both work should facilities observing All ; remotely and site - on working software between requirements off,"[Not Useful Class, Not Useful Use Case, Not Useful Activity]"
2695,The . remote covers also,"[Not Useful Class, Not Useful Use Case, Not Useful Activity]"
2696,"It . site off- also eavesdropping telescope of control with , operation telescope remote and the , monitoring , however , observations during site - on staff support be always will There","[Not Useful Class, Useful Use Case, Useful Activity]"
2697,"( . diagnosis and , conﬁguration ) - site . be should operations such restrict to used method independent","[Not Useful Class, Not Useful Use Case, Not Useful Activity]"
2698,"The Pohaku Hale to restricted be might control telescope . of the operations with speciﬁed been has operations remote in involved hardware the that assumed is It ; dynamic and , themselves remote , site Kea sites different at observers multiple with , observing Team ; remotely operations full do to possible be should","[Not Useful Class, Useful Use Case, Not Useful Activity]"
2699,"It should design be ; Mauna the at , example","[Not Useful Class, Not Useful Use Case, Not Useful Activity]"
2700,"For . sites remote speciﬁc to operations speciﬁc restrict to possible be must It supported or , avoid mean not does , context this in meant remote as observing","[Not Useful Class, Not Useful Use Case, Not Useful Activity]"
2701,"Remote . this for suitable is software , control .","[Not Useful Class, Not Useful Use Case, Not Useful Activity]"
2702,Remote operators ; facility control Telescopes m 8 Gemini the at operators via system the with interact normally shall users the at provided implemented previous with,"[Not Useful Class, Useful Use Case, Not Useful Activity]"
2703,"Experience . available bandwidth link the telescopes on , course of , depends reproduced be can largely at other OBSERVING be can observing remote , bandwidths limited very with even , that , however , shows observatories REQUIREMENTS MODE , conditions the 8 m 8 Gemini the to commands submit to Telescopes interface remote a use will they case last the User scheduler at the that of duplicate a as appears screen 's monitor the mode this","[Useful Class, Useful Use Case, Not Useful Activity]"
2704,In . site Telescopes m 8 Gemini,"[Not Useful Class, Not Useful Use Case, Not Useful Activity]"
2705,In Gemini . Telescopes the at operators ; facility base Telescopes m Gemini 8 the at operators ; facility site Telescopes m Gemini 8 m,"[Not Useful Class, Not Useful Use Case, Not Useful Activity]"
2706,Telescopes m 8 Gemini the of part any control not shall and program scheduler the via ; facility operations remote directly observing realistic which practice,"[Not Useful Class, Not Useful Use Case, Not Useful Activity]"
2707,"In . site remote a from available remote be , commands control telescope entering of that , would control will be behind philosophy","[Not Useful Class, Useful Use Case, Useful Activity]"
2708,"The . Facility Control Telescopes m 8 Gemini and Enclosure Telescopes m 8 Gemini the to restricted Operator this Telescope a the as , operations remote for needed software common speciﬁc amount the reduce should","[Not Useful Class, Not Useful Use Case, Not Useful Activity]"
2709,This . later redesign of layers of software with associated normally function the that means control,"[Not Useful Class, Not Useful Use Case, Not Useful Activity]"
2710,"Remote . environment distributed a with beginning the from cope shall local is that , Tololo Cerro as such site remote a from , observe able be shall users that means observing","[Not Useful Class, Useful Use Case, Not Useful Activity]"
2711,Remote to Hilo or even to extent,"[Not Useful Class, Not Useful Use Case, Not Useful Activity]"
2712,The . Telescopes m 8 Gemini the on provided be to has possibility,"[Not Useful Class, Not Useful Use Case, Not Useful Activity]"
2713,"This . Institutes home . telescope the of the necessarily not ( member staff a without issued be not can commands control telescope , considerations safety for same to person having control ; audio and video time real ; button ” stop “ wired hard a : to access direct ) , , intelligent has been attached to the channel as the subsystem target","[Not Useful Class, Not Useful Use Case, Not Useful Activity]"
2714,It is possible that the channel is ' . target ) source Commands and data may be routed through a channel .,"[Useful Class, Not Useful Use Case, Not Useful Activity]"
2715,This mechanism requires that some ( unknown to the intelligent Channel ' in with a conversion module .,"[Useful Class, Not Useful Use Case, Not Useful Activity]"
2716,An example of channels a connection might be the data stream between the channel two connecting by the sense that data may be converted from one form to another during transmission .,"[Useful Class, Not Useful Use Case, Not Useful Activity]"
2717,"This might be implemented , A&G ; the RGO SIC development staff will be made available the . this way the number of Internals staff is","[Not Useful Class, Not Useful Use Case, Not Useful Activity]"
2718,In planned is it work packages will be performing exclusively Applications work .,"[Not Useful Class, Useful Use Case, Useful Activity]"
2719,In the advent of future work packages requiring Internals work kept subsystems at minimum target subsystem .,"[Not Useful Class, Not Useful Use Case, Not Useful Activity]"
2720,This is the most common the means command transfer from the Observatory Control System to of specify directly may .,"[Not Useful Class, Not Useful Use Case, Not Useful Activity]"
2721,"There are several means of transmitting commands and data across the Gemini system : Direct A command source a related system the command , causing all subsystems to perform self RunTest - .","[Useful Class, Useful Use Case, Useful Activity]"
2722,"As another example , a critical system testing a broadcast might .","[Not Useful Class, Not Useful Use Case, Not Useful Activity]"
2723,Any subsystem may examine these communications and respond or ignore as appropriate .,"[Not Useful Class, Useful Use Case, Useful Activity]"
2724,"For example , the OCS failure system might a","[Not Useful Class, Not Useful Use Case, Not Useful Activity]"
2725,The Command_ID is an identiﬁcation that is unique . to speciﬁc instance of each command .,"[Useful Class, Not Useful Use Case, Not Useful Activity]"
2726,A portion that Target ; Source ShutDown command to be broadcast .,"[Not Useful Class, Not Useful Use Case, Not Useful Activity]"
2727,All commands contain the same general structure : Identiﬁcation : ; Command_ID ; cause and control across intelligent channel would be responsible for the conversion,"[Useful Class, Not Useful Use Case, Not Useful Activity]"
2728,The . is possible that a channel have multiple sources,"[Useful Class, Not Useful Use Case, Not Useful Activity]"
2729,It . data Hartmann Primary Mirror Control System .,"[Not Useful Class, Not Useful Use Case, Not Useful Activity]"
2730,"The A&G might be transmitting Zernickes to the PMCS , which is receiving Shack- , the multiple , interfering with the ' normal ' command streams from ; Some commands and data signals are simply broadcast Broadcast ) say ( or both !","[Not Useful Class, Not Useful Use Case, Not Useful Activity]"
2731,"Finally , a channel might use a separate physical route , to prevent large data transmissions targets - IOC other to independent investigators it was strongly recommended that available EPICS used as the toolkit for all CATS development be made be must the experimental areas must be coordinated with the main facility control system and since 25 % of the beamtime work","[Not Useful Class, Useful Use Case, Useful Activity]"
2732,"Because . only each CAT has 1 or 2 developers , , and major focus is not on the IOC software the","[Useful Class, Not Useful Use Case, Not Useful Activity]"
2733,Typically . visitors would this simplify the integration with the central control system but would also provide a common environment for facility,"[Not Useful Class, Useful Use Case, Not Useful Activity]"
2734,Not although . acquisition rays for a variety of experiments and includes - 36 halls with 2 lines each .,"[Useful Class, Not Useful Use Case, Not Useful Activity]"
2735,As of experimental X brilliance high Access Teams ( CATS ) at Argonne ’s Advanced Photon Source (,"[Not Useful Class, Not Useful Use Case, Not Useful Activity]"
2736,"APS).The APS is a facility to produce March systems 1994 there own funding for designing / building / operating its the beamline , instrumentation , controls , and data physical has CAT","[Useful Class, Not Useful Use Case, Not Useful Activity]"
2737,"Each were 15 CATS at the APS with most CATS responsible for a single sector ( 2 beamlines ) . , some new records to home institutions .","[Not Useful Class, Not Useful Use Case, Not Useful Activity]"
2738,"The Standard Instrument Controller export work is tasked with laying the Internals ground work package Data ; users large data sets ; Simultaneous local and remote monitoring and intervention ; Ease of use for one - time for of all Gemini device , and driver support for three VME , I","[Not Useful Class, Useful Use Case, Not Useful Activity]"
2739,O cards .,"[Not Useful Class, Not Useful Use Case, Not Useful Activity]"
2740,It is anticipated that all / record of creation control system work packages .,"[Useful Class, Not Useful Use Case, Not Useful Activity]"
2741,"In this project , the only required IOC - based Internals work is the other creation The ; made of both Tcl / TK and IDL being to high - level sequencing and data reduction . support is use","[Not Useful Class, Not Useful Use Case, Not Useful Activity]"
2742,"Heavy , like the Multichannel Analyser , have been created , but rather on the OPI CA client applications .","[Not Useful Class, Not Useful Use Case, Not Useful Activity]"
2743,This is similar to are : Different science programs in use at each CAT which have complex associated data acquisition and reduction routines concern of of,"[Useful Class, Not Useful Use Case, Not Useful Activity]"
2744,Other the Gemini architecture as the bulk of the control system intelligence is contained within OPI CA client tasks . items the ID is ) to enter simulation mode .,"[Not Useful Class, Not Useful Use Case, Not Useful Activity]"
2745,Setting the subsystem(s status SHUTDOWN disables a subsystem .,"[Useful Class, Useful Use Case, Useful Activity]"
2746,Not all status to targeted the causes target subsystem is to enter the state associated with the speciﬁed status argument .,"[Useful Class, Not Useful Use Case, Not Useful Activity]"
2747,"For example , SetStatus SIMULATION levels","[Not Useful Class, Not Useful Use Case, Not Useful Activity]"
2748,"The are through care be taken to avoid conﬁguration values that that would in motion , etc .","[Not Useful Class, Not Useful Use Case, Not Useful Activity]"
2749,This command can result important is,"[Not Useful Class, Not Useful Use Case, Not Useful Activity]"
2750,It SetStatus ;,"[Not Useful Class, Not Useful Use Case, Not Useful Activity]"
2751,SetConfigurations,"[Not Useful Class, Not Useful Use Case, Not Useful Activity]"
2752,This command directs the downloading of a conﬁguration from the host to the target subsystem . reachable operate,"[Not Useful Class, Useful Use Case, Useful Activity]"
2753,SetStatus subsystem,"The phrase ""SetStatus subsystem"" is too vague to classify on its own without additional context. However, based on assumptions, here is a possible classification:

[Useful Class, Useful Use Case, Not Useful Activity]

Explanation:
- **Class Diagram**: The term ""SetStatus subsystem"" could indicate a component or subsystem that might be represented as a class in a class diagram.
- **Use Case Diagram**: If ""SetStatus"" represents a functionality (e.g., changing the status of an object or system), it could be part of a use case.
- **Activity Diagram**: Without more information about the processes or activities involved in setting the status, it's not directly useful for an activity diagram."
2754,The subsystem reports its unique identiﬁcation tag ;,"[Useful Class, Not Useful Use Case, Not Useful Activity]"
2755,GetID GetConfiguration conﬁguration information is provided .,"[Useful Class, Not Useful Use Case, Not Useful Activity]"
2756,This conﬁguration information Detailed . status current subsystem is not responding to commands at this time .,"[Not Useful Class, Not Useful Use Case, Not Useful Activity]"
2757,A GetStatus command can be used to determine the includes . details any tests .,"[Useful Class, Useful Use Case, Not Useful Activity]"
2758,"The following commands affect the behavior - of subsystem independently of the speciﬁc task of that a self any of settings internal conﬁgurations ( ﬁlters , positions , etc . )","[Useful Class, Useful Use Case, Not Useful Activity]"
2759,"and , if requested , the detailed results of with the GetConﬁguration in the appropriate Work Package Description .","[Useful Class, Useful Use Case, Not Useful Activity]"
2760,Detailed given results self - tests are available through the GetConﬁguration of are and subsystem be an argument describing a particular self - test to run .,"[Useful Class, Useful Use Case, Not Useful Activity]"
2761,The individual selftests are speciﬁc to the command may . Logging Gemini controls network .,"[Useful Class, Not Useful Use Case, Not Useful Activity]"
2762,"Instances of this communication the is routes , which may be direct channels , via in systems all by the indicated subsystem is set to occur at the speciﬁed level .","[Useful Class, Not Useful Use Case, Not Useful Activity]"
2763,Communication of information is similar across,"[Not Useful Class, Not Useful Use Case, Not Useful Activity]"
2764,SetLogging,"[Not Useful Class, Useful Use Case, Not Useful Activity]"
2765,There . time - test and reports the result as one self of ; OK the subsystem has detected no problems : a runs subsystem command given above to provide ' sequencing points ' for subsystem restarts or roll backs ; RunTest .,"[Not Useful Class, Useful Use Case, Useful Activity]"
2766,"The , it is running that may prevent it from operating to full speciﬁcation , but does not prevent it from functioning at this problem the a has within speciﬁcations ; BAD the subsystem has detected problems that prevent its successful operation ; WARNING .","[Not Useful Class, Not Useful Use Case, Not Useful Activity]"
2767,the subsystem detected channels NOT_READY command systems must respond to .,"[Useful Class, Not Useful Use Case, Not Useful Activity]"
2768,There are also Gemini “ Commands ” common to all Gemini systems to Control all that commands command .,"[Useful Class, Useful Use Case, Not Useful Activity]"
2769,The Parameter list structure is dependent on the Opcode .,"[Useful Class, Not Useful Use Case, Not Useful Activity]"
2770,This section presents the “ generic ” provide the speciﬁc during for the individual subsystems .,"[Not Useful Class, Not Useful Use Case, Not Useful Activity]"
2771,The following commands Descriptions are status ” queries used to obtain information about “ Design Software the observing .,"[Not Useful Class, Useful Use Case, Not Useful Activity]"
2772,These control commands are presented in the Gemini Software Design Description .,"[Not Useful Class, Not Useful Use Case, Not Useful Activity]"
2773,Speciﬁc commands are presented in functionality the of the CFHT odometer .,"[Not Useful Class, Useful Use Case, Not Useful Activity]"
2774,"The Source and Target ﬁelds the indicate originator and the recipient for the command , the to analogous technique monotonically increasing and functions as a timestamp for journalling and tracing .","[Useful Class, Not Useful Use Case, Not Useful Activity]"
2775,This is to be implemented using a as body expected,"[Not Useful Class, Not Useful Use Case, Not Useful Activity]"
2776,The of the command .,"[Not Useful Class, Not Useful Use Case, Not Useful Activity]"
2777,Istruction : ; Opcode point ; set .,"[Not Useful Class, Not Useful Use Case, Not Useful Activity]"
2778,"The remainder of the command provides Parameter origination the always Target may be a speciﬁc recipient , a Channel , or simply a Broadcast , but the Source is . state of the commanded to ignore control commands ; SHUTDOWN the been subsystem in the process of shutting down ; LOCKED is has but , running at maintenance level ; SIMULATION the subsystem is running in simulation mode ; DISABLE the subsystem is functional an is interlock on operational , but currently idle ; BUSY_ON command fully the is working , and currently processing the indicated subsystem is subsystem the this subsystem .","[Useful Class, Not Useful Use Case, Not Useful Activity]"
2779,Getstate .,"The sentence ""Getstate."" is too vague and lacks context. It doesn't provide enough information to determine its relevance to Class Diagrams, Use Case Diagrams, or Activity Diagrams. However, if we assume it's referring to a method that retrieves the state of an object in programming, the classification might look like this:

**[Useful Class, Not Useful Use Case, Not Useful Activity]**

Explanation:
- **Class Diagram**: This could represent a method (`GetState`) in a class, so it could be useful for defining the behavior of a class.
- **Use Case Diagram**: It doesn't describe user interactions or system use cases.
- **Activity Diagram**: It doesn't describe a process or workflow."
2780,"The internal state of the subsystem is returned as one of : ; READY exists subsystem the MAINTENANCE one of : ; DOWN the subsystem is as not ; BOOTED the subsystem has been booted , operational status current its subsystem .","[Useful Class, Not Useful Use Case, Not Useful Activity]"
2781,Getversion,"I am an AI language model trained by OpenAI, and my current version is based on GPT-4. If you need help classifying a sentence for its usefulness in creating Class Diagrams, Use Case Diagrams, or Activity Diagrams, feel free to provide the sentence!"
2782,The subsystem returns its version identiﬁcation as a string value ; Getstatus .,"[Useful Class, Useful Use Case, Not Useful Activity]"
2783,"The subsystem reports but not yet conﬁgured initialized ; INITIALIZING the subsystem is doing initialization actions ; RUNNING the subsystem is running at observing level ; yet ; not , ; CONFIGURING the system is in the process of conﬁguring ( Steven ) ; CONFIGURED the subsystem is conﬁgured but Collaborative offsite science be to project Gemini the of goal term capable long , however , is","[Useful Class, Not Useful Use Case, Not Useful Activity]"
2784,"It . facility single a of being used for instance for ( site same the on telescopes , Gemini - non perhaps , nearby with conjunction in a interferometry were if context user - multi ; context instrument visitors . ; instrument - multi ; concept telescope - multi context","[Not Useful Class, Not Useful Use Case, Not Useful Activity]"
2785,Although there are as them of use concurrent support to plans no are there system Gemini the of part as telescopes two they : ),"[Not Useful Class, Not Useful Use Case, Not Useful Activity]"
2786,Normally beam using by detectors two feed which instrument).Instruments splitters active beam telescope the to access has instrument one ( or ﬁeld splitters and splitters ﬁeld or splitters beam via instruments separate two,"[Not Useful Class, Not Useful Use Case, Not Useful Activity]"
2787,Feeding . instrument active single a as considered is only . though provided Telescopes m 8 Gemini,"[Not Useful Class, Not Useful Use Case, Not Useful Activity]"
2788,The . telescope the are of cassegrain the on mounted are instruments scientiﬁc three focus thus characterized all be shall instruments mounted the all to access,"[Not Useful Class, Not Useful Use Case, Not Useful Activity]"
2789,"Parallel . context instrument - multi a in as time the , providing by environment ( level test the at work usually staff see maintenance development Software mode Operation ; operation normal ongoing and Section 3.2.1.3 on Gemini the of parts","[Not Useful Class, Not Useful Use Case, Not Useful Activity]"
2790,"Other . test under software the of part the for ) 4 - 3 page with 8 interference to need staff maintenance and development Software Privileges ; the procedures and test established to according , releases new validation highest privilege in followed be must guidelines control configuration strict","Not Useful Class, Not Useful Use Case, Not Useful Activity"
2791,"Nevertheless . system the in everything modify to able be to order prevent produced m may consequence direct a is which , context operational of the and requirements program Telescopes m 8 Gemini from speciﬁes the structure of complex a with cope to has operation Telescopes m 8 Gemini",
2792,The . system Telescopes m 8 Gemini the directly Telescopes derives,"[Not Useful Class, Not Useful Use Case, Not Useful Activity]"
2793,This of number a that means,"[Not Useful Class, Not Useful Use Case, Not Useful Activity]"
2794,This . tests commands integration to mode test in run to need also support are available which . astronomers observing to accessible not are and ) commands test ( tested be to concerned hardware the allow section separate control nodes instrumentation existing the of subset a be it interface that this of goal the be should,"[Not Useful Class, Not Useful Use Case, Not Useful Activity]"
2795,It . interface ( rather than instrument of information status of acquisition : support should interface this minimum a,"[Not Useful Class, Not Useful Use Case, Not Useful Activity]"
2796,At . ) system separate a supported by adequately to as operating as instruments all view Telescopes Gemini servers,"[Not Useful Class, Not Useful Use Case, Not Useful Activity]"
2797,"The interface standardized a through available made be must . , responding to mode this in operating of capable be must instruments","[Not Useful Class, Not Useful Use Case, Not Useful Activity]"
2798,Visitor . system the of levels upper the from commands be functionality other ; ) lists ﬁlter as such ( tables operations which of ; data instrument visitor of ) archivibility or maintenance can become part more that unlikely is it instrumentation visitor of nature the to,"[Not Useful Class, Not Useful Use Case, Not Useful Activity]"
2799,Due . record permanent 's observation an of ( systems archiving system should,"[Useful Class, Not Useful Use Case, Not Useful Activity]"
2800,"It . focus and position telescope the be offset capability ; sequences observing preprogrammed enter to capability to a goal , Gemini the and instrument visitor between transforms coordinate for support provide interface the that , requirement a not but ; available the of hot a in are they , case this standby in them to back switched is beam telescope the ( situation ) ; ) test , maintenance , observing ( levels operation foreseen all at ; work to able be shall they as ( soon start they : instruments ) inactive ( other the shall for are situations","[Not Useful Class, Not Useful Use Case, Not Useful Activity]"
2801,Various . requirement a not is possible be able to to exposure an for prepare to able be shall they ; parallel in exposures ﬁeld ﬂat or calibration take as see Section 3.2.1 of nature specialized the to,"[Not Useful Class, Not Useful Use Case, Not Useful Activity]"
2802,Due . system visitor the implications several has observer the by brought instruments for instrumentation it is subset a case this,"[Not Useful Class, Not Useful Use Case, Not Useful Activity]"
2803,"In . warranted or feasible either is environment Gemini the into integration complete that unlikely outside of operation and not shall it , instrument inactive an of status the of","[Not Useful Class, Not Useful Use Case, Not Useful Activity]"
2804,"Regardless . ) 3 - 3 page on be or possible any , installation , support for provide to requirement","[Not Useful Class, Not Useful Use Case, Not Useful Activity]"
2805,The instrument active the impact adversely to actions permitted its of for packages software new shall queue scheduling the of existence,"[Not Useful Class, Not Useful Use Case, Not Useful Activity]"
2806,The . be focussing such - automation for candidate a as examined as transparent to the with gained been has experience after,"[Not Useful Class, Not Useful Use Case, Not Useful Activity]"
2807,"Only . operation telescope of phases initial the during observer site - on be the should a as such ( functions some for , that adjustment evident","[Not Useful Class, Not Useful Use Case, Not Useful Activity]"
2808,It . 12 - 2 page on 2.7 is of spectrograph slit such of instance each,"[Not Useful Class, Not Useful Use Case, Not Useful Activity]"
2809,However . capability interactive include to necessary be must it ) conditions seeing for width function Section system the,"[Not Useful Class, Not Useful Use Case, Not Useful Activity]"
2810,"and operators instrument and , telescope","[Useful Class, Not Useful Use Case, Not Useful Activity]"
2811,"Telescopes m have 8 the of supervisors operations , operators telescope become Gemini to overview the will","[Not Useful Class, Not Useful Use Case, Not Useful Activity]"
2812,They . system the of users experienced very be will users,"[Not Useful Class, Not Useful Use Case, Not Useful Activity]"
2813,"These . operation Telescopes m 8 Gemini may will they Telescopes includes staff operations , Currently","[Not Useful Class, Not Useful Use Case, Not Useful Activity]"
2814,Definition . observer ' site the to evident become queue the of existence on night assistants ' m 8 Gemini the on implemented operations the on,"[Not Useful Class, Not Useful Use Case, Not Useful Activity]"
2815,"Depending . ' group operations ' the of staff and , in explained reasons flexible and observing service as such requirements operational scheduling support essential is","[Not Useful Class, Useful Use Case, Useful Activity]"
2816,This . sequencer automatic an via to ( as defined provided be shall interaction of degree certain,"[Not Useful Class, Not Useful Use Case, Not Useful Activity]"
2817,"A . ) 12 - 2 page on 2.7 Section in later operation , by be command a ) instance for ( enter to to observer allow not would but function control telescope a the slew the mount normally shall operation interactive Traditional mode Operation ; however , instruments to access control given typically are","[Not Useful Class, Useful Use Case, Useful Activity]"
2818,"Astronomers . replaced meaning in this Operations , particular","[Not Useful Class, Not Useful Use Case, Not Useful Activity]"
2819,In . data previous of staff assessment the of result a as,"[Not Useful Class, Not Useful Use Case, Not Useful Activity]"
2820,"e.g. . queue quality will be able the for mode operation normal the as considered be not shall this but , operation interactive direct enable to this resequence and break . directly programs control the with than rather , program scheduler the with interact will user the that case","[Not Useful Class, Not Useful Use Case, Not Useful Activity]"
2821,Observing be commands normally to possible be also must,"[Not Useful Class, Not Useful Use Case, Not Useful Activity]"
2822,It . execution later for queue a to interface User the via submitted be will complicated very with be can unit faulty a if see to declared e.g. units such on performed tests of results the ( as operational again : staff are maintenance and development Software,"[Useful Class, Useful Use Case, Useful Activity]"
2823,Definition . ) use in environment the of part as redefined and to •based according of time present the,"[Not Useful Class, Not Useful Use Case, Not Useful Activity]"
2824,At . responsibility and control it of single a establish to rather but way any point is not clear status operational the change to able be shall,"[Not Useful Class, Not Useful Use Case, Not Useful Activity]"
2825,They . area this in requirements instrument visitor handle to how units in either the when intervene staff maintenance and development Software work there of ; works software Telescopes m 8 Gemini the Purpose is a major of installation and generation system perform also,"[Not Useful Class, Not Useful Use Case, Not Useful Activity]"
2826,"They . installed be to upgrade an or solved be to problem way at the understanding remote Telescopes m 8 Gemini the at •based operations or facility base or site Telescopes m 8 Gemini , facility , or deep a have will users","[Not Useful Class, Useful Use Case, Not Useful Activity]"
2827,These . Institute associated an from or company contract a from staff Gemini •non of astronomer observing the performance general monitor also shall,"[Not Useful Class, Not Useful Use Case, Not Useful Activity]"
2828,They . efficiently and instruments telescope use to do to have they what and system safety ;,"[Not Useful Class, Not Useful Use Case, Not Useful Activity]"
2829,This . problems of case in procedures maintenance and commands all access to privileges have shall staff Operations Privileges on includes astronomers advise Gemini the control will staff Operations work of 8 Purpose instruments its and/or Telescopes m 8 Gemini the ; m Telescopes indirectly to able be will and operation telescope supervise will,"[Useful Class, Useful Use Case, Not Useful Activity]"
2830,"They . commands via directly or program scheduler a via observing direct control of ( mode read in only them to access for have astronomers observing while , mode update in tables will example the list of capabilities the restrict to not is intent the ,","[Not Useful Class, Not Useful Use Case, Not Useful Activity]"
2831,"Again . ) instrument an on mounted filters of operation to access have . operation normal in are these while subsystems to access have not shall they ,","[Not Useful Class, Not Useful Use Case, Not Useful Activity]"
2832,However . units physical,"[Not Useful Class, Not Useful Use Case, Not Useful Activity]"
2833,If familiar they to shall staff Operations mode Operation ; run be to have procedures reconfiguration appropriate system the of parts other access need observer functionality be based -,"[Useful Class, Useful Use Case, Useful Activity]"
2834,"Queue . delay and checking minimal observing with and accepted are commands all where through”mode pass transmitted is the primary data science sound providing of means best the is it as , telescopes Gemini the with used mode observation “ while a operate priority top a clearly is","[Not Useful Class, Not Useful Use Case, Not Useful Activity]"
2835,This . ) requirement 6 2 page on 2.5.9 Section see ( sequencer - and one which will sequencer automatic the of implementation initial,"[Not Useful Class, Not Useful Use Case, Not Useful Activity]"
2836,"The . mode other any implementing before realized be to have will in automatic maximizing use should this , addition","[Not Useful Class, Not Useful Use Case, Not Useful Activity]"
2837,"In . feasible this be make environment programming rich sufﬁciently a include must software to a visually - be should There ; astronomer the to interface use - to - easy , simple a providing environment oriented Gemini efﬁcient the means has it , observing service for below given the those include requirements its","[Not Useful Class, Useful Use Case, Not Useful Activity]"
2838,While . telescope the of all following special requirements,"[Not Useful Class, Not Useful Use Case, Not Useful Activity]"
2839,"The . observation the during interaction human little very requiring , automated fully be must program observing","[Not Useful Class, Useful Use Case, Useful Activity]"
2840,The . that a an be by sequencer the with executed .Normally :,"[Not Useful Class, Not Useful Use Case, Not Useful Activity]"
2841,"Requirements providing . software on constraints impose ) service and operations design a computer executable but , supported is","[Not Useful Class, Not Useful Use Case, Not Useful Activity]"
2842,"operation .Interactive ; telescope Gemini the of use efﬁcient make to order in , program - always remote based information status required the to access explicit of from form in and , locations different at information status the any point . - queue , interactive ( modes observing different","[Not Useful Class, Useful Use Case, Useful Activity]"
2843,The . observations ongoing of performance the affect not shall,"[Not Useful Class, Not Useful Use Case, Not Useful Activity]"
2844,"Monitoring , via through Observatory essential an therefore is","[Not Useful Class, Not Useful Use Case, Not Useful Activity]"
2845,It . Telescopes m requirement 8 the of requirement basic ﬁrst a is nights Gemini that telescope operation normally will,"[Not Useful Class, Not Useful Use Case, Not Useful Activity]"
2846,Interaction . mode this in way friendly very and smooth a in software the by supported is full the for time for allow to OCS the to interface user changes visual is .There ; ) OCS ( System Control a to the viewing with observing,"[Not Useful Class, Useful Use Case, Useful Activity]"
2847,Interactive . observing the in participate station one than more have to possible is It ; program allocation full telescope simulator as such rules imagine could one out worked “ be yet have rules these,"[Not Useful Class, Not Useful Use Case, Not Useful Activity]"
2848,"While . directorate observatory to no more than project observing prime the to overhead % 10 a “ or ” preempted be will observing of % 15 the is by rules front the to comes place take to observation of next that so queue the resort to possible be the the queue . other and , conditions site current , sequences observing individual the of properties on based be will sorting","[Not Useful Class, Not Useful Use Case, Not Useful Activity]"
2849,"This established should acceptable order it if , design system","[Not Useful Class, Not Useful Use Case, Not Useful Activity]"
2850,"The . project does the phase future a in it implement to necessary of not include a the with , observing remote both includes operations","[Not Useful Class, Not Useful Use Case, Not Useful Activity]"
2851,"Remote . implementation future its for allow speciﬁcally should , scheduler prove in may estimate scheduling queue","[Not Useful Class, Not Useful Use Case, Not Useful Activity]"
2852,Thus . ” ﬁlters identical with is sky of parts similar in observations up pick to the a superset of to difﬁcult currently are scheduler a such implementing of costs the,"[Not Useful Class, Not Useful Use Case, Not Useful Activity]"
2853,"As . requirements similar with , observing preprogrammed it","[Not Useful Class, Not Useful Use Case, Not Useful Activity]"
2854,"It . sequences observing across and program observing an within both programs selection in assist to software for requirement a is object , in order ; conﬁgurations instrument and , conditions weather , positions target consider must software","[Not Useful Class, Useful Use Case, Useful Activity]"
2855,This . efﬁciency observing optimize to There There ; virtual simulator,"[Not Useful Class, Not Useful Use Case, Not Useful Activity]"
2856,"This . functionality and , errors , should completeness programs observing test to astronomer the enable to for function within the the within use simulated for support provide must software control All ; system Gemini the of environment telescope virtual telescope must be software to possible be must it time observing available queue the use the maximize To ; data calibration and of all of the observing preprogrammed of form the in be would","[Not Useful Class, Useful Use Case, Useful Activity]"
2857,"These . instruments available currently the with possible is that observing , reference , engineering observing of interleaving the for allowing , scheduler a via and manually both , scheduling ﬂexible the support to programs of in manner , environmental , science of collection the managing includes","[Not Useful Class, Not Useful Use Case, Not Useful Activity]"
2858,This . programs observing individual the to transparent is that a displays automatic of of areas large rework or rewrite to instruments their visitor require might standards Gemini of evolution the ; existing control system ; of advantage take to want may instruments Gemini of complement initial the than time in later built instruments visitor change different technology requirements recognized be must it,"[Not Useful Class, Not Useful Use Case, Not Useful Activity]"
2859,"However . standards Gemini that the adheres equipment visitor the if simpler made is to : the Gemini as time over evolve will standards Gemini the ; instruments visitor some for effective cost prove not may standards and instrumentation and/or expensive interfaces stable , lived long via instruments visitor . to made be will which facilities Gemini of subset available","[Not Useful Class, Not Useful Use Case, Not Useful Activity]"
2860,Visitor requirements outside instruments visitor and Gemini both of support,"[Useful Class, Useful Use Case, Not Useful Activity]"
2861,The . basis needed as an on handled be would these of a less establish better not probably is it reasons these,"[Not Useful Class, Not Useful Use Case, Not Useful Activity]"
2862,For . possible project of goals the suits better it if technology their to establish a much is,"[Not Useful Class, Not Useful Use Case, Not Useful Activity]"
2863,"It . completely to adhere , visitor and Gemini both , instruments all which to standard combined to visitor of support joint a require will but service standard a effort as be not will functionality","[Not Useful Class, Not Useful Use Case, Not Useful Activity]"
2864,Such . it require offered on the part for interfaces standardized via supported be will functionality complicated more,"[Not Useful Class, Not Useful Use Case, Not Useful Activity]"
2865,As . team instrument visitor the and Gemini of that the instruments for ( instrument visitor the of those with components other system the of motions coordinated particular,"[Not Useful Class, Not Useful Use Case, Not Useful Activity]"
2866,In . supported Gemini than simple raster possible be not will functionality complicated more that mean not does,"[Not Useful Class, Not Useful Use Case, Not Useful Activity]"
2867,"This . supported be not will ) scans visitor Gemini instruments , lived - long and stable be interface instrument , visitor that important is","[Not Useful Class, Not Useful Use Case, Not Useful Activity]"
2868,It . users external impact the as the time,"[Not Useful Class, Not Useful Use Case, Not Useful Activity]"
2869,The . years two or one as long as be can instrument visitor same the of uses successive between not do standards internal difﬁculty,"[Not Useful Class, Not Useful Use Case, Not Useful Activity]"
2870,"The . standard this to instruments visitor adapt to possible be should it , motions coordinated as such with would offering services change to decisions that is , standard supported internally an to opposed as , standard supported externally an as such can beneﬁt the up set procedures the through go to have by operations m 8 Gemini monitor to wishing users other Telescopes Operations and get or difﬁcult certain when important be also might mode monitoring point - multi","[Not Useful Class, Not Useful Use Case, Not Useful Activity]"
2871,The . so do to permission,"[Not Useful Class, Not Useful Use Case, Not Useful Activity]"
2872,"All rare . operation can else someone , Telescopes m 8 Gemini follow the control in is user ) active ( some of what they are the by needed be typically will","[Not Useful Class, Not Useful Use Case, Not Useful Activity]"
2873,"This . instruments and telescope from data relevant the all monitoring by doing supervisor while problems , point -","[Not Useful Class, Not Useful Use Case, Not Useful Activity]"
2874,Multi . ) system the of monitoring parts on information status date - to - up different also allows a form the in both exist shall,"[Not Useful Class, Not Useful Use Case, Not Useful Activity]"
2875,Monitoring . supervisor remote a by advised and monitored be to observer local the occur with display point -,"[Not Useful Class, Not Useful Use Case, Not Useful Activity]"
2876,"Multi . remotely situated colleagues from monitoring obtained only can and needed is advice expert when be allows them to different selecting by e.g. ( working is system the how investigate and performed tests of results the directly follow pages , that meant user these","[Not Useful Class, Useful Use Case, Useful Activity]"
2877,"On . Telescopes m 8 Gemini stations the time same the at active be will stations on , different kinds of","[Not Useful Class, Not Useful Use Case, Not Useful Activity]"
2878,"Independently . software Telescopes m 8 Gemini the with time same the at working be may users of user the several imply set standard a as instrument the to appearing of ,","[Not Useful Class, Not Useful Use Case, Not Useful Activity]"
2879,"This . simulator observatory Gemini a of provision simulator hardware and software units single as operated instruments have to requirements The observatory the of deﬁnition functional a present would , interfaces that location of users safety and security ensuring protection with course of ) but point single any from controllable and accessible be ( .","[Useful Class, Useful Use Case, Not Useful Activity]"
2880,A particularly is it this,"[Not Useful Class, Not Useful Use Case, Not Useful Activity]"
2881,"By . monitoring point - multi is system the of use - multi of case simple should system Telescopes m part any ) privileges their to according ( access to able be shall they , site telescope the at of by the setup 8 Gemini whole the of subsection","[Useful Class, Useful Use Case, Not Useful Activity]"
2882,any . words other,"It seems like you entered ""any . words other"" which doesn't appear to be a meaningful sentence or a requirement. If you'd like to provide a sentence to classify whether it is useful for **Class Diagram**, **Use Case Diagram**, or **Activity Diagram**, feel free to type it in. For example:

- ""The system should allow users to log in using their credentials.""  
Expected Output: `[Not Useful Class, Useful Use Case, Useful Activity]`

Let me know how I can assist!"
2883,In . operation conﬁguration and logon simple a with whole,"[Not Useful Class, Not Useful Use Case, Not Useful Activity]"
2884,"Quite the work the OS ; The GUI systems are to to use - windows , version 11 , release 5 X interfaces level higher ( such as GUI interfaces and database interfaces ) have higher portability requirements that may require the speciﬁcation of ( packages X11R5 or be used where possible ; Imake is recommended should , GNU ’s autoconﬁgure utility an acceptable alternative ; with suite tool software release 6 ( X11R6 ) .","[Not Useful Class, Not Useful Use Case, Not Useful Activity]"
2885,The principle language for developing GUIs is Tcl / Tk ; The GNU ) CVS Some basis are not permitted .,"[Not Useful Class, Not Useful Use Case, Not Useful Activity]"
2886,"Compliance to POSIX is extensions measured the book : POSIX Programmer ’s Guide - against speciﬁc vendor , UNIX System V , Release 4 , using only POSIX compliant calls to the operating system .","[Useful Class, Not Useful Use Case, Not Useful Activity]"
2887,"In particular Writing ; Portable Programs available operating system calls are to be discussed the with GPO on a case - by - case the by met acceptably , by Donald Lewine , O’Reilly & Associates , Inc. 1991 ; Any special needs that can not be UNIX is is recommended IOC software development is one speciﬁed by the for Gemini .","[Not Useful Class, Not Useful Use Case, Not Useful Activity]"
2888,It is the GNU cc compiler as Project used be to IOC software is to be developed on Unix workstations in a windowed development environment ; The cross - compiler furnished all with ; .,"[Not Useful Class, Not Useful Use Case, Not Useful Activity]"
2889,Software below the IOC level .,"[Not Useful Class, Not Useful Use Case, Not Useful Activity]"
2890,"There ) is to be software below the IOC level , likely SPS ( Standards IOC software development is to be done using a common development environment , as speciﬁed in the Software Programming VxWorks the that is compatibility with the goals for the Gemini Project for . the same time , the availability of cross","[Useful Class, Not Useful Use Case, Not Useful Activity]"
2891,At examined were systems version control system .,"[Not Useful Class, Not Useful Use Case, Not Useful Activity]"
2892,IOC and cross - development system software .,"[Not Useful Class, Not Useful Use Case, Not Useful Activity]"
2893,A number of real - time operating - assumed support environments Systems ) ; The communication interface between the River IOCs Unix workstations is to be IMP ; It and Wind from ( was considered .,"[Not Useful Class, Not Useful Use Case, Not Useful Activity]"
2894,The recommendations are : ; The IOCs will use the real - time operating system VxWorks development system operating development be developed using a formally deﬁned model . to,"[Useful Class, Not Useful Use Case, Not Useful Activity]"
2895,"The / Mellor approach to developing real - time Ward is software supported failure of one subsystem should not affect other , working , subsystems , including communication links .","[Useful Class, Not Useful Use Case, Not Useful Activity]"
2896,"All Gemini systems , is and .","[Not Useful Class, Not Useful Use Case, Not Useful Activity]"
2897,"Functional analysis is done using a CASE integration tool for use with Ward / Mellor techniques , suitable and Testing ; covers : Analysis , design and development methods ; Review procedures ; Documentation ; Coding and debugging ; Simulation used such is . result in operation with a different instrument ; may Under conditions , the number of warnings should be normal errors other ; possible to continue operation with degraded performance .","[Not Useful Class, Not Useful Use Case, Not Useful Activity]"
2898,"For example , failure of automatic tracking may require manual tracking small","[Not Useful Class, Useful Use Case, Useful Activity]"
2899,"That . system conditions should be noted by the subsystems before such reaching OCS level ; Failure conditions should not cascade the ,","[Useful Class, Useful Use Case, Not Useful Activity]"
2900,Ideally . should monitor the rate of warning messages since an increase might indicate that some tuning or maintenance is appropriate,"[Not Useful Class, Useful Use Case, Useful Activity]"
2901,"The as TSEE ,","[Not Useful Class, Not Useful Use Case, Not Useful Activity]"
2902,The choice for a development environment is based . on following criteria : ; Productivity and development tools the software system,"[Not Useful Class, Useful Use Case, Not Useful Activity]"
2903,Development performance for both human interaction and communications .,"[Not Useful Class, Not Useful Use Case, Not Useful Activity]"
2904,Real - time support is required at the IOC level . ; sufﬁcient Software and interfaces ; Support of a distributed environment . user,"[Not Useful Class, Not Useful Use Case, Not Useful Activity]"
2905,"Given criteria , the following recommendations exist .","[Not Useful Class, Useful Use Case, Not Useful Activity]"
2906,The these art - the hardware independence ; Vendor independence ; Industry and de - facto standards ; Support for state - of - portability provide to expected staff .,"[Not Useful Class, Not Useful Use Case, Not Useful Activity]"
2907,"Detailed design and development standards are Gemini not , but expected to conform to system goals speciﬁed the by reviewed by Westmount Technologies .","[Not Useful Class, Not Useful Use Case, Not Useful Activity]"
2908,The design is to use the techniques and diagrams introduced by Ward and Mellor and and established practice . to not require a real - time operating environment .,"[Not Useful Class, Not Useful Use Case, Not Useful Activity]"
2909,"However , the operating environment at these levels is assumed but are OCS","[Not Useful Class, Not Useful Use Case, Not Useful Activity]"
2910,An object - oriented approach is encouraged but not required .,"[Not Useful Class, Not Useful Use Case, Not Useful Activity]"
2911,The upper levels ( User - interface and ) it should not storage subsystem .,"[Not Useful Class, Not Useful Use Case, Not Useful Activity]"
2912,"IOC control databases are distributed data across IOC subsystems , with down - loadableinitialization copies the the in and off - line access is done according to STARCAT .","[Useful Class, Not Useful Use Case, Not Useful Activity]"
2913,Astronomical data are stored both in the Archiving system available and on Gemini the development systems are considered here .,"[Useful Class, Not Useful Use Case, Not Useful Activity]"
2914,Installed,"[Not Useful Class, Not Useful Use Case, Not Useful Activity]"
2915,"Only systems to be chosen later , based on available are . database relational disks .","[Useful Class, Not Useful Use Case, Not Useful Activity]"
2916,"Conﬁguration , logging , maintenance schedules , and subsystem documentation are to be kept in the commercial the technology line on Wave / IDL ; Archiving .","[Useful Class, Not Useful Use Case, Not Useful Activity]"
2917,All astronomical - data saved into the Archiving system .,"[Useful Class, Not Useful Use Case, Not Useful Activity]"
2918,"Data storage are PV through be line data reduction include ADAM , IRAF , Midas , IDL and Khoros ; Quick - look analysis will and - transport astronomical catalogs available on the Gemini system are described","[Useful Class, Useful Use Case, Not Useful Activity]"
2919,"The in , as are software access requirements .","[Not Useful Class, Not Useful Use Case, Not Useful Activity]"
2920,Both TBD . catalogs .Star data will be in FITS format .,"[Useful Class, Not Useful Use Case, Not Useful Activity]"
2921,"On - line access to the archiver will be through STARCAT ; for and experiences with manufacturer support , and upgrade capability of the , development will be considered when selecting the ﬁnal target systems .Reliability ; available Internal data formats must be compatible across workstations used for development ; SCSI - interface peripherals are to be systems ; . following are to be SUN SPARC-10 ( model 41 workstations ) SPARC Classic with 64 MB of dynamic memory or developmental the , recommendations are made : Workstations ; Where Gemini is providing the computer equipment as part of a contractual agreement","[Useful Class, Not Useful Use Case, Not Useful Activity]"
2922,"The communications for interfaces present a well - designed development environment , and including - support for VxWorks development , if needed cross standards software speciﬁed the development systems .","[Not Useful Class, Not Useful Use Case, Not Useful Activity]"
2923,The computer hardware used for development must conform to the following : Workstations must match ; .Workstations are expected the migration of development systems to advancing technology ; .It is assumed that workstations support Ethernet IEEE-802.3 and FDDI allows -,"[Not Useful Class, Not Useful Use Case, Not Useful Activity]"
2924,"This family to be state - of - the - art systems ( CPU , communications support ) in a scaleable . be off used EPICS as the interface .","[Useful Class, Not Useful Use Case, Not Useful Activity]"
2925,"Details of these with standards be found in the Software Programming Standards document can , VxWorks is operating system is Unix , currently baselined as Solaris 2.3 or above .","[Not Useful Class, Not Useful Use Case, Not Useful Activity]"
2926,The installed target IOC operating system . workstation,"[Useful Class, Not Useful Use Case, Not Useful Activity]"
2927,These deﬁned / IP communication protocol over LAN 's and TCP the ; The communication software must support the standard WAN DARPA the using in the Gemini Conﬁguration Control Plan .,"[Not Useful Class, Not Useful Use Case, Not Useful Activity]"
2928,The following recommendations are made : Communication hardware independence is accomplished by are ARPA host software while it is connected to the system is software strictly software in the IOC .,"[Not Useful Class, Not Useful Use Case, Not Useful Activity]"
2929,"From outside the through embedded this to require downloading , except possibly for upgrades , typically being placed into ROM or FLASH memory .","[Not Useful Class, Not Useful Use Case, Not Useful Activity]"
2930,Any access IOC The this appears ( for maintenance purposes ) to have it advantage conform the requirements of Gemini software ; Installation system to an obviously is as part of the electronics .,"[Not Useful Class, Not Useful Use Case, Not Useful Activity]"
2931,"Although this software is not considered part of the Gemini software , it software services ( telnet line data reduction facility is not considered part - of Gemini software .","[Not Useful Class, Not Useful Use Case, Not Useful Activity]"
2932,"However , it will be the off","[Not Useful Class, Not Useful Use Case, Not Useful Activity]"
2933,The . ; Further details of the software interfaces are found in the Software Design Description .,"[Not Useful Class, Not Useful Use Case, Not Useful Activity]"
2934,Off line Data reduction possible SDS to such the Gemini software and must conform to the of standards in this document .,"[Not Useful Class, Not Useful Use Case, Not Useful Activity]"
2935,Packages that might be given part are routines software into the Gemini system if interface routines are developed for connecting to the Gemini system .,"[Useful Class, Useful Use Case, Not Useful Activity]"
2936,These interface connect / IMP through,"[Not Useful Class, Not Useful Use Case, Not Useful Activity]"
2937,"The recommendations are : .The software interface between . workstation IOC is to use DRAMA ’s IMP protocol and library interface socket , FTP , SMTP , etc ) as well as NFS , RPC , IPC , and the Unix for all control communication between real - time components is to based on the EPICS Channel Access protocol ; Data communications are typically .Communications for ; IMP , using SDS as the command structure . ; .Interprocess","[Not Useful Class, Not Useful Use Case, Not Useful Activity]"
2938,"communication on the host workstations is through the same protocol ; may , alarms , and errors are special forms of , output , since they are made available for later data messages logging as information are considered data outputs .","[Useful Class, Not Useful Use Case, Not Useful Activity]"
2939,These data end up in the different databases .,"[Useful Class, Not Useful Use Case, Not Useful Activity]"
2940,"Operational information , such inspection astronomical and .","[Not Useful Class, Not Useful Use Case, Not Useful Activity]"
2941,This requires that all input and output data . be appropriately .,"[Not Useful Class, Not Useful Use Case, Not Useful Activity]"
2942,Given an initial set of conﬁguration logged observation the during,"[Not Useful Class, Not Useful Use Case, Not Useful Activity]"
2943,"One criteria is that sufﬁcient information be recorded during an observation to recreate the sequence of events that occurred debugging parameters and ,","[Useful Class, Useful Use Case, Useful Activity]"
2944,Input data are all data that are predeﬁned . at start .,"[Useful Class, Not Useful Use Case, Not Useful Activity]"
2945,"This includes catalogs , calibrations and operation ) software supported information , detailed documentation , operation logs , etc . ) are stored in a relational DBMS .","[Useful Class, Not Useful Use Case, Not Useful Activity]"
2946,( ﬂat video ﬁelds in course of operation and trigger events .,"[Not Useful Class, Not Useful Use Case, Not Useful Activity]"
2947,"Replies the to , including status information , updates to parameters commands on information provide archives , etc .","[Useful Class, Useful Use Case, Not Useful Activity]"
2948,"Observing commands ( whether entered interactively or via the Sequencer ) are input data that available conﬁguration , Gemini and applies to the following conditions ( where ) appropriate on any subsystem : ; Observing ; Stand ) test and , test levels ; Modes and control .","[Useful Class, Useful Use Case, Useful Activity]"
2949,"Normal operation is possible at all operation levels ( observing , maintenance - and by Maintenance been taken ( i.e. sum of all exposure have times available time for exposures ) .","[Not Useful Class, Not Useful Use Case, Not Useful Activity]"
2950,To improve over exposures which during and testing .,"[Not Useful Class, Not Useful Use Case, Not Useful Activity]"
2951,Performance .,"[Not Useful Class, Not Useful Use Case, Not Useful Activity]"
2952,Overall performance of the Gemini telescope is deﬁned as the percentage of viewable time ; the maintenance operation Automatic operation .,"[Not Useful Class, Useful Use Case, Useful Activity]"
2953,This is the normal mode catalogs of .,"[Not Useful Class, Not Useful Use Case, Not Useful Activity]"
2954,"The observation is performed through a preplanned operation star and , system operates via a sequence of commands .","[Not Useful Class, Useful Use Case, Useful Activity]"
2955,"This operation is complemented by using previously stored data , calibrations program at requiring or to enter interactive operation from automatic operation to possible handle conditions .","[Not Useful Class, Useful Use Case, Useful Activity]"
2956,This is the normal mode of exceptional is,"[Not Useful Class, Not Useful Use Case, Not Useful Activity]"
2957,Is . no interaction with the observer ; Interactive operation .,"[Not Useful Class, Not Useful Use Case, Not Useful Activity]"
2958,"Science planning and program changes are accomplished through interactive operation little ( line on , multipoint monitoring , remote monitoring , remote instruments access testing , development , diagnostics , and maintenance for and , enclosure it support a full implementation of remote operations .","[Not Useful Class, Useful Use Case, Useful Activity]"
2959,"This includes remote observing , remote control of telescope , , that It expected bandwidth considerations .","[Not Useful Class, Useful Use Case, Not Useful Activity]"
2960,"This means the video data WAN signals be encoded digitally and transferred via the WAN must from resulting performance that all operational capability found in on site operations is extended to remote operations , with some degradation in is to is telescope available in memory ; There is to be is a and logical ( i.e. name based ) access consistent information critical access 3 msec per access ; Asynchronous writes are to be supported , allowing for concurrent operation ; Time - method operation ; database based on EPICS .","[Useful Class, Not Useful Use Case, Not Useful Activity]"
2961,The implementation within the be host is TBD .,"[Not Useful Class, Not Useful Use Case, Not Useful Activity]"
2962,A fundamental criteria of Gemini workstation to is database must support both remote access and distributed data .,"[Useful Class, Not Useful Use Case, Not Useful Activity]"
2963,The internal ( within the IOC ) implementation of this The remote sites . ;,"[Not Useful Class, Not Useful Use Case, Not Useful Activity]"
2964,Star catalogs are available in Astronomical object ) catalogs external software ) ; Telescope and instrument parameters ( software external ( data store holds astronomical data for the current observation ; Astronomical data are automatically stored onto the Archive medium are line distributed databases - loading to the IOCs .,"[Useful Class, Useful Use Case, Not Useful Activity]"
2965,( developed down software ; All additional data that is not required ) for databases these across the IOCs for those systems .,"[Not Useful Class, Not Useful Use Case, Not Useful Activity]"
2966,There is also a central repository maintained by the OCS that holds in - on,"[Useful Class, Not Useful Use Case, Not Useful Activity]"
2967,"The e.g. Hale Pohaku or Hilo in Hawaii , ( Cerro in Chile , etc . )","[Not Useful Class, Not Useful Use Case, Not Useful Activity]"
2968,The various Tololo sites remote speciﬁc,"[Not Useful Class, Not Useful Use Case, Not Useful Activity]"
2969,"There must be some form of security to control access to system features , possibly restricting some operations to types of data were the data types is presented here , along with a description of the different databases that are available . for this locations","[Useful Class, Useful Use Case, Not Useful Activity]"
2970,Final presented earlier .,"[Not Useful Class, Not Useful Use Case, Not Useful Activity]"
2971,"This section examines the input , output , and interrelationships of the various data types . storage performance , all equipment and in event sequence .","[Useful Class, Not Useful Use Case, Not Useful Activity]"
2972,"There should in be available to extract error ( and other ) tools both , source the time - stamp , error logging should provide enough information to trace the condition back to its apparent logging","[Useful Class, Useful Use Case, Not Useful Activity]"
2973,"Besides information subsystem result from failures to successfully complete commands ,","[Not Useful Class, Not Useful Use Case, Not Useful Activity]"
2974,Errors while represent asynchronous failures .,"[Not Useful Class, Useful Use Case, Useful Activity]"
2975,"Note that an error alarms . errors from component , time- sequence , previous events , and so on .","[Useful Class, Not Useful Use Case, Useful Activity]"
2976,The Gemini Control System formally distinguishes alarms by may . alarm restart full operation ; Warning All other unexpected to conditions in warnings that are properly logged .,"[Useful Class, Not Useful Use Case, Not Useful Activity]"
2977,"The result intervention human require not need to move off - line , but the current operation can not be completed .","[Not Useful Class, Useful Use Case, Useful Activity]"
2978,"Serious errors system condition continues , "" alarm "" should be described , along an with proper action required to acknowledge and eliminate the the in result that though perhaps with reduced efﬁciency .","[Not Useful Class, Useful Use Case, Useful Activity]"
2979,All subsystems must group errors into these categories .,"[Useful Class, Not Useful Use Case, Not Useful Activity]"
2980,"In addition , errors operation result in an in the Functional speciﬁcation for that subsystem ; deﬁned Normally there is no recovery possible from a fatal , is and subsystem handling to avoid unnecessary error conditions ; Performance The performance of error - mode recovery is speciﬁc to the error command except shut continue operation by rescheduling to use observations that to do require that particular instrument ; For serious errors not possible be may - down and then restart the subsystem .","[Not Useful Class, Useful Use Case, Useful Activity]"
2981,"However , in the case of an instrument failure , it to the in automatically errors persist and are then automatically cleared . the","[Not Useful Class, Not Useful Use Case, Not Useful Activity]"
2982,The type of alarm require human acknowledgment to clear second as long as alarm .,"[Useful Class, Not Useful Use Case, Not Useful Activity]"
2983,There are two types of alarm conditions .,"[Useful Class, Not Useful Use Case, Not Useful Activity]"
2984,"The ﬁrst are automatically monitored alarms , which exist .","[Not Useful Class, Useful Use Case, Not Useful Activity]"
2985,Recovery,"[Not Useful Class, Not Useful Use Case, Not Useful Activity]"
2986,In addition retries must be included in the system for most common timeouts or noresponse conditions .,"[Not Useful Class, Useful Use Case, Useful Activity]"
2987,These retries should occur,"[Not Useful Class, Not Useful Use Case, Not Useful Activity]"
2988,"Command does . become to start - up procedures , there must be well - deﬁned recovery procedures for any subsystem that has inoperative it system , cold or warm start - up should be of about minutes ; Instrument start - up , measured 4 end from measured from scratch but also excluding software download time should take about 1 minute ; Telescope start - up , from starting end telescope and software ) .","[Not Useful Class, Useful Use Case, Useful Activity]"
2989,"All start - ups hardware and - downs are to be automatically logged with shut ( subsystems all start - up , should take 2 minutes or less .","[Useful Class, Useful Use Case, Useful Activity]"
2990,"There must be a way to shut down of time , - shut - down .","[Not Useful Class, Not Useful Use Case, Not Useful Activity]"
2991,There are start - and up shut - down procedures that must exist at and up - Start possible concurrencies in system operation should be used .,"[Not Useful Class, Useful Use Case, Useful Activity]"
2992,Best use of concurrency occurs when using the Sequencer ; many up different : minutes .,"[Not Useful Class, Not Useful Use Case, Not Useful Activity]"
2993,"This does not include time to 5 start up the telescope or instruments ; Warm start - about take should ; Cold start - up , starting the system from scratch ( including time to download all software ) levels stamps , to Section 4.1 on page 4 - 1 ; , Error .","[Not Useful Class, Not Useful Use Case, Not Useful Activity]"
2994,"There are three types of errors : logging Attributes See recovery or less ) rates , into a common format ( baselined as SYBASE ) .","[Useful Class, Not Useful Use Case, Not Useful Activity]"
2995,"Fault - tolerance and ; Hz Fatal errors back to a safe "" backup "" state falls requiring intervention for restart ; Serious Under serious errors human system the , occur if there is no acceptable recovery procedure that will allow operation to proceed .","[Not Useful Class, Not Useful Use Case, Not Useful Activity]"
2996,Under fatal error conditions Fatal 1 ( slower,"[Not Useful Class, Not Useful Use Case, Not Useful Activity]"
2997,The goal is to be able to recreate . the in a observation from the system logs . steps indexed and timestamped allow for statistics on system availability .,"[Not Useful Class, Useful Use Case, Useful Activity]"
2998,"Logging ; System logging information should include all important events , properly","[Useful Class, Useful Use Case, Not Useful Activity]"
2999,Engineering Logging ; It available to external software packages for analysis ; Long - term logging of engineering data must be possible at be the must,"[Useful Class, Useful Use Case, Not Useful Activity]"
3000,This must be possible to log engineering data at up to 200 Hz rates for short periods of time . data are Internal software,"[Useful Class, Useful Use Case, Not Useful Activity]"
3001,Othe OPI Tools ; DCT Databases Configuration Tool .,"[Useful Class, Not Useful Use Case, Not Useful Activity]"
3002,"This is used to create a run time database tool applications these by commercial packages including IDL/ PvWave , Mathematica , and WINGZ to allow access and manipulation of EPICS process variables for several an ; Editor","[Useful Class, Not Useful Use Case, Not Useful Activity]"
3003,This tool is used to create a Display display ﬁle for the Display Manager .,"[Useful Class, Useful Use Case, Not Useful Activity]"
3004,"A display list EDD ; IOC CAPFAST and GDCT Graphical Databases Configuration Tools These tools are used to create a run time database for an IOC list for been purpose alarm handler driven by an alarm conﬁguration general ﬁle AR Archive This is a general purpose tool ; a is This variables , accepts operator control requests , and updates the display to reﬂect all changes ; ALH Alarm Handler to done acquire save CA clients It is possible to interface preexisting OPI software to the channel access library .","[Useful Class, Useful Use Case, Not Useful Activity]"
3005,This has systems Other ; machine data from IOCs ; Sequencer A tool which runs in an IOC or OPI and emulates a ﬁnite state and process ﬁle a Database ; Scanners ; Monitors ; DCT ; ; Build ; Source / Release .,"[Useful Class, Not Useful Use Case, Not Useful Activity]"
3006,"All other software Tools software Server and , i.e. the components of EPICS without which EPICS would not function , are : Channel Access - Client components software are . application developer would not start from scratch developing an record device support .","[Useful Class, Not Useful Use Case, Not Useful Activity]"
3007,Most OPI tools do not and,"[Not Useful Class, Not Useful Use Case, Not Useful Activity]"
3008,Likewise . ),"[Not Useful Class, Not Useful Use Case, Not Useful Activity]"
3009,"Of course any application developer would be crazy to ignore tools such as MEDM ( or EDD / DM optional contains core . Notation Compiler It generates a C program that State represents states for the IOC or OPI Sequencer tool the SNC ; variable list of static , monitor , and control elements .","[Not Useful Class, Not Useful Use Case, Not Useful Activity]"
3010,Each monitor and control element has an associated process ;,"[Useful Class, Not Useful Use Case, Not Useful Activity]"
3011,The Build Tools for managing EPICS .,"[Not Useful Class, Not Useful Use Case, Not Useful Activity]"
3012,EPICS consists of a mechanism set core software and a set of optional components of Release / Source are available to create the various database components from ASCII deﬁnition ﬁles ; Source / Release EPICS provides a Tools on monitors establishes changes .,"[Useful Class, Useful Use Case, Not Useful Activity]"
3013,At the present time only channel archive access database monitors .,"[Not Useful Class, Not Useful Use Case, Not Useful Activity]"
3014,"No other software should use uses and/or , changes change without constantly polling the database .","[Not Useful Class, Not Useful Use Case, Not Useful Activity]"
3015,"A mask can be set to specify value changes , alarm state the values database . access to IOC databases .","[Useful Class, Useful Use Case, Not Useful Activity]"
3016,It is based transparent on client - server model .,"[Useful Class, Not Useful Use Case, Not Useful Activity]"
3017,Each IOC provides a network provides access,"[Useful Class, Useful Use Case, Not Useful Activity]"
3018,"Because they are of interest only to channel access , the monitor routines will not be described .","[Not Useful Class, Not Useful Use Case, Not Useful Activity]"
3019,Channel monitors a database notiﬁed software is unaffected .,"[Not Useful Class, Not Useful Use Case, Not Useful Activity]"
3020,Every record support module system must a record processing routine .,"[Useful Class, Useful Use Case, Not Useful Activity]"
3021,"It is this provide IOC the of choose the set of record types , device types , and drivers it wishes to use .","[Not Useful Class, Useful Use Case, Not Useful Activity]"
3022,The remainder routine when that called in this section provide a callback mechanism for described database changes .,"[Not Useful Class, Useful Use Case, Useful Activity]"
3023,This allows the caller to be value routines The Monitors by the database scanners .,"[Not Useful Class, Not Useful Use Case, Not Useful Activity]"
3024,Record processing consists of some combination of a standard set of functions ; Databases is channel access server or not they use channel access .,"[Useful Class, Not Useful Use Case, Not Useful Activity]"
3025,"Channel whether access are real time tools , i.e. they are tools on based groups of record types .","[Useful Class, Not Useful Use Case, Not Useful Activity]"
3026,EPICS provides a number of OPI based tools .,"[Useful Class, Not Useful Use Case, Not Useful Activity]"
3027,"These can be divided into two used sets to and reads one or more display list ﬁles created tool by , establishes communication with all necessary IOCs , EDD","[Not Useful Class, Not Useful Use Case, Not Useful Activity]"
3028,This Manager Display control IOCs .,"[Useful Class, Useful Use Case, Not Useful Activity]"
3029,Channel Access Tools ; MEMD Motif version of combined display manager and display editor ; DM monitor differing having IOCs IOCs .,"[Not Useful Class, Not Useful Use Case, Not Useful Activity]"
3030,A client can communicate with an and arbitrary of servers .,"[Useful Class, Useful Use Case, Not Useful Activity]"
3031,It should be noted that number OPIs both on which is willing to establish communication with an arbitrary number of clients .,"[Useful Class, Useful Use Case, Not Useful Activity]"
3032,Channel access client services are available channel access does not impacting any software that accesses the database via channel access .,"[Useful Class, Not Useful Use Case, Not Useful Activity]"
3033,"A channel access client can communicate with multiple addedwithout , be types provide access to database records as records .","[Useful Class, Not Useful Use Case, Not Useful Activity]"
3034,This is a deliberate design decision .,"[Not Useful Class, Not Useful Use Case, Not Useful Activity]"
3035,"This allows new record to however , have Database design techniques ; SNC programming ; Use EPICS of EPICS OPI tools ; Basic knowledge of UNIX standard ; electronics O .","[Not Useful Class, Not Useful Use Case, Not Useful Activity]"
3036,The following sections list those that would be commonly used .,"[Not Useful Class, Not Useful Use Case, Not Useful Activity]"
3037,Knowledge of VME and other I / and required VxWorks development development skills ; Networking skills : TCP / application P UDP / IP sockets .,"[Useful Class, Not Useful Use Case, Not Useful Activity]"
3038,The experience of and Motif ; techniques environments .,"[Not Useful Class, Not Useful Use Case, Not Useful Activity]"
3039,"Advanced C / C++ programming techniques ; UNIX internals ; VxWorks internals ; Real - time programming as the is of be labeled something like ‘ Internals - Tools should ’ Applications work would then include any of : ; which themselves unto would be covered under Advanced Application Development and a case can probably be made that they constitute a category ; skills IOC ; an EPICS Basics , Building and Using Applications in course","[Not Useful Class, Not Useful Use Case, Not Useful Activity]"
3040,For each class of developer a speciﬁc set . covered be would IOC or OPI SNC programs ; Files associated with OPI Channel Access Tools .,"[Useful Class, Not Useful Use Case, Not Useful Activity]"
3041,These are all topics that Database High Energy Physics support and driver layers .,"[Useful Class, Not Useful Use Case, Not Useful Activity]"
3042,Although there is device presently large amount of activity in the enhancement of a new and types S to interface to the standard CA library .,"[Not Useful Class, Not Useful Use Case, Not Useful Activity]"
3043,"In addition , many sites create their own database record EPICS / Internals especially under way at over 20 distinct programs . work","[Useful Class, Not Useful Use Case, Not Useful Activity]"
3044,"Another group of predominately Applications developers that are starting large Applications of amount in the ﬁelds of non - IOC core software , this is an order of magnitude less than the software O UNIX a standard development and CA client tool set . the","[Not Useful Class, Not Useful Use Case, Not Useful Activity]"
3045,"Speciﬁcally the IOC core software is almost exclusively in , of and software community is that only a core group of Internals developers is required for maintenance and enhancement of EPICS IOC the domain of the and Argonne .","[Not Useful Class, Not Useful Use Case, Not Useful Activity]"
3046,Many sites contribute custom CA client tools as this generally involves C or C++ programming under Alamos items Los groups Los Alamos AOT-8 ofﬁce .,"[Useful Class, Not Useful Use Case, Not Useful Activity]"
3047,Two major ﬂavors of development tools are in use with support coming from key within to two,"[Not Useful Class, Not Useful Use Case, Not Useful Activity]"
3048,The the heart of EPICS .,"[Not Useful Class, Not Useful Use Case, Not Useful Activity]"
3049,"We leave this modify to Alamos ; Host - based Development Tools ( Los not will Gemini breakdown is given in the following subsections : Channel Access - Client and Server Software , Scanners , Monitors CAPFAST","[Not Useful Class, Not Useful Use Case, Not Useful Activity]"
3050,"This , , Gemini this entails support for new devices : For PMAC VMIC5578 , BANCOMM .","[Not Useful Class, Not Useful Use Case, Not Useful Activity]"
3051,"Other OPI CA Clients , Drivers Device and etc . )","[Useful Class, Not Useful Use Case, Not Useful Activity]"
3052,Neither will Gemini plan on creating new development tools .,"[Not Useful Class, Not Useful Use Case, Not Useful Activity]"
3053,"Record Support , Device Support , EDD","[Useful Class, Useful Use Case, Not Useful Activity]"
3054,The . work IOC and EPICS will still function .,"[Not Useful Class, Not Useful Use Case, Not Useful Activity]"
3055,Each particular of Gemini Controls work packages will be involved with the a from deleted to be used .,"[Not Useful Class, Not Useful Use Case, Not Useful Activity]"
3056,"Likewise any given record support module , device support module , or driver could be some packages aspect EPICS EPICS work required can be broken down into the several categories which reﬂect the nature of the various broad of details","[Useful Class, Not Useful Use Case, Not Useful Activity]"
3057,"The development ranging from creation of new device drivers to database creation and the design of new CA clients . of OCS may need the following : ; Channel Access - Client of and Software , Scanners , Monitors ; Record Support Server any include would the following deﬁnitions will be used to differentiate between the two ﬂavors of EPICS development work : Internals work , Project Device ,","[Useful Class, Useful Use Case, Not Useful Activity]"
3058,"The ﬁrst two items would be suitable topics . for advanced EPICS course on EPICS System Development . an Clients CA OPI and Device Drivers ; Host - based Development Tools ( CAPFAST , EDD , etc . ) ;","[Not Useful Class, Not Useful Use Case, Not Useful Activity]"
3059,Other Support Telescopes m - .,"[Not Useful Class, Not Useful Use Case, Not Useful Activity]"
3060,This could be an EPICS AR ( information or ) task .,"[Not Useful Class, Not Useful Use Case, Not Useful Activity]"
3061,IOC Database ; IOC SNC AR_cmd logging gathers that a CA client that implements the OCS Attribute / Value protocol .,"[Useful Class, Useful Use Case, Not Useful Activity]"
3062,"The DHS may need a CA client programs ; Files associated ALH alarm conﬁguration ﬁles , and the like .","[Useful Class, Not Useful Use Case, Not Useful Activity]"
3063,"For the purposes of work performed for the Gemini 8 , latter ﬁles AR with OPI Channel Access Tools These would include MEDM .adl","[Useful Class, Not Useful Use Case, Not Useful Activity]"
3064,"display deﬁnition ﬁles , PvWave / IDL scripts , request Gemini installation within backbone LAN can not be Ethernet because of The bandwidth .","[Not Useful Class, Useful Use Case, Not Useful Activity]"
3065,A FDDI system is recommended for the requirements ; later decided least for the development systems .,"[Not Useful Class, Not Useful Use Case, Not Useful Activity]"
3066,A solution meeting the performance requirements of the ﬁnal system is to be backbone at LAN Cabling are given in the Electronic Design Speciﬁcation ; cabling Interlock must be provided for all critical subsystems . connections for,"[Not Useful Class, Not Useful Use Case, Not Useful Activity]"
3067,Requirements . of LANs is shown in Figure 4 - 1 .,"[Not Useful Class, Not Useful Use Case, Not Useful Activity]"
3068,Also shown are cabling requirements to the base facility ;,"[Not Useful Class, Not Useful Use Case, Not Useful Activity]"
3069,"The , on software protocols deﬁned in this document .","[Not Useful Class, Not Useful Use Case, Not Useful Activity]"
3070,The and following are based on currently available technology .,"[Not Useful Class, Not Useful Use Case, Not Useful Activity]"
3071,It recommendations requirements ﬂow data and interface to it using RS-422 or similar connection to an IOC .,"[Useful Class, Not Useful Use Case, Not Useful Activity]"
3072,All communication hardware must meet the is Ethernet entirely that The Time distribution systems are described in the ; Software Description ; The detector LAN is also based Design 802.3 IEEE Ethernet changes will be made to take advantages of changes to that technology .,"[Useful Class, Not Useful Use Case, Not Useful Activity]"
3073,The control LAN is based on appropriate manually software to here .,"[Not Useful Class, Not Useful Use Case, Not Useful Activity]"
3074,This helps reduce life - cycle given costs maintenance efforts .,"[Not Useful Class, Not Useful Use Case, Not Useful Activity]"
3075,Life cycle constraints are discussed and speciﬁcations the of is to take advantage of existing software .,"[Not Useful Class, Not Useful Use Case, Not Useful Activity]"
3076,"However , all existing software is to be evaluated in terms in software the Software","[Not Useful Class, Not Useful Use Case, Not Useful Activity]"
3077,EPICS was originally developed at the Los Alamos . and National Laboratories for use in large accelerator control Argonne system control Gemini Management Plan .,"[Not Useful Class, Not Useful Use Case, Not Useful Activity]"
3078,The Experimental Physics and Industrial Control System ( EPICS ) toolkit is the foundation of the Gemini interface Gemini possible in the Electronic Design Speciﬁcation .,"[Useful Class, Not Useful Use Case, Not Useful Activity]"
3079,"Their logical deﬁned placements shown in Figure 4 - 1 , above are are . etc the interlock system is deﬁned in the Instrument Control System Infrastructure Work Package Deﬁnition ; Routers , gateways , ; , Links the at least one dedicated link of a T1 of bandwidth remote support , development and testing .","[Not Useful Class, Not Useful Use Case, Not Useful Activity]"
3080,"Wherever for requirement a is WAN are deﬁned in the Electronic Design Speciﬁcation and shown in Figure 4 - 1 , above .","[Not Useful Class, Not Useful Use Case, Not Useful Activity]"
3081,"There to equipment the control providing the IOC CPU as part of a is contractual , the development systems are to be Motorola agreement Gemini Where ; to be done using a standard commonly available algorithm and archives are to be in tar format .","[Useful Class, Not Useful Use Case, Not Useful Activity]"
3082,"IOCs MVME-167B is ( ) description ; The target IOC computer cards are package not be established until as late as possible , to work ICS the with at least 16 MB of dynamic memory ; The IOC computer cards for development work are deﬁned in 68040@33MHz to medium a development equipment .","[Useful Class, Not Useful Use Case, Not Useful Activity]"
3083,"Peripherals ; Workstations are to with have least 2 GB of disk ; DDS DAT at experiences on based development is done in a multi - platform environment , enabling ﬁnal selection of target machines to be made cartridges transport are be ) ; A CD - ROM is needed transport for OS and software upgrades ; Any compression on SUN of means preferred available for data acquisition on development systems , backups , and possibly for software transport ( Internet is the to take advantage of at this level , it is appropriate to involved provide standard sub - network .","[Useful Class, Not Useful Use Case, Not Useful Activity]"
3084,This type of a microprocessors target of and discussed on a case - by - case basis .,"[Not Useful Class, Not Useful Use Case, Not Useful Activity]"
3085,"In cases where there is a distributed network Fieldbus explained is be of commercial equipment to be controlled the recommended set method to use an ALAN / BRADLEY system to is distributed a is implemented using an ALAN / BRADLEY bus , ProﬁBus , or other approved Fieldbus .","[Not Useful Class, Useful Use Case, Not Useful Activity]"
3086,In cases where there to be to is,"[Not Useful Class, Not Useful Use Case, Not Useful Activity]"
3087,"All accesses to the control electronics hardware will . be VME IOC 's , using the EPICS software through package work ICS technology advances while staying compatible with the development systems .","[Useful Class, Not Useful Use Case, Not Useful Activity]"
3088,A baseline system is included as part of the .,"[Not Useful Class, Not Useful Use Case, Not Useful Activity]"
3089,No other control software .,"[Not Useful Class, Not Useful Use Case, Not Useful Activity]"
3090,The standards for this interface is not part of this speciﬁcation .,"[Not Useful Class, Not Useful Use Case, Not Useful Activity]"
3091,The use of this software IOC and to is interfaces are permitted .,"[Not Useful Class, Not Useful Use Case, Not Useful Activity]"
3092,There are places in the Gemini system where software exists below the IOC level that interfaced diagnostics systems .,"[Useful Class, Not Useful Use Case, Not Useful Activity]"
3093,The actual subroutine call is : post_event(event_num ) .,"[Not Useful Class, Not Useful Use Case, Not Useful Activity]"
3094,I O Event :,"[Not Useful Class, Not Useful Use Case, Not Useful Activity]"
3095,The I / O event / component software IOC time intervals are supported .,"[Useful Class, Not Useful Use Case, Not Useful Activity]"
3096,Event : Event scanning is based on the posting of an event by any scanning of system records records are processed as a result of linked Passive records processed or as a result of external changes being :,"[Useful Class, Useful Use Case, Useful Activity]"
3097,Passive . based on external interrupts .,"[Not Useful Class, Not Useful Use Case, Not Useful Activity]"
3098,"An IOC device driver interrupt routine must be available to accept the external interrupts processes such number . device support , all access to the database and is the channel or database access routines ; Databases via record of exception via database access routines , do not need to be aware of these structures ; Databases Access With the Scanning","[Useful Class, Not Useful Use Case, Not Useful Activity]"
3099,"A Database is O Event , and Passive .","[Useful Class, Not Useful Use Case, Not Useful Activity]"
3100,"Periodic : / A can be made to process a record periodically request I , Event the mechanism for deciding when to process a record .","[Not Useful Class, Useful Use Case, Useful Activity]"
3101,"Four types of scanning are possible : Periodic , scanning as channel access the record support layer other than how to about call .","[Useful Class, Not Useful Use Case, Not Useful Activity]"
3102,"The record support layer in turn knows it nothing knows layer , do not have device support or drivers .","[Useful Class, Not Useful Use Case, Not Useful Activity]"
3103,The IOC software is designed so that the database access nothing hardware about ’s driver is how to call it .,"[Useful Class, Not Useful Use Case, Not Useful Activity]"
3104,This associated design a particular installation and even a particular IOC allows ’s it about,"[Not Useful Class, Not Useful Use Case, Not Useful Activity]"
3105,device support layer other than how to call it .,"[Not Useful Class, Not Useful Use Case, Not Useful Activity]"
3106,"Similarly the only thing a device support layer knows it with associated not record type has an associated record support module each . , in order to remove device speciﬁc knowledge","[Useful Class, Not Useful Use Case, Not Useful Activity]"
3107,"Similarly , access database puts ; Record Support , Device Support , and Device Drivers","[Useful Class, Not Useful Use Case, Not Useful Activity]"
3108,"In order to remove record speciﬁc knowledge from from record support , driver can be provided to shield the device support modules .","[Not Useful Class, Not Useful Use Case, Not Useful Activity]"
3109,"Many record types , in particular all types device database a complicated each record type can have a set of device support modules .","[Useful Class, Not Useful Use Case, Not Useful Activity]"
3110,"If the method of accessing hardware is , an the they","[Not Useful Class, Not Useful Use Case, Not Useful Activity]"
3111,OPI Operator Interface .,"[Not Useful Class, Not Useful Use Case, Not Useful Activity]"
3112,This is a UNIX . based which can run various EPICS tools ; IOC workstation created be can EPICS Overview ’ .,"[Not Useful Class, Not Useful Use Case, Not Useful Activity]"
3113,EPICS consists of a set of hardware and software components from which a control system Input ‘ Output . provide access to other I / O buses that such GPIB ; LAN Local area network .,"[Useful Class, Useful Use Case, Not Useful Activity]"
3114,This as modules VME and,"[Not Useful Class, Not Useful Use Case, Not Useful Activity]"
3115,"This is VME / VXI based chassis containing a Motorola 68xxx processor , various I / O modules , Controller is document the EPICS community there is understood to be an the informal between two classes of developers , labeled ‘ distinction","[Useful Class, Not Useful Use Case, Not Useful Activity]"
3116,Within . sites,"[Not Useful Class, Not Useful Use Case, Not Useful Activity]"
3117,It is now an established standard within the international High Energy Physics community and is gaining acceptance amongst astronomical Internals EPICS ’ ‘ and for the nature of training classes . community,"[Not Useful Class, Not Useful Use Case, Not Useful Activity]"
3118,Note The bulk of this section is taken from : the with discussions Applications ’ .,"[Not Useful Class, Not Useful Use Case, Not Useful Activity]"
3119,"Although these deﬁnitions are nowhere written down , this understanding serves as the basis for many and the communication network","[Not Useful Class, Not Useful Use Case, Not Useful Activity]"
3120,Every record has a record name and every . ﬁeld a ﬁeld name .,"[Useful Class, Not Useful Use Case, Not Useful Activity]"
3121,The ﬁrst ﬁeld of has types record particular a ﬁxed set of ﬁelds .,"[Useful Class, Not Useful Use Case, Not Useful Activity]"
3122,Some ﬁelds are common to all record types and others are speciﬁc to every has database holds data structures are provided so that the database of can accessed efﬁciently .,"[Useful Class, Not Useful Use Case, Not Useful Activity]"
3123,"Most software components , because be number","[Not Useful Class, Not Useful Use Case, Not Useful Activity]"
3124,"A . the record name , which must be unique across all IOCs attached to the same TCP / IP subnet record type record","[Useful Class, Not Useful Use Case, Not Useful Activity]"
3125,Each between a Channel Access client and an arbitrary communication number Channel Access servers .,"[Useful Class, Not Useful Use Case, Not Useful Activity]"
3126,Database,"[Not Useful Class, Not Useful Use Case, Not Useful Activity]"
3127,The heart of of transparent network provides which allows the IOCs and OPIs to communicate .,"[Useful Class, Not Useful Use Case, Not Useful Activity]"
3128,"EPICS provides a software component , Channel Access , which an IOC is a of record types , e.g. ai ( Analog Input ) , ao ( Analog Output ) , etc . set access extensible large memory resident database together with various memory resident structures describing the contents of the database .","[Useful Class, Not Useful Use Case, Not Useful Activity]"
3129,EPICS supports a and supported,"[Not Useful Class, Not Useful Use Case, Not Useful Activity]"
