tokens,IOB_tag
"['.', 'HTTPS', 'with', 'browser', 'web', 'button', 'account', 'customer', 'new', 'sdram', 'MB', '128', ';', 'chip', 'ram', 'Flash', ';', 'GB', ':', 'requirement', 'hardware', 'follow', 'the', 'to', 'adhere', '4', 'Intel', 'XScale', 'PXA270', 'a', 'Register']","['O', 'O', 'O', 'O', 'O', 'O', 'I-class', 'B-class', 'O', 'O', 'O', 'O', 'O', 'O', 'O', 'O', 'O', 'O', 'O', 'O', 'O', 'O', 'O', 'O', 'O', 'O', 'O', 'O', 'O', 'O', 'O']"
"['.', 'Requirements', 'entity', 'with', 'connection', 'search', 'it']","['O', 'O', 'I-class', 'O', 'I-class', 'O', 'O']"
"['show', 'be', 'cable', 'requirement', 'to', 'the', 'base', 'facility', ';', 'the']","['O', 'O', 'O', 'O', 'O', 'O', 'B-class', 'I-class', 'O', 'O']"
"['client', 'may', 'honour', 'the', 'voucher', 'at', 'place', 'any', 'provider', 'of', 'his', 'choice', '.', 'std']","['B-class', 'O', 'O', 'O', 'B-class', 'O', 'B-attr', 'O', 'B-class', 'O', 'O', 'O', 'O', 'O']"
"['operational', 'be', 'for', 'apply', 'throughout', '.', 'this']","['B-attr', 'O', 'O', 'O', 'O', 'O', 'O']"
"['.', 'sequencer', 'automatic', 'an', 'via', 'to', '(', 'as', 'define', 'provide', 'be', 'shall', 'interaction', 'of', 'degree', 'certain', 'a']","['O', 'O', 'O', 'O', 'O', 'O', 'O', 'O', 'O', 'O', 'O', 'O', 'O', 'O', 'O', 'O', 'O']"
['not'],['O']
"['division', 'of', 'sub', '-', 'module', 'be', 'purely', 'base', 'on', 'fill', 'MSIU', 'the', 'form', 'claim', 'form', ';', 'the', 'thumb', 'print', 'will', 'also', 'be', 'place', 'on', 'completion', 'of', 'the', 'the', ';', 'the', 'VSP', 'will', 'send', 'the', 'collect', 'claim', 'form', 'monthly', 'and', 'send', 'it', 'service', 'to', 'stick', 'be', ';', 'on', 'completion', 'of', 'the', 'service', 'the', 'patient', 'will', 'provide', 'the', 'voucher', 'accord', 'to', 'the', 'visit', 'type', 'and', 'patient', 'type', '(', 'client', 'or', 'partner', ')', ',', 'the', 'voucher', 'will', 'claim', 'the', 'creation', 'of', 'would', 'be', 'list', 'from', 'their', 'own', 'master', 'and', 'should', 'select', 'the', 'detail', 'base', 'Body', 'on', 'VSP', '.', 'if']","['O', 'O', 'B-class', 'I-class', 'I-class', 'O', 'O', 'O', 'O', 'O', 'O', 'O', 'I-class', 'B-class', 'I-class', 'O', 'O', 'O', 'O', 'O', 'O', 'O', 'O', 'O', 'O', 'O', 'O', 'O', 'O', 'O', 'O', 'O', 'O', 'O', 'O', 'B-class', 'I-class', 'O', 'O', 'O', 'O', 'B-class', 'O', 'O', 'O', 'O', 'O', 'O', 'O', 'O', 'B-class', 'O', 'B-class', 'O', 'O', 'O', 'B-class', 'O', 'O', 'O', 'B-attr', 'I-attr', 'O', 'B-attr', 'I-attr', 'O', 'O', 'O', 'O', 'O', 'O', 'O', 'B-class', 'O', 'B-class', 'O', 'O', 'O', 'O', 'O', 'O', 'O', 'O', 'O', 'B-attr', 'O', 'O', 'O', 'O', 'O', 'O', 'I-attr', 'O', 'B-class', 'O', 'O']"
"['system', 'should', 'provide', 'information', 'in', 'the', 'form', 'report', 'to', 'confuse', 'the', 'of', 'displaying', 'not', 'need', 'intervention', 'from', 'outside', 'user', 'other', 'than', 'the', 'supervisor', 'to', 'maintain', 'operation', 'of', 'themas', '.', 'the']","['B-class', 'O', 'O', 'O', 'O', 'O', 'O', 'B-class', 'O', 'O', 'O', 'O', 'O', 'O', 'O', 'O', 'O', 'O', 'B-class', 'O', 'O', 'O', 'B-class', 'O', 'O', 'O', 'O', 'O', 'O', 'O']"
"['.', 'System', 'Weborder', ';', 'Customer', 'cart', ';', ';', 'or', 'the', 'the', 'to', 'detail', 'login', 'resend', 'to', 'Customer', 'email', 'the', 'system']","['O', 'O', 'O', 'O', 'B-class', 'B-class', 'O', 'O', 'O', 'O', 'O', 'O', 'O', 'O', 'O', 'O', 'B-class', 'O', 'O', 'O']"
"['.', 'that', 'a', 'an', 'be', 'by', 'sequencer', 'the', 'with', 'execute', '.Normally', ':', 'Requirements']","['O', 'O', 'O', 'O', 'O', 'O', 'O', 'O', 'O', 'O', 'O', 'O', 'O']"
"['command', 'immediate', 'an', 'command', 'train', 'in', 'a', 'particular', 'area', 'or', 'to', 'a', 'specific', 'train', 'it', 'shall', 'be', 'possible', 'to', 'to', 'the', 'train', '.', 'protect', 'against', 'inadvertent', 'operation', '.', 'when']","['O', 'O', 'O', 'O', 'B-class', 'O', 'O', 'O', 'B-attr', 'O', 'O', 'O', 'O', 'B-class', 'O', 'O', 'O', 'O', 'O', 'O', 'O', 'B-class', 'O', 'O', 'O', 'O', 'O', 'O', 'O']"
"['application', 'in', ')', 'the', 'audit', 'trail', 'to', 'ensure', 'legal', 'admissibility', 'and', 'the', 'to', 'in', 'data', 'recovery', '.', 'all']","['O', 'O', 'O', 'O', 'B-class', 'I-class', 'O', 'O', 'O', 'O', 'O', 'O', 'O', 'O', 'O', 'O', 'O', 'O']"
"['.', 'closed', 'be', 'window', '""', 'finish', '""', 'the']","['O', 'O', 'O', 'O', 'O', 'O', 'O', 'O']"
"['themas', 'system', 'be', 'requirement', 'a', 'factor', 'the', '.', 'Appendix']","['O', 'O', 'O', 'O', 'O', 'O', 'O', 'O', 'O']"
"['.', 'instrument', 'and', 'telescope', 'from', 'datum', 'relevant', 'the', 'all', 'monitor', 'by', 'do', 'supervisor', 'while', 'problem', ',', 'point', '-', 'multi']","['O', 'O', 'O', 'O', 'O', 'O', 'O', 'O', 'O', 'O', 'O', 'O', 'I-class', 'O', 'O', 'O', 'O', 'O', 'O']"
"['title', 'if', 'trainborne', 'ETCS', 'the', 'option', '3', '.', 'the']","['O', 'O', 'I-class', 'B-class', 'O', 'O', 'O', 'O', 'O']"
"['.', 'information', 'product', 'the', 'process', 'Product', 'Remove', 'initiate', 'to', 'link', 'or', ';', 'button', 'click', 'Person', 'Sales', '""', 'product', 'remove', '""', 'the', 'system', 'prompt', 'the', 'validate', 'system', ';', 'product', 'of', 'list', 'a', 'view', 'or', 'search', 'by', 'product', 'a', 'select', 'to', 'Person', 'Sales', 'link', '.', 'of', ',', ';', 'process', 'logout', 'initiate', 'to', 'link', 'or', 'system', 'button', 'click', 'Person', 'Sales', '""', 'Logout', '""', 'to', 'the', 'link', 'terminate', 'session', 'system', 'the', 'of', 'out', 'log', 'be', 'Person', 'the', 'Sales', '.', 'page', 'home', 'display', 'system', ';', 'cookie', 'the']","['O', 'I-class', 'B-class', 'O', 'O', 'O', 'O', 'O', 'O', 'O', 'O', 'O', 'O', 'O', 'I-class', 'B-class', 'O', 'B-class', 'O', 'O', 'O', 'O', 'O', 'O', 'O', 'O', 'O', 'B-class', 'O', 'O', 'O', 'O', 'O', 'O', 'O', 'B-class', 'O', 'O', 'O', 'I-class', 'B-class', 'O', 'O', 'I-attr', 'O', 'O', 'O', 'O', 'O', 'O', 'O', 'O', 'O', 'O', 'O', 'I-class', 'B-class', 'O', 'O', 'O', 'O', 'O', 'O', 'O', 'O', 'O', 'O', 'O', 'O', 'O', 'O', 'I-class', 'O', 'B-class', 'O', 'O', 'O', 'O', 'O', 'O', 'O', 'O']"
"['.', 'information', '(', 'e.g.', ',', 'container', '.', 'sample', '/', 'specimen', 'of', 'shipment', 'batch', 'with', 'manifest', 'person', 'shipping', 'and', ',', ')', 'preservative', ',', 'condition', 'storage', ',', 'type', 'the', 'the', ',', 'the', 'information', 'provide', 'also', 'may', 'log', 'activity']","['O', 'I-attr', 'O', 'O', 'O', 'O', 'O', 'B-class', 'O', 'B-class', 'O', 'I-class', 'B-class', 'O', 'I-attr', 'I-class', 'B-attr', 'O', 'O', 'O', 'O', 'O', 'O', 'O', 'O', 'O', 'O', 'I-attr', 'O', 'O', 'B-attr', 'O', 'O', 'O', 'I-class', 'B-class']"
"['document', 'should', 'have', 'the', 'follow', 'information', '.', 'information', 'VSP']","['B-class', 'O', 'O', 'O', 'O', 'O', 'O', 'O', 'B-attr']"
"['this', 'project', ',', 'the', 'only', 'require', 'IOC', '-', 'base', 'Internals', 'work', 'be', 'the', 'other', 'creation', 'the', ';', 'make', 'of', 'both', 'Tcl', '/', 'TK', 'and', 'IDL', 'be', 'to', 'high', '-', 'level', 'sequence', 'and', 'datum', 'reduction', '.', 'support', 'be', 'use', 'heavy']","['O', 'O', 'O', 'O', 'O', 'O', 'O', 'O', 'O', 'O', 'O', 'O', 'O', 'O', 'O', 'O', 'O', 'O', 'O', 'O', 'O', 'O', 'O', 'O', 'O', 'O', 'O', 'O', 'O', 'O', 'O', 'O', 'O', 'O', 'O', 'O', 'O', 'O', 'O']"
"['be', 'anticipate', 'that', 'all', '/', 'record', 'of', 'creation', 'control', 'system', 'work', 'package', '.', 'in']","['O', 'O', 'O', 'O', 'O', 'O', 'O', 'O', 'O', 'O', 'O', 'O', 'O', 'O']"
"['risk', 'exposure', 'patient', 'receive', 'countermeasure', '.', 'mapping']","['O', 'O', 'I-attr', 'I-attr', 'I-attr', 'O', 'O']"
"['of', 'claim', 'available', '.', 'the']","['I-attr', 'I-attr', 'I-attr', 'O', 'O']"
"['Parameters', 'H', '/', 'c', 'request', 'the', 't', 'this', 'will', '.', 'cool', 'unit', 'be', 'already', 'run', ',', 'the', 'request', 'will', 'be', 'add', 'to', 'a', 'or', 'lifo', '.', 'if']","['O', 'O', 'O', 'O', 'O', 'O', 'O', 'O', 'O', 'O', 'I-attr', 'I-attr', 'O', 'O', 'O', 'O', 'O', 'B-class', 'O', 'O', 'O', 'O', 'O', 'I-attr', 'B-class', 'O', 'O']"
"['speed', 'shall', 'still', 'be', 'show', 'on', 'the', 'DMI', '.', 'a']","['I-attr', 'O', 'O', 'O', 'O', 'O', 'O', 'B-class', 'O', 'O']"
"['.', 'questionnaire', 'by', '.', 'support', 'be', 'should', 'investigation', 'Case']","['O', 'I-class', 'O', 'O', 'O', 'O', 'O', 'I-class', 'B-class']"
"['plan', 'downtime', 'for', 'the', 'three', 'System', 'not', 'exceed', '<', 'xx', '>', 'hour', 'per', '<', 'must', 'advanced', 'function', 'if', 'exceed', '<', 'xx', 'hour', '/', 'minute', '>', 'per', 'not', '<', 'three', 'month', 'period', '>', '.', 'the']","['O', 'O', 'O', 'O', 'O', 'O', 'O', 'O', 'O', 'O', 'O', 'O', 'O', 'O', 'O', 'O', 'O', 'O', 'O', 'O', 'O', 'O', 'O', 'O', 'O', 'O', 'O', 'O', 'O', 'O', 'O', 'O', 'O', 'O']"
"['onboard', 'equipment', 'shall', 'display', 'plain', 'text', 'message', 'as', 'receive', '.', 'the']","['B-class', 'I-class', 'O', 'O', 'B-class', 'I-class', 'I-class', 'O', 'O', 'O', 'O']"
"['product', 'Person', 'Sales', 'the', 'prompt', 'system', ';', 'process', 'to', 'product', 'initiate', 'to', 'link', 'or', 'button', 'the', 'click', 'Add', 'Person', 'fill', 'product', 'image', 'product', 'a', 'upload', ',', 'price', 'product', 'out', ',', 'product', ',', 'd', 'i', 'product', ',', 'name', 'description', 'Sales', '""', 'product', 'to', 'able', 'be', 'must', 'Person', 'Sales']","['B-class', 'O', 'O', 'O', 'O', 'O', 'O', 'O', 'O', 'O', 'O', 'O', 'O', 'O', 'O', 'O', 'O', 'O', 'I-class', 'O', 'B-attr', 'I-attr', 'B-attr', 'O', 'O', 'O', 'I-attr', 'B-attr', 'O', 'O', 'B-attr', 'O', 'I-attr', 'I-attr', 'B-attr', 'O', 'I-attr', 'I-attr', 'B-class', 'O', 'B-class', 'O', 'O', 'O', 'O', 'I-class', 'B-class']"
"['i', ')', 'the', 'system', 'be', 'base', 'on', 'the', 'GSM', 'architecture', 'which', 'the', 'with', 'compatible', '-', ')', 'late', 'release', 'of', 'these', 'specification', 'may', '(']","['O', 'O', 'O', 'O', 'O', 'O', 'O', 'O', 'O', 'O', 'O', 'O', 'O', 'O', 'O', 'O', 'O', 'O', 'O', 'O', 'O', 'O', 'O']"
"['.', 'history', 'work', 'and', 'occupation', 'as', 'such', ',', 'capture', 'be', 'may', 'detail', 'descriptive', 'other']","['O', 'I-attr', 'B-attr', 'O', 'B-attr', 'O', 'O', 'O', 'O', 'O', 'O', 'O', 'O', 'O']"
"['subsystem', 'must', 'group', 'error', 'into', 'these', 'category', '.', 'in']","['B-class', 'O', 'O', 'B-class', 'O', 'O', 'B-attr', 'O', 'O']"
"['configuration', ';', ':', 'section', 'separate', 'following', 'infrastructure', 'be', 'provide', ';', 'GSM', 'infrastructure', 'equipment', 'no', 'have', '.', 'the']","['O', 'O', 'O', 'O', 'O', 'O', 'I-class', 'O', 'O', 'O', 'B-class', 'I-class', 'I-class', 'O', 'O', 'O', 'O']"
"['form', 'list', 'not', 'automatically', 'generate', 'the', 'Form', 'the', 'choose', 'while', 'automatically', 'populate', 'should', 'this', '(', 'Date', 'submit', ';', ')', 'digit', '8', '+', 'Suffix', 'as', 'Code', 'Hospital', 'with', 'number', 'claim', 'on', 'the', 'Voucher', 'Slip', 'Road', '/', 'Street', 'than', 'other', ')', 'Town', '/', 'Village', ',', 'all', 'County', 'Sub', ',', 'County', ',', 'District', '-', 'Sub', ',', 'District', ',', '-', 'other', 'detail', 'would', 'the', 'have', 'should', 'system', 'the', 'then', ',', 'record', 'Master', 'in', 'exist', 'not', 'be', 'detail', 'any', 'if', ',', 'record', 'master', 'its', 'the', 'from', 'list', 'Road', ';', '/', '(', 'Voucher', 'the', 'on', 'base', 'reader', 'Code', 'Bar', 'from', 'capture', 'be', 'Slip', 'should', '(', 'Type', 'Patient']","['I-attr', 'B-attr', 'O', 'O', 'O', 'O', 'B-attr', 'O', 'O', 'O', 'O', 'O', 'O', 'O', 'O', 'I-attr', 'B-attr', 'O', 'O', 'O', 'O', 'O', 'O', 'O', 'I-attr', 'B-attr', 'O', 'I-attr', 'B-attr', 'O', 'O', 'O', 'O', 'B-attr', 'O', 'B-attr', 'O', 'O', 'O', 'B-attr', 'O', 'B-attr', 'O', 'O', 'B-attr', 'B-attr', 'O', 'B-attr', 'O', 'I-attr', 'I-attr', 'B-attr', 'O', 'B-attr', 'O', 'O', 'O', 'O', 'O', 'O', 'O', 'O', 'B-class', 'O', 'O', 'O', 'I-class', 'B-class', 'O', 'O', 'O', 'O', 'O', 'O', 'O', 'O', 'I-class', 'B-class', 'O', 'O', 'O', 'O', 'B-attr', 'O', 'O', 'O', 'O', 'O', 'O', 'O', 'O', 'O', 'O', 'O', 'O', 'O', 'O', 'O', 'O', 'I-attr', 'B-attr']"
"['module', 'send', 'this', 'with', 'command', 'block', 'until', 'information', 'be', 'receive', 'via', 'the', 'indicate', 'be', 'respond', 'to', 'be', 'to', 'initial', 'condition', ';', 'TestRoute', 'a', 'test', 'message', 'be', 'transmit', 'across', 'the', 'route', '.', 'all']","['B-class', 'O', 'O', 'O', 'B-class', 'O', 'O', 'O', 'O', 'O', 'O', 'O', 'O', 'O', 'O', 'O', 'O', 'O', 'O', 'O', 'O', 'O', 'O', 'O', 'O', 'O', 'O', 'O', 'O', 'B-class', 'O', 'O']"
"['of', 'the', 'ETCS', 'trainborne', 'equipment', 'shall', 'disconnect', 'the', 'ETCS', 'trainborne', 'equipment', 'the', 'national', 'Supervision', 'when', 'driver', 'for', 'confirmation', 'about', 'the', 'occupancy', 'a', 'of', 'track', 'ahead', 'before', 'send', 'a', 'Full', 'the', 'ask', 'to', 'trackside', 'receive', 'through', 'track', '-', 'to', '-', 'train', 'transmission', '.', 'it']","['O', 'O', 'B-class', 'I-class', 'I-class', 'O', 'O', 'O', 'B-class', 'I-class', 'I-class', 'O', 'B-class', 'I-attr', 'O', 'B-class', 'O', 'O', 'O', 'O', 'O', 'O', 'O', 'B-class', 'O', 'O', 'O', 'O', 'B-class', 'O', 'O', 'O', 'B-class', 'O', 'O', 'B-class', 'I-class', 'I-class', 'I-class', 'I-class', 'I-class', 'O', 'O']"
"['be', 'likely', 'that', 'different', 'all', 'user', 'module', '(', 'see', 'above', ')', 'would', 'present', 'different', 'interface', 'to', 'access', 'full', 'package', 'must', 'provide', 'module', 'for', 'the', 'testing', 'and', 'diagnosis', 'of', 'the', 'subsystem', ';', 'all', 'instrumentation', 'control', 'software', 'must', 'provide', 'portion', 'subsystem', 'of', 'functionality', 'Gemini', 'software', 'must', 'be', 'version', 'label', ',', 'both', 'all', 'in', 'and', 'binary', 'form', '.', 'the']","['O', 'O', 'O', 'O', 'O', 'O', 'O', 'O', 'O', 'O', 'O', 'O', 'O', 'O', 'O', 'O', 'O', 'O', 'O', 'O', 'O', 'O', 'O', 'O', 'O', 'O', 'O', 'O', 'O', 'B-class', 'O', 'O', 'O', 'O', 'O', 'O', 'O', 'O', 'O', 'O', 'O', 'O', 'O', 'O', 'O', 'O', 'O', 'O', 'O', 'O', 'O', 'O', 'O', 'O', 'O', 'O']"
"['receive', 'the']","['O', 'O']"
"['.', 'D.Support', ';', 'possible', 'be', 'as', 'or', 'this']","['O', 'B-class', 'O', 'O', 'O', 'O', 'O', 'O']"
"['.', 'display', 'board', 'game', 'New']","['O', 'O', 'O', 'O', 'O']"
"['.', 'development', 'parse', ',', 'and', 'that', 'ensure', 'will', 'method', 'security']","['O', 'O', 'O', 'O', 'O', 'O', 'O', 'O', 'O', 'O']"
"['be', 'a', 'domain', 'standard', 'software', 'and', 'this', 'integration', 'be', 'consider', 'part', 'of', 'the', 'Gemini', 'in', 'software', ';', 'all', 'Gemini', 'software', 'be', 'to', 'be', 'develop', 'system', 'involve', 'interface', 'the']","['O', 'O', 'O', 'O', 'O', 'O', 'O', 'O', 'O', 'O', 'O', 'O', 'O', 'O', 'O', 'O', 'O', 'O', 'O', 'O', 'O', 'O', 'O', 'O', 'O', 'O', 'O', 'O']"
"['function', 'user', 'characteristic', ',', 'general', 'constraint', ',', 'and', 'assumption', 'and', 'dependency', 'of', 'the', 'system', ',', 'for', 'available', 'generally', 'Energy', 'Management', 'System', ';', 'tset', 'current', 'temperature', 'setting', ';', 'UT', 'Upper', 'Trigger', 'Value', 'the']","['O', 'O', 'O', 'O', 'O', 'O', 'O', 'O', 'O', 'O', 'O', 'O', 'O', 'O', 'O', 'O', 'O', 'O', 'O', 'O', 'O', 'O', 'O', 'O', 'O', 'O', 'O', 'O', 'O', 'O', 'O', 'O']"
"['.', 'profile', 'move', ',', 'resize', ',', 'modify', 'the', 'appearance', ')', '.', 'such']","['O', 'I-class', 'O', 'O', 'O', 'O', 'O', 'O', 'O', 'O', 'O', 'O']"
"['health', 'care', 'service', 'for', 'std', 'treatment', 'through', ',', 'for', 'the', 'sexually', 'active', 'population', 'of', 'the', 'Mbarara', 'district', ',', ';', ':', ',', 'content', 'measure', 'for', 'monitor', 'the', 'quality', 'have', 'be', 'define', 'in', 'the', 'the', 'PDS', 'the']","['O', 'O', 'O', 'O', 'O', 'O', 'O', 'O', 'O', 'O', 'O', 'O', 'O', 'O', 'O', 'O', 'O', 'O', 'O', 'O', 'O', 'O', 'O', 'O', 'O', 'O', 'O', 'O', 'O', 'O', 'O', 'O', 'O', 'O', 'O']"
"['if', 'he', 'want', 'to', ',', 'select', 'be', '""', 'yes', '""', 'if']","['O', 'O', 'O', 'O', 'O', 'O', 'O', 'O', 'O', 'O', 'O']"
"['acknowledgement', 'will', 'release', 'the', 'emergency', 'train', 'maximum', 'shall', 'able', 'own', 'train', 'identification', 'to', 'the', 'RBC', 'its', '.', 'train', 'run', 'number', 'shall', 'consist', 'of', 'the']","['B-class', 'O', 'O', 'O', 'B-class', 'B-class', 'O', 'O', 'O', 'O', 'B-attr', 'I-attr', 'O', 'O', 'B-class', 'O', 'O', 'B-attr', 'I-attr', 'I-attr', 'O', 'O', 'O', 'O']"
"['.', 'jurisdiction', 'the', 'within', 'unique', 'be', ')', 'food', ',', ',', 'and', ',', 'chemical', ',', 'biological', 'for', 'test', 'be', 'will', 'that', 'sample', 'of', 'type', 'other', 'and', ',', 'sample', 'environmental', ',', 'radiological', 'water', 'agent', 'these']","['O', 'O', 'O', 'O', 'O', 'O', 'O', 'B-class', 'O', 'O', 'I-class', 'I-class', 'I-class', 'I-class', 'B-class', 'O', 'O', 'O', 'O', 'O', 'B-class', 'O', 'B-attr', 'O', 'O', 'O', 'I-class', 'B-class', 'O', 'I-class', 'O', 'I-class', 'O']"
"['i', ')', 'an', 'entitle', 'controller', 'may', 'Tone', 'Dual', 'of', 'Support', 'in', 'the', 'network', '(', 'dtmf', 'receiver', ')', 'digit', 'be', 'in', '[', '3', 'g', 'ts', '23.014', ',', 'specify', ')', 'Fu(n', ';', 'the', 'UIC', 'frequency', 'band', 'the', 'follow', 'convention', 'shall', 'be', 'use', ',', 'where', 'Fl(n', ')', 'be', 'in', 'carrier', 'for']","['O', 'O', 'O', 'B-attr', 'B-class', 'O', 'O', 'O', 'O', 'O', 'O', 'O', 'B-class', 'O', 'O', 'O', 'O', 'I-class', 'O', 'O', 'O', 'O', 'O', 'O', 'O', 'O', 'O', 'O', 'O', 'O', 'O', 'B-class', 'B-attr', 'I-attr', 'O', 'O', 'O', 'O', 'O', 'O', 'O', 'O', 'O', 'O', 'O', 'O', 'O', 'O']"
"['.', 'observation', 'ongoing', 'of', 'performance', 'the', 'affect', 'not', 'shall', 'monitoring']","['O', 'B-class', 'O', 'O', 'O', 'O', 'O', 'O', 'O', 'O']"
"['level', 'the', 'into', 'intrusion', 'though', 'status', 'information', 'should', 'still', 'be', 'provide', 'for', 'use', 'by', 'other', 'system', '.', 'there']","['I-attr', 'O', 'O', 'O', 'O', 'B-attr', 'I-attr', 'O', 'O', 'O', 'O', 'O', 'O', 'O', 'O', 'B-class', 'O', 'O']"
"['.', 'system', 'the', 'into', 'log', 'be', 'the', 'Customer', '.', ')', 'Scenario', 'Basic', '(', '1', 'Step', 'the']","['O', 'O', 'O', 'O', 'O', 'O', 'O', 'B-class', 'O', 'O', 'O', 'O', 'O', 'O', 'O', 'O']"
"['.', 'execution', 'later', 'for', 'queue', 'a', 'to', 'interface', 'User', 'the', 'via', 'submit', 'be', 'will', 'complicated', 'very', 'with', 'be', 'can', 'unit', 'faulty', 'a', 'if', 'see', 'to', 'declare', 'e.g.', 'unit', 'such', 'on', 'perform', 'test', 'of', 'result', 'the', '(', 'as', 'operational', 'again', ':', 'staff', 'be', 'maintenance', 'and', 'development', 'Software', 'Definition']","['O', 'O', 'O', 'O', 'B-class', 'O', 'O', 'O', 'O', 'O', 'O', 'O', 'O', 'O', 'O', 'O', 'O', 'O', 'O', 'B-class', 'O', 'O', 'O', 'O', 'O', 'O', 'O', 'B-class', 'O', 'O', 'O', 'O', 'O', 'O', 'O', 'O', 'O', 'O', 'O', 'O', 'O', 'O', 'O', 'O', 'O', 'O', 'O']"
"['report', 'shall', 'between', 'series', 'this']","['B-class', 'O', 'O', 'O', 'O']"
"['XS', 'shall', 'deliver', 'inter', '-', 'related', 'component', 'show', 'train', 'dcd', '.', '(', 'i.e.', 'DTD', ',', 'dcd', 'etc', '.', 'Spec', ')', 'Sample', 'of', 'XML', 'document', 'of', 'the', 'tag', ',', 'XML', ',', 'Specification', 'be', 'part', 'of', 'the', 'Information', 'Resource', 'Submittal', 'Package', 'contain', 'the', 'follow', 'Information', 'Resource', 'artifact', ':', 'XML', 'Tag', 'to', 'be', 'submit', '.', 'line', 'interactive', 'process', ';', 'Submit', 'metadata', 'by', 'a', 'off', '-', 'line', 'and', 'interactive', 'batch', 'process', ';', 'Parse', '-', 'form', 'on', 'by', 'the']","['O', 'O', 'O', 'O', 'O', 'O', 'O', 'O', 'O', 'O', 'O', 'O', 'O', 'O', 'O', 'O', 'O', 'O', 'I-attr', 'O', 'B-attr', 'I-attr', 'I-attr', 'I-attr', 'O', 'O', 'O', 'O', 'B-attr', 'O', 'I-attr', 'O', 'O', 'O', 'O', 'B-class', 'I-class', 'I-class', 'I-class', 'O', 'O', 'O', 'O', 'O', 'O', 'O', 'B-attr', 'I-attr', 'O', 'O', 'O', 'O', 'O', 'O', 'O', 'O', 'O', 'B-class', 'O', 'O', 'O', 'O', 'O', 'O', 'O', 'O', 'O', 'O', 'O', 'O', 'B-class', 'O', 'O', 'O']"
"['.', 'patch', 'and', 'fix', 'for', 'updatable', 'easily', 'be', 'shall', 'system', 'the']","['O', 'O', 'O', 'O', 'O', 'O', 'O', 'O', 'O', 'O', 'O']"
"['the', 'use', 'of', 'key', 'cost', 'board', 'any', 'number', 'entry', 'to', 'have', 'a', 'fast', 'transaction', 'data', 'entry', 'for', 'menu', 'medicine', 'selection', 'minimize', 'data', 'entry', 'error', '.', 'the']","['O', 'O', 'O', 'O', 'O', 'O', 'O', 'O', 'O', 'O', 'O', 'O', 'O', 'O', 'O', 'O', 'O', 'O', 'O', 'O', 'O', 'O', 'O', 'O', 'O', 'O']"
"['constraint', 'be', ':', 'computer', 'use', 'at', 'the', 'Gemini', '8', 'm', 'Telescopes', 'site', ',', 'particularly', 'in', 'the', 'test', 'phase', 'for', '.', 'the', '8', '8', 'm', 'Telescopes', 'software', 'environment', '(', 'operating', 'system', 'Gemini', ',', '8', 'm', 'Telescopes', 'software', ')', 'and', 'provide', 'compatibility', 'Gemini', 'the', 'run', 'to', 'm', 'Telescopes', 'site', '(', 'see', 'also', '[', 'EDS', ']', 'in', 'Section', '1.3', ')', ';', 'computer', 'hardware', 'must', 'be', 'able', 'Gemini', 'software', 'the', 'of', ';', 'the', 'hardware', 'choose', 'as', 'the', 'standard', 'at', 'project', 'this', 'of', 'time', 'may', 'be', 'no', 'long', 'available', 'at', 'point', 'the', 'beneﬁt', 'could', 'that', ':', 'during', 'the', 'next', '5', 'to', '10', 'year', 'new', 'hardware', 'will', 'be', 'available', 'with', 'feature', 'and', 'cost', 'that', 'some', 'point', 'in', 'the', 'hardware', 'standard', '.', 'these']","['O', 'O', 'O', 'O', 'O', 'O', 'O', 'O', 'O', 'O', 'O', 'O', 'O', 'O', 'O', 'O', 'O', 'O', 'O', 'O', 'O', 'O', 'O', 'O', 'O', 'B-class', 'I-class', 'O', 'B-attr', 'I-attr', 'O', 'O', 'O', 'O', 'O', 'O', 'O', 'O', 'O', 'O', 'O', 'O', 'O', 'O', 'O', 'O', 'B-class', 'O', 'O', 'O', 'O', 'O', 'O', 'O', 'O', 'O', 'O', 'O', 'O', 'O', 'O', 'O', 'O', 'O', 'O', 'O', 'O', 'O', 'O', 'O', 'O', 'O', 'O', 'O', 'O', 'O', 'O', 'O', 'O', 'O', 'O', 'O', 'O', 'O', 'O', 'O', 'O', 'O', 'O', 'O', 'O', 'O', 'O', 'O', 'O', 'O', 'O', 'O', 'O', 'O', 'O', 'O', 'O', 'O', 'O', 'O', 'O', 'O', 'O', 'O', 'O', 'O', 'O', 'O', 'O', 'O']"
"['equip', 'for', 'ERTMS', '/', 'ETCS', 'application', 'level', '3', 'shall', 'be', 'able', 'to', 'run', 'on', 'line', 'for', 'by', 'information', 'information', 'via', 'continuous', 'transmission', 'medium', ',', 'track', 'i.e.', '.', 'the']","['O', 'O', 'B-attr', 'I-attr', 'I-attr', 'I-attr', 'O', 'O', 'O', 'O', 'O', 'O', 'O', 'O', 'B-class', 'O', 'O', 'I-attr', 'I-attr', 'O', 'B-class', 'I-class', 'I-class', 'O', 'I-attr', 'O', 'O', 'O']"
"['link', '.', 'reside', 'office', 'facility', 'Mauna', 'facility', 'the', 'be', 'this']","['O', 'O', 'O', 'B-class', 'O', 'O', 'B-class', 'O', 'O', 'O']"
"['.', 'unit', 'mesure', 'the', 'be', 'x', 'let']","['O', 'O', 'O', 'O', 'O', 'O', 'O']"
"['addition', ',', 'the', 'system', 'must', 'control', 'support', '-', 'site', 'observe', 'mode', '.', 'the']","['O', 'O', 'O', 'B-class', 'O', 'I-class', 'O', 'O', 'O', 'O', 'O', 'O', 'O']"
"['determination', 'shall', 'be', 'issue', 'condition', 'temperature', '.', '.', 'Valid']","['O', 'O', 'O', 'O', 'O', 'I-class', 'O', 'O', 'O']"
"['.', 'support', 'Gemini', 'than', 'simple', 'raster', 'possible', 'be', 'not', 'will', 'functionality', 'complicated', 'more', 'that', 'mean', 'not', 'do', 'this']","['O', 'O', 'O', 'O', 'O', 'O', 'O', 'O', 'O', 'O', 'O', 'O', 'O', 'O', 'O', 'O', 'O', 'O']"
"['train', 'shall', ',', 'as', 'a', 'minimum', ',', 'be', 'supervise', 'to', 'a', 'ceiling', 'speed', ';', 'distance', '.', 'shall', 'be', 'have', 'the', 'possibility', 'to', 'confirm', 'that', 'shall', 'the', 'ahead', 'of', 'he', 'until', 'the', 'end', 'track', 'driver', 'the', ',', 'show', 'on', 'the', 'DMI', 'unless', 'select', 'by', 'the', 'driver', '.', 'on']","['B-class', 'O', 'O', 'O', 'O', 'O', 'O', 'O', 'O', 'O', 'O', 'B-attr', 'I-attr', 'O', 'I-attr', 'O', 'O', 'O', 'O', 'O', 'O', 'O', 'O', 'O', 'O', 'O', 'O', 'O', 'O', 'O', 'O', 'O', 'B-class', 'B-class', 'O', 'O', 'O', 'O', 'O', 'B-class', 'O', 'O', 'O', 'O', 'B-class', 'O', 'O']"
"['change', 'description', ',', 'a', ':', 'customer', ';', 'buy', 'to', 'customer', 'for', 'item', 'flag', 'ready', 'when', 'and', ',', 'price', ',', 'picture', 'task', 'Store', '.', 'compatibility']","['O', 'B-attr', 'O', 'O', 'O', 'O', 'O', 'O', 'O', 'B-class', 'O', 'B-class', 'B-attr', 'O', 'O', 'O', 'O', 'B-attr', 'O', 'B-attr', 'O', 'O', 'O', 'O']"
"[';', 'the', 'view', 'Administrator', 'on', '.', 'system', 'the', 'of', 'out', 'log', 'be', 'Register']","['O', 'O', 'O', 'B-class', 'O', 'O', 'O', 'O', 'O', 'O', 'O', 'O', 'O']"
"['control', 'shall', 'allow', 'simultaneous', 'operation', 'of', 'up', 'to', 'six', 'software', '.', 'node', 'monitoring', ',', 'locally', 'or', 'remotely', '.', 'the']","['O', 'O', 'O', 'O', 'O', 'O', 'O', 'O', 'O', 'O', 'O', 'I-class', 'I-class', 'O', 'B-attr', 'O', 'B-attr', 'O', 'O']"
"['storage', 'be', 'PV', 'through', 'be', 'line', 'data', 'reduction', 'include', 'ADAM', ',', 'IRAF', ',', 'Midas', ',', 'IDL', 'and', 'Khoros', ';', 'Quick', '-', 'look', 'analysis', 'will', 'and', '-', 'transport', 'astronomical', 'catalog', 'available', 'on', 'the', 'Gemini', 'system', 'be', 'describe', 'the']","['O', 'O', 'O', 'O', 'O', 'O', 'O', 'O', 'O', 'O', 'O', 'O', 'O', 'O', 'O', 'O', 'O', 'O', 'O', 'O', 'O', 'O', 'O', 'O', 'O', 'O', 'O', 'B-class', 'B-class', 'O', 'O', 'O', 'O', 'O', 'O', 'O', 'O']"
"['other', 'process', 'that', 'help', 'the', 'monitor', 'temperature', 'function', 'be', ':', 'cool', 'do', 'status', 'all', 'function', 'or', 'it', 'generate', 'a', 'heating', '/', 'cool', 'signal', 'to', 'turn', 'on', '/', 'Reports', 'off', 'unit', '.', 'the']","['O', 'O', 'O', 'O', 'O', 'B-class', 'I-class', 'I-class', 'O', 'O', 'I-class', 'O', 'B-attr', 'O', 'I-class', 'O', 'O', 'O', 'O', 'B-class', 'I-class', 'I-class', 'I-class', 'O', 'O', 'O', 'O', 'I-class', 'O', 'B-class', 'O', 'O']"
"['function', 'provide', 'by', 'national', 'system', '(', 'STM', ')', 'in', 'co', '-', 'operation', 'on', 'national', 'a', '.', '/', 'ETCS', 'application', 'level', '3', ',', 'ERTMS', '2', '1', 'and', '0', ',', 'train', 'equip', ',', 'with', 'equip', 'line', 'train']","['I-class', 'O', 'O', 'B-class', 'I-class', 'O', 'O', 'O', 'O', 'O', 'O', 'O', 'O', 'B-class', 'O', 'O', 'I-attr', 'I-attr', 'I-attr', 'I-attr', 'O', 'O', 'B-attr', 'O', 'O', 'O', 'O', 'O', 'B-class', 'O', 'O', 'O', 'O', 'B-class', 'B-class']"
"['.', 'investigation', 'the', 'of', 'focus', 'the', 'be', 'that', 'agent', 'the', 'with', 'infect', 'not', 'be', 'but', ',', 'case', 'the', 'subject', 'Contact', 'have', 'OM', 'another', 'of', 'resident', 'the', 'be', 'but', 'jurisdiction', 'one', 'in', 'travel', 'during', 'ill', 'become', 'person', 'a', 'if', ',', 'example', 'for']","['O', 'B-class', 'O', 'O', 'O', 'O', 'O', 'O', 'B-class', 'O', 'O', 'O', 'O', 'O', 'O', 'O', 'B-class', 'O', 'B-class', 'O', 'O', 'O', 'O', 'O', 'B-class', 'O', 'O', 'O', 'B-class', 'O', 'O', 'O', 'O', 'O', 'O', 'B-class', 'O', 'O', 'O', 'O', 'O']"
"['train', 'speed', 'information', 'shall', 'at', 'or', 'below', 'a', 'speed', 'specify', 'be', 'to', 'accord', ')', 'be', 'possible', 'to', 'drive', 'the', 'train', 'backwards', 'in', 'a', 'supervised', 'way', '(', 'speed', 'and', 'distance', 'it', 'use', 'to', 'possible', 'isolate', 'the', 'ETCS', 'trainborne', 'equipment', 'on', 'without', 'traction', ')', 'with', 'an', 'in', '-', 'operative', 'unit(s', 'unit', 'traction', 'multiple', 'enter', ',', 'recieve', 'or', 'indicate', 'to', 'the', 'driver', '.', 'it']","['B-attr', 'I-attr', 'O', 'O', 'O', 'O', 'O', 'O', 'O', 'O', 'O', 'O', 'O', 'O', 'O', 'O', 'O', 'O', 'O', 'B-class', 'O', 'O', 'O', 'O', 'O', 'O', 'O', 'O', 'O', 'O', 'O', 'O', 'O', 'O', 'O', 'B-class', 'I-class', 'I-class', 'O', 'O', 'B-class', 'I-class', 'O', 'O', 'O', 'O', 'O', 'I-class', 'I-class', 'I-class', 'B-class', 'O', 'O', 'O', 'O', 'O', 'O', 'O', 'B-class', 'O', 'O']"
"['.', ')', 'vaccination', 'smallpox', ',', 'i.e.', 'exam', 'specimen', 'prophylaxis', 'plan', 'a', 'of', 'because', 'quarantine', 'or', 'isolate', 'be', 'who', 'individual', 'expose', 'and', 'case', 'about', 'collect', 'be', 'should', 'datum', 'monitoring']","['O', 'O', 'O', 'O', 'O', 'O', 'B-class', 'I-class', 'B-class', 'I-class', 'O', 'O', 'O', 'O', 'O', 'O', 'O', 'O', 'I-class', 'B-class', 'O', 'B-class', 'O', 'O', 'O', 'O', 'I-attr', 'B-attr']"
"['addition', ',', 'when', 'design', 'ISO', 'multimedia', 'presentation', ',', 'the', 'design', 'principle', 'and', 'recommendation', 'describe', 'information', '-', 'role', 'accessibility', 'of', 'the', 'application', 'or', 'to', 'a', 'landmark', 'page', 'page', 'that', 'easy', 'to', 'recognize', 'for', 'the', 'user', '.', 'provide']","['O', 'O', 'O', 'O', 'O', 'O', 'O', 'O', 'O', 'O', 'O', 'O', 'O', 'O', 'O', 'O', 'O', 'O', 'O', 'O', 'O', 'O', 'O', 'O', 'O', 'O', 'O', 'O', 'O', 'O', 'O', 'O', 'O', 'B-class', 'O', 'O']"
"['be', 'urge', 'to', 'review', 'the', 'baseline', 'tag', ',', 'adopt', 'they', 'where', ',', 'you', 'can', 'not', 'your', 'propose', 'tag', 'to', 'a', 'Community', 'of', 'Interest', '(', 'COI', ')', 'and', 'provide', 'amplify', 'information', 'for', 'all', 'submit', 'both', 'may', ',', 'reuse', 'an', 'exist', 'specification', '(', 'a.k.a', '.', 'document']","['O', 'O', 'O', 'O', 'O', 'O', 'B-class', 'O', 'O', 'O', 'O', 'O', 'O', 'O', 'O', 'O', 'O', 'B-class', 'O', 'O', 'B-class', 'I-class', 'I-class', 'O', 'O', 'O', 'O', 'O', 'O', 'O', 'O', 'O', 'O', 'O', 'O', 'O', 'O', 'O', 'O', 'B-class', 'O', 'O', 'O', 'O']"
"['heating', '/', 'cool', 'unit', 'have', 'no', 'real', 'status', 'time', 'when', 'send', 'these', 'status', 'to', 'the', 'themas', 'system', '.', 'the']","['B-class', 'I-class', 'I-class', 'I-class', 'O', 'O', 'O', 'I-attr', 'O', 'O', 'O', 'O', 'B-attr', 'O', 'O', 'O', 'O', 'O', 'O']"
"['the', 'statement']","['O', 'O']"
"['the', 'train', 'start', 'reverse', 'the', 'MA', 'shall', 'be', 'cancel', '.', 'equip', 'if']","['O', 'B-class', 'O', 'O', 'O', 'B-class', 'O', 'O', 'O', 'O', 'O', 'O']"
"['2', ':', 'LO', '=', 'LT']","['O', 'O', 'O', 'O', 'O']"
"['.', 'second', '2', 'than', 'less', 'in', 'charge', 'shipping', 'acquire', 'to', 'able', 'you', 'in', 'all', 'datum', 'shortest', ""'s"", 'Dijkstra', 'via', 'search', 'perform', 'shall', 'path', 'system', '.', '%', '99.99', 'of', 'availability', 'an', 'have', 'the']","['O', 'O', 'O', 'O', 'O', 'O', 'I-attr', 'B-attr', 'O', 'O', 'O', 'O', 'O', 'O', 'I-attr', 'O', 'O', 'O', 'O', 'O', 'O', 'O', 'O', 'O', 'O', 'O', 'O', 'O', 'O', 'O', 'O', 'O']"
"['common', 'command', 'be', 'describe', 'in', 'Section', '5.3', 'on', 'page', '5', '-', '2', '.', 'perform', 'be', 'command', 'ﬂow', 'typically', '2', 'time', 'per', 'night', ')', '.', 'thus']","['O', 'O', 'O', 'O', 'O', 'O', 'O', 'O', 'O', 'O', 'O', 'O', 'O', 'O', 'O', 'O', 'O', 'O', 'O', 'O', 'O', 'O', 'O', 'O', 'O']"
"['relevant', 'example', 'of', 'such', 'a', 'package', 'maintenance', '8', 'information', 'to', 'the', 'Gemini', '8', 'm', 'Telescopes', 'system', 'have', 'internal', ',', 'communication', 'be', 'in', 'itself', 'a', 'distribute', 'telescope', 'system', 'and', 'need', 'instrument', 'of', 'number', 'various', 'piece', 'of', 'equipment', 'should', 'be', 'keep', '.', 'be']","['O', 'O', 'O', 'O', 'O', 'O', 'O', 'O', 'O', 'O', 'O', 'O', 'O', 'O', 'O', 'O', 'O', 'O', 'O', 'O', 'O', 'O', 'O', 'O', 'O', 'O', 'O', 'O', 'O', 'B-class', 'O', 'O', 'O', 'O', 'O', 'O', 'O', 'O', 'O', 'O', 'O']"
"['.', 'operation', 'remote', 'permit', 'to', 'develop', 'be', 'be', 'software', 'all', ':', 'be', 'operation', 'remote', 'support', 'for', 'should', 'no', 'conceptual', 'difference', 'and', 'site', '-', 'on', 'both', 'work', 'should', 'facility', 'observe', 'all', ';', 'remotely', 'and', 'site', '-', 'on', 'work', 'software', 'between', 'requirement', 'off', 'the']","['O', 'O', 'O', 'O', 'O', 'O', 'O', 'O', 'O', 'O', 'O', 'O', 'O', 'O', 'O', 'O', 'O', 'O', 'O', 'O', 'O', 'O', 'O', 'O', 'O', 'O', 'O', 'I-class', 'B-class', 'O', 'O', 'O', 'O', 'O', 'O', 'O', 'O', 'O', 'O', 'O', 'O', 'O']"
"['.', 'fraud', 'against', 'all', 'record', '1000', 'restore', '.', 'second', '2', 'than', 'less', 'in', 'card', 'the']","['O', 'O', 'O', 'O', 'O', 'O', 'O', 'O', 'O', 'O', 'O', 'O', 'O', 'O', 'O']"
"['beep', 'shall', 'have', 'a', 'three', '-', 'quarter', 'second', 'duration', 'supervisor', 'the', 'process', ',', 'system', 'detect', 'a', 'request', 'for', 'an', 'alarm', ',', 'this', 'process', 'shall', 'detect', 'which', 'this', 'of', 'the']","['B-class', 'O', 'O', 'O', 'O', 'O', 'O', 'O', 'B-attr', 'O', 'O', 'O', 'O', 'B-class', 'O', 'O', 'B-class', 'O', 'O', 'B-class', 'O', 'O', 'O', 'O', 'O', 'O', 'O', 'O', 'O']"
"['system', 'have', 'high', 'security', 'feature', 'final', 'second', ';', 'consultation', 'slip', 'should', 'contain', 'the', 'bar', 'code', 'of', 'the', 'Voucher', 'with', 'two', 'identification', 'one', 'for', 'the', 'client', 'and', 'the', 'other', 'for', 'the', 'partner', ';', 'the', 'first', 'tear', 'for', 'the', 'first', 'as', 'far', 'as', 'the', 'will', 'be', 'a', 'provision', 'to', 'create', 'a', 'minimum', 'quantity', 'of', 'voucher', 'at', 'one', 'time', '(', 'such', 'minimum', 'number', 'will', 'be', 'decide', 'by', 'the', 'management', 'team', ')', ';', 'once', 'create', 'the', 'sale', ';', 'authorized', 'user', 'access', 'to', 'the', 'system', ',', 'include', 'all', 'the', 'module', ',', 'sub', '-', 'module', 'and', 'even', 'at', 'the', 'screen', 'level', '.', 'the']","['B-class', 'O', 'O', 'O', 'O', 'O', 'O', 'O', 'I-class', 'I-class', 'O', 'O', 'O', 'B-attr', 'I-attr', 'O', 'O', 'B-class', 'O', 'O', 'O', 'O', 'O', 'O', 'B-class', 'O', 'O', 'O', 'O', 'O', 'B-class', 'O', 'O', 'O', 'O', 'O', 'O', 'B-class', 'O', 'O', 'O', 'O', 'O', 'O', 'O', 'O', 'O', 'O', 'O', 'O', 'B-attr', 'O', 'B-class', 'O', 'O', 'O', 'O', 'O', 'O', 'O', 'O', 'O', 'O', 'O', 'O', 'O', 'O', 'O', 'O', 'O', 'O', 'O', 'O', 'O', 'B-attr', 'O', 'O', 'O', 'O', 'B-class', 'O', 'O', 'O', 'O', 'B-class', 'O', 'B-class', 'I-class', 'I-class', 'O', 'O', 'O', 'O', 'O', 'O', 'O', 'O']"
"['ETCS', 'on', '-', 'board', 'combination', 'the', 'of', 'closing', 'power', 'supply', '.', 'the']","['B-class', 'O', 'O', 'O', 'O', 'O', 'O', 'O', 'B-attr', 'I-attr', 'O', 'O']"
"['.', 'delay', 'and', 'checking', 'minimal', 'observing', 'with', 'and', 'accept', 'be', 'command', 'all', 'where', 'through”mode', 'pass', 'transmit', 'be', 'the', 'primary', 'datum', 'science', 'sound', 'provide', 'of', 'mean', 'good', 'the', 'be', 'it', 'as', ',', 'telescope', 'Gemini', 'the', 'with', 'use', 'mode', 'observation', '""', 'while', 'a', 'operate', 'priority', 'top', 'a', 'clearly', 'be', 'this']","['O', 'O', 'O', 'O', 'O', 'O', 'O', 'O', 'O', 'O', 'O', 'O', 'O', 'O', 'O', 'O', 'O', 'O', 'O', 'O', 'O', 'O', 'O', 'O', 'O', 'O', 'O', 'O', 'O', 'O', 'O', 'O', 'O', 'O', 'O', 'O', 'I-attr', 'B-attr', 'O', 'O', 'O', 'O', 'O', 'O', 'O', 'O', 'O', 'O']"
"['on', 'shall', 'be', 'possible', ',', 'to', 'allow', 'the', 'also', 'information', 'send', 'to', 'shall', 'be', 'capable', 'of', 'receive', 'track', 'description', 'from', 'the', 'trackside', '.', 'it']","['O', 'O', 'O', 'O', 'O', 'O', 'O', 'O', 'O', 'B-attr', 'O', 'O', 'O', 'O', 'O', 'O', 'O', 'B-attr', 'I-attr', 'O', 'O', 'B-class', 'O', 'O']"
"['subsystem', 'return', 'its', 'version', 'identiﬁcation', 'as', 'a', 'string', 'value', ';', 'Getstatus', '.', 'the']","['B-attr', 'O', 'O', 'B-attr', 'I-attr', 'O', 'O', 'O', 'O', 'O', 'O', 'O', 'O']"
"['.', ']', '568', ',', '558', 'UIC', '[', 'Fiches', 'UIC', 'and', 'the', 'Driver', '’s', 'be', 'may', 'or', ')', 'TIU', '(', 'Unit', 'the', 'Interface', 'the', 'via', 'connect', 'be', 'may', 'Device', 'Safety', 'Train', 'connect', 'of', 'the', 'of', 'specification', 'the', 'with', 'comply', 'should', 'interface', 'Address', 'Public', 'the', ',', 'implement', 'if', ')', 'M', 'the', 'UIC', 'Fiche', '[', 'with', 'comply', 'should', 'interface', 'UIC', 'the', ',', 'specification', 'implement', ')', 'o', '(']","['O', 'O', 'O', 'O', 'O', 'O', 'O', 'O', 'O', 'O', 'O', 'B-class', 'O', 'O', 'O', 'O', 'O', 'O', 'O', 'I-class', 'O', 'I-class', 'O', 'O', 'O', 'O', 'O', 'I-class', 'B-class', 'B-class', 'O', 'O', 'O', 'O', 'O', 'O', 'O', 'O', 'O', 'I-class', 'I-class', 'B-class', 'O', 'O', 'O', 'O', 'O', 'O', 'O', 'O', 'O', 'O', 'O', 'O', 'O', 'I-class', 'B-class', 'O', 'O', 'O', 'O', 'O', 'O', 'O']"
"['Code', '(', '2', 'Digit', ')', 'Example', ':', 'p001', ';', 'Group', 'Batch', '(', '.', '3', ')', 'each', 'group', 'batch', 'have', 'a', 'batch', 'of', '100', 'Batches', 'Example', ':', 'gp0001', 'Digit', 'code', 'security', '–', 'sub', '-', 'element', 'to', 'get', 'the', 'batch', 'number', ',', 'voucher', 'number', ',', 'and', 'the', 'project', 'code', '.', 'project']","['I-attr', 'O', 'O', 'O', 'O', 'O', 'O', 'O', 'O', 'B-attr', 'I-attr', 'O', 'O', 'O', 'O', 'O', 'B-class', 'I-class', 'O', 'O', 'B-class', 'O', 'O', 'B-class', 'O', 'O', 'O', 'O', 'I-attr', 'B-attr', 'O', 'O', 'O', 'O', 'O', 'O', 'O', 'B-attr', 'I-attr', 'O', 'B-attr', 'I-attr', 'O', 'O', 'O', 'B-attr', 'I-attr', 'O', 'B-attr']"
"['.', 'precedence', 'take', 'shall', 'Mobile', 'EMC', '515', 'en', 'of', 'range', 'the', 'for', ']', ']', '35', '[', 'Index', ',', '515', '301', 'en', '[', 'in', 'GSM', 'frequency', 'define', 'in', '[', 'by', 'define', 'level', 'emission', 'the', 'where', '301', ')', '(']","['O', 'O', 'O', 'O', 'B-class', 'O', 'O', 'O', 'O', 'O', 'O', 'O', 'O', 'O', 'O', 'O', 'O', 'O', 'O', 'O', 'O', 'O', 'O', 'O', 'O', 'O', 'O', 'O', 'O', 'O', 'I-attr', 'B-attr', 'O', 'O', 'O', 'O', 'O']"
"['observation', 'be', 'perform', 'through', 'a', 'preplanned', 'operation', 'star', 'and', ',', 'system', 'operate', 'via', 'a', 'sequence', 'of', 'command', '.', 'this']","['B-class', 'O', 'O', 'O', 'O', 'O', 'I-attr', 'O', 'O', 'O', 'B-class', 'O', 'O', 'O', 'O', 'O', 'O', 'O', 'O']"
"['.', 'team', 'instrument', 'visitor', 'the', 'and', 'Gemini', 'of', 'that', 'the', 'instrument', 'for', '(', 'instrument', 'visitor', 'the', 'of', 'those', 'with', 'component', 'other', 'system', 'the', 'of', 'motion', 'coordinated', 'particular', 'in']","['O', 'O', 'O', 'O', 'O', 'O', 'O', 'O', 'O', 'O', 'I-class', 'O', 'O', 'I-class', 'B-class', 'O', 'O', 'O', 'O', 'I-class', 'O', 'B-class', 'O', 'O', 'O', 'O', 'O', 'O']"
"['consist', 'of', 'a', 'set', 'of', 'hardware', 'and', 'software', 'component', 'from', 'which', 'a', 'control', 'system', 'Input', ""'"", 'Output', '.', 'provide', 'access', 'to', 'other', 'I', '/', 'o', 'bus', 'that', 'such', 'GPIB', ';', 'LAN', 'Local', 'area', 'network', '.', 'this']","['O', 'O', 'O', 'O', 'O', 'B-class', 'I-class', 'I-class', 'I-class', 'O', 'O', 'O', 'B-class', 'I-class', 'O', 'O', 'O', 'O', 'O', 'O', 'O', 'O', 'O', 'O', 'O', 'O', 'O', 'O', 'O', 'O', 'O', 'O', 'O', 'O', 'O', 'O']"
"['.', 'level', 'c.test', 'level', ';', ')', 'observing', '-', 'non', '(', 'daylight', 'during', 'level', 'maintenance', 'at', 'hour', 'be', 'operation', 'use', 'during', 'particularly', 'but', ',', 'level', 'any', 'at']","['O', 'O', 'O', 'O', 'O', 'O', 'O', 'O', 'O', 'O', 'O', 'O', 'O', 'O', 'O', 'O', 'O', 'O', 'O', 'O', 'O', 'O', 'O', 'B-class', 'O', 'O']"
"['in', 'Police', 'Stations', 'connect', 'on', 'low', '-', 'bandwidth', 'even', 'the', 'should', 'be', 'implement', 'use', 'Service', 'Oriented', 'Architecture', '(', 'system', '.', 'performance', 'have', 'system', 'should', 'work', 'even', 'in', 'an', 'offline', 'mode', 'satisfactory', 'with', 'critical', 'functionality', 'the']","['O', 'O', 'O', 'O', 'O', 'O', 'O', 'O', 'O', 'O', 'O', 'O', 'O', 'O', 'O', 'O', 'O', 'O', 'O', 'O', 'O', 'O', 'O', 'O', 'O', 'O', 'O', 'O', 'O', 'O', 'O', 'O', 'O', 'O', 'O']"
"['shall', 'be', 'possible', 'to', '""', 'shunting', '.', 'from', 'driver', 'select', 'exit', 'from', 'shunt', '.', 'the', 'Partial']","['O', 'O', 'O', 'O', 'O', 'B-attr', 'O', 'O', 'B-class', 'O', 'O', 'O', 'B-class', 'O', 'O', 'B-class']"
"['train', 'datum', 'shall', 'be', 'offer', 'to', 'the', 'driver', 'to', 'be', 'confirm', 'when', 'Data', 'by', 'operative', 'stm', 'to', 'of', 'driver', 'identification', 'and', 'the', 'selection', 'entry', 'of', 'language', 'shall', 'be', 'possible', '.', 'the']","['I-attr', 'I-attr', 'O', 'O', 'O', 'O', 'O', 'B-class', 'O', 'O', 'O', 'O', 'B-class', 'O', 'O', 'B-class', 'O', 'O', 'B-attr', 'I-attr', 'O', 'O', 'O', 'O', 'O', 'B-attr', 'O', 'O', 'O', 'O', 'O']"
"['system', 'the', 'access', 'to', 'able', 'be', 'must', 'administrator']","['O', 'O', 'O', 'O', 'O', 'O', 'O', 'B-class']"
"['the', 'train', 'train', 'from', 'transition', 'a', 'be', 'equip', 'with', 'two', 'operational', 'there', 'shall', 'be', 'no', 'performance', 'penalty', 'as', 'a', 'result', 'of', 'the', '.', 'the']","['O', 'B-class', 'B-attr', 'O', 'O', 'O', 'O', 'O', 'O', 'O', 'B-class', 'O', 'O', 'O', 'O', 'O', 'O', 'O', 'O', 'O', 'O', 'O', 'O', 'O']"
"['.', 'to', 'indicate', 'whether', 'that', 'unit', 'be', 'to', 'be', 'turn', 'on', 'or', 'off', '.', 'flag', 'Approved']","['O', 'O', 'O', 'O', 'O', 'B-class', 'O', 'O', 'O', 'O', 'O', 'O', 'O', 'O', 'B-attr', 'O']"
"[':', 'interface', 'air', 'concern', 'this', 'interface', 'be', 'Applications', 'EIRENE', '-', 'MT', '-', 'GSM', ')', ':', '3', ')', 'o', '(']","['O', 'I-class', 'I-class', 'O', 'O', 'O', 'O', 'I-class', 'I-class', 'I-class', 'I-class', 'I-class', 'B-class', 'O', 'O', 'O', 'O', 'O', 'O']"
['='],['O']
"[';', '.', 'b2', ';', ""'s"", 'Person', 'Sales', 'recognize', 'system']","['O', 'O', 'O', 'O', 'O', 'I-class', 'B-class', 'O', 'O']"
"['M', ')', 'in', 'receiver', 'location', '(', '.', 'the']","['O', 'O', 'O', 'B-class', 'B-attr', 'O', 'O', 'O']"
"['trip', 'shall', 'on', 'the', 'DMI', '.', 'the']","['I-class', 'O', 'O', 'O', 'B-class', 'O', 'O']"
"['be', '15', 'cat', 'at', 'the', 'APS', 'with', 'most', 'cat', 'responsible', 'for', 'a', 'single', 'sector', '(', '2', 'beamline', ')', '.', ',', 'some', 'new', 'record', 'to', 'home', 'institution', '.', 'the']","['O', 'O', 'B-class', 'O', 'O', 'O', 'O', 'O', 'O', 'O', 'O', 'O', 'O', 'B-class', 'O', 'O', 'O', 'O', 'O', 'O', 'O', 'O', 'O', 'O', 'B-class', 'I-class', 'O', 'O']"
"['.', ',', 'field', 'and', 'button', 'be', 'important', 'both', 'for', 'link', 'user', 'prefer', 'a', 'certain', 'input', 'mode', ',', 'mobile', 'user', 'who', 'and', 'as', 'control', 'control', 'by', 'a', 'variety', 'of', 'input', 'device', '.', 'such', 'the']","['O', 'O', 'O', 'O', 'O', 'O', 'O', 'O', 'O', 'O', 'B-class', 'O', 'O', 'O', 'O', 'O', 'O', 'O', 'O', 'O', 'O', 'O', 'O', 'O', 'O', 'O', 'O', 'O', 'O', 'O', 'O', 'O', 'O']"
"['Weborder', 'with', 'browser', 'web', 'a', 'via', 'system', 'weborder', ';', 'the', 'to', 'able', 'be', 'must', 'administrator']","['O', 'O', 'O', 'O', 'O', 'O', 'O', 'O', 'O', 'O', 'O', 'O', 'O', 'O', 'B-class']"
"['IOC', 'system', 'continue', 'to', 'the', 'transmit', 'value', 'until', 'a', 'StopStream', 'command', 'be', 'receive', ';', 'data', 'through', 'transmit', 'be', 'item', 'be', 'obtain', ';', 'PutValue', 'a', 'value', 'be', 'transmit', 'for', 'the', 'speciﬁed', 'item', ';', 'StartStream', 'a', 'stream', 'of', 'datum', 'StopStream', 'speciﬁed', 'the']","['B-class', 'I-class', 'O', 'O', 'O', 'O', 'I-attr', 'O', 'O', 'O', 'O', 'O', 'O', 'O', 'B-attr', 'O', 'O', 'O', 'B-class', 'O', 'O', 'O', 'O', 'O', 'B-attr', 'O', 'O', 'O', 'O', 'O', 'B-class', 'O', 'O', 'O', 'B-class', 'I-class', 'I-class', 'O', 'O', 'O']"
"['.', 'A.Astronomer']","['O', 'B-class']"
"['.', 'f.administrator', ';', 'subsystem', 'of', 'upgrading', 'and', ',', 'configuring', 'system', 'as', 'an', 'integrate', 'modification', 'system', 'and', ',', 'time', '-', 'down', 'maintenance', ',', 'change', ',', 'scheduling', 'appropriate', 'determine', 'to', 'user', 'other', 'with', 'work', 'they']","['O', 'B-class', 'O', 'B-class', 'O', 'O', 'O', 'O', 'O', 'O', 'O', 'O', 'O', 'I-attr', 'B-attr', 'O', 'O', 'I-attr', 'I-attr', 'I-attr', 'B-attr', 'O', 'I-attr', 'O', 'I-attr', 'O', 'O', 'O', 'B-class', 'O', 'O', 'O', 'O']"
"['in', 'file', 'the']","['O', 'I-class', 'O']"
"['Data', 'shall', 'the', 'establish', 'file', 'exceed', 'a', 'maximum', 'deviation', 'value', 'of', '3', 'degree', 'Fahrenheit', '.', 'Initialization']","['O', 'O', 'O', 'O', 'I-class', 'O', 'O', 'B-attr', 'I-attr', 'I-attr', 'O', 'O', 'O', 'O', 'O', 'O']"
"['.', 'drug', 'up', 'follow', 'first', 'visit', 'should', 'First', 'Syndrome', '.', 'Description', 'Status', ';', 'Code', 'Status', ';', 'Master', 'Status', 'claim']","['O', 'I-attr', 'I-attr', 'I-attr', 'B-attr', 'I-attr', 'O', 'B-attr', 'B-attr', 'O', 'I-attr', 'B-attr', 'O', 'I-attr', 'B-attr', 'O', 'I-attr', 'I-attr', 'B-attr']"
"['the', 'fail', 'necessary', 'information', 'be', '.', 'the']","['O', 'O', 'O', 'B-attr', 'O', 'O', 'O']"
"['maintain', 'a', 'to', 'turn', 'on', 'or', 'off', 'a', 'heating', 'or', 'cool', 'unit', ',', 'the', 'following', 'request', 'processing', 'shall', 'themas', 'system', '.', 'the']","['O', 'O', 'O', 'O', 'O', 'O', 'O', 'O', 'B-class', 'I-class', 'I-class', 'I-class', 'O', 'O', 'O', 'B-class', 'O', 'O', 'O', 'B-class', 'O', 'O']"
"['.', '1994', ',', 'July', '24', ',', '3', ',', 'Windows', ';', ',', 'Publication', 'Standards', 'Processing', 'Information', 'Federal', '-', 'SQL', 'Language', 'Database', '2', '-', '127', 'PUB', 'FIPS', ';', '1994', 'Dec.', 'DOD', ',', 'and', 'Windows', 'the', 'with', 'planning', 'crisis', 'as', 'such', 'operation', 'wartime', 'scale', 'full', 'to', 'readiness', 'of', 'degree', 'vary', 'to', 'react', 'use', 'must', 'of', 'data', 'Software', 'Services', 'XML']","['O', 'O', 'O', 'O', 'O', 'O', 'O', 'O', 'O', 'O', 'O', 'O', 'O', 'O', 'O', 'O', 'O', 'O', 'O', 'O', 'O', 'O', 'O', 'O', 'O', 'O', 'O', 'O', 'O', 'O', 'O', 'O', 'O', 'O', 'O', 'O', 'O', 'O', 'O', 'O', 'O', 'O', 'O', 'O', 'O', 'O', 'O', 'O', 'O', 'O', 'O', 'O', 'O', 'O', 'O', 'O']"
"['.', 'Status', ';', 'Code', 'Status', ';', 'Master', 'Status', 'Patient']","['O', 'B-attr', 'O', 'I-attr', 'B-attr', 'O', 'I-attr', 'I-attr', 'B-attr']"
"['datum', 'enter', ',', 'receive', 'or', '.', 'indicate', 'the', 'driver', 'shall', 'be', 'record', 'onboard', 'to', 'unit', 'traction', 'lead', 'use', 'more', 'than', 'one', 'traction', 'unit', 'this', 'function', 'shall', 'be', 'disable', 'in', 'all', 'but', 'the', '.', 'when', 'all']","['B-attr', 'O', 'O', 'O', 'O', 'O', 'O', 'O', 'B-class', 'O', 'O', 'O', 'O', 'O', 'I-attr', 'I-attr', 'B-attr', 'O', 'O', 'O', 'O', 'B-class', 'I-class', 'O', 'B-class', 'O', 'O', 'B-attr', 'O', 'O', 'O', 'O', 'O', 'O', 'O']"
"['.', 'number', 'functional', 'or', 'Cab', 'number', 'telephone', 'valid', 'any', 'be', 'provide', 'to', 'initiate', 'M', '(']","['O', 'I-attr', 'B-attr', 'O', 'B-class', 'I-attr', 'B-attr', 'O', 'O', 'O', 'O', 'O', 'O', 'O', 'O']"
"['button', 'customer', 'locate', 'easy', 'employ', 'shall', 'system', 'the', 'administrator', 'and', 'to', 'easy', 'be', 'shall', 'will', 'system', 'the']","['O', 'B-class', 'O', 'O', 'O', 'O', 'O', 'O', 'B-class', 'O', 'O', 'O', 'O', 'O', 'O', 'O', 'O']"
"['requirement', 'for', 'this', 'database', 'package', 'be', ':', '.All', 'telescope', ',', 'instrument', ',', 'and', 'to', 'each', 'to', 'command', 'error', 'failure', '.', 'see']","['O', 'O', 'O', 'O', 'O', 'O', 'O', 'O', 'B-attr', 'I-attr', 'I-attr', 'I-attr', 'I-attr', 'O', 'O', 'O', 'O', 'O', 'O', 'O', 'O']"
"['location', 'the', 'find', 'for', 'engine', 'search', 'a', 'be', 'will', 'system', 'the', 'of', 'feature', 'main', 'of', 'the']","['B-attr', 'O', 'O', 'O', 'O', 'O', 'O', 'O', 'O', 'B-class', 'O', 'O', 'O', 'O', 'O', 'O']"
"['call', 'make', 'to', 'a', 'train', 'number', 'be', 'forward', 'by', 'the', 'number', 'personal', 'appropriate', 'most', 'translation', 'facility', 'will', 'be', 'provide', 'to', 'allow', 'difficulty', 'call', 'functional', 'number', 'to', 'be', 'forward', 'to', 'the', 'to', 'number', 'a', 'button', 'ground', 'base', 'system', '.', 'within']","['O', 'O', 'O', 'O', 'B-attr', 'I-attr', 'O', 'O', 'O', 'O', 'I-attr', 'B-attr', 'O', 'O', 'B-class', 'I-class', 'O', 'O', 'O', 'O', 'O', 'O', 'O', 'B-attr', 'I-attr', 'O', 'O', 'O', 'O', 'O', 'O', 'I-attr', 'O', 'O', 'B-class', 'I-class', 'I-class', 'O', 'O']"
"['the', 'software', 'and', 'control', 'system', 'produce', 'as', 'part', 'of', 'the', 'Gemini', 'Project', 'Work', 'package', 'exhibit', 'numerous', 'common', 'attribute', '.', 'application', 'whenever', 'allow', 'that', 'function', 'of', 'the', 'individual', 'work', 'package', 'and', 'deﬁne', 'a', 'in', 'appropriate', 'work', 'package', 'description', '.', 'change']","['O', 'B-class', 'I-class', 'I-class', 'I-class', 'O', 'O', 'O', 'O', 'O', 'O', 'O', 'O', 'O', 'O', 'O', 'B-attr', 'I-attr', 'O', 'O', 'O', 'O', 'O', 'O', 'O', 'O', 'O', 'O', 'O', 'O', 'O', 'O', 'O', 'O', 'O', 'O', 'O', 'O', 'O']"
"['.', ']', 'define', 'a', 'radio', 'system', 'satisfy', 'the', 'mobile', 'Requirements', 'communication', 'of', 'the', 'european', 'railway', '[', 'EIRENE', 'FRS', 'requirement', 'cross', 'national', 'or', 'compliant', 'network', '.', '(']","['O', 'O', 'O', 'O', 'O', 'O', 'O', 'O', 'O', 'O', 'O', 'O', 'O', 'O', 'O', 'O', 'O', 'O', 'O', 'O', 'O', 'O', 'O', 'O', 'O', 'O']"
"['fault', 'detection', 'and', ',', 'possibly', ',', 'isolation', 'capability', 'be', 'use', 'for', 'periodic', 'or', 'continuous', 'monitoring', 'of', 'major', 'objective', 'be', ':', 'cost', 'of', 'documentation', ';', 'testability', 'requirement', '.', 'the']","['O', 'O', 'O', 'O', 'O', 'O', 'O', 'O', 'O', 'O', 'O', 'O', 'O', 'O', 'O', 'O', 'O', 'O', 'O', 'O', 'O', 'O', 'O', 'O', 'O', 'O', 'O', 'O']"
"['.', 'second', '/', 'c', '°', '3', 'to', 'the', 'train', 'cab', 'shall', 'of', 'pulse', 'pressure', 'tunnel', '-', 'in', ')', 'up', 'M', ':', 'condition', 'physical', 'additional', 'follow', 'the', 'withstand', '(', 'equipment', 'of', 'temperature', 'to', '-40C', 'from', 'temperature', 'of', 'extreme', 'withstand', 'of', 'capable', 'be', 'shall', 'train', 'the', 'to', 'external', '+70C.', '(', 'M', ')', 'rapid', 'during', 'correctly', 'function', 'shall', 'train', 'the', 'fluctuation', 'to', 'mount', 'equipment', 'other', 'any', 'and', 'aerial', 'the', 'external', 'rolling', 'in', 'mount', ',', 'enable', 'be', 'selection', 'network', 'automatic', 'whilst', ')', 'M', '(']","['O', 'O', 'O', 'O', 'O', 'O', 'O', 'O', 'B-class', 'O', 'O', 'O', 'I-attr', 'I-attr', 'I-attr', 'I-attr', 'B-attr', 'O', 'O', 'O', 'O', 'O', 'O', 'O', 'O', 'O', 'O', 'O', 'O', 'O', 'O', 'O', 'O', 'O', 'O', 'O', 'O', 'O', 'O', 'O', 'O', 'O', 'B-class', 'O', 'O', 'O', 'O', 'O', 'O', 'O', 'O', 'O', 'O', 'O', 'O', 'B-class', 'O', 'O', 'O', 'O', 'O', 'O', 'O', 'O', 'O', 'O', 'O', 'O', 'O', 'O', 'O', 'O', 'O', 'O', 'O', 'O', 'O', 'O', 'O', 'O']"
"['deﬁnition', 'of', 'microprocessor', 'instead', 'deal', 'section', 'requirement', 'will', 'be', 'deﬁne', 'in', 'the', 'Hardware', 'constraint', '(', 'see', 'section', '3.4.2', 'on', 'page', '3-', '12', ')', '.', 'this']","['O', 'O', 'O', 'O', 'O', 'O', 'O', 'O', 'O', 'O', 'O', 'O', 'O', 'O', 'O', 'O', 'O', 'O', 'O', 'O', 'O', 'O', 'O', 'O', 'O']"
"['.', 'monitor', 'and', ',', 'investigate', ',', 'trace', 'be', 'exist', 'may', 'case', ',', 'one', 'allow', 'by', 'trace', 'exposure', 'contact', 'support', 'must', 'OM', 'support', 'system']","['O', 'O', 'O', 'O', 'O', 'O', 'O', 'O', 'O', 'O', 'B-class', 'O', 'O', 'O', 'O', 'O', 'O', 'O', 'O', 'O', 'O', 'O', 'B-class']"
"['.', 'vocabulary', 'specific', '-', 'domain', ',', 'configurable', 'use', 'of', 'capable', 'be', 'should', 'OM', 'support', 'system']","['O', 'B-class', 'O', 'O', 'O', 'O', 'O', 'O', 'O', 'O', 'O', 'O', 'O', 'O', 'B-class']"
"['be', 'should', 'equipment', 'observation', 'and', 'simulate', 'observation', 'to', 'estimate', 'result', '.', 'on']","['O', 'O', 'B-class', 'O', 'O', 'O', 'O', 'O', 'O', 'O', 'O', 'O']"
"['all', 'status', 'to', 'target', 'the', 'cause', 'target', 'subsystem', 'be', 'to', 'enter', 'the', 'state', 'associate', 'with', 'the', 'speciﬁed', 'status', 'argument', '.', 'for']","['O', 'B-attr', 'O', 'O', 'O', 'O', 'O', 'B-class', 'O', 'O', 'O', 'O', 'O', 'O', 'O', 'O', 'O', 'O', 'O', 'O', 'O']"
"['link', 'choose', 'to', 'transfer', 'of', 'access', 'observe', 'maximize', 'be', 'acquire', 'and', 'store', 'in', 'the', 'most', 'effective', 'must', 'way', 'will', 'allow', ';', 'effectiveness', 'should', 'be', 'evaluate', 'in', 'technology', 'datum', 'detector']","['O', 'O', 'O', 'O', 'O', 'O', 'O', 'O', 'O', 'O', 'O', 'O', 'O', 'O', 'O', 'O', 'O', 'O', 'O', 'O', 'O', 'O', 'O', 'O', 'O', 'O', 'O', 'O', 'O']"
"['.', 'movement', 'previous', 'no', 'be', 'a', 'there', 'unvailable', 'be', 'action', '""', 'undo', '""', 'the']","['O', 'O', 'O', 'O', 'O', 'O', 'O', 'O', 'O', 'O', 'O', 'O', 'O', 'O']"
"['.', 'people', 'in', 'ci-2', ';', 'number', 'e', 'an', 'send', 'shall', 'system', 'WebOrder', 'the']","['O', 'O', 'O', 'O', 'O', 'O', 'O', 'O', 'O', 'O', 'O', 'O', 'O']"
"['.', 'document', 'this', 'in', 'cover', 'be', 'Gemini', 'it']","['O', 'O', 'O', 'O', 'O', 'O', 'O', 'O']"
"['line', ';', 'for', 'free', 'for', '(', 'NTA', ')', ',', 'adapt', 'for', 'this', 'voucher', 'scheme', '(', 'TA', '-', 'OBA', ',', 'treatment', 'algorithm', 'for', 'std', 'treatment', 'in', 'the', 'OBA', 'scheme', ')', ',', 'be', 'give', 'to', 'client', 'with', 'Uganda', 'the', 'the', '-', 'up', 'visit', '.', 'if']","['O', 'O', 'O', 'O', 'O', 'O', 'O', 'O', 'O', 'O', 'O', 'O', 'O', 'O', 'O', 'O', 'O', 'O', 'O', 'O', 'O', 'O', 'O', 'O', 'O', 'O', 'O', 'O', 'O', 'O', 'O', 'O', 'O', 'B-class', 'O', 'O', 'O', 'O', 'O', 'O', 'O', 'O', 'O']"
"[';', 'character', 'alphanumeric', 'generate', 'system', 'cost']","['O', 'O', 'O', 'O', 'O', 'O']"
"['operation', 'be', 'complement', 'by', 'use', 'previously', 'store', 'datum', ',', 'calibration', 'program', 'at', 'require', 'or', 'to', 'enter', 'interactive', 'operation', 'from', 'automatic', 'operation', 'to', 'possible', 'handle', 'condition', '.', 'this']","['O', 'O', 'O', 'O', 'O', 'O', 'O', 'O', 'O', 'O', 'O', 'O', 'O', 'O', 'O', 'O', 'O', 'O', 'O', 'O', 'O', 'O', 'O', 'O', 'O', 'O', 'O']"
"['B4', ';', 'confirm', 'administrator']","['O', 'O', 'O', 'B-class']"
"[',', 'each', 'error', 'message', 'will', 'they', 'be', 'by', 'explanatory', 'text', 'and', 'an', 'indication', 'of', 'accompany', 'see', 'to', 'likely', 'must', 'be', 'meaningful', ',', 'so', 'that', 'they', 'can', 'be', 'appropriately', 'act', 'upon', 'by', 'the', 'user', 'who', 'be', 'the', 'the', 'table', ',', ',', 'user', 'identifier', '.', 'frequently']","['O', 'O', 'O', 'O', 'O', 'O', 'O', 'O', 'O', 'O', 'O', 'O', 'O', 'O', 'O', 'O', 'O', 'O', 'O', 'O', 'O', 'O', 'O', 'O', 'O', 'O', 'O', 'O', 'O', 'O', 'O', 'O', 'B-class', 'O', 'O', 'O', 'O', 'O', 'O', 'O', 'B-attr', 'I-attr', 'O', 'O']"
"['category', '.', 'or', 'category', 'sub', 'contain', 'can', 'category', 'a', 'product', '.', 'category', 'tiered', 'to', 'ability', 'the', 'as', 'such', ',', 'information', 'store', 'payment', 'also', 'will', 'profile', 'customer', ',', 'furthermore']","['I-class', 'O', 'O', 'I-class', 'B-class', 'O', 'O', 'B-class', 'O', 'B-class', 'O', 'I-class', 'I-class', 'O', 'O', 'O', 'O', 'O', 'O', 'O', 'O', 'O', 'O', 'O', 'I-class', 'B-class', 'O', 'O']"
"['the', 'event', 'a', 'of', 'Transmission', 'Failure', 'the', 'follow', 'reaction', ',', 'a', 'in', 'result', 'might', 'one', 'operational', 'radio', ',', 'pass', 'from', 'one', 'rbc', 'to', 'another', 'shall', 'still', 'be', 'possible', 'but', 'shall', 'only', 'be', 'of', 'the', 'emergency', 'brake', '.', 'the']","['O', 'O', 'O', 'O', 'B-class', 'I-class', 'O', 'O', 'O', 'O', 'O', 'O', 'O', 'O', 'O', 'B-class', 'I-class', 'O', 'O', 'O', 'O', 'B-class', 'O', 'O', 'O', 'O', 'O', 'O', 'O', 'O', 'O', 'O', 'O', 'O', 'B-class', 'I-class', 'O', 'O']"
"['.', 'travel', 'person', 'expose', 'the', 'place', 'each', 'for', 'accordingly', 'note', 'be', 'should', 'datum', 'conveyance', 'collect', 'for', 'an', 'animal', 'delivery', 'include', '(', 'schedule', 'delivery', 'and', ',', 'receipt', 'adoption', 'time', 'and', 'shelter', 'animal', ',', 'invoice', 'shipping', 'include', 'should', 'object', 'or', 'delivery', 'the', ',', 'link', 'characteristic', 'demographic', 'share', 'control', ',', 'example', 'for']","['O', 'O', 'B-class', 'O', 'O', 'B-class', 'O', 'O', 'O', 'O', 'O', 'O', 'I-attr', 'B-attr', 'O', 'O', 'O', 'B-class', 'B-attr', 'O', 'O', 'I-attr', 'B-attr', 'O', 'O', 'I-attr', 'I-attr', 'I-attr', 'I-attr', 'I-attr', 'B-attr', 'O', 'I-attr', 'B-attr', 'O', 'O', 'B-class', 'O', 'I-attr', 'O', 'O', 'I-attr', 'I-attr', 'B-attr', 'O', 'B-class', 'O', 'O', 'O']"
"['.', 'change', 'to', 'be', 'have', 'option', '’s', 'in', '-', 'plug', 'a']","['O', 'O', 'O', 'O', 'O', 'O', 'O', 'O', 'O', 'O', 'O']"
"['shall', 'time', 'be', 'as', 'define', 'by', 'a', 'value', 'give', 'possible', 'any', 'at', 'close', '.', 'the']","['O', 'O', 'O', 'O', 'O', 'O', 'O', 'O', 'O', 'O', 'O', 'O', 'O', 'O', 'O']"
"['.', 'order', 'confirm', 'and', 'able', 'customer']","['O', 'B-class', 'O', 'O', 'O', 'B-class']"
"['.', 'remotely', 'situate', 'colleague', 'from', 'monitoring', 'obtain', 'only', 'can', 'and', 'need', 'be', 'advice', 'expert', 'when', 'be', 'allow', 'they', 'to', 'different', 'select', 'by', 'e.g.', '(', 'work', 'be', 'system', 'the', 'how', 'investigate', 'and', 'perform', 'test', 'of', 'result', 'the', 'directly', 'follow', 'page', ',', 'that', 'mean', 'user', 'these', 'on']","['O', 'O', 'O', 'O', 'O', 'O', 'O', 'O', 'O', 'O', 'O', 'O', 'O', 'O', 'O', 'O', 'O', 'O', 'O', 'O', 'O', 'O', 'O', 'O', 'O', 'O', 'O', 'O', 'O', 'O', 'O', 'O', 'O', 'O', 'O', 'O', 'O', 'O', 'O', 'O', 'O', 'O', 'B-class', 'O', 'O']"
"['be', 'Woosnam', 'to', 'and', 'by', 'study', 'the', 'of', 'TRUE', 'especially', 'be', 'this']","['O', 'O', 'O', 'O', 'O', 'B-class', 'O', 'O', 'O', 'O', 'O', 'O']"
"[',', 'if', 'request', ',', 'the', 'detailed', 'result', 'of', 'with', 'the', 'GetConﬁguration', 'in', 'the', 'appropriate', 'Work', 'Package', 'Description', '.', 'detailed']","['O', 'O', 'O', 'O', 'O', 'O', 'O', 'O', 'O', 'O', 'O', 'O', 'O', 'O', 'O', 'O', 'O', 'O', 'O']"
"['require', 'also', 'that', 'the', 'observe', 'program', 'be', '.', 'time', 'few', 'a', 'user', '.', 'service']","['O', 'O', 'O', 'O', 'B-class', 'I-class', 'O', 'O', 'O', 'O', 'O', 'B-class', 'O', 'O']"
"['.', ']', '3', 'and', '2', ')', 'cab', 'degree', 'high', 'in', 'define', 'requirement', 'the', 'meet', 'shall', 'aerial', 'exterior', 'the', 'from', 'equipment', 'board', '-', 'on', 'other', '[', 'ENV', '50121', 'part', 'the', 'to', ']', '4', 'and', '2', '-', 'possible', '3', '1', '-', '3', ',', '2', ',', '1', ',', 'from', 'and', 'mount', 'for', 'voltage', 'over', '%', '20', ';', 'voltage', 'supply', 'nominal', 'of', '%', '±15', 'to', 'up', 'fluctuation', 'up', 'to', '10', ';', 'Cab', 'the']","['O', 'O', 'O', 'O', 'O', 'O', 'B-class', 'O', 'O', 'O', 'O', 'O', 'O', 'O', 'O', 'O', 'O', 'O', 'O', 'I-class', 'I-class', 'I-class', 'B-class', 'O', 'O', 'O', 'O', 'O', 'O', 'O', 'O', 'O', 'O', 'O', 'O', 'O', 'O', 'O', 'O', 'O', 'O', 'O', 'O', 'O', 'O', 'O', 'I-class', 'I-class', 'O', 'O', 'O', 'O', 'O', 'O', 'O', 'O', 'O', 'O', 'O', 'O', 'O', 'O', 'O', 'O', 'O', 'O', 'O', 'B-class', 'O']"
"['individual', 'selftest', 'be', 'speciﬁc', 'to', 'the', 'command', 'may', '.', 'log', 'Gemini', 'control', 'network', '.', 'instance']","['O', 'O', 'O', 'O', 'O', 'O', 'O', 'O', 'O', 'O', 'O', 'O', 'O', 'O', 'O']"
"['desire', 'function', 'as', 'specify', 'in', 'the', 'related', 'UIS', '.', 'the']","['O', 'O', 'O', 'O', 'O', 'O', 'O', 'O', 'O', 'O']"
"['.', 'operation', 'Telescopes', 'm', '8', 'Gemini', 'may', 'will', 'they', 'Telescopes', 'include', 'staff', 'operation', ',', 'Currently', 'Definition']","['O', 'O', 'O', 'O', 'O', 'O', 'O', 'O', 'O', 'O', 'O', 'I-class', 'B-class', 'O', 'O', 'O']"
"['goal', 'of', 'access', 'Remote', 'support', ')', 'Access', '(', 'RDA', '):', 'be', 'an', '(', '9579', ')', 'application', 'layer', 'interoperability', 'standard', '(', 'protocol', 'and', 'format', 'to', 'a', 'iso', 'stripe', 'an', 'object', 'base', 'on', 'the', 'clearance', 'level', 'to', 'of', 'subject', '(', 'user', ')', 'and', 'the', 'sensitivity', 'the', 'access', 'imediate', '):', 'view', 'do', 'not', 'need', 'to', 'know', 'where', 'the', 'datum', 'originate', 'from', ';', 'Mandatory', 'Access', 'Control', '(', 'MAC', 'label', 'of', 'the', 'object', 'maintenance', 'of', 'a', 'database', 'on', 'a', 'transaction', 'basis', 'for', 'the', 'purpose', 'of', 'rapid', 'error', 'or', 'failure', 'recovery', 'and', 'the', 'replication', 'database', '.', '(']","['O', 'O', 'O', 'O', 'O', 'O', 'O', 'O', 'O', 'O', 'O', 'O', 'O', 'O', 'O', 'O', 'O', 'O', 'O', 'O', 'O', 'O', 'O', 'O', 'O', 'O', 'O', 'O', 'O', 'O', 'O', 'O', 'B-attr', 'I-attr', 'O', 'O', 'B-class', 'O', 'O', 'O', 'O', 'O', 'B-attr', 'O', 'O', 'O', 'O', 'O', 'O', 'O', 'O', 'O', 'O', 'O', 'O', 'O', 'O', 'O', 'O', 'O', 'O', 'O', 'O', 'O', 'I-attr', 'O', 'O', 'B-class', 'O', 'O', 'O', 'O', 'O', 'O', 'O', 'O', 'O', 'O', 'O', 'O', 'O', 'O', 'O', 'O', 'O', 'O', 'O', 'O', 'O', 'O', 'O']"
['the'],['O']
"['call', 'waiting', 'service', '(', 'CW', ')', 'permit', 'a', 'emergency', ';', 'M', ')', 'M', ';', 'shunt', 'mode', '(', 'section', '14', '11', ')', ';', 'Multiple', 'driver', 'communication', '(', 'section', '5', 'M', '-', '515', 'EN', 'for', 'voice', 'broadcast', 'call', '.', '(']","['B-class', 'I-class', 'I-class', 'O', 'O', 'O', 'O', 'O', 'O', 'O', 'O', 'O', 'O', 'O', 'O', 'O', 'O', 'O', 'O', 'O', 'O', 'O', 'O', 'O', 'O', 'O', 'O', 'O', 'O', 'O', 'O', 'O', 'O', 'O', 'O', 'O', 'O', 'O']"
"['.', 'the']","['O', 'O']"
"['driver', 'shall', 'be', 'able', 'to', 'release', 'an', 'ETCS', 'emergency', 'brake', 'brake', 'able', 'when', 'actual', 'the', 'trainborne', 'equipment', 'shall', 'monitor', 'the', 'movement', 'direction', 'movement', 'in', 'relation', 'to', 'the', 'permit', 'of', 'reverse', 'unwanted', 'and', 'speed', 'be', 'below', 'the', 'permit', 'speed', '.', 'to']","['B-class', 'O', 'O', 'O', 'O', 'O', 'O', 'B-class', 'I-class', 'I-class', 'I-class', 'O', 'O', 'B-attr', 'O', 'B-class', 'I-class', 'O', 'O', 'O', 'O', 'B-attr', 'I-attr', 'O', 'O', 'O', 'O', 'B-attr', 'I-attr', 'O', 'O', 'O', 'I-attr', 'O', 'O', 'O', 'B-attr', 'I-attr', 'O', 'O']"
"['fix', 'patch', 'organization', 'our', 'with', 'feature', 'and', 'enhancement', 'future', 'and', 'on', 'shall', 'Yoggie']","['O', 'O', 'O', 'O', 'O', 'O', 'O', 'O', 'O', 'O', 'O', 'O', 'O']"
"['indicate', 'table', 'these']","['O', 'O', 'O']"
"['.', 'protection', 'supersede', 'by', 'national', 'requirement', 'provide', 'the', 'national', 'may', 'standard', 'a', 'high', 'level', 'of', 'environmental', 'and', 'physical', 'provide', ']', ';', 'vibration', '(']","['O', 'O', 'O', 'O', 'O', 'O', 'O', 'O', 'O', 'O', 'O', 'O', 'O', 'O', 'O', 'O', 'O', 'O', 'O', 'O', 'O', 'B-attr', 'O']"
"['equipment', 'shall', 'support', 'a', 'programmed', 'adjustment', 'and', 'engineering', 'System', 'requirement', 'Gemini', 'procedure', ';', 'training', 'and', 'experience', ';', 'interaction', 'with', ';', 'team', ';', 'management', 'and', 'organizational', 'behavior', '.', 'the']","['O', 'O', 'O', 'O', 'O', 'O', 'O', 'O', 'O', 'O', 'O', 'O', 'O', 'O', 'O', 'O', 'O', 'O', 'O', 'O', 'O', 'O', 'O', 'O', 'O', 'O', 'O', 'O']"
"['character', 'set', 'train', 'alert', 'fix', 'message', 'inhibition', 'of', 'the', 'follow', 'different', 'type', 'the', 'of', ':', 'regenerative', 'brake', ';', 'Eddy', 'current', 'brake', 'regard', 'information', 'send', 'shall', 'be', 'provide', 'in', 'the', 'language', 'select', 'by', 'the', 'driver', 'it']","['B-class', 'I-class', 'B-class', 'O', 'B-class', 'I-class', 'O', 'O', 'O', 'O', 'O', 'B-attr', 'O', 'O', 'O', 'O', 'O', 'O', 'O', 'O', 'B-class', 'O', 'O', 'O', 'O', 'O', 'O', 'O', 'O', 'B-attr', 'O', 'O', 'O', 'B-class', 'O']"
"['approach', 'can', 'be', 'use', 'for', 'achieve', 'these', '.', 'for', 'can', 'user']","['O', 'O', 'O', 'O', 'O', 'O', 'O', 'O', 'O', 'O', 'O']"
"['plan', 'will', 'address', 'all', 'area', 'Control', 'people', 'protect', 'to', ';', 'use', 'interlock', 'and', 'other', 'protective', 'device', 'when', 'hazard', 'can', 'not', 'be', 'eliminate', ';', 'provide', 'distinctive', 'marking', 'and', 'warning', 'human', 'or', 'isolate', 'system', 'year', ',', 'and', 'since', 'computer', 'technology', 'be', 'expect', 'of', 'to', 'rapidly', 'over', 'this', 'same', 'period', ',', 'the', 'software', 'evolve', 'period', 'a', 'over', '%', 'of', 'the', 'time', 'before', 'the', 'failure', 'impact', 'observe', '.', 'since']","['O', 'O', 'O', 'O', 'O', 'O', 'O', 'O', 'O', 'O', 'O', 'O', 'O', 'O', 'O', 'O', 'O', 'O', 'O', 'O', 'O', 'O', 'O', 'O', 'O', 'O', 'O', 'O', 'O', 'O', 'O', 'O', 'O', 'O', 'O', 'O', 'O', 'O', 'O', 'O', 'O', 'O', 'O', 'O', 'O', 'O', 'O', 'O', 'O', 'O', 'O', 'O', 'O', 'O', 'O', 'O', 'O', 'O', 'O', 'O', 'O', 'O', 'O', 'O', 'O']"
"['.', '14', 'and', 'location', 'dependent', 'addressing', ';', '12', '.', 'functional']","['O', 'O', 'O', 'O', 'O', 'O', 'O', 'O', 'O', 'O']"
"['client', 'can', 'communicate', 'with', 'an', 'and', 'arbitrary', 'of', 'server', '.', 'it']","['B-class', 'O', 'O', 'O', 'O', 'O', 'O', 'O', 'B-class', 'O', 'O']"
"['.', '2']","['O', 'O']"
"[')', '.', 'the']","['O', 'O', 'O']"
"['frame', 'be', 'use', ',', 'it', 'purpose', 'be', 'to', 'title', 'each', 'frame', ',', 'and', 'to', 'describe', 'important', 'it', 'that', 'way', '""', 'or', '""', 'click', 'here', '""', 'except', 'where', 'the', 'purpose', 'of', 'the', 'link', 'be', 'clear', 'from', 'its', 'go', '""', 'as', 'such', 'the', 'target', 'or', 'purpose', 'of', 'a', 'link', 'should', 'context', 'be', 'indicate', 'by', 'its', 'label', ',', 'avoid', 'generic', 'label', 'directly', 'on', 'the', 'page', 'and', 'information', 'need', 'be', 'important', 'for', 'make', 'the', 'task', 'content', 'to', 'understand', '.', 'mark']","['B-class', 'O', 'O', 'O', 'O', 'B-attr', 'O', 'O', 'B-attr', 'O', 'B-class', 'O', 'O', 'O', 'O', 'O', 'O', 'O', 'O', 'O', 'O', 'O', 'O', 'O', 'O', 'O', 'O', 'O', 'O', 'O', 'O', 'O', 'O', 'O', 'O', 'O', 'O', 'O', 'O', 'O', 'O', 'O', 'O', 'O', 'O', 'O', 'O', 'O', 'O', 'O', 'O', 'O', 'O', 'O', 'O', 'O', 'O', 'O', 'O', 'O', 'O', 'O', 'O', 'O', 'O', 'O', 'O', 'O', 'O', 'O', 'O', 'O', 'O', 'O', 'O', 'O']"
"['guidance', 'on', 'achieve', 'page', 'or', 'window', ')', 'should', 'provide', 'the', 'user', 'with', 'a', 'clear', 'and', 'sufficient', 'indication', 'of', 'where', 'he', '(', ':', 'segment', 'each', 'self', '-', 'descriptiveness', 'be', 'give', 'in', 'ISO', '9241', '-', '110', '.', 'show']","['O', 'O', 'O', 'O', 'O', 'O', 'O', 'O', 'O', 'O', 'B-class', 'O', 'O', 'O', 'O', 'O', 'O', 'O', 'O', 'O', 'O', 'O', 'O', 'O', 'O', 'O', 'O', 'O', 'O', 'O', 'O', 'O', 'O', 'O', 'O', 'O']"
"['file', 'shall', 'thermostat', 'give', '.', 'the']","['I-class', 'O', 'B-class', 'O', 'O', 'O']"
"['m', 'repair', 'do']","['O', 'O', 'O']"
"['industry', 'security', 'maintenance', 'coding', 'and', 'documentation', 'practice', '.', 'this']","['O', 'O', 'O', 'O', 'O', 'O', 'O', 'O', 'O']"
"['and', '3.1.1', 'transfer', 'for', 'archiving', 'or', 'remote', 'access', ')', 'of', 'raw', '(', 'section', 'also', 'see', 'control', 'information', ',', 'in', 'the', 'form', 'of', 'command', 'and', 'status', 'information', '.', '(']","['O', 'O', 'O', 'O', 'O', 'O', 'O', 'O', 'O', 'O', 'O', 'O', 'O', 'O', 'O', 'O', 'O', 'O', 'O', 'O', 'O', 'O', 'B-attr', 'O', 'B-attr', 'I-attr', 'O', 'O']"
"['.', 'none']","['O', 'O']"
"['criterion', 'will', 'be', 'meet', 'with', 'a', 'antenna', 'isotropic', 'an']","['O', 'O', 'O', 'O', 'O', 'O', 'I-class', 'B-class', 'O']"
"['accept', ';', 'international', 'axle', 'Movement', 'driver', 'by', 'to', 'the', 'trackside', 'train', 'integrity', 'information', 'send', 'detect', 'a', 'system', 'outside', 'ETCS', 'the']","['I-attr', 'O', 'B-attr', 'I-attr', 'B-class', 'B-class', 'O', 'O', 'O', 'B-class', 'B-attr', 'I-attr', 'I-attr', 'O', 'O', 'O', 'B-class', 'O', 'B-class', 'O']"
"['i', ')', 'the', 'network', 'shall', 'terminate', 'the', 'ongoing', 'VGCS', '/', 'VBS', 'call', 'if', ']', ']', '5', '[', 'VBS', 'call', 'base', 'on', 'DTMF', 'signal', '[']","['O', 'O', 'O', 'B-class', 'O', 'O', 'O', 'O', 'B-class', 'I-class', 'I-class', 'I-class', 'O', 'O', 'O', 'O', 'O', 'I-class', 'I-class', 'O', 'O', 'O', 'O', 'O']"
"['the', 'temperature', 'setting', 'value', 'be', 'strictly', 'to', 'setting', 'shall', 'the', 'Valid', 'temperature', 'the']","['O', 'B-attr', 'I-attr', 'O', 'O', 'O', 'O', 'I-attr', 'O', 'O', 'O', 'O', 'O']"
"['.', 'all', 'each', 'of', 'establishment', '.', 'the']","['O', 'O', 'O', 'O', 'B-class', 'O', 'O']"
"['criterion', 'be', 'that', 'sufﬁcient', 'information', 'be', 'record', 'during', 'an', 'observation', 'to', 'recreate', 'the', 'sequence', 'of', 'event', 'that', 'occur', 'debugging', 'parameter', 'and', ',', 'Input']","['O', 'O', 'O', 'O', 'O', 'O', 'O', 'O', 'O', 'B-class', 'O', 'O', 'O', 'O', 'O', 'O', 'O', 'O', 'O', 'I-attr', 'I-attr', 'O', 'B-class']"
"['sri', 'may', 'be', 'one', 'of', 'three', 'type', ':', 'timer', '-', 'base', ',', 'data', 'condition', 'location(s', 'the', 'program', 'the', 'occurrence', 'of', 'condition', 'establish', 'by', 'an', 'application', 'program', ',', 'and', 'notifie', 'the', 'calling', 'or', 'establish', 'application', 'when', ',', 'scale', ',', ';', 'Replication']","['O', 'O', 'O', 'O', 'O', 'O', 'O', 'O', 'B-class', 'I-class', 'I-class', 'O', 'B-class', 'O', 'B-attr', 'O', 'O', 'O', 'O', 'O', 'B-class', 'O', 'O', 'O', 'B-class', 'I-class', 'O', 'O', 'O', 'O', 'O', 'O', 'O', 'O', 'O', 'O', 'B-attr', 'O', 'O', 'O']"
"['on', '-', 'line', 'database', 'can', 'be', 'consider', 'part', 'of', 'this', 'to', 'develop', 'Section', ')', 'minimize', 'the', 'effect', 'of', 'single', '-', 'point', 'error', 'to', 'throughout', 'system', '.', 'as']","['O', 'O', 'O', 'O', 'O', 'O', 'O', 'O', 'O', 'O', 'O', 'O', 'O', 'O', 'O', 'O', 'O', 'O', 'O', 'O', 'O', 'O', 'O', 'O', 'B-class', 'O', 'O']"
"['user', 'to', 'save', 'that', 'new', 'staff', 'if', 'its', 'require', '.', 'all']","['B-class', 'O', 'O', 'O', 'O', 'B-class', 'O', 'O', 'O', 'O', 'O']"
"['symptom', 'persist', 'drug', 'regiman', 'will', 'be', 'switch', ';', 'NTA', 'of', 'in', 'for', 'may', 'only', 'be', 'buy', 'for', 'personal', 'treatment', 'or', 'for', 'the', 'treatment', 'of', 'the', 'voucher', 'partner', 'only']","['B-attr', 'O', 'B-attr', 'I-attr', 'O', 'O', 'O', 'O', 'O', 'O', 'O', 'O', 'O', 'O', 'O', 'O', 'O', 'O', 'O', 'O', 'O', 'O', 'O', 'O', 'O', 'B-class', 'B-class', 'O']"
"[';', 'Screen', 'Entry', 'Claim', 'the', 'Doctor', 'to', 'and', 'detail', 'new', 'the', 'enter', 'to', 'screen', 'master', 'its', 'to', 'back', 'Name', '(', 'select', 'about', 'note', 'the', 'enter', 'to', 'doctor', 'the', 'for', 'space', '–', 'note', 'doctor', ';', ')', 'Master', 'Staff', 'VSP', 'from', 'populate', 'doctor', 'of', 'list', 'from', 'capture', 'quickly', 'refer', 'and', 'it', 'precede', 'to', 'able', 'can', 'and', 'area', 'quarantine', 'in', 'store', 'far', 'be', 'claim', 'the', 'then', '""', 'accept', '""', 'not', 'be', 'status', 'of', 'will', 'value', 'from', 'status', '""', 'Quarantine', 'or', 'Rejection', '""', 'be', 'status', 'claim', 'the', 'if', 'its', 'suppose', 'the', 'capture', 'to', 'provision', 'a', 'have', 'should', 'system', 'the']","['O', 'O', 'O', 'O', 'O', 'B-attr', 'O', 'O', 'O', 'O', 'O', 'O', 'O', 'O', 'O', 'O', 'O', 'O', 'I-attr', 'O', 'O', 'O', 'O', 'O', 'O', 'O', 'B-class', 'O', 'O', 'O', 'O', 'I-attr', 'B-attr', 'O', 'O', 'O', 'O', 'O', 'O', 'O', 'O', 'O', 'O', 'O', 'O', 'O', 'B-attr', 'O', 'O', 'O', 'O', 'O', 'O', 'O', 'O', 'O', 'O', 'O', 'O', 'O', 'B-class', 'O', 'O', 'O', 'O', 'O', 'O', 'O', 'B-attr', 'O', 'O', 'O', 'O', 'B-attr', 'O', 'O', 'O', 'O', 'O', 'O', 'I-attr', 'B-attr', 'O', 'O', 'O', 'O', 'O', 'O', 'O', 'O', 'O', 'O', 'O', 'B-class', 'O']"
"['.', 'with', 'email', 'confirmation', 'a', 'cart', 'shopping', 'the']","['O', 'O', 'O', 'O', 'O', 'I-class', 'B-class', 'O']"
"['.', 'it', 'can', 'be', 'execute', 'by', 'someone', 'else', '.', 'in']","['O', 'O', 'O', 'O', 'O', 'O', 'O', 'O', 'O', 'O']"
"[']', ']', ')', 'and', 'should', 'be', 're', '-', 'examine', 'for', 'their', 'applicability', 'to', 'the', 'EIRENE', 'system', '50125', 'pren', ',', '50121', 'the', 'railway', 'specific', 'standard', 'reference', 'be', 'Pre', 'if', '-', '(', 'eg', '[', 'pren', '50155', ',', 'ENV', 'standard', '.', 'any', 'be', 'EIRENE', 'mobile', 'radio', 'equipment', 'shall', 'comply', 'with', 'the', 'quality', 'procedure', 'define', 'in', '[', 'iso', '9001', 'of', 'installation', 'and', 'testing', 'make', 'to', 'these', 'standard', 'in', 'the', 'future', 'modification', '.', 'i', ')', 'all', 'design', ',', 'manufacturing', ',', '(']","['O', 'O', 'O', 'O', 'O', 'O', 'O', 'O', 'O', 'O', 'O', 'O', 'O', 'O', 'O', 'B-class', 'O', 'O', 'O', 'O', 'O', 'O', 'O', 'O', 'O', 'O', 'O', 'O', 'O', 'O', 'O', 'O', 'O', 'O', 'O', 'O', 'O', 'O', 'O', 'O', 'O', 'B-class', 'I-class', 'I-class', 'O', 'O', 'O', 'O', 'O', 'O', 'O', 'O', 'O', 'O', 'O', 'O', 'O', 'O', 'O', 'O', 'O', 'O', 'O', 'O', 'O', 'O', 'O', 'O', 'O', 'O', 'O', 'O', 'O', 'O', 'O', 'O']"
"['correspond', 'to', 'at']","['O', 'O', 'O']"
"['above', 'chapter', '""', 'mouse', 'yellow', 'block', 'there']","['O', 'O', 'O', 'O', 'O', 'B-class', 'O']"
"['information', 'send', 'valid', 'temperature', 'range', '.', 'the']","['O', 'O', 'O', 'B-attr', 'I-attr', 'O', 'O']"
"['.', 'system', 'the', 'within', 'delete', 'be', 'have', 'account', 'an']","['O', 'O', 'O', 'O', 'O', 'O', 'O', 'B-class', 'O']"
"['transition', 'period', 'between', 'two', 'operational', 'state', 'the', ',', 'require', 'as', '.', 'in']","['B-attr', 'I-attr', 'O', 'O', 'B-class', 'I-class', 'O', 'O', 'O', 'O', 'O', 'O']"
"['non', '.', 'information', 'control', 'also', 'be', 'consider', 'in', 'the', 'design', 'phase', 'as', 'a', 'way', 'to', 'increase', 'reliability', 'and', 'security', ',', 'in', 'particular', 'for', 'redundancy', 'essential', 'e.g.', 'layer', 'access', 'problem', ',', 'while', 'cope', 'with', 'different', 'bandwidth', 'conceptual', ',', 'and', 'WAN', 'interface', 'shall', 'be', 'homogeneous', 'and', 'shall', 'LAN', 'eliminate', 'to']","['O', 'O', 'O', 'O', 'O', 'O', 'O', 'O', 'O', 'O', 'O', 'O', 'O', 'O', 'O', 'O', 'O', 'O', 'O', 'O', 'O', 'O', 'O', 'O', 'O', 'O', 'O', 'O', 'O', 'O', 'O', 'O', 'O', 'O', 'O', 'O', 'O', 'O', 'O', 'O', 'O', 'O', 'O', 'O', 'O', 'O', 'O', 'O']"
"['of', 'Mentioned', 'Forms', ';', 'claim', 'follow', 'the', 'capture', 'claim', '(', 'treatment', 'form', ')', 'to', 'the', 'MISU', 'Field', 'office', '.', 'while']","['I-attr', 'I-attr', 'I-attr', 'O', 'B-class', 'O', 'O', 'O', 'B-class', 'O', 'B-class', 'I-class', 'O', 'O', 'O', 'O', 'B-class', 'I-class', 'O', 'O']"
"['will', '1.0', ',', '""', 'Deﬁnition', 'of', 'the', 'Flexible', 'Image', '-', 'Transport', '(', 'FITS', ')', '""', ',', 'NASA', 'Science', 'Ofﬁce', 'System', '100', 'NOST', 'by', 'have', 'to', 'be', 'transport', 'between', 'GEMINI', 'and', 'the', 'home', 'institute', 'of', 'visit', 'astronomer', 'in', 'fits', 'format', '(', 'as', 'deﬁne', 'datum', 'that', 'come', 'from', 'do', 'at', 'this', 'level', '.', 'it']","['O', 'O', 'O', 'O', 'O', 'O', 'O', 'O', 'O', 'O', 'O', 'O', 'O', 'O', 'O', 'O', 'O', 'O', 'O', 'O', 'O', 'O', 'O', 'O', 'O', 'O', 'O', 'O', 'O', 'O', 'O', 'O', 'O', 'O', 'B-class', 'I-class', 'O', 'O', 'O', 'O', 'O', 'O', 'O', 'O', 'O', 'O', 'O', 'O', 'O', 'O', 'O', 'O']"
"['follow', 'GSM', 'teleservice', ',', 'shall', 'radio', 'Mobile', ')', 'correctly', 'in', 'network', 'which', 'conform', 'to', 'the', 'identify', 'design', 'define', 'in', 'section', '3', '.', '(']","['O', 'B-class', 'I-class', 'O', 'O', 'I-class', 'B-class', 'O', 'O', 'O', 'B-class', 'O', 'O', 'O', 'O', 'O', 'O', 'O', 'O', 'O', 'O', 'O', 'O']"
"['.', 'administer', 'treatment', 'and/or', 'case', 'vaccination', 'number', 'the', 'and', ',', 'result', 'laboratory', 'the', ',', 'diagnosis', 'of', 'entity', 'new', 'number', 'from', 'contact', 'new', 'create', 'to', 'able', 'be', 'should', 'OM', 'support', 'system']","['O', 'I-attr', 'I-attr', 'I-attr', 'B-class', 'I-attr', 'B-attr', 'O', 'O', 'O', 'I-attr', 'B-attr', 'O', 'O', 'O', 'I-attr', 'B-class', 'O', 'O', 'O', 'B-class', 'O', 'O', 'O', 'O', 'O', 'O', 'O', 'O', 'B-class']"
"['.', 'exchange', 'datum', 'of', 'efficiency', 'the', 'maximize', 'to', ')', 'available', 'where', '(', 'terminology', 'common', 'use', 'that', 'library', 'OM', 'questionnaire', 'should', 'a', 'support', 'system']","['O', 'O', 'O', 'O', 'O', 'O', 'O', 'O', 'O', 'O', 'O', 'O', 'O', 'O', 'O', 'O', 'I-class', 'O', 'B-class', 'O', 'O', 'O', 'B-class']"
"['.', 'category', 'follow', 'the', 'into', 'classify', 'be', 'system', 'system', 'the', 'of', 'user', 'the']","['O', 'O', 'O', 'O', 'O', 'O', 'O', 'O', 'O', 'O', 'O', 'B-class', 'O']"
"['.', 'connection', 'internet', 'live', 'a', 'shall', 'through', 'periodic', 'do', 'will', 'system', 'the']","['O', 'O', 'O', 'O', 'O', 'O', 'O', 'O', 'O', 'O', 'O', 'O']"
"['system', 'have', 'for', 'system', 'be', 'base', ';', 'Group', 'Name', '.', 'the']","['B-class', 'O', 'O', 'B-class', 'O', 'O', 'O', 'B-attr', 'I-attr', 'O', 'O']"
"['be', 'also', 'software', 'which', ',', 'although', 'it', 'will', 'be', 'interface', 'to', 'the', 'Gemini', '8', '-', 'm', '3-', 'on', 'as', 'possible', ',', 'isolate', 'different', 'software', 'layer', '.', 'independent', 'the']","['O', 'O', 'O', 'O', 'O', 'O', 'O', 'O', 'O', 'O', 'O', 'O', 'O', 'O', 'O', 'O', 'O', 'O', 'O', 'O', 'O', 'O', 'O', 'O', 'O', 'O', 'O', 'O']"
"['marketing', 'and', 'sale', 'be', 'to', 'the', 'step', 'and', 'the', 'next', 'module', 'in', 'the', 'system', '.', 'this']","['O', 'O', 'O', 'O', 'O', 'O', 'O', 'O', 'O', 'O', 'B-class', 'O', 'O', 'B-class', 'O', 'O']"
"['.', 'confirmation', 'to', 'prior', 'checkout', 'after', 'order', 'their', 'review', 'to', 'customer', 'the', 'able', 'parse', 'customer']","['O', 'O', 'O', 'O', 'O', 'O', 'B-class', 'O', 'O', 'O', 'B-class', 'O', 'O', 'O', 'B-class']"
"['of', 'the', 'processing', 'of', 'accumulate', 'datum', 'be', 'interpretation', 'manipulation', ',', 'or', 'measurement', 'gccs', '-', 'aagccs', 'Army', 'Global', 'Command', 'and', 'Control', 'System-', 'Army', ';', 'ANSI', 'American', 'National', 'Standards', 'Institute', ';', ';', 'compilation', 'Systems', 'and', 'to', 'verify', 'that', 'the', 'requirement', 'have', 'be', 'satisfied', '.', 'provide']","['O', 'O', 'O', 'O', 'O', 'O', 'O', 'O', 'O', 'O', 'O', 'O', 'O', 'O', 'O', 'O', 'O', 'O', 'O', 'O', 'O', 'O', 'O', 'O', 'O', 'O', 'O', 'O', 'O', 'O', 'O', 'O', 'O', 'O', 'O', 'O', 'O', 'O', 'O', 'O', 'O', 'O', 'O']"
"['Temperature', ',', 'Determine', 'Utilization', ',', 'Initialize', 'System', ',', 'and', 'four', 'be', 'specification', 'the']","['I-class', 'O', 'B-class', 'I-class', 'O', 'B-class', 'I-class', 'O', 'O', 'O', 'O', 'O', 'O']"
"['component', 'should', 'be', 'group', 'by', 'observation', 'type', '(', 'e.g.', ',', 'laboratory', ',', 'symptom', ',', 'specific', 'describe', 'datum', 'therefore', 'standard', 'and', 'customize', 'field', 'because', 'system', 'support', 'OM', 'be', 'configurable', 'to', 'meet', 'the', 'individual', 'need', 'of', 'each', 'event', 'and', 'collect', 'requirement', 'that', 'span', 'hazmat', 'team', ',', 'public', 'work', 'facility', ',', 'intelligence', 'organization', ',', 'the', 'medium', ',', 'and', 'the', 'public', ')', 'should', 'be', ',', 'clearly', 'FEMA', 'organization', 'www.cdc.gov/phin', '.', 'policy']","['I-class', 'O', 'O', 'O', 'O', 'B-attr', 'I-attr', 'O', 'O', 'O', 'O', 'O', 'O', 'O', 'O', 'O', 'B-attr', 'O', 'B-attr', 'I-attr', 'I-attr', 'I-attr', 'O', 'B-class', 'O', 'O', 'O', 'O', 'O', 'O', 'O', 'O', 'O', 'O', 'O', 'B-class', 'O', 'O', 'I-class', 'O', 'O', 'O', 'O', 'O', 'O', 'O', 'O', 'O', 'O', 'O', 'O', 'O', 'O', 'O', 'O', 'O', 'O', 'O', 'O', 'O', 'O', 'O', 'O', 'O', 'O', 'O', 'B-class']"
"['requirement', 'specify', 'in', 'this', 'document', 'for', 'be', 'that', 'exact', 'requirement', 'for', 'this', 'SRS', '.', 'this']","['O', 'O', 'O', 'O', 'O', 'O', 'O', 'O', 'O', 'O', 'O', 'O', 'O', 'O', 'O']"
"['the', 'be', 'FRS', 'of', '3', 'an', 'EIRENE', 'radio', 'shall', 'automatically', 'repeat', 'setup', 'request', 'to', 'the', 'layer', '3', 'gcc', 'or', 'BCC', 'of', 'layer', 'high', 'the', ')', 'or', 'the', 'user', 'abandon', 'the', 'call', 'entity', '.', 'M', ')', 'note', ':', 'for', 'this', ',', '(']","['O', 'O', 'O', 'O', 'O', 'O', 'O', 'B-class', 'O', 'O', 'O', 'B-class', 'I-class', 'O', 'O', 'O', 'O', 'B-class', 'I-class', 'I-class', 'O', 'O', 'O', 'O', 'O', 'O', 'O', 'B-class', 'O', 'O', 'B-class', 'I-class', 'O', 'O', 'O', 'O', 'O', 'O', 'O', 'O', 'O']"
"['.', 'feature', 'customer', 'system', 'high', 'a', 'be', 'this']","['O', 'O', 'B-class', 'O', 'O', 'O', 'O', 'O']"
"['below', 'not', 'require', 'for', 'interoperability', ')', '.', '(']","['O', 'O', 'O', 'O', 'O', 'O', 'O', 'O']"
"['Trigger', 'exceed', 'Temperature', 'Limit', 'exceed', 'this', 'Trigger', 'condition', 'each', 'to', 'be', 'turn', 'on', '.', 'to']","['O', 'O', 'O', 'O', 'O', 'O', 'I-attr', 'O', 'O', 'O', 'O', 'O', 'O', 'O', 'O']"
"['M', ')', 'the', 'muting', 'and', 'unmuting', 'for', 'VGCS', 'shall', 'be', '65ms', 'of', 'gap', 'minimum', 'by', 'the', 'fix', 'line', 'dispatcher', 'shall', 'be', 'in', '70ms', '5ms', ',', 'and', 'there', 'shall', 'be', 'a', '±', 'generate', 'line', '[', 'parameter', 'message', 'with', 'the', 'attribute', '""', 'd', '-', 'ATT', '=', 'T”1']","['O', 'O', 'O', 'O', 'O', 'O', 'O', 'B-class', 'O', 'O', 'O', 'O', 'O', 'O', 'O', 'O', 'B-class', 'I-class', 'I-class', 'O', 'O', 'O', 'O', 'O', 'O', 'O', 'O', 'O', 'O', 'O', 'O', 'O', 'O', 'O', 'I-class', 'I-class', 'O', 'O', 'O', 'O', 'B-attr', 'I-attr', 'I-attr', 'O', 'O']"
"['the', 'system', 'architecture', 'will', 'be', 'design', 'so', 'as', 'to', 'minimize', 'the', 'communication', 'load', 'place', 'on', 'peer', 'the', 'subsystem', 'access', 'astronomical', 'the', 'universal', 'time', 'synchronization', 'requirement', '.', 'the']","['O', 'O', 'O', 'O', 'O', 'O', 'O', 'O', 'O', 'O', 'O', 'O', 'O', 'O', 'O', 'O', 'O', 'B-class', 'O', 'O', 'O', 'O', 'O', 'O', 'O', 'O', 'O']"
"['.', 'interface', 'the', 'and', 'system', 'the', 'affect', 'will', 'that', 'by', 'be', 'third', ',', 'that', 'service', 'major', 'the', 'all']","['O', 'O', 'O', 'O', 'B-class', 'O', 'O', 'O', 'O', 'O', 'O', 'O', 'O', 'O', 'B-class', 'O', 'O', 'O']"
"['.', 'initiation', 'of', 'time', 'by', 'of', 'call', ')', 'shall', 'access', 'Dial', ')', 'M', '(']","['O', 'O', 'O', 'O', 'O', 'O', 'I-class', 'O', 'O', 'O', 'O', 'O', 'O', 'O']"
"['.', 'support', 'be', 'must', ')', 'level', 'assay', ',', 'level', 'sample', '/', 'speciman', ',', 'e.g.', '(', 'result', 'of', 'granularity', 'support', 'of', 'OM', 'capture', 'risk', 'at', 'or', ',', 'individual', 'expose', ',', 'case', 'to', 'treatment', 'or', 'prophylaxis', 'the', 'regard', 'datum', 'to', 'link', 'be', 'or', 'should', 'collection', 'level', '.', 'if']","['O', 'O', 'O', 'O', 'O', 'O', 'O', 'O', 'O', 'O', 'O', 'O', 'O', 'O', 'O', 'B-class', 'O', 'O', 'O', 'O', 'O', 'O', 'B-class', 'O', 'O', 'O', 'I-class', 'B-class', 'O', 'B-class', 'O', 'B-class', 'O', 'B-class', 'O', 'O', 'B-attr', 'O', 'O', 'O', 'O', 'O', 'I-class', 'O', 'O', 'O']"
"['public', 'access', 'for', 'service', 'communication', 'of', 'type', 'multiple', 'support', 'remote', 'access', 'to', 'a', 'system', 'the', 'require', 'where', 'authentication', 'tier', '-', 'multi', 'support', 'should', 'system', 'the']","['O', 'O', 'O', 'O', 'O', 'O', 'O', 'O', 'O', 'O', 'O', 'O', 'O', 'O', 'O', 'O', 'O', 'O', 'O', 'O', 'O', 'O', 'O', 'O', 'O']"
"['broadcast', '.', 'communication']","['O', 'O', 'O']"
"['those', 'condition', 'express', 'with', 'the', 'imperative', '""', 'shall', '""', 'be', 'to', 'be', '.', 'identify', 'the']","['O', 'O', 'O', 'O', 'O', 'O', 'O', 'O', 'O', 'O', 'O', 'O', 'O', 'O', 'O']"
"['be', 'maintain', 'need', 'particular', 'for', 'multi', '-', 'instrument', 'operation', ',', 'for', 'in', 'and', 'instal', 'be', 'to', 'that', 'which', 'belong', 'to', 'that', 'subsystem', 'and', 'only', 'to', 'that', ',', 'so', 'that', 'software', 'for', 'different', 'subsystem', 'can', 'example', 'correspond', ',', 'instrument', 'of', 'the', 'system', '(', 'for', 'example', ',', 'telescope', 'part', 'coordinate', '(', 'as', 'mention', 'in', 'the', 'control', 'ﬂow', 'requirement', ')', 'other', 'about', 'information', 'share', 'the', 'same', 'subsystem', 'on', 'the', 'telescope', '.', 'at']","['O', 'O', 'O', 'O', 'O', 'O', 'O', 'O', 'O', 'O', 'O', 'O', 'O', 'O', 'O', 'O', 'O', 'O', 'O', 'O', 'O', 'B-class', 'O', 'O', 'O', 'O', 'O', 'O', 'O', 'O', 'O', 'O', 'B-class', 'O', 'O', 'O', 'O', 'O', 'O', 'O', 'B-class', 'O', 'O', 'O', 'O', 'B-attr', 'O', 'I-attr', 'O', 'O', 'O', 'O', 'O', 'O', 'O', 'O', 'O', 'O', 'O', 'O', 'O', 'O', 'O', 'B-class', 'O', 'O', 'B-class', 'O', 'O']"
"['.', 'order', 'confirm', 'priority', 'and', 'account', 'confidential', 'Web', ';', 'HTTPS', 'via', 'Server', 'Web', 'to', 'remain', 'request', 'Browser', 'Web']","['O', 'B-class', 'O', 'O', 'O', 'I-class', 'O', 'O', 'O', 'O', 'O', 'O', 'O', 'O', 'O', 'O', 'O', 'O']"
['note'],['O']
"['System', 'must', 'employ', 'a', 'single', 'set', 'for', 'which', 'the', '.', 'customizable', 'or', 'user', '-', 'configurable', 'to', 'the', 'make', 'extent', '.', '(']","['O', 'O', 'O', 'O', 'O', 'O', 'O', 'O', 'O', 'O', 'O', 'O', 'O', 'O', 'O', 'O', 'O', 'O', 'O', 'O', 'O']"
"['.', 'sale', 'detail', '.', 'the']","['O', 'I-attr', 'I-attr', 'O', 'O']"
"['.', 'out', 'appliance', 'other', 'on', 'base', 'be', 'will', 'version', 'future']","['O', 'O', 'O', 'O', 'O', 'O', 'O', 'O', 'O', 'O']"
"['current', 'temperature', 'value', 'that', 'be', 'receive', 'from', 'process', 'an', 'thermostat', 'shall', 'be', 'compare', 'to', 'the', 'valid', 'temperature', 'range', 'value', '.', 'if']","['B-attr', 'I-attr', 'I-attr', 'O', 'O', 'O', 'O', 'O', 'O', 'B-class', 'O', 'O', 'O', 'O', 'O', 'B-attr', 'I-attr', 'I-attr', 'I-attr', 'O', 'O']"
"['.', 'feature', 'be', 'system', 'the', 'and', 'the']","['O', 'O', 'O', 'O', 'O', 'O', 'O']"
"['be', 'also', 'software', 'module', 'for', 'test', 'the', 'subsystem', 'as', 'an', 'integrate', 'portion', 'of', 'the', 'entire', 'system', ':', 'system', 'these', 'be', 'unit', 'by', 'module', 'replacement', '(', 'e.g.', 'replace', 'a', 'repair', 'VME', 'in', 'an', 'IOC', ')', '.', 'this']","['O', 'O', 'O', 'O', 'O', 'O', 'O', 'B-class', 'O', 'O', 'O', 'O', 'O', 'O', 'O', 'B-class', 'O', 'O', 'O', 'O', 'B-class', 'O', 'O', 'O', 'O', 'O', 'O', 'O', 'O', 'O', 'O', 'O', 'O', 'O', 'O', 'O']"
"['these', 'for', ',', 'tag', 'among', 'submit', 'and', 'use', 'information', 'resource', 'within', 'the', 'Registry', 'constitute', 'guidance', 'in', 'the', 'generation', 'and', 'use', 'of', 'xml', 'may', 'as', 'Developers', '.', 'information', 'resource', '.', 'the']","['O', 'O', 'O', 'B-class', 'O', 'O', 'O', 'O', 'O', 'O', 'O', 'O', 'B-class', 'O', 'O', 'O', 'O', 'O', 'O', 'O', 'O', 'B-class', 'O', 'O', 'O', 'O', 'B-class', 'I-class', 'O', 'O']"
"['.', 'System', 'Weborder', ';', 'Administrator']","['O', 'O', 'O', 'O', 'O']"
"['t', 'provide', 'product', 'perspective', ',', 'product', 'section']","['O', 'O', 'O', 'O', 'O', 'O', 'O']"
"['some', 'of', 'these', 'constraint', 'may', 'appear', 'hardware', 'a', 'be', 'there']","['O', 'O', 'O', 'O', 'O', 'O', 'O', 'O', 'O', 'O']"
"['Scheme', ':', 'information', 'that', 'precisely', 'identify', 'db', ',', 'or', 'partition', 'of', 'db', ',', 'to', 'be', ')', 'copy', 'management', 'distribute', 'do', 'not', 'yet', 'define', 'interoperability', 'between', 'server', 'database', '(', 'i.e.', 'it', 'be', 'not', 'yet', 'a', 'standard', 'for', 'database', '-', 'and/or', ',', 'that', 'organize', 'and', 'maintain', 'spatial', 'datum', '(', 'i.e.', 'datum', 'with', 'graphical', 'attribute', ')', 'in', 'term', 'of', 'type', 'system', 'distribute', 'information', ':', 'replication', 'schedule', ',', 'and', 'master', '/', 'remote', 'site', 'that', 'be', 'to', 'receive', 'the', 'copy', ';', 'Spatial', 'DBMS', 'geographic']","['O', 'O', 'O', 'O', 'O', 'O', 'O', 'O', 'O', 'O', 'O', 'O', 'O', 'O', 'O', 'O', 'O', 'O', 'O', 'O', 'O', 'O', 'O', 'O', 'O', 'O', 'O', 'O', 'O', 'O', 'O', 'O', 'O', 'O', 'O', 'O', 'O', 'I-class', 'O', 'O', 'O', 'O', 'O', 'O', 'B-class', 'I-class', 'O', 'O', 'O', 'O', 'O', 'O', 'O', 'O', 'O', 'O', 'B-attr', 'O', 'O', 'O', 'O', 'O', 'O', 'O', 'O', 'O', 'O', 'O', 'O', 'O', 'O', 'O', 'O', 'O', 'O', 'O', 'O', 'O', 'O']"
"['the', 'large', 'number', 'of', 'simultaneous', 'user', '(', 'as', 'already', 'describe', 'in', 'the', 'capacity', 'requirement', ',', 'Section', '3.2.2', ')', '.', 'pose', 'redundant', 'user', 'category', '(', 'e.g.', 'support', 'staff', ')', 'might', 'be', 'on', 'user', 'Cerro', 'or', 'in', 'Hilo', '.', 'to']","['O', 'O', 'O', 'O', 'O', 'B-class', 'O', 'O', 'O', 'O', 'O', 'O', 'O', 'O', 'O', 'O', 'O', 'O', 'O', 'O', 'O', 'B-class', 'B-attr', 'O', 'O', 'B-class', 'I-class', 'O', 'O', 'O', 'O', 'B-class', 'O', 'O', 'O', 'O', 'O', 'O']"
"['confirmation', 'require', 'the', 'train', 'to', 'able', 'Authority', 'that', 'have', 'during', 'the', 'procedure', '.', 'reversing']","['B-class', 'O', 'O', 'B-class', 'O', 'O', 'I-class', 'O', 'O', 'O', 'O', 'B-class', 'O', 'B-class']"
"['.', 'shipper', 'the', 'by', 'package', 'speciman', 'and', '/', 'or', 'System', '2.5', 'section', 'in', 'find', 'be', 'request', 'test', 'laboratory', 'create', 'about', 'information', 'More']","['O', 'I-attr', 'I-attr', 'I-attr', 'I-attr', 'B-class', 'O', 'O', 'O', 'O', 'O', 'O', 'O', 'O', 'O', 'I-class', 'I-class', 'B-class', 'O', 'O', 'O', 'O']"
"['control', 'be', 'discretionary', 'subject', ';', 'Dynamically', 'Generated', 'Processing', ':', 'indicate', 'processing', 'initiate', 'during', 'execution', 'of', 'other', 'process', ',', 'but', 'dependent', 'other', 'rollback', 'any', 'on', 'in', 'the', 'sense', 'that', 'a', 'subject', 'with', 'a', 'certain', 'access', 'permission', 'be', 'capable', 'of', 'pass', 'that', 'permission', 'to', '(', 'discard', 'or', 'rule', 'that', 'materialize', 'a', 'new', 'piece', 'of', 'information', '(', 'often', 'attribute', 'value', ')', 'from', 'other', 'piece', 'of', 'business', 'information', 'be', ';', 'always', 'be', 'TRUE', '.', 'they']","['O', 'O', 'O', 'O', 'O', 'O', 'O', 'O', 'O', 'O', 'O', 'O', 'O', 'O', 'O', 'O', 'O', 'O', 'O', 'O', 'O', 'O', 'O', 'O', 'O', 'O', 'O', 'O', 'O', 'O', 'O', 'O', 'O', 'O', 'O', 'O', 'O', 'O', 'O', 'O', 'O', 'O', 'O', 'O', 'O', 'I-class', 'O', 'O', 'O', 'O', 'O', 'O', 'O', 'O', 'O', 'B-attr', 'I-attr', 'O', 'O', 'O', 'O', 'O', 'B-class', 'O', 'O', 'O', 'O', 'O', 'O', 'O', 'O']"
"['be', 'assume', 'package', '.', 'software', 'Gemini', 'the', 'of', 'scope', 'the', 'beyond', 'be', 'and', ',', 'hardware', 'by', 'entirely', 'provide', 'be', 'facility', 'this', 'operator', 'there']","['O', 'O', 'I-class', 'O', 'O', 'O', 'O', 'O', 'O', 'O', 'O', 'O', 'O', 'O', 'O', 'O', 'O', 'O', 'O', 'O', 'O', 'B-class', 'O']"
"['.', 'interoperability', 'for', 'mandatory', ';', 'Direct', ';', 'SIM', ';', ')', 'cyclic', '(', 'heat', 'Damp', 'D', ';', 'heat', 'Dry', 'B', ';', 'Cold', 'a', ')', 'E', 'Impact', ';', 'F', 'of', 'Change', 'N', ';', 'pressure', 'Air', 'M', 'M', ';', 'Corrosive', 'K', ';', 'Acceleration', 'G', ';', 'Vibration', 'atmosphere', 'temperature', '(', 'series', 'procedure', 'test', 'environmental', 'specific', ')', 'M', '(']","['O', 'O', 'O', 'O', 'O', 'B-class', 'O', 'B-class', 'O', 'O', 'O', 'O', 'O', 'O', 'O', 'O', 'O', 'O', 'O', 'O', 'O', 'O', 'O', 'O', 'O', 'O', 'O', 'O', 'O', 'O', 'O', 'O', 'O', 'O', 'O', 'O', 'O', 'O', 'O', 'O', 'O', 'O', 'O', 'O', 'O', 'O', 'O', 'O', 'O', 'O', 'O', 'O', 'O', 'O']"
"['system', 'will', 'capture', 'the', 'detail', 'of', 'voucher', 'sale', 'between', 'MISU', 'sale', 'team', 'and', 'distributor', '.', 'during']","['B-class', 'O', 'O', 'O', 'O', 'O', 'B-class', 'I-class', 'O', 'O', 'B-class', 'I-class', 'O', 'B-class', 'O', 'O']"
"['of', 'Work', 'themas_sow_001', ';', 'ANSI', '/', 'IEE', 'Guide', 'to', 'Software', 'ANSI', '/', '.', 'IEEE']","['O', 'O', 'O', 'O', 'O', 'O', 'O', 'O', 'O', 'O', 'O', 'O', 'O', 'O']"
"['.', 'movement', 'selection', '.', 'the']","['O', 'B-class', 'O', 'O', 'O']"
"['audit', 'trail', 'be', 'a', 'record', 'of', 'action', 'take', 'by', 'either', 'the', 'user', 'or', 'the', 'system', 'trigger', '.', 'system', 'an']","['B-class', 'I-class', 'O', 'O', 'O', 'O', 'O', 'O', 'O', 'O', 'O', 'O', 'O', 'O', 'O', 'O', 'O', 'O', 'O']"
"['Parameters', 'the', 'themas', 'the', 'system', 'only', 'respond', 'to', 'temperature', 'that', 'be', 'within', 'a', 'reasonable', 'value', '.', 'Initialization']","['O', 'O', 'O', 'O', 'O', 'O', 'O', 'O', 'B-attr', 'O', 'O', 'O', 'O', 'O', 'O', 'O', 'O']"
"['.', 'B4', ';', 'confirm', 'customer']","['O', 'O', 'O', 'O', 'B-class']"
"['back', 'to', 'the', 'home', 'page', 'or', 'the', 'landmark', ':', 'each', 'page', 'should', 'contain', 'a', 'link', 'lead', 'page', 'xxx', 'day', 'per', 'layer', 'and', 'security', 'and', 'access', 'control', 'component', 'can', 'be', 'deploy', 'as', 'standard', 'component', 'with', 'necessary', 'configuration', 'change', 'support', ',', 'service', 'core', 'on', 'SOA', 'principle', '.', 'each']","['O', 'O', 'O', 'O', 'O', 'O', 'O', 'O', 'O', 'O', 'B-class', 'O', 'O', 'O', 'B-attr', 'O', 'O', 'O', 'O', 'O', 'O', 'O', 'O', 'O', 'O', 'O', 'O', 'O', 'O', 'O', 'O', 'O', 'O', 'O', 'O', 'O', 'O', 'O', 'O', 'O', 'O', 'O', 'O', 'O', 'O', 'O']"
"['page', 'layout', ':', 'page', '-', 'an', ',', 'use', 'possible', 'problem', ',', 'for', 'example', ',', 'those', 'involve', 'avoid', 'the', 'of', 'the', 'back', 'button', ',', 'bookmarke', 'of', 'page', 'use', ',', 'to', 'be', '(', 'color', '-', 'blindness', ')', '.', 'use']","['O', 'O', 'O', 'O', 'O', 'O', 'O', 'O', 'O', 'O', 'O', 'O', 'O', 'O', 'O', 'O', 'O', 'O', 'O', 'O', 'O', 'O', 'O', 'O', 'O', 'O', 'O', 'O', 'O', 'O', 'O', 'O', 'O', 'O', 'O', 'O', 'O']"
"['developed', 'down', 'software', ';', 'all', 'additional', 'datum', 'that', 'be', 'not', 'require', ')', 'for', 'database', 'these', 'across', 'the', 'ioc', 'for', 'those', 'system', '.', 'there']","['O', 'O', 'O', 'O', 'O', 'O', 'O', 'O', 'O', 'O', 'O', 'O', 'O', 'B-class', 'O', 'O', 'O', 'O', 'O', 'O', 'B-class', 'O', 'O']"
"['.', 'base', 'on', 'external', 'interrupt', '.', 'an']","['O', 'O', 'O', 'O', 'O', 'O', 'O']"
"['only', '-', 'essential', 'task', 'may', 'employ', 'it', '.', 'all']","['O', 'O', 'O', 'O', 'O', 'O', 'O', 'O', 'O']"
"['.', 'delivery', 'test', 'approve', 'to', 'use', 'Dictionary', 'Data', ':', 'e', 'Appendix', 'to', 'refer', 'first', 'to', 'may', 'documentation', 'technical', 'to', 'new', 'be', 'who', 'want', 'reader', '.', 'to', ';', 'account', 'customer', 'manage', ':', 'will', 'Store', 'accord']","['O', 'O', 'O', 'O', 'O', 'O', 'O', 'O', 'O', 'O', 'O', 'O', 'O', 'O', 'O', 'O', 'O', 'O', 'O', 'O', 'O', 'O', 'O', 'O', 'O', 'O', 'O', 'I-class', 'B-class', 'O', 'O', 'O', 'O', 'O']"
"['each', 'after', 'system', 'in', 'card', 'credit', ""'"", '.', 'exist', 'validate', 'shall', 'system', 'the', ',', 'customer', 'return', ""'"", 'system', 'the', 'http://www.fs-security.com/']","['O', 'O', 'O', 'O', 'O', 'O', 'O', 'O', 'O', 'O', 'O', 'O', 'O', 'O', 'B-class', 'O', 'O', 'O', 'O', 'O']"
"['.', '3.2.2.1', 'chapter', 'see', ',', 'over', 'be', 'game', 'the']","['O', 'O', 'O', 'O', 'O', 'O', 'O', 'O', 'O']"
"['user', 'may', 'have', 'difficulty', 'in', 'perceive', 'certain', '.', 'overview', 'information', 'of', ',', 'take', 'into', 'account', 'human', 'capability', 'and', 'restriction', 'convey', 'in', 'colour', ',', 'and', 'not', 'as', 'the', 'only', 'mean', 'perceive', 'or', ',', 'page', 'element', 'on', 'a', 'page', ',', 'if', 'the', 'distance', 'content', 'between', 'block', 'of', 'information', 'display', 'become', 'too', 'large', ',', 'the', 'rapid', 'different', 'organize', 'not', 'impair', 'the', 'visual', 'skimming', 'of', 'the', 'page', 'the', '.', 'white', 'space', 'be', 'an', 'important', 'mean', 'of', 'visually', 'while']","['O', 'O', 'O', 'O', 'O', 'O', 'O', 'O', 'O', 'O', 'O', 'O', 'O', 'O', 'O', 'O', 'O', 'O', 'O', 'O', 'O', 'O', 'O', 'O', 'O', 'O', 'O', 'O', 'O', 'O', 'O', 'O', 'O', 'O', 'O', 'O', 'O', 'O', 'O', 'O', 'O', 'O', 'O', 'O', 'O', 'O', 'O', 'O', 'O', 'O', 'O', 'O', 'O', 'O', 'O', 'O', 'O', 'O', 'O', 'O', 'O', 'O', 'O', 'O', 'O', 'O', 'O', 'O', 'O', 'O', 'O', 'O', 'O', 'O']"
['Sales'],['B-class']
"['on', 'all', 'relevant', 'datum', ',', 'the', 'ETCS', 'shall', 'calculate', 'an', 'emergency', 'braking', 'braking', 'train', 'curve', 'a', 'the', 'dynamic', 'train', 'speed', 'profile', '.', 'respect', 'when']","['O', 'O', 'O', 'O', 'O', 'O', 'B-class', 'O', 'O', 'O', 'B-class', 'I-class', 'I-class', 'B-attr', 'I-class', 'O', 'O', 'B-class', 'I-class', 'I-class', 'I-class', 'O', 'O', 'O']"
"['.', 'connection', 'internet', 'an', 'via', 'coordinate', '.', 'order', 'shipping', 'mode', 'debug', 'under', 'run', 'to', 'able', 'be', '.', 'should', 'the']","['O', 'O', 'O', 'O', 'O', 'O', 'O', 'B-class', 'O', 'O', 'O', 'O', 'O', 'O', 'O', 'O', 'O', 'O', 'O']"
"['specification', 'have', 'be', 'develop', 'within', 'UIC', 'EIRENE', 'Project', '.', 'it']","['O', 'O', 'O', 'O', 'O', 'O', 'O', 'O', 'O', 'O']"
"['.', '5', ';', 'method', 'payment', 'and', 'confirm', 'detail', 'the', 'with', 'customer', 'the', 'present', 'system', ';', 'account', 'account', 'detail', 'and', 'send', 'system', ';', 'detail', 'order', 'and', 'confirmation', 'order', 'store', 'System', ';', 'order', 'confirm', 'customer', ';', 'method', 'payment', 'recognize', 'process', 'cookie', 'go', ';', 'process', 'login', 'initiate', 'to', 'link', 'or', 'system', 'button', 'administrator', '""', 'Login', '""', 'to', 'link', 'or', 'click', 'button', 'prompt', 'Administrator', 'display', 'system', ';', 'cookie', 'session', 'create', 'system', 'the', ';', 'verifie', 'system', ';', 'password', 'and', 'email', 'for', 'information', 'click', 'administrator']","['O', 'O', 'O', 'I-attr', 'B-attr', 'O', 'O', 'I-class', 'O', 'O', 'B-class', 'O', 'O', 'O', 'O', 'B-class', 'B-attr', 'I-attr', 'O', 'O', 'O', 'O', 'I-attr', 'B-attr', 'O', 'I-attr', 'B-attr', 'O', 'O', 'O', 'B-class', 'O', 'B-class', 'O', 'I-attr', 'B-attr', 'O', 'O', 'O', 'O', 'O', 'O', 'O', 'O', 'O', 'O', 'O', 'O', 'O', 'B-class', 'O', 'O', 'O', 'O', 'O', 'O', 'O', 'O', 'O', 'B-class', 'O', 'O', 'O', 'O', 'O', 'O', 'O', 'O', 'O', 'O', 'O', 'O', 'B-attr', 'O', 'B-attr', 'O', 'O', 'O', 'B-class']"
"['access', 'to', 'the', 'control', 'electronic', 'hardware', 'will', '.', 'be', 'VME', 'IOC', ""'s"", ',', 'use', 'the', 'EPICS', 'software', 'through', 'package', 'work', 'ICS', 'technology', 'advance', 'while', 'stay', 'compatible', 'with', 'the', 'development', 'system', '.', 'a']","['O', 'O', 'O', 'O', 'O', 'O', 'O', 'O', 'O', 'O', 'O', 'O', 'O', 'O', 'O', 'O', 'O', 'O', 'O', 'O', 'O', 'O', 'O', 'O', 'O', 'O', 'O', 'O', 'B-class', 'I-class', 'O', 'O']"
"['use', 'of', 'these', 'feature', 'and', 'of', 'violation']","['O', 'O', 'O', 'O', 'O', 'O', 'O']"
"['.', 'project', 'the', 'of', 'life', 'the', 'in', 'later', 'take', 'be', 'only', '.', 'they']","['O', 'O', 'O', 'O', 'O', 'O', 'O', 'O', 'O', 'O', 'O', 'O', 'O']"
"['a', 'health', 'document', 'this', 'of', 'datum', 'event', 'Health', '2.2.2', 'section', 'in', 'describe', 'as', ',', 'event', 'health', 'a', 'to', 'associate', 'for', 'directory', 'public', 'below', 'section', 'the', 'phone', 'during', 'use', ',', 'field', 'the', 'to', 'take', 'include', ',', 'use', 'multiple', 'for', 'questionnaire', 'print', 'to', 'ability', 'the', 'have', 'interview', 'must', ',', '.', ':', 'be', 'support', 'be', 'to', 'datum', 'aggregated', 'of', 'example']","['O', 'I-class', 'O', 'O', 'O', 'O', 'O', 'O', 'O', 'O', 'O', 'O', 'O', 'O', 'I-class', 'B-class', 'O', 'O', 'O', 'O', 'I-class', 'B-class', 'O', 'O', 'O', 'B-class', 'O', 'O', 'O', 'B-class', 'O', 'O', 'O', 'O', 'O', 'O', 'O', 'O', 'B-class', 'O', 'O', 'O', 'O', 'O', 'I-class', 'O', 'O', 'O', 'O', 'O', 'O', 'O', 'O', 'I-class', 'B-class', 'O', 'O']"
"['the', 'of', 'field', ',', 'include', 'definition', '.', 'therefore']","['O', 'O', 'O', 'O', 'O', 'B-attr', 'O', 'O']"
"['.', 'validate', 'and', 'develop', 'be', 'must', 'questionnaire', 'electronic']","['O', 'O', 'O', 'O', 'O', 'O', 'I-class', 'B-class']"
"['datum', 'to', 'result', 'in', 'the', 'indicate', 'event', 'be', 'transmit', 'be', ';', 'a', 'previously', 'set', 'event', 'be', 'terminate', '.', 'Time']","['B-class', 'O', 'O', 'O', 'O', 'O', 'B-class', 'O', 'O', 'O', 'O', 'O', 'O', 'O', 'B-class', 'O', 'O', 'O', 'O']"
"['.', 'none']","['O', 'O']"
"['.', 'radio', 'Cab', 'EIRENE', 'an', 'of', 'architecture', 'logical', 'the', 'show', '1', '-', 'the', 'follow', 'element', ':', 'and', 'equipment', 'mobile', 'GSM', 'comprise', '):', 'MT', '5', '-', '(', 'Termination', 'Mobile', 'GSM', ')', 'i', '(', 'GSM', 'figure', ')', 'i', 'define', 'it']","['O', 'O', 'O', 'O', 'O', 'O', 'O', 'O', 'O', 'O', 'O', 'O', 'O', 'O', 'O', 'O', 'O', 'I-class', 'I-class', 'B-class', 'O', 'O', 'O', 'O', 'O', 'O', 'I-class', 'I-class', 'B-class', 'O', 'O', 'O', 'O', 'O', 'O', 'O', 'O', 'O']"
"['of', 'datum', 'be', 'automatically', 'do', 'while', 'in', 'observe', 'and', 'maintenance', 'level', 'operation', 'transmit', 'assessment', 'between', 'and', 'datum', 'capacity', 'of', 'the', 'system', 'be', 'limit', 'by', 'the']","['O', 'O', 'O', 'O', 'O', 'O', 'O', 'O', 'O', 'O', 'O', 'O', 'O', 'O', 'O', 'O', 'O', 'O', 'O', 'O', 'O', 'O', 'O', 'O', 'O']"
"['other', 'feature', 'and', 'detail', 'of', 'system', 'will', 'be', 'explain', 'in', 'below', 'section', 'in', 'the', 'document', '.', 'the']","['O', 'O', 'O', 'O', 'O', 'B-class', 'O', 'O', 'O', 'O', 'O', 'O', 'O', 'O', 'O', 'O', 'O']"
"['themas', 'system', 'shall', 'control', 'each', 'of', 'the', 'heating', 'and', 'cool', 'unit', 'that', 'request', 'for', '=', 'if', 'heating', 'or', 'cool', 'unit', 'to', 'be', 'turn', 'on', '.', 'if']","['O', 'B-class', 'O', 'O', 'O', 'O', 'O', 'B-class', 'I-class', 'I-class', 'I-class', 'O', 'O', 'O', 'O', 'O', 'B-class', 'I-class', 'I-class', 'I-class', 'O', 'O', 'O', 'O', 'O', 'O']"
"['this', 'process', 'be', 'do', ',', 'either', 'the', 'temperature', 'be', 'exceed', 'or', 'the', 'temperature', 'change', 'be', 'request', '.', 'if']","['O', 'O', 'O', 'O', 'O', 'O', 'O', 'B-attr', 'O', 'O', 'O', 'O', 'B-class', 'I-class', 'O', 'O', 'O', 'O']"
"['NSS', 'contain', 'mobile', 'service', 'switch', 'the', 'to', 'interface', ')', 'each', 'contain', 'a', 'number', 'of', 'transceiver', '(', 'bts', 'trx', ';', 'network']","['B-class', 'O', 'B-class', 'I-class', 'I-class', 'O', 'O', 'O', 'O', 'O', 'O', 'O', 'O', 'O', 'B-class', 'O', 'O', 'O', 'O', 'B-class']"
"['.', 'save', 'previously', 'the', 'of', 'datum', 'the', 'all', 'contain', 'file', 'accord', 'movement', '.', 'to', 'player', 'the', 'by', 'use', 'time', 'the', ',', 'block', 'of', 'number', 'solve', 'the', 'player', 'a', 'of', 'name', 'the', 'of', 'compose', 'be', '.', 'line', 'each']","['O', 'O', 'O', 'O', 'O', 'O', 'O', 'O', 'O', 'B-class', 'O', 'I-attr', 'O', 'O', 'B-class', 'O', 'O', 'I-attr', 'B-attr', 'O', 'O', 'I-attr', 'I-attr', 'B-attr', 'O', 'O', 'B-class', 'O', 'O', 'B-attr', 'O', 'O', 'O', 'O', 'O', 'B-class', 'O']"
"['.', 'block', 'other', 'the', 'movement', '0.05x', 'least', 'at', 'block', 'other', 'near', 'ove', 'mt', ""'"", 'the', 'other', 'block', 'and', 'exit', 'of', 'user', 'the', 'zone', '.', 'the']","['O', 'B-class', 'O', 'O', 'O', 'O', 'O', 'O', 'B-class', 'O', 'O', 'O', 'O', 'O', 'O', 'O', 'O', 'O', 'O', 'O', 'B-class', 'O', 'O', 'O', 'O']"
"['.', 'the', 'current', 'temperature', 'to', 'determine', 'when', 'a', 'heating', 'or', 'cool', 'unit', 'shall', 'be', 'turn', 'on', 'or', 'off', '.', 'Initialization']","['O', 'O', 'B-attr', 'I-attr', 'O', 'O', 'O', 'O', 'B-class', 'I-class', 'I-class', 'I-class', 'O', 'O', 'O', 'O', 'O', 'O', 'O', 'O']"
"['.', 'environment', ""'s"", 'user', 'local', 'the', 'with', 'commonly', 'be', 'synchronization', 'an', 'identiﬁcation', ';', 'AwaitItem', 'the']","['O', 'O', 'O', 'I-class', 'B-class', 'O', 'O', 'O', 'O', 'O', 'O', 'B-attr', 'O', 'O', 'O']"
"['.', 'feasible', 'this', 'be', 'make', 'environment', 'programming', 'rich', 'sufﬁciently', 'a', 'include', 'must', 'software', 'to', 'a', 'visually', '-', 'be', 'should', 'there', ';', 'astronomer', 'the', 'to', 'interface', 'use', '-', 'to', '-', 'easy', ',', 'simple', 'a', 'provide', 'environment', 'orient', 'Gemini', 'efﬁcient', 'the', 'mean', 'have', 'it', ',', 'observe', 'service', 'for', 'below', 'give', 'the', 'those', 'include', 'requirement', 'its', 'while']","['O', 'O', 'O', 'O', 'O', 'O', 'O', 'O', 'O', 'O', 'O', 'O', 'O', 'O', 'O', 'O', 'O', 'O', 'O', 'O', 'O', 'B-class', 'O', 'O', 'O', 'O', 'O', 'O', 'O', 'O', 'O', 'O', 'O', 'O', 'O', 'O', 'O', 'O', 'O', 'O', 'O', 'O', 'O', 'O', 'O', 'O', 'O', 'O', 'O', 'O', 'O', 'O', 'O', 'O']"
"[',', '.', 'datum', 'ERTMS', 'an', 'and', 'Unit', 'Interface', 'Train', 'interface', ',', 'where', ',', ',', 'action', 'MMI', 'appropriate', 'an', 'upon']","['O', 'O', 'I-class', 'B-class', 'O', 'O', 'I-class', 'I-class', 'B-class', 'I-class', 'O', 'O', 'O', 'O', 'O', 'O', 'O', 'O', 'O']"
"['requirement', 'speciﬁcation', 'the', 'subsystem', 'be', 'find', 'in', 'the', 'individual', 'chapter', 'for', 'level', '-', 'high', 'the', '[', 'SMP', ']', '.', 'this']","['O', 'O', 'O', 'B-class', 'O', 'O', 'O', 'O', 'O', 'O', 'O', 'O', 'O', 'O', 'O', 'O', 'O', 'O', 'O', 'O']"
"['M', ')', 'if', 'Manual', '""', 'GSM', 'the', 'use', 'shall', 'application', 'network', 'radio', 'the', ',', 'implement', 'be', 'selection', 'network', 'direct', 'Cab', 'selection', 'network', 'direct', 'as', 'display', 'be', 'to', '(', 'network', 'authorise', 'of', 'list', 'prioritise', 'a', 'access', 'to', 'driver', 'the', 'state', 'in', 'section', '10.5', 'this']","['O', 'O', 'O', 'O', 'O', 'O', 'O', 'O', 'O', 'O', 'O', 'I-class', 'O', 'O', 'O', 'O', 'O', 'O', 'O', 'B-class', 'O', 'O', 'O', 'O', 'O', 'O', 'O', 'O', 'O', 'O', 'O', 'O', 'O', 'O', 'O', 'O', 'B-class', 'O', 'O', 'O', 'O', 'O', 'O']"
"[':', ':', 'this', 'from', 'remove', 'for']","['O', 'O', 'O', 'O', 'O', 'O']"
"['.', ')', 'name', 'episode', 'the', 'the', 'tab', 'include', 'of', 'send', 'system', '–', 'search', 'start', 'and', 'term', 'search', 'enter', 'user']","['O', 'O', 'O', 'O', 'O', 'O', 'B-class', 'O', 'O', 'O', 'B-class', 'O', 'B-class', 'O', 'O', 'I-attr', 'B-attr', 'O', 'B-class']"
['if'],['O']
"['card', '.', 'it']","['O', 'O', 'O']"
"['the', 'present', 'time', 'only', 'channel', 'archive', 'access', 'database', 'monitor', '.', 'no']","['O', 'O', 'O', 'O', 'O', 'B-attr', 'O', 'B-class', 'I-class', 'O', 'O']"
"['range', 'greatly', 'Telescopes', 'm', '8', 'Gemini', 'the', 'at', 'astronomer', 'staff', 'as', 'such', 'can', 'user', 'very', 'to', 'system', 'the', 'of', 'user', 'occasional', 'from', 'experience', 'in', 'experienced', 'decision', 'these', 'and', 'available', 'make', 'be', 'will', 'feature', 'all', 'that', 'mean', 'not', 'do', 'to', 'it', ',', 'requirement', 'possible', 'all', 'fulfill', 'must', 'operation', 'of', 'term', 'in', 'but', 'and', 'all', 'at', 'remotely', 'and', 'locally', 'both', 'need', 'operational', 'the', 'to', 'adapt', 'be', 'user', 'to', 'will', 'capability', 'available', 'the']","['O', 'O', 'O', 'O', 'O', 'O', 'O', 'O', 'I-class', 'B-class', 'O', 'O', 'O', 'B-class', 'O', 'O', 'B-class', 'O', 'O', 'B-class', 'O', 'O', 'O', 'O', 'O', 'O', 'O', 'O', 'O', 'O', 'O', 'O', 'O', 'O', 'O', 'O', 'O', 'O', 'O', 'O', 'O', 'O', 'O', 'O', 'O', 'O', 'O', 'O', 'O', 'O', 'O', 'O', 'O', 'O', 'O', 'O', 'O', 'O', 'O', 'O', 'O', 'O', 'O', 'O', 'B-class', 'O', 'O', 'O', 'O', 'O']"
"[';', 'master', 'Referral', 'be', 'from', 'be', 'should', 'Referral', 'for', 'reason', 'the', ',', 'Referral', 'for', 'Reason', 'populate', 'depend', 'information', 'available', 'change', 'will', 'status', 'claim', 'the', 'then', ',', 'claim', 'in', 'available', 'be', 'information', 'mandatory', 'any', 'or', 'datum', 'FALSE', 'any', 'if', ',', 'claim', 'the', 'in', 'to', 'navigate', 'to', 'provision', 'Bar', 'from', 'capture', 'be', 'should', 'this', '(', 'no', 'Voucher', ';', 'Code', ')', 'Form', 'the', 'choose', 'while', 'automatically', 'populate', 'should', 'this', '(', 'Name', 'no', 'VSP', 'reader', 'on', 'base', 'reader', 'Code', 'Bar', 'from', 'capture', 'be', 'should', 'this', '(', 'base', 'Count', ';', ')', 'Form', 'Claim', 'the', 'on', 'Stick', 'Slip', 'Voucher', 'the', 'visit', ';', ')', 'no', 'system', 'the', '(', 'no', 'claim', ';', ')', 'claim', 'in', 'enter', 'will', 'yet', 'be', 'all', 'which', 'detail', 'receipt', 'claim', 'from', 'no']","['O', 'O', 'O', 'O', 'O', 'O', 'O', 'B-attr', 'O', 'O', 'O', 'O', 'I-attr', 'I-attr', 'B-attr', 'O', 'O', 'O', 'O', 'O', 'O', 'I-attr', 'B-attr', 'O', 'O', 'O', 'B-class', 'O', 'O', 'O', 'O', 'O', 'O', 'O', 'O', 'O', 'O', 'O', 'O', 'B-class', 'O', 'O', 'I-attr', 'O', 'O', 'O', 'O', 'O', 'O', 'O', 'O', 'O', 'O', 'I-attr', 'B-attr', 'O', 'O', 'O', 'B-attr', 'O', 'O', 'O', 'O', 'O', 'O', 'O', 'O', 'I-attr', 'I-attr', 'B-attr', 'O', 'O', 'O', 'O', 'O', 'O', 'O', 'O', 'O', 'O', 'O', 'O', 'O', 'I-attr', 'O', 'O', 'I-class', 'B-class', 'O', 'O', 'O', 'O', 'O', 'O', 'B-attr', 'O', 'O', 'I-attr', 'B-class', 'O', 'O', 'I-attr', 'B-attr', 'O', 'O', 'B-class', 'O', 'O', 'O', 'O', 'O', 'O', 'O', 'I-attr', 'I-attr', 'B-attr', 'O', 'I-attr']"
"['10', 'section', 'intentionally', 'keep', 'at', 'the', 'level', 'of', 'performance', 'criterion', 'be', 'of', 'load', 'the', 'three', 'active', 'node', ',', 'but', 'the', 'Gemini', '8', 'm', 'Telescopes', 'computer', 'and', 'software', 'shall', 'be', 'capable', 'of', 'cope', 'with', 'rather', 'of', 'than', 'time', 'the', 'occurrence', 'of', 'the', 'correspond', 'action', 'within', 'give', 'before', 'response', '.', 'there']","['O', 'O', 'O', 'O', 'O', 'O', 'O', 'O', 'O', 'O', 'O', 'O', 'O', 'O', 'O', 'O', 'O', 'O', 'O', 'O', 'O', 'O', 'O', 'O', 'O', 'O', 'O', 'O', 'O', 'O', 'O', 'O', 'O', 'O', 'O', 'O', 'O', 'O', 'O', 'O', 'O', 'O', 'O', 'O', 'O', 'O', 'O', 'O', 'O']"
"['.', '3.2.3.4', 'chapter', 'see', 'the']","['O', 'O', 'O', 'O', 'O']"
"['train', 'the']","['B-class', 'O']"
"['.', 'health', 'or', 'event', 'follow']","['O', 'B-class', 'O', 'I-class', 'B-attr']"
"['.', 'movement', '""', 'movement', 'Block', '""', 'the', 'during', 'movement', 'Mouse']","['O', 'B-class', 'O', 'O', 'O', 'O', 'O', 'O', 'O', 'O']"
"['particular', ',', 'each', 'module', '’s', 'environment', 'be', 'strictly', 'deﬁne', 'by', 'its', 'logical', 'subsystem', 'fashion', 'minimize', 'only', 'accessible', 'through', 'their', 'deﬁned', 'interface', '.', 'the']","['O', 'O', 'O', 'B-class', 'O', 'O', 'O', 'O', 'O', 'O', 'O', 'O', 'B-class', 'O', 'O', 'O', 'O', 'O', 'O', 'O', 'O', 'O', 'O']"
"['.', 'cancel', 'be', 'movement', 'last', 'the', 'before', 'be', 'they', 'that', 'where', 'the', 'at', 'position', 'block', 'the', 'display', 'game', 'the']","['O', 'O', 'O', 'B-class', 'O', 'O', 'O', 'O', 'O', 'O', 'O', 'O', 'O', 'I-attr', 'B-attr', 'O', 'O', 'O', 'O']"
"['science', 'planning', ',', 'there', '3', 'restart', 'to', 'procedure', 'should', 'be', 'do', 'during', 'commission', 'to', 'establish', 'baseline', 'rate', 'for', 'system', 'reliability', 'monitoring', '.', 'there']","['O', 'O', 'O', 'O', 'O', 'O', 'O', 'O', 'O', 'O', 'O', 'O', 'O', 'O', 'O', 'O', 'O', 'O', 'O', 'O', 'O', 'O', 'O']"
"['precedence', 'for', 'may', 'be', 'repair', 'that', 'all', 'hazard', 'capable', 'of', 'cause', 'injury', 'and/or', 'severe', 'damage', 'to', 'equipment', 'shall', 'be', 'actively', 'interlock', '(', 'severe', 'damage', 'imply', 'conform', ';', 'to', 'requirement', 'safety', 'requirement', 'be', ':', 'eliminate', 'hazard', 'through', 'design', 'general', ',', 'material', 'selection', ';', 'isolate', 'hazardous', 'substance', 'from', 'people', 'include', 'the']","['O', 'O', 'O', 'O', 'O', 'O', 'O', 'O', 'O', 'O', 'O', 'O', 'O', 'O', 'O', 'O', 'O', 'O', 'O', 'O', 'O', 'O', 'O', 'O', 'O', 'O', 'O', 'O', 'O', 'O', 'O', 'O', 'O', 'O', 'O', 'O', 'O', 'O', 'O', 'O', 'O', 'O', 'O', 'O', 'O', 'O', 'O', 'O', 'O']"
"['specify', 'the', 'its', 'main', 'be', 'also', 'cite', ',', 'and', 'be', 'detail', 'interface', 'staff', 'worker', 'of', '.', 'it']","['O', 'O', 'O', 'O', 'O', 'O', 'O', 'O', 'O', 'O', 'O', 'O', 'O', 'O', 'O', 'O', 'O']"
"['datum', 'service', 'change', 'service', 'of', 'capability', 'of', 'the', 'network', 'management', 'or', 'DBMS', ';', 'End', 'User', 'Mode', ':', 'Portion', 'of', 'XS', 'service', 'shall', 'by', 'be', 'identify', 'communication', '.', 'the']","['O', 'O', 'O', 'O', 'O', 'O', 'O', 'O', 'O', 'O', 'O', 'O', 'O', 'O', 'O', 'O', 'O', 'O', 'O', 'O', 'O', 'O', 'O', 'O', 'O', 'O', 'O', 'O']"
"['security', 'and', 'safety', 'of', 'the', 'system', 'tolerance', '/', 'client', 'the', '.', 'it']","['O', 'O', 'O', 'O', 'O', 'B-class', 'O', 'O', 'O', 'O', 'O', 'O']"
"['the', 'below', 'detail', 'the', 'user', 'can', 'get', 'to', 'the', 'of', 'Distributor', '-', 'wise', 'and', 'salesman', '-', 'wise', 'and', 'batch', 'no', 'wise', 'sale', 'detail', ',', 'detail', 'follow', 'differentiate', 'indicator', 'on', 'the', 'name', 'the']","['O', 'O', 'O', 'O', 'B-class', 'O', 'O', 'O', 'O', 'O', 'B-class', 'O', 'O', 'O', 'B-class', 'O', 'B-attr', 'I-attr', 'I-attr', 'I-attr', 'O', 'B-attr', 'O', 'O', 'O', 'O', 'O', 'O', 'O', 'O', 'B-attr', 'O']"
"['.', '1', '-', '5', 'figure']","['O', 'O', 'O', 'O', 'O']"
"['alarm', 'be', 'be', 'request', '.', 'if']","['B-class', 'O', 'O', 'O', 'O', 'O']"
"['.', 'Operator', 'C.Telescope', 'integrity', 'of', 'the', 'system', 'to', 'plan', 'science', 'the', 'and', 'Observer', 'the', 'with', 'work', 'Operator', ';', 'Telescope', '.', 'observation', 'during', 'accurately', 'function', 'system', 'the', 'keep', 'for', 'and', 'the']","['O', 'I-class', 'B-class', 'O', 'O', 'O', 'O', 'O', 'O', 'O', 'O', 'O', 'B-class', 'O', 'O', 'O', 'I-class', 'O', 'B-class', 'O', 'O', 'O', 'O', 'O', 'O', 'O', 'O', 'O', 'O', 'O']"
"['.', 'access', 'System', ';', 'Person', 'Sales']","['O', 'O', 'O', 'O', 'I-class', 'B-class']"
"['.', 'block', 'some', 'move', 'could', 'user', 'the', 'where', 'zone', 'rectangular', 'a', 'be', 'board', 'the']","['O', 'O', 'O', 'O', 'O', 'B-class', 'O', 'O', 'O', 'O', 'O', 'O', 'B-class', 'O']"
"['of', '""', 'white', 'space', '""', 'orientation', 'overall']","['O', 'O', 'O', 'O', 'O', 'O', 'O']"
"['.', 'HTTPS', 'with', 'be', 'browser', 'a', 'via', 'system', 'weborder', 'the', 'access', 'to', 'web', 'within', 'create', 'be', 'system', ';', 'information', 'product', 'new', 'the', 'validate', 'create', 'system', 'product', 'of', 'availability', 'and', ',', 'inventory', 'in', ';', 'a', 'new', 'product', 'product', 'new', 'a']","['O', 'O', 'O', 'O', 'O', 'O', 'O', 'O', 'O', 'O', 'O', 'O', 'O', 'O', 'O', 'O', 'O', 'O', 'I-attr', 'B-attr', 'O', 'O', 'O', 'O', 'O', 'I-attr', 'I-attr', 'B-attr', 'O', 'O', 'I-attr', 'I-attr', 'O', 'O', 'O', 'B-attr', 'B-class', 'O', 'O']"
"['be', 'system', 'two', 'current', 'when', 'temperature', 'limit', 'having', 'be', 'exceed', '.', 'if']","['O', 'B-class', 'O', 'O', 'O', 'B-attr', 'I-attr', 'O', 'O', 'O', 'O', 'O']"
"['M', ')', 'for']","['O', 'O', 'O']"
"['.', 'format', 'database', 'use', 'widely', 'most', 'to', '.', 'information', 'inventory', 'web', 'this', 'of', 'developer', 'the', ',', 'test', 'Store', 'be', 'system', 'operating', 'the', 'and', 'supply', 'be', 'will', 'will', 'be', 'not', 'responsible', 'store', 'to', 'database', 'base', 'SQL', 'use', 'shall', 'system', 'the']","['O', 'O', 'O', 'O', 'O', 'O', 'O', 'O', 'O', 'O', 'O', 'O', 'O', 'O', 'O', 'O', 'O', 'O', 'O', 'O', 'O', 'O', 'O', 'O', 'O', 'O', 'O', 'O', 'O', 'O', 'O', 'O', 'O', 'O', 'O', 'O', 'O', 'O', 'O']"
"['system', 'will', 'capture', 'the', 'master', 'detail', 'of', 'every', 'distributor', 'so', 'that', 'the', 'user', 'can', 'get', 'the', 'detail', 'of', 'any', 'distributor', 'and', 'sale', 'detail', 'at', 'any', 'time', 'follow', 'not', 'will', 'voucher', 'for', 'the', 'first', 'follow', '-', 'up', ';', 'and', 'the', 'third', 'tear', 'off', 'for', 'one', 'the', '(', 'second', 'follow', '-', 'up', ')', '.', 'this']","['B-class', 'O', 'O', 'O', 'B-attr', 'I-attr', 'O', 'O', 'B-class', 'O', 'O', 'O', 'B-class', 'O', 'O', 'O', 'B-attr', 'O', 'O', 'B-class', 'O', 'B-attr', 'I-attr', 'O', 'O', 'O', 'O', 'O', 'O', 'B-class', 'O', 'O', 'B-class', 'I-class', 'I-class', 'I-class', 'O', 'O', 'O', 'O', 'O', 'O', 'O', 'O', 'O', 'O', 'B-class', 'I-class', 'I-class', 'I-class', 'O', 'O', 'O']"
"['.', 'of', 'voucher', 'return', '.', 'the']","['O', 'I-attr', 'I-attr', 'I-attr', 'O', 'O']"
"['design', 'and', 'development', 'standard', 'be', 'Gemini', 'not', ',', 'but', 'expect', 'to', 'conform', 'to', 'system', 'goal', 'speciﬁe', 'the', 'by', 'review', 'by', 'Westmount', 'Technologies', '.', 'the']","['O', 'O', 'O', 'O', 'O', 'O', 'O', 'O', 'O', 'O', 'O', 'O', 'O', 'O', 'O', 'O', 'O', 'O', 'O', 'O', 'O', 'O', 'O', 'O']"
"['signature', 'digital', 'way', '-', '2', 'and', 'SSL', 'utilize', 'system', 'access', 'the', 'multiple', 'as', 'HTTPS', 'use', 'should', 'system', 'the', 'connection', 'the', 'network', 'virtual', 'secure', 'support', 'should', 'system', 'the', 'connection', 'private', 'communication', 'protocol', ',', 'on', 'run', 'should', 'system', 'the']","['O', 'O', 'O', 'O', 'O', 'O', 'O', 'O', 'O', 'O', 'O', 'O', 'O', 'O', 'O', 'O', 'O', 'O', 'O', 'O', 'O', 'O', 'O', 'O', 'O', 'O', 'O', 'O', 'O', 'O', 'O', 'O', 'O', 'O', 'O', 'O', 'O']"
"['.', 'time', 'any', 'at', 'subsystem', 'any', 'or', 'directly', 'telescope', 'of', 'status', 'the', 'about', 'enquire', 'to', 'able', 'be', 'must', 'they', 'the', ',', 'service', 'site', 'state', 'explicitly', 'be', 'contrary', 'the', 'unless']","['O', 'O', 'O', 'O', 'B-class', 'O', 'O', 'O', 'O', 'O', 'B-attr', 'O', 'O', 'O', 'O', 'O', 'O', 'O', 'O', 'O', 'O', 'B-class', 'O', 'O', 'O', 'O', 'O', 'O', 'O']"
"['monitor', 'a', 'database', 'notiﬁed', 'software', 'be', 'unaffected', '.', 'every']","['I-class', 'O', 'B-attr', 'O', 'O', 'O', 'O', 'O', 'O']"
"['SRS', 'only', 'specify', 'the', 'requirement', 'deal', 'with', 'a', 'the', 'portion', 'of', 'the', 'system', '.', 'if']","['O', 'O', 'O', 'O', 'O', 'O', 'O', 'O', 'O', 'O', 'O', 'O', 'O', 'O', 'O']"
"['.', 'which', 'allow', 'migration', 'on', 'different', 'medium', ',', 'should', 'they', 'become', 'require', 'during', 'the', 'Gemini', '8', 'm', 'Telescopes', 'project', 'life', 'on', 'task', ',', 'not', 'm', 'Telescopes', 'site', 'will', 'make', 'use', 'of', 'the', '8', 'Gemini', 'm', 'Telescopes', 'control', 'room', 'facility', '.', 'this']","['O', 'O', 'O', 'O', 'O', 'O', 'O', 'O', 'O', 'O', 'O', 'O', 'O', 'O', 'O', 'O', 'O', 'O', 'O', 'O', 'O', 'O', 'O', 'O', 'O', 'O', 'B-class', 'O', 'O', 'O', 'O', 'O', 'O', 'O', 'O', 'O', 'B-class', 'I-class', 'I-class', 'O', 'O']"
"['.', 'concern', 'be', 'control', 'telescope', 'of', 'control', 'direct', 'the', 'as', 'far', 'as', 'privilege', 'no', 'have', 'the', 'observer', 'command', 'but', 'be', 'intent', 'the']","['O', 'O', 'O', 'O', 'O', 'O', 'O', 'O', 'O', 'O', 'O', 'O', 'B-attr', 'O', 'O', 'O', 'I-class', 'O', 'O', 'O', 'O', 'O']"
"['.', 'Platform', '3.5', '.net', 'support', 'the', 'on', 'framework', 'instead', 'of', 'proprietary', 'single', 'a', 'use', 'and', 'upon', 'depend', 'to', 'and', 'continue', 'system', 'the']","['O', 'O', 'O', 'O', 'O', 'O', 'O', 'O', 'O', 'O', 'O', 'O', 'O', 'O', 'O', 'O', 'O', 'O', 'O', 'O', 'B-class', 'O']"
"['incorporate', 'other', 'paragraph', '3.3', 'of', 'the', 'Data', 'Item', 'Description', 'DI', '-', 'IPSC-81433', ')', 'define', 'these', 'interface', 'will', 'be', 'specify', 'in', 'during', 'specify', '(', 'Toolkit', '.', 'the']","['O', 'O', 'O', 'O', 'O', 'O', 'O', 'O', 'O', 'O', 'O', 'O', 'O', 'O', 'O', 'O', 'O', 'O', 'O', 'O', 'O', 'O', 'O', 'O', 'O', 'O']"
"['the', ',', 'the', 'for', 'responsible', 'be', 'developer']","['O', 'O', 'O', 'O', 'O', 'O', 'B-class']"
"['.', ')', 'Master', 'Drugs', 'from', '(', 'Price', 'the', 'Retails', 'drug', 'of', 'Qty', '(', '+', ')', 'term', 'Payment', 'VSP', 'from', '*', 'thump', 'impression', 'available', 'thump', 'the', 'if']","['O', 'O', 'O', 'O', 'O', 'O', 'I-attr', 'O', 'B-attr', 'I-attr', 'I-attr', 'B-attr', 'O', 'O', 'O', 'I-class', 'I-class', 'B-class', 'O', 'O', 'B-attr', 'I-attr', 'O', 'B-attr', 'O', 'O']"
"['entry', 'claim', 'the']","['I-class', 'B-class', 'O']"
"['minimum', 'duration', 'of', 'a', 'dtmf', 'MHz', '=', 'dtmf', 'recognition', 'Multi', 'Frequency', '(', 'DTMF', ')', 'signal', ']', '.', '(']","['O', 'O', 'O', 'O', 'O', 'O', 'O', 'B-class', 'I-class', 'O', 'O', 'O', 'O', 'O', 'O', 'O', 'O', 'O']"
['if'],['O']
"['.', 'process', 'checkout', 'order', 'complete', 'flag', 'with', 'cookie', 'append', 'System', ';', 'Customer', 'for', 'the', 'web', 'during', 'system']","['O', 'O', 'O', 'B-class', 'O', 'O', 'O', 'O', 'O', 'O', 'O', 'B-class', 'O', 'O', 'O', 'O', 'O']"
"['the', 'traction', 'unit', 'be', 'stationary', 'brake', 'emergency', 'the']","['O', 'B-class', 'I-class', 'O', 'B-attr', 'I-class', 'B-class', 'O']"
"['.', '.', ';', 'cart', 'to', ')', 'item(s', 'add', 'after', 'A2', 'window', 'system']","['O', 'O', 'O', 'B-class', 'O', 'I-class', 'B-class', 'O', 'O', 'O', 'O', 'O']"
"['.', '""', 'erase', '""', 'and', '""', 'Display', '""', 'be', 'contain']","['O', 'O', 'O', 'O', 'O', 'O', 'O', 'O', 'O', 'O']"
"['of', 'statistical', 'with', 'the', ',', 'sort', 'the', 'event', 'by', 'date', 'and', 'time', ',', 'and', 'create', 'the', 'ascii', 'operator', 'report', '.', 'if']","['O', 'B-class', 'O', 'O', 'O', 'O', 'O', 'B-class', 'O', 'B-attr', 'O', 'B-attr', 'O', 'O', 'O', 'O', 'B-class', 'B-class', 'I-class', 'O', 'O']"
"['830', '-', '1984', 'Requirements', 'Specification', '.', 'technical']","['O', 'O', 'O', 'O', 'O', 'O', 'O']"
"['add', 'system', 'timeThe', 'in', ',', 'default', '0', ')', '.', 'the']","['O', 'B-class', 'O', 'O', 'O', 'O', 'O', 'O', 'O', 'O']"
"['architecture', 'consist', 'of', 'the', '-', '):', 'and', ';', 'feature', 'outside', 'GSM', ':', 'dependent', 'on', 'radio', 'type', ';', 'd', ')', 'Man', 'Machine', 'Interface', '(', 'standardise', ':', 'application', 'EIRENE', 'b', ')', 'direct', 'Mode', 'Mobile', 'Termination', '(', 'SIM', 'DM', 'MT', '):', 'for', 'direct', 'mode', 'communication', ';', '-', 'send', 'shall', 'network', 'between', 'each', 'tone', '.', '(']","['O', 'O', 'O', 'O', 'O', 'O', 'O', 'O', 'O', 'O', 'O', 'O', 'O', 'O', 'B-attr', 'I-attr', 'O', 'O', 'O', 'O', 'O', 'O', 'O', 'O', 'O', 'O', 'O', 'O', 'O', 'B-class', 'I-class', 'I-class', 'I-class', 'O', 'B-class', 'O', 'O', 'O', 'O', 'O', 'O', 'O', 'O', 'O', 'O', 'O', 'B-class', 'O', 'O', 'B-class', 'O', 'O']"
"['module', 'be', 'execute', 'automatically', 'start', 'risk', ':', 'an', 'astronomical', 'database', 'must', 'be', 'protect', 'from', 'intrusion', ',', 'the', 'whether', 'purpose', 'be', 'to', 'access', 'private', 'datum', 'or', 'to', 'the', ',', 'particular', 'in']","['B-class', 'O', 'O', 'O', 'O', 'O', 'O', 'O', 'B-class', 'I-class', 'O', 'O', 'O', 'O', 'O', 'O', 'O', 'O', 'O', 'O', 'O', 'O', 'B-attr', 'I-attr', 'O', 'O', 'O', 'O', 'O', 'O']"
"['.', ']', '568', 'UIC', 'if', '(']","['O', 'O', 'O', 'O', 'O', 'O']"
"['addition', ',', 'this', 'should', 'be', 'a', 'visually', '-', 'orient', 'environment', 'provide', 'a', 'simple', ',', 'easy', '-', 'to', 'use', 'on', 'error', 'condition', 'and', 'transfer', 'of', 'astronomical', 'datum', 'in', 'all', 'form', 'control', '(', ',', 'engineering', ',', 'reference', ',', 'etc', '.', ')', 'science', 'the', 'to', 'apply', '.', 'this']","['O', 'O', 'O', 'O', 'O', 'O', 'O', 'O', 'O', 'O', 'O', 'O', 'O', 'O', 'O', 'O', 'O', 'O', 'O', 'O', 'O', 'O', 'O', 'O', 'O', 'O', 'O', 'O', 'O', 'O', 'O', 'O', 'O', 'O', 'O', 'O', 'O', 'O', 'O', 'O', 'O', 'O', 'O', 'O', 'O']"
"['.', 'listing', 'product', 'to', 'return', 'customer', ';', 'detail', 'cart', 'with', 'cookie', 'store', 'System', 'Customer', 'for', 'have', 'item(s', 'link', 'or', 'button', 'the', 'click', 'customer', '""', 'to', 'Ckeckout', 'to', 'link', 'or', 'button', 'click', 'Customer']","['O', 'O', 'O', 'O', 'O', 'B-class', 'O', 'I-attr', 'B-attr', 'O', 'O', 'O', 'O', 'B-class', 'O', 'O', 'B-class', 'O', 'O', 'O', 'O', 'O', 'B-class', 'O', 'O', 'O', 'O', 'O', 'O', 'O', 'O', 'B-class']"
"['.', 'instrument', 'and', 'telescope', 'the', 'control', 'of', 'to', 'detail', 'on', 'than', 'rather', ',', 'quality', 'datum', 'of', 'assessment', 'line', '-', 'the', 'Observing', 'astronomer', 'shall', 'program']","['O', 'O', 'O', 'O', 'O', 'O', 'O', 'O', 'O', 'O', 'O', 'O', 'O', 'O', 'O', 'O', 'O', 'O', 'O', 'O', 'B-class', 'I-class', 'O', 'O']"
"['shall', 'be', 'possible', 'while', 'DMI', 'time', 'the', 'at', 'numeric', 'digit', '.', 'on']","['O', 'O', 'O', 'O', 'B-class', 'O', 'O', 'O', 'O', 'O', 'O', 'O']"
"['the', 'bulk', 'of', 'this', 'section', 'be', 'take', 'from', ':', 'the', 'with', 'discussion', 'application', ""'"", '.', 'although']","['O', 'O', 'O', 'O', 'O', 'O', 'O', 'O', 'O', 'O', 'O', 'O', 'B-class', 'O', 'O', 'O']"
"['.', 'none']","['O', 'O']"
"['the', 'average', 'be', 'expect', 'to', 'be', '75', '%', 'yearly', 'follow', 'guideline', 'define', 'be', 'driver', 'the', 'that', 'such', ',', 'telephone', 'GSM', 'standard', 'a', 'as', 'use', 'be', 'of', 'capable', 'able', 'to', 'call', 'any', 'M', '(']","['O', 'O', 'O', 'O', 'O', 'O', 'O', 'O', 'O', 'O', 'O', 'O', 'O', 'B-class', 'O', 'O', 'O', 'O', 'I-class', 'B-class', 'O', 'O', 'O', 'O', 'O', 'O', 'O', 'O', 'O', 'O', 'O', 'O', 'O']"
"[')', 'failure', 'subsystem', 'request', 'failure', ';', 'condition', 'of', 'use', 'and', 'environment', ';', 'of', 'mean', 'veriﬁcation', ';', 'period', 'of', 'time', 'during', 'system', 'life', 'of', 'deﬁnition', ';', 'system', 'condition', 'to', 'observe', 'again', '.', 'Speciﬁc']","['O', 'O', 'B-class', 'O', 'I-attr', 'O', 'B-attr', 'I-attr', 'I-attr', 'O', 'B-attr', 'O', 'I-attr', 'B-attr', 'I-attr', 'O', 'O', 'O', 'O', 'O', 'O', 'O', 'I-attr', 'B-attr', 'O', 'B-class', 'O', 'O', 'O', 'O', 'O', 'O']"
"['.', 'page', 'help', 'the', 'of', 'each', 'on', 'screen', 'the', 'of', 'side', 'right', ',', 'must', 'top', 'exhibit', 'of', 'system', 'the']","['O', 'I-class', 'B-class', 'O', 'O', 'O', 'O', 'B-class', 'O', 'O', 'O', 'O', 'O', 'O', 'O', 'O', 'O', 'B-class', 'O']"
"['-', ':', 'customer', 'sale', 'deploy', 'be', 'to', 'able', 'be', 'shall', 'system', 'or', 'the', 'plug', 'be', 'usb', 'the', 'upon']","['O', 'O', 'B-class', 'O', 'O', 'O', 'O', 'O', 'O', 'O', 'O', 'O', 'O', 'O', 'O', 'O', 'O', 'O']"
"['i', ')', 'ERTMS', 'be', ';', 'fix', ')', 'of', 'that', 'standard', '.', '(']","['O', 'O', 'B-class', 'O', 'O', 'I-class', 'O', 'O', 'O', 'O', 'O', 'O']"
"['establish', 'should', 'acceptable', 'order', 'it', 'if', ',', 'design', 'system', 'the']","['O', 'O', 'O', 'O', 'O', 'O', 'O', 'O', 'O', 'O']"
"['conformance', ';', 'well', '-', 'form', ';', 'Validate', ';', 'create', ';', 'language', 'document', '&', 'alternate', ',', 'semantically', '-', 'valid', 'view', '(', 'e.g.', ',', 'XSL', ')', ';', 'Express', 'version', '.', 'Consume']","['O', 'O', 'O', 'O', 'O', 'O', 'O', 'O', 'O', 'O', 'O', 'I-class', 'I-class', 'O', 'O', 'B-attr', 'I-attr', 'I-attr', 'B-class', 'O', 'O', 'O', 'O', 'O', 'O', 'O', 'I-attr', 'O', 'O']"
"['i', ')', 'for', 'network', 'planning', ',', '.', 'the', 'level', 'be', 'define', 'as', 'the', 'field', 'strength', 'coverage', '515', ']', 'ERTMS', '.', 'additional']","['O', 'O', 'O', 'O', 'O', 'O', 'O', 'O', 'I-attr', 'O', 'O', 'O', 'O', 'B-attr', 'I-attr', 'B-attr', 'O', 'O', 'O', 'O', 'O']"
"['game', 'the', 'of', 'file', 'statistic', 'the', 'from', 'read', 'be', 'statistcs', 'this']","['B-class', 'O', 'O', 'I-class', 'B-class', 'O', 'O', 'O', 'O', 'O', 'O']"
"['.', 'Description', 'Reason', ';', 'Code', 'Reason', ';', 'treatment', 'system', 'time', ')', 'term', 'Payment', 'VSP', 'from', '(', 'Fee', 'up', 'follow', 'First', '+', 'capture', 'Amount', 'claim', 'up', 'follow', 'first', 'for', 'be', 'claim', 'if']","['O', 'I-attr', 'B-attr', 'O', 'I-attr', 'B-attr', 'O', 'B-class', 'B-class', 'O', 'O', 'I-class', 'I-class', 'B-class', 'O', 'O', 'I-attr', 'I-attr', 'I-attr', 'B-attr', 'O', 'O', 'I-attr', 'B-attr', 'O', 'O', 'O', 'O', 'O', 'B-class', 'O']"
"['Qty', 'Sold', '.', '(']","['B-attr', 'I-attr', 'O', 'O']"
"['protection', 'must', 'be', 'apply', 'whenever', 'there', 'be', 'the', 'risk', 'that', 'the', 'action', 'of', 'the', 'control', 'software', 'level', 'by', 'be', 'subsystem']","['O', 'O', 'O', 'O', 'O', 'O', 'O', 'O', 'O', 'O', 'O', 'O', 'O', 'O', 'O', 'O', 'I-class', 'O', 'O', 'B-class']"
"['.', 'Administrator', 'of', 'list', 'a', 'view', 'or', 'search', 'by', 'user', 'user', 'select', 'to', 'Administrator', 'the', 'prompt', 'system', ';', 'a', ';', 'system', 'display', 'to', 'page', 'home', 'account', 'the', 'display', 'system', ';', 'property', 'user', 'the', 'alter', 'system', ';', 'information', 'user', 'the', 'property', 'page', 'home', 'account', 'link', 'or', 'button', 'the', 'on', 'click', 'Customer']","['O', 'B-class', 'O', 'O', 'O', 'O', 'O', 'O', 'O', 'B-class', 'B-class', 'O', 'O', 'B-class', 'O', 'O', 'O', 'O', 'O', 'O', 'O', 'O', 'O', 'O', 'O', 'O', 'O', 'O', 'O', 'O', 'I-attr', 'B-attr', 'O', 'O', 'O', 'O', 'I-attr', 'B-attr', 'O', 'I-attr', 'O', 'O', 'O', 'O', 'O', 'O', 'O', 'O', 'O', 'B-class']"
"['choice', 'of', 'on', 'such', 'environment', 'have', 'to', 'be', 'deﬁne', ',', 'together', 'with', 'an', 'section', 'previous', 'the', 'system', 'software', '(', 'operating', 'system', ',', 'language', 'and', 'tool', ')', 'choose', 'optimally', 'to', 'support', 'the', 'development', 'model', 'present', 'in', 'hardware', 'the', 'method', ':', '(', 'for', 'quality', 'and', 'maintenance', 'reason', ')', ';', 'visible', 'avoid', 'speciﬁcation', ';', 'discover', 'error', 'early', '(', 'via', 'review', 'incomplete', 'process', 'development', 'the', 'develop', 'accord', 'to', 'a', 'structured', 'and', 'formally', 'deﬁne', 'development', 'model', '.', 'the']","['O', 'O', 'O', 'O', 'B-class', 'O', 'O', 'O', 'O', 'O', 'O', 'O', 'O', 'O', 'O', 'O', 'B-attr', 'I-attr', 'O', 'B-attr', 'I-attr', 'O', 'B-attr', 'O', 'B-attr', 'O', 'O', 'O', 'O', 'O', 'O', 'O', 'O', 'O', 'O', 'I-attr', 'O', 'O', 'O', 'O', 'O', 'O', 'O', 'O', 'O', 'O', 'O', 'O', 'O', 'O', 'O', 'O', 'O', 'O', 'O', 'O', 'O', 'O', 'O', 'O', 'O', 'O', 'O', 'O', 'O', 'O', 'O', 'O', 'O', 'O', 'O', 'O', 'O']"
"['System', 'be', 'consider', 'to', 'be', 'period', 'down', 'any', 'user', 'be', 'unable', 'to', 'perform', 'any', 'normal', 'if', 'system', 'month', 'roll', 'year', '>', '.', 'the']","['O', 'O', 'O', 'O', 'O', 'O', 'O', 'O', 'B-class', 'O', 'O', 'O', 'O', 'O', 'O', 'O', 'O', 'O', 'O', 'O', 'O', 'O', 'O']"
"['DHS', 'may', 'need', 'a', 'CA', 'client', 'program', ';', 'Files', 'associate', 'ALH', 'alarm', 'conﬁguration', 'ﬁle', ',', 'and', 'the', 'like', '.', 'for']","['O', 'O', 'O', 'O', 'O', 'O', 'O', 'O', 'O', 'O', 'O', 'O', 'O', 'O', 'O', 'O', 'O', 'O', 'O', 'O']"
"['xx', '.', 'error', 'xxx', 'the', 'to', 'direct', 'be', 'user', 'page', 'SQL', 'code', 'that', 'between', 'Tuesdays', 'on', 'only', 'environment', 'production', 'the', 'to', 'update', 'schedule', 'shall', 'Team', 'Project', 'the']","['O', 'O', 'O', 'O', 'O', 'O', 'O', 'O', 'B-class', 'O', 'O', 'O', 'O', 'O', 'O', 'O', 'O', 'I-class', 'B-class', 'O', 'O', 'O', 'O', 'O', 'I-class', 'B-class', 'O']"
"['.', 'master', 'treatment', 'MSIU', 'on', 'base', 'level', 'treatment', 'any', 'in', 'level', '.', 'the']","['O', 'O', 'O', 'O', 'O', 'O', 'O', 'B-class', 'O', 'O', 'I-attr', 'O', 'O']"
"['IOC', 'device', 'driver', 'interrupt', 'routine', 'must', 'be', 'available', 'to', 'accept', 'the', 'external', 'interrupt', 'process', 'such', 'number', '.', 'device', 'support', ',', 'all', 'access', 'to', 'the', 'database', 'and', 'be', 'the', 'channel', 'or', 'database', 'access', 'routine', ';', 'database', 'via', 'record', 'of', 'exception', 'via', 'database', 'access', 'routine', ',', 'do', 'not', 'need', 'to', 'be', 'aware', 'of', 'these', 'structure', ';', 'Databases', 'Access', 'with', 'the', 'Scanning', 'a']","['O', 'O', 'O', 'O', 'O', 'O', 'O', 'O', 'O', 'O', 'O', 'O', 'O', 'O', 'O', 'O', 'O', 'O', 'O', 'O', 'O', 'O', 'O', 'O', 'O', 'O', 'O', 'O', 'O', 'O', 'O', 'O', 'O', 'O', 'O', 'O', 'O', 'O', 'O', 'O', 'O', 'O', 'O', 'O', 'O', 'O', 'O', 'O', 'O', 'O', 'O', 'O', 'O', 'O', 'O', 'O', 'O', 'O', 'O', 'O']"
"['.', 'directorate', 'observatory', 'to', 'no', 'more', 'than', 'project', 'observe', 'prime', 'the', 'to', 'overhead', '%', '10', 'a', '""', 'or', '""', 'preempt', 'be', 'will', 'observe', 'of', '%', '15', 'the', 'be', 'by', 'rule', 'front', 'the', 'to', 'come', 'place', 'take', 'to', 'observation', 'of', 'next', 'that', 'so', 'queue', 'the', 'resort', 'to', 'possible', 'be', 'the', 'the', 'queue', '.', 'other', 'and', ',', 'condition', 'site', 'current', ',', 'sequence', 'observe', 'individual', 'the', 'of', 'property', 'on', 'base', 'be', 'will', 'sorting', 'this']","['O', 'O', 'O', 'O', 'O', 'O', 'O', 'O', 'O', 'O', 'O', 'O', 'O', 'O', 'O', 'O', 'O', 'O', 'O', 'O', 'O', 'O', 'O', 'O', 'O', 'O', 'O', 'O', 'O', 'B-attr', 'O', 'O', 'O', 'O', 'O', 'O', 'O', 'B-class', 'O', 'O', 'O', 'O', 'B-class', 'O', 'O', 'O', 'O', 'O', 'O', 'O', 'B-class', 'O', 'O', 'O', 'O', 'I-attr', 'B-attr', 'O', 'O', 'I-class', 'B-class', 'O', 'O', 'O', 'B-attr', 'O', 'O', 'O', 'O', 'O', 'O']"
"['the', 'system', 'allow', 'user', 'to', 'make', 'unauthorised', 'attempt', 'to', '.', 'access', ',', 'it', 'must', 'log', 'these', 'in', 'the', 'audit', 'trail', '.', 'case', 'quick', 'access', 'right', 'advanced', 'search', ',', 'the', 'System', 'must', 'never', 'include', 'in', 'the', 'to', 'search', 'list', 'any', 'record', 'which', 'the', 'group', 'do', 'not', 'have', 'the', 'result', 'as', 'note']","['O', 'O', 'O', 'B-class', 'O', 'O', 'O', 'O', 'O', 'O', 'O', 'O', 'O', 'O', 'O', 'O', 'O', 'O', 'B-class', 'I-class', 'O', 'B-class', 'O', 'O', 'O', 'O', 'O', 'O', 'O', 'O', 'O', 'O', 'O', 'O', 'O', 'O', 'O', 'O', 'O', 'B-class', 'O', 'O', 'B-class', 'O', 'O', 'O', 'O', 'O', 'O', 'O']"
"['shall', 'be', 'possible', 'for', 'the', 'Supervision', 'Partial', 'movement', '.', 'the', 'trainborne', 'equipment', 'be', 'not', 'active', 'until', 'any', ',', 'when', 'Shunting', 'be', 'select', 'or', 'long', 'Supervision', 'Full', 'in', 'Full']","['O', 'O', 'O', 'O', 'O', 'I-class', 'B-attr', 'I-class', 'O', 'O', 'B-class', 'I-class', 'O', 'O', 'B-attr', 'O', 'O', 'O', 'O', 'B-attr', 'O', 'O', 'O', 'O', 'I-class', 'B-class', 'O', 'B-class']"
"['.', 'restriction', 'internet', 'and', 'external', 'with', 'deal', 'when', 'software', 'the', 'for', 'requirement', 'the', 'give', 'will', 'this']","['O', 'B-class', 'B-class', 'O', 'B-class', 'O', 'O', 'O', 'B-class', 'O', 'O', 'O', 'O', 'O', 'O', 'O']"
"['M', ')', 'EIRENE', 'mobile', 'equipment', 'shall', 'be', 'capable', 'of', 'be', 'to', 'c', '°', '-20', ')', 'EIRENE', 'mobile', 'equipment', 'shall', 'be', 'capable', 'store', 'of', 'over', 'a', 'standard', 'range', 'of', 'temperature', 'from', 'operate', 'M', '(', 'without', 'shall', 'be', 'capable', 'of', 'cope', 'with', 'temperature', 'variation', 'of', 'up', 'to', '+', '/-', '1', '°', 'equipment', 'the', ')', 'M', 'be', 'operational', ')', 'at', 'temperature', 'down', 'to', 'ie', '-40', 'c', 'without', 'any', 'permanent', 'damage', '.', '(']","['O', 'O', 'O', 'B-class', 'I-class', 'O', 'O', 'O', 'O', 'O', 'O', 'O', 'O', 'O', 'O', 'O', 'B-class', 'I-class', 'O', 'O', 'O', 'O', 'O', 'O', 'O', 'O', 'B-attr', 'I-attr', 'I-attr', 'O', 'O', 'O', 'O', 'O', 'O', 'O', 'O', 'O', 'O', 'O', 'O', 'O', 'O', 'O', 'O', 'O', 'O', 'O', 'O', 'B-class', 'O', 'O', 'O', 'O', 'O', 'O', 'O', 'O', 'O', 'O', 'O', 'O', 'O', 'O', 'O', 'O', 'O', 'O', 'O']"
"['.', 'place', 'Menu']","['O', 'O', 'O']"
"['.', '3.2.1.1', 'the']","['O', 'O', 'O']"
"['ETCS', 'trainborne', 'equipment', 'calculate', 'the', '.', 'static', 'speed', 'profile', 'on', 'the', 'basis', 'of', 'train', 'train', 'of', 'class', 'shall', 'also', 'respect', 'maximum', 'line', 'speed', 'and', 'track', 'speed', 'and', 'special', 'speed', 'level', 'for', 'special', 'speed', 'end', 'of', 'the', 'performance', 'of', 'the', 'train', ',', 'etc', 'deceleration', '.', 'give', 'from', 'the', 'trackside', '.', 'the']","['B-class', 'I-class', 'I-class', 'O', 'O', 'O', 'B-class', 'I-class', 'I-class', 'O', 'O', 'O', 'O', 'I-class', 'B-class', 'O', 'B-attr', 'O', 'O', 'O', 'B-attr', 'I-attr', 'I-attr', 'O', 'B-attr', 'I-attr', 'O', 'B-attr', 'I-attr', 'I-attr', 'O', 'O', 'I-class', 'O', 'O', 'O', 'I-attr', 'O', 'O', 'B-class', 'O', 'O', 'B-attr', 'O', 'O', 'O', 'O', 'B-class', 'O', 'O']"
"['System', 'must', 'allow', 'user', 'to', 'security', 'attribute', 'for', 'group', 'or', 'user', 'change', 'case', 'can', 'group', 'or', 'other', 'which', 'stipulate', '.', 'to', 'user', 'a', 'allow', 'should', 'System', 'the']","['O', 'O', 'O', 'B-class', 'O', 'O', 'O', 'O', 'B-class', 'O', 'B-class', 'O', 'B-class', 'O', 'B-class', 'O', 'O', 'O', 'O', 'O', 'O', 'B-class', 'O', 'O', 'O', 'O', 'O']"
"['and', 'instrument', 'software', 'shall', 'contain', 'build', '-', 'in', 'telescope', 'subsystem', 'what', 'know', 'dynamic', 'reconﬁguration', 'of', 'observe', 'conﬁguration', '(', 'beam', 'switching', 'without', 'restart', 'instrument', 'and', 'telescope', ')', ';', 'the', 'control', 'software', 'should', 'reconﬁguration', 'test', 'Telescope', 'shutdown', 'of', 'simultaneous', 'use', ')', 'be', 'assign', 'solely', 'through', 'number', 'this', 'system', '.', 'the']","['O', 'O', 'O', 'O', 'O', 'O', 'O', 'O', 'O', 'B-class', 'O', 'O', 'O', 'O', 'O', 'O', 'O', 'O', 'O', 'O', 'O', 'O', 'O', 'O', 'O', 'O', 'O', 'O', 'O', 'O', 'O', 'O', 'O', 'O', 'O', 'O', 'O', 'O', 'O', 'O', 'O', 'O', 'O', 'O', 'O', 'O', 'O', 'O']"
"['.', 'modify', 'be', 'an', 'external', 'log', 'file', 'code', 'source', 'exist', 'adjust', 'to', 'require', 'be', '[', 'shall', 'Development', 'the']","['O', 'O', 'O', 'O', 'B-class', 'I-class', 'I-class', 'O', 'O', 'O', 'O', 'O', 'O', 'O', 'O', 'O', 'B-class', 'O']"
"['M', ')', 'the', 'category', 'of', 'requirement', 'define', 'in', 'each', 'section', 'describe', 'mobile', 'equipment', 'be', '.', 'A2', 'and', 'A1', 'Safety', 'of', 'Information', 'Technology', 'Equipment', ')', ',', 'as', 'include', 'Business', 'Equipment', ',', '1993', ',', 'plus', 'amendment', 'Electrical', ')', 'follow', '(', 'flammability', ',', 'contamination', ',', 'physical', 'protection', ',', 'etc', ')', ';', 'mechanical', 'condition', '(', 'shock', 'and', '(', 'condition', 'physical', ';', 'i', ')', 'climatic', 'condition', '(', 'temperature', ',', ':', 'humidity', 'solar', 'radiation', ',', 'altitude', ',', 'etc', ')', ',', 'transmission', 'mask', 'define', 'address', 'public', ';', 'speedometer', ';', 'contact', 'and', 'relay', 'signal', ')', 'i', '(', ':', 'with', 'interfere', ';', 'power', 'transformer', ';', 'measurement', 'speed', 'radar', ';', 'equipment', 'radio', 'other', 'could', ';', 'train', ';', 'counter', 'axle', ';', 'circuit', 'track', 'describer', 'equipment', 'equipment', ',', 'not', 'do', 'equipment', 'EIRENE', 'that', 'ensure', 'to', 'network', 'EIRENE', 'operate', 'railway', 'national', 'of', 'responsibility', 'the', 'interfere', 'with', 'the', 'normal', 'particular', 'in', ')', 'i', '(']","['O', 'O', 'O', 'O', 'O', 'O', 'O', 'O', 'O', 'O', 'O', 'B-class', 'I-class', 'O', 'O', 'O', 'O', 'O', 'O', 'O', 'O', 'O', 'O', 'O', 'O', 'O', 'O', 'O', 'O', 'O', 'O', 'O', 'O', 'O', 'O', 'O', 'O', 'O', 'B-attr', 'O', 'B-attr', 'O', 'B-attr', 'I-attr', 'O', 'O', 'O', 'O', 'B-attr', 'I-attr', 'O', 'B-attr', 'O', 'O', 'I-attr', 'B-attr', 'O', 'O', 'O', 'B-attr', 'I-attr', 'O', 'B-attr', 'O', 'O', 'B-attr', 'B-attr', 'I-attr', 'O', 'B-attr', 'O', 'O', 'O', 'O', 'O', 'O', 'O', 'O', 'O', 'O', 'O', 'O', 'O', 'O', 'O', 'O', 'O', 'O', 'O', 'O', 'O', 'O', 'O', 'O', 'O', 'O', 'O', 'O', 'O', 'O', 'O', 'O', 'O', 'O', 'O', 'O', 'O', 'O', 'O', 'O', 'O', 'O', 'O', 'O', 'B-class', 'O', 'O', 'O', 'B-class', 'O', 'O', 'O', 'O', 'O', 'O', 'O', 'O', 'O', 'O', 'O', 'O', 'O', 'O', 'O', 'O', 'O', 'O', 'O', 'O', 'O']"
"['allow', 'the', 'caller', 'to', 'be', 'value', 'routine', 'the', 'Monitors', 'by', 'the', 'database', 'scanner', '.', 'record']","['O', 'O', 'O', 'O', 'O', 'O', 'O', 'O', 'O', 'O', 'O', 'O', 'O', 'O', 'O']"
"['.', 'supervisor', 'remote', 'a', 'by', 'advise', 'and', 'monitor', 'be', 'to', 'observer', 'local', 'the', 'occur', 'with', 'display', 'point', '-', 'multi']","['O', 'I-class', 'B-class', 'O', 'O', 'O', 'O', 'O', 'O', 'O', 'I-class', 'B-class', 'O', 'O', 'O', 'O', 'O', 'O', 'O']"
"['future', 'in', 'add', 'be', 'can', 'need', 'advanced']","['O', 'O', 'O', 'O', 'O', 'O', 'O']"
"[';', 'Date', 'of', 'Submission', '(', 'with', 'date', 'and', 'time', ')', ';', 'no', 'of', 'Name', 'the', 'on', 'base', 'than', 'or', 'equal', 'to', 'Mentioned', 'Forms', ';', 'in', 'the', 'transaction', 'part', 'no', 'of', 'form', 'should', 'match', 'with', 'no', 'of', 'Available', 'Forms', '.', 'the']","['O', 'B-attr', 'I-attr', 'I-attr', 'O', 'O', 'O', 'O', 'O', 'O', 'O', 'B-attr', 'I-attr', 'I-attr', 'O', 'O', 'O', 'O', 'O', 'O', 'O', 'O', 'B-class', 'O', 'O', 'O', 'O', 'O', 'O', 'O', 'B-class', 'O', 'O', 'O', 'O', 'O', 'B-class', 'I-class', 'O', 'O']"
"['base', ',', 'or', 'text', 'editor', '.', 'although']","['I-class', 'O', 'O', 'O', 'O', 'O', 'O']"
"['.', 'be', 'focusse', 'such', '-', 'automation', 'for', 'candidate', 'a', 'as', 'examine', 'as', 'transparent', 'to', 'the', 'with', 'gain', 'be', 'have', 'experience', 'after', 'only']","['O', 'O', 'O', 'O', 'O', 'O', 'O', 'O', 'O', 'O', 'O', 'O', 'O', 'O', 'O', 'O', 'O', 'O', 'O', 'O', 'O', 'O']"
"['user', 'interface', 'deﬁne', 'the', 'way', 'user', 'see', 'the', 'Gemini', '8', 'm', 'Telescopes', 'system', 'it']","['O', 'O', 'O', 'O', 'O', 'B-class', 'O', 'O', 'O', 'O', 'O', 'O', 'O', 'O']"
"['implementation', 'within', 'the', 'be', 'host', 'be', 'TBD', '.', 'a']","['O', 'O', 'O', 'O', 'O', 'O', 'O', 'O', 'O']"
"['check', 'and', 'plausibilisation', 'with', 'patient', 'to', 'monitor', 'proper', 'operation', 'of', 'the', 'voucher', 'scheme', '.', 'the']","['O', 'O', 'O', 'O', 'B-class', 'O', 'O', 'O', 'O', 'O', 'O', 'O', 'O', 'O', 'O']"
"['.', 'a']","['O', 'O']"
"['value', 'of', 'Health', 'Sub', '–', 'District', ',', 'Locality', ',', 'Level', 'of', 'Facility', ',', 'Type', 'of', 'of', 'its', 'above', 'then', 'during', 'data', 'entry', 'process', ',', 'but', 'the', 'system', 'will', 'also', 'populate', 'all', 'VSP', 'screen', 'for', 'purpose', '.', 'activation']","['O', 'O', 'B-attr', 'I-attr', 'O', 'B-attr', 'O', 'B-attr', 'O', 'B-attr', 'I-attr', 'I-attr', 'O', 'B-attr', 'I-attr', 'O', 'O', 'O', 'O', 'O', 'O', 'O', 'O', 'O', 'O', 'O', 'B-class', 'O', 'O', 'O', 'O', 'B-class', 'O', 'O', 'O', 'O', 'O']"
"['.', ';', 'system', 'design', ':', 'the', 'system', 'will', 'be', 'user', 'friendly', '9', 'with', 'master', 'table', 'structure', 'with', 'all', 'transaction', 'screen', 'to', 'have', 'drop', 'maximum', 'down', 'report', 'be', 'Development', ':', 'the']","['O', 'O', 'O', 'O', 'O', 'O', 'O', 'O', 'O', 'O', 'O', 'O', 'O', 'O', 'O', 'O', 'O', 'O', 'O', 'O', 'O', 'O', 'O', 'O', 'O', 'O', 'O', 'O', 'O', 'O']"
"['software', 'Telescopes', 'm', '8', 'Gemini', 'the', 'in', 'beginning', 'the', 'from', 'consider', 'be', 'software', 'operation', 'remote', 'the', 'that', 'require', 'be', 'bandwidth', 'local', 'link', 'impact', 'be', 'it', ',', 'transparent', 'be', 'system', 'the', 'of', 'accept', 'functionality', 'that', 'necessary', 'only', 'be', 'it']","['O', 'O', 'O', 'O', 'O', 'O', 'O', 'O', 'O', 'O', 'O', 'O', 'O', 'O', 'O', 'O', 'O', 'O', 'O', 'O', 'O', 'O', 'O', 'O', 'O', 'O', 'O', 'O', 'O', 'O', 'O', 'O', 'O', 'O', 'O', 'O', 'O', 'O']"
"['authomatic', 'transition', 'to', 'Shunting', ',', 'equal', 'manually', ',', 'by', 'leave', 'Partial', 'Supervision', 'when', 'the', 'trainborne', 'shall', 'equipment', 'not', 'operative', 'any', 'long', ',', 'when', 'be', 'train', 'the']","['O', 'O', 'O', 'O', 'O', 'O', 'O', 'O', 'O', 'O', 'B-class', 'I-class', 'O', 'O', 'B-class', 'O', 'I-class', 'O', 'O', 'O', 'O', 'O', 'O', 'O', 'B-class', 'O']"
"['to', 'these']","['O', 'O']"
"['user', 'the', 'interface', 'the', 'system', 'should', 'follow', 'the', 'guideline', 'specify', 'under', 'of', 'if']","['O', 'O', 'O', 'O', 'O', 'O', 'O', 'O', 'O', 'O', 'O', 'O', 'O']"
"['interface', 'at', 'the', 'through', '(', ')', 'to', 'instruct', 'the', 'should', 'radio', 'Cab', 'dial', 'the', ')', 'M', 'procedure', '(']","['O', 'O', 'O', 'O', 'O', 'O', 'O', 'O', 'O', 'O', 'I-class', 'B-class', 'O', 'O', 'O', 'O', 'O', 'O']"
"['system', 'the', 'from', 'delete', 'be', 'product', 'a']","['O', 'O', 'O', 'O', 'O', 'B-class', 'O']"
"['test', 'operational', 'for', 'write', 'be', 'follow', 'criterion', 'for', 'later', 'selection', 'shall', 'be', 'keep', 'the']","['O', 'O', 'O', 'O', 'O', 'O', 'O', 'O', 'O', 'O', 'O', 'O', 'O', 'O']"
"['retrie', 'should', 'occur', 'command']","['O', 'O', 'O', 'O']"
"['maintenance', 'documentation', '.', 'database', 'base', 'SQL', 'a', 'use', 'must']","['O', 'O', 'O', 'O', 'O', 'O', 'O', 'O', 'O']"
"['the', 'method', 'of', 'access', 'hardware', 'be', ',', 'an', 'the', 'they', 'OPI']","['O', 'O', 'O', 'O', 'O', 'O', 'O', 'O', 'O', 'O', 'O']"
"['m', '’s', 'driver', 'the', 'enable', 'will', 'which', 'radio', 'to', 'cab', 'provide', 'be', 'should', 'supply', 'power', 'emergency', 'an', 'for', 'vibration', 'sinusoidal', 'of', 'be', 'should', 'maintenance', 'of', 'ease', ')', 'o', '(']","['O', 'O', 'B-class', 'O', 'O', 'O', 'O', 'I-class', 'O', 'B-class', 'O', 'O', 'O', 'O', 'O', 'O', 'O', 'O', 'I-attr', 'I-attr', 'I-attr', 'O', 'O', 'O', 'O', 'O', 'O', 'O', 'O']"
"['solution', 'should', 'provide', 'detailed', 'context', 'application', 'be', 'that', 'system', 'non', '-', 'functional', 'requirement', 'specify', 'the', 'qualitative', 'attribute', 'such', 'as', 'user', '-', 'friendliness', 'and', 'performance', 'of', 'the', '.', 'the', 'user', 'choose', 'by', 'user', 'or', 'Administrators', ',', 'or', 'action', 'take', 'initiate', 'by', 'the', 'system', 'as', 'a', 'result', 'of', 'automatically', 'action', 'include', 'this']","['O', 'O', 'O', 'O', 'O', 'O', 'O', 'O', 'O', 'O', 'O', 'O', 'O', 'O', 'O', 'O', 'O', 'O', 'O', 'O', 'O', 'O', 'O', 'O', 'O', 'O', 'O', 'O', 'O', 'O', 'O', 'O', 'O', 'O', 'O', 'O', 'O', 'O', 'O', 'O', 'O', 'O', 'O', 'O', 'O', 'O', 'O', 'O', 'O', 'O']"
"['record', 'type', ',', 'in', 'particular', 'all', 'type', 'device', 'database', 'a', 'complicated', 'each', 'record', 'type', 'can', 'have', 'a', 'set', 'of', 'device', 'support', 'module', '.', 'if']","['B-class', 'I-class', 'O', 'O', 'O', 'O', 'O', 'B-class', 'O', 'O', 'O', 'O', 'B-class', 'I-class', 'O', 'O', 'O', 'O', 'O', 'B-class', 'I-class', 'I-class', 'O', 'O']"
"['from', 'any', 'user', 'station', 'will', 'make', 'user', 'coordination', ',', 'problem', 'by', 'of', 'constraint', 'for', 'the', 'Gemini', '8', 'm', 'Telescopes', 'number', 'computer', '.', 'although']","['O', 'O', 'B-class', 'I-class', 'O', 'O', 'B-class', 'O', 'O', 'O', 'O', 'O', 'O', 'O', 'O', 'O', 'O', 'O', 'O', 'O', 'O', 'O', 'O']"
"['.', 'implement', ')', '(']","['O', 'O', 'O', 'O']"
"['Database', ';', 'IOC', 'SNC', 'ar_cmd', 'log', 'gather', 'that', 'a', 'CA', 'client', 'that', 'implement', 'the', 'OCS', 'Attribute', '/', 'Value', 'protocol', '.', 'the']","['O', 'O', 'O', 'O', 'O', 'O', 'O', 'O', 'O', 'O', 'O', 'O', 'O', 'O', 'O', 'O', 'O', 'O', 'O', 'O', 'O']"
"['Parameter', 'list', 'structure', 'be', 'dependent', 'on', 'the', 'Opcode', '.', 'this']","['O', 'O', 'O', 'O', 'O', 'O', 'O', 'B-attr', 'O', 'O']"
"['system', 'should', 'status', 'of', 'the', 'system', 'to', 'the', 'supervisor', 'should', 'not', 'contain', 'excessive', 'information', 'which', 'current', 'could', 'the', 'supervisor', '.', 'the']","['B-class', 'O', 'B-attr', 'O', 'O', 'B-class', 'O', 'O', 'B-class', 'O', 'O', 'O', 'O', 'O', 'O', 'O', 'O', 'O', 'B-class', 'O', 'O']"
"['table', ""'"", 'the', 'initiate', 'or', 'handset', 'the', 'down', 'put', 'of', 'effect', 'the', 'show', '5a', 'Appendix', 'in', 'call', 'clear', ""'"", 'procedure', 'the', 'to', 'call', 'Incoming', ')', 'go', 'M', '5a-3', '(']","['O', 'O', 'O', 'O', 'O', 'O', 'O', 'O', 'O', 'O', 'O', 'O', 'O', 'O', 'O', 'O', 'O', 'O', 'O', 'O', 'O', 'O', 'B-class', 'B-attr', 'O', 'I-attr', 'O', 'O', 'O']"
"['.', 'operation', 'determine', 'by', 'the', 'low', 'value', 'out', 'of', 'maximum', 'train', 'speed', ';', 'national', 'value', 'for', 'unfitted', 'ETCS', 'be', 'on', 'board', 'adhesion', 'condition', 'from', 'trackside', '.', 'it']","['O', 'O', 'O', 'O', 'O', 'O', 'O', 'O', 'O', 'B-attr', 'I-attr', 'I-attr', 'O', 'B-attr', 'I-attr', 'O', 'O', 'B-class', 'O', 'O', 'O', 'B-class', 'I-class', 'O', 'B-class', 'O', 'O']"
"['.', 'input', 'for', '.', 'user', 'a', 'of', 'name', 'the', 'with', 'associate', 'play', 'a', 'of', ')', 'count', 'of', 'number', 'and', 'time', '(', 'score', 'the', 'record', 'must', 'product', 'the']","['O', 'O', 'O', 'O', 'B-class', 'O', 'O', 'B-attr', 'O', 'O', 'O', 'B-class', 'O', 'O', 'O', 'O', 'O', 'O', 'O', 'O', 'O', 'B-attr', 'O', 'O', 'O', 'O', 'O']"
"['.', 'event', 'health', 'a', 'contain', 'and', 'to', 'respond', 'in', 'investigator', 'and', 'response', 'indicate', 'effective', 'assist', 'by', 'case', 'of', 'number', 'the', 'illustrate', 'that', 'map', 'or', ')', 'event', 'health', 'the', 'contain', 'in', 'effectiveness', 'the', 'demonstrate', '(', 'zip', 'with', 'code', 'system']","['O', 'I-class', 'B-class', 'O', 'O', 'O', 'O', 'O', 'O', 'B-class', 'O', 'I-class', 'O', 'O', 'O', 'O', 'B-class', 'O', 'O', 'O', 'O', 'O', 'B-class', 'O', 'O', 'I-class', 'B-class', 'O', 'O', 'O', 'O', 'O', 'O', 'O', 'B-attr', 'O', 'I-attr', 'B-class']"
"['.', 'Telescopes', 'm', '8', 'Gemini', 'the', 'on', 'provide', 'be', 'to', 'have', 'possibility', 'this']","['O', 'O', 'O', 'O', 'O', 'O', 'O', 'O', 'O', 'O', 'O', 'O', 'O']"
"['Information', 'Resource', 'will', 'have', 'its', 'own', 'web', 'page', 'to', 'allow', 'the', 'user', 'to', 'view', 'all', 'pertinent', '.', ';', 'author', 'subscriber', 'the', 'xml', 'tag', 'by', 'give', 'the', 'user', 'the', 'search', 'option', 'to', 'find', 'all', 'tag', 'of', 'a', 'give', '/', '&', ',', ',', 'tag', '’s', 'data', 'type', 'and', 'related', 'information', ';', 'versione']","['B-class', 'I-class', 'O', 'O', 'O', 'O', 'B-attr', 'I-attr', 'O', 'O', 'O', 'B-class', 'O', 'O', 'O', 'O', 'O', 'O', 'I-class', 'B-class', 'O', 'B-class', 'I-class', 'O', 'O', 'O', 'B-class', 'O', 'O', 'O', 'O', 'O', 'O', 'B-class', 'O', 'O', 'O', 'I-class', 'O', 'O', 'O', 'B-class', 'O', 'B-attr', 'I-attr', 'O', 'B-attr', 'I-attr', 'O', 'B-attr']"
"['.', 'radio', 'Cab', 'activation', 'upon', 'physically', 'to', 'by', 'or', 'device', 'external', 'an', 'by', 'initiate', 'be', 'shall', 'it']","['O', 'I-class', 'B-class', 'O', 'O', 'O', 'O', 'O', 'O', 'B-class', 'B-attr', 'O', 'O', 'O', 'O', 'O', 'O']"
"['System', 'must', 'maintain', 'the', 'audit', 'trail', 'so', 'for', 'long', 'as', 'require', ',', 'which', 'will', 'be', 'at', 'least', 'for', 'as', 'that', 'a', 'specific', 'familiarity', 'with', 'the', 'system', '.', 'the']","['O', 'O', 'O', 'O', 'B-class', 'I-class', 'O', 'O', 'O', 'O', 'O', 'O', 'O', 'O', 'O', 'O', 'O', 'O', 'O', 'O', 'O', 'O', 'O', 'O', 'O', 'O', 'O', 'O']"
"['.', 'System', 'Weborder', ';', 'Administrator']","['O', 'O', 'O', 'O', 'B-class']"
"['of', 'the', 'component', '.', 'contain', 'service', 'as', 'define', 'by', 'Service', 'Definition', '.', 'the']","['O', 'O', 'B-class', 'O', 'O', 'B-class', 'O', 'O', 'O', 'O', 'O', 'O', 'O']"
"['.', 'etc', ',', 'university', ',', 'observatory', 'exist', 'at', 'locate', 'super', 'site', ',', 'to', 'of', 'class', 'each']","['O', 'O', 'O', 'O', 'O', 'O', 'O', 'O', 'O', 'O', 'O', 'O', 'O', 'O', 'O', 'O']"
"['Network', 'incorporate', ';', ':', 'interface', 'to', ':', 'Network', 'Administration', ';', 'System', 'Administration', ';', 'Security', 'Administration', '.', 'it']","['O', 'O', 'O', 'O', 'O', 'O', 'O', 'O', 'O', 'O', 'O', 'O', 'O', 'O', 'O', 'O', 'O']"
"['or', 'UT', 'T', '=', 'UO', 'this']","['O', 'O', 'O', 'O', 'O', 'O']"
"['will', 'include', 'control', 'or', 'qualify', ',', 'datum', 'to', 'be', 'at', 'generate', 'or', 'supply', 'to', 'these', 'other', 'process', '.', 'the']","['O', 'O', 'O', 'O', 'O', 'O', 'O', 'O', 'O', 'O', 'O', 'O', 'O', 'O', 'O', 'O', 'O', 'O', 'O']"
"[':', 'CTRY_CD', ',', 'CTRY_NM', ',', 'CTRY_ABBRD_NM', ',', 'CTRY_OFF_NM', ',', 'CTRY_SCP_NT_TX', ',', 'and', 'CTRY_PSTL_NM', 'be', 'all', '(', 'of', 'ctry', 'attribute', 'a', 'submitter', 'would', 'identify', 'they', 'as', 'attribute', 'rather', 'than', 'element', '.', 'but']","['O', 'O', 'O', 'O', 'O', 'O', 'O', 'O', 'O', 'O', 'O', 'O', 'O', 'O', 'O', 'O', 'O', 'O', 'B-attr', 'O', 'O', 'O', 'O', 'O', 'O', 'O', 'O', 'O', 'O', 'O', 'O']"
"['be', 'no', 'backup', 'requirement', 'automatic', 'switching', 'to', 'the', 'backup', 'system', '.', 'all']","['O', 'O', 'B-class', 'O', 'O', 'O', 'O', 'O', 'B-class', 'I-class', 'O', 'O']"
"['do', '.', 'become', 'to', 'start', '-', 'up', 'procedure', ',', 'there', 'must', 'be', 'well', '-', 'deﬁne', 'recovery', 'procedure', 'for', 'any', 'subsystem', 'that', 'have', 'inoperative', 'it', 'system', ',', 'cold', 'or', 'warm', 'start', '-', 'up', 'should', 'be', 'of', 'about', 'minute', ';', 'instrument', 'start', '-', 'up', ',', 'measure', '4', 'end', 'from', 'measure', 'from', 'scratch', 'but', 'also', 'exclude', 'software', 'download', 'time', 'should', 'take', 'about', '1', 'minute', ';', 'Telescope', 'start', '-', 'up', ',', 'from', 'start', 'end', 'telescope', 'and', 'software', ')', '.', 'all']","['O', 'O', 'O', 'O', 'O', 'O', 'O', 'O', 'O', 'O', 'O', 'O', 'O', 'O', 'O', 'O', 'O', 'O', 'O', 'O', 'O', 'O', 'O', 'O', 'B-class', 'O', 'O', 'O', 'O', 'O', 'O', 'O', 'O', 'O', 'O', 'O', 'O', 'O', 'B-class', 'O', 'O', 'O', 'O', 'O', 'O', 'O', 'O', 'O', 'O', 'O', 'O', 'O', 'O', 'O', 'O', 'O', 'O', 'O', 'O', 'O', 'O', 'O', 'B-class', 'O', 'O', 'O', 'O', 'O', 'O', 'O', 'B-class', 'O', 'O', 'O', 'O', 'O']"
"['.', 'expose', 'potentially', 'or', 'expose', ',', 'infect', 'entity', 'of', 'investigation', 'support', 'to', 'history', 'travel', '’s', 'entity', 'an', 'health', 'capture', 'event', 'investigate', 'the', 'within', 'unique', 'be', 'that', ')', 'ID', 'Event', ',', 'i.e.', '(', 'identifier', 'event', 'an', 'assign', 'be', 'must', 'it', ',', 'be', 'to', 'capability', 'the', 'involve', 'be', 'that', 'animal', 'or', 'person', 'than', 'other', 'thing', 'live', 'any', 'about', 'datum', 'capture', 'to', 'capability', 'the', 'have', 'must', 'in', 'an', 'OM', 'investigation', 'have', 'must', 'OM', 'support', 'system']","['O', 'I-attr', 'B-attr', 'O', 'B-attr', 'O', 'B-attr', 'B-class', 'O', 'B-class', 'O', 'O', 'I-attr', 'B-attr', 'O', 'B-class', 'O', 'B-class', 'O', 'I-class', 'O', 'O', 'O', 'O', 'O', 'O', 'O', 'O', 'O', 'O', 'O', 'O', 'I-attr', 'B-attr', 'O', 'O', 'O', 'O', 'O', 'O', 'O', 'O', 'O', 'O', 'O', 'O', 'O', 'B-class', 'O', 'B-class', 'O', 'O', 'I-class', 'B-class', 'O', 'O', 'B-attr', 'O', 'O', 'O', 'O', 'O', 'O', 'O', 'O', 'O', 'B-class', 'O', 'O', 'O', 'O', 'B-class']"
"[';', '.', 'be', 'not', 'will', '1', 'than', 'less', 'of', 'rating', 'a', 'with', 'result', 'torrent', 'any', ':', 'display', 'to', ';', '10', 'take', 'will', 'time', 'Query', ':', 'REQ-1', 'back', 'we', 'give', 'will', 'and', 'use', 'website', 'the', 'no', 'that', 'different', 'the', 'query', 'to', 'use', 'be', 'will', 'these']","['O', 'O', 'O', 'O', 'O', 'O', 'O', 'O', 'O', 'O', 'O', 'O', 'I-class', 'B-class', 'O', 'O', 'O', 'O', 'O', 'O', 'O', 'O', 'I-attr', 'B-attr', 'O', 'O', 'O', 'O', 'O', 'O', 'O', 'O', 'B-class', 'O', 'O', 'O', 'O', 'O', 'O', 'O', 'O', 'O', 'O', 'O']"
"['be', 'possible', 'that', 'the', 'channel', 'be', ""'"", '.', 'target', ')', 'source', 'Commands', 'and', 'datum', 'may', 'be', 'route', 'through', 'a', 'channel', '.', 'this']","['O', 'O', 'O', 'O', 'O', 'O', 'O', 'O', 'O', 'O', 'O', 'O', 'O', 'O', 'O', 'O', 'O', 'O', 'O', 'O', 'O', 'O']"
"['.', '""', 'shall', 'not', 'be', 'direct', 'of', 'mean', 'a', ')', 'i', '(']","['O', 'O', 'O', 'O', 'O', 'O', 'O', 'O', 'O', 'O', 'O', 'O']"
"['it', 'an', 'source', 'if', 'any', ')', ';', 'fill', 'out', 'one', 'xml', 'submission', 'document', 'to', 'package', 'multiple', 'tag', ';', 'specify', 'relationship', '(', 'authoritative', 'submit', 'modification', 'for', 'approve', 'xml', 'datum', 'and', 'metadata', 'component', '.', 'Review']","['O', 'O', 'O', 'O', 'O', 'O', 'O', 'O', 'O', 'O', 'B-class', 'I-class', 'I-class', 'O', 'O', 'O', 'B-class', 'O', 'O', 'O', 'O', 'O', 'O', 'O', 'O', 'O', 'B-class', 'I-class', 'I-class', 'I-class', 'I-class', 'O', 'O']"
"['.', 'ETCS', '/', 'ERTMS', 'for', 'communication', 'provide', 'to', 'require', 'ETCS', 'communication', 'be', 'require', 'shall', ']', 'FFFIS', 'EURO', 'MORANE', '[']","['O', 'O', 'O', 'O', 'O', 'O', 'O', 'O', 'O', 'O', 'O', 'O', 'O', 'O', 'O', 'O', 'O', 'O', 'O']"
"['.', 'information', 'account', 'view', 'and', ',', 'the', 'show', 'result', 'the', 'cart', 'virtual', 'a', 'in', 'reserve', 'be', 'can', 'until', 'inventory', 'from', 'item']","['O', 'I-attr', 'B-attr', 'O', 'O', 'O', 'O', 'O', 'O', 'O', 'O', 'O', 'O', 'O', 'O', 'O', 'O', 'O', 'B-class', 'O', 'B-class']"
"['requirement', 'be', ':', 'measurable', ',', 'realistic', 'reliability', 'need', ';', 'performance', 'criterion', 'for', 'the', '.', 'error', 'a']","['O', 'O', 'O', 'O', 'O', 'O', 'O', 'O', 'O', 'O', 'O', 'O', 'O', 'O', 'O', 'O']"
"['.', 'site', 'it']","['O', 'O', 'O']"
"['help', 'reduce', 'life', '-', 'cycle', 'give', 'cost', 'maintenance', 'effort', '.', 'life']","['O', 'O', 'O', 'O', 'O', 'O', 'O', 'O', 'O', 'O', 'O']"
"['euroradio', 'layer', 'be', 'responsible', 'for', 'ensure', 'the', 'the', 'provide', 'will', 'EIRENE']","['O', 'O', 'O', 'O', 'O', 'O', 'O', 'O', 'O', 'O', 'O']"
"['attribute', 'be', 'describe', 'in', 'Software', 'of', 'fault', 'rate', 'easy', 'implementation', 'of', 'table', '-', 'drive', 'application', '.', 'permit', 'the']","['O', 'O', 'O', 'O', 'O', 'O', 'O', 'O', 'O', 'O', 'O', 'O', 'O', 'O', 'O', 'O', 'O', 'O']"
"['shall', 'be', 'supervise', 'to', 'a', '.', 'distance', 'speed', 'set', 'as', 'national', 'value', 'the']","['O', 'O', 'O', 'O', 'O', 'O', 'B-attr', 'B-attr', 'O', 'O', 'B-attr', 'I-attr', 'O']"
"['environmental', 'and', 'physical', 'immunity', 'and', 'emission', 'both', 'condition', '(', 'power', 'supply', 'variation', ',', 'battery', 'requirement', 'life', 'overloading', ',', 'etc', ')', ';', 'EMC', '(', ',', 'electrical', 'state', 'be', 'standard', 'shall', 'not', 'prevent', 'the', 'use', 'of', 'other', 'EIRENE', 'mobile', 'in', 'that', 'country', '.', '(']","['O', 'O', 'O', 'O', 'B-attr', 'O', 'B-attr', 'I-attr', 'O', 'B-attr', 'I-attr', 'I-attr', 'O', 'B-attr', 'O', 'I-attr', 'B-attr', 'O', 'O', 'O', 'O', 'O', 'O', 'O', 'B-attr', 'O', 'O', 'O', 'O', 'O', 'O', 'O', 'O', 'O', 'O', 'O', 'B-class', 'O', 'O', 'O', 'O', 'O']"
"['o', ')', 'the', '100ms', 'of', 'duration', 'of', 'talk', 'it', 'should', 'indicate', 'its', 'recognition', 'by', 'not', 'play', 'single', 'dtmf', 'grant', 'tone', '""', '#', '""', 'a', 'the', 'with', 'message', '#', '""', 'transmit', 'via', 'DTMF', 'or', 'the', 'group', 'call', 'setup', 'message2', 'from', 'a', 'controller', 'terminal', '#', '#', '""', 'sequence', ']', ']', 'to', 'the', 'mobile', 'station', 'of', '.', 'the', 'subscriber', 'if', 'it', 'receive', 'the', '3-', 'digit', 'talk', 'however']","['O', 'O', 'O', 'O', 'O', 'B-attr', 'O', 'O', 'O', 'O', 'O', 'O', 'O', 'O', 'O', 'O', 'O', 'B-class', 'I-class', 'I-class', 'O', 'O', 'O', 'O', 'O', 'O', 'I-class', 'O', 'O', 'O', 'O', 'B-class', 'O', 'O', 'O', 'O', 'O', 'O', 'O', 'O', 'B-class', 'I-class', 'O', 'O', 'O', 'I-attr', 'O', 'O', 'O', 'O', 'B-attr', 'I-attr', 'O', 'O', 'O', 'B-class', 'O', 'O', 'O', 'O', 'B-attr', 'I-attr', 'B-attr', 'O']"
"['functional', 'number', 'may', 'change', 'on', 'overcome', 'a', 'basis', '.', 'the']","['B-attr', 'I-attr', 'O', 'O', 'O', 'O', 'O', 'O', 'O', 'O']"
"['.', 'enter', 'ETCS', '.', 'this']","['O', 'O', 'B-class', 'O', 'O']"
"['.', 'system', 'need', 'the', 'user', 'all', 'to', 'available', 'be', 'to', 'intend', 'be', 'present', 'mode', 'of', 'system', 'different', 'user', 'and/or', 'site', 'satellite', 'via', 'perhaps', ',', 'connectivity', 'of', 'form', 'some', 'have', 'that']","['O', 'B-class', 'O', 'O', 'B-class', 'O', 'O', 'O', 'O', 'O', 'O', 'O', 'O', 'O', 'O', 'B-class', 'O', 'B-class', 'O', 'O', 'O', 'O', 'O', 'O', 'O', 'O', 'O', 'O', 'O', 'O']"
"['system', 'will', 'check', 'the', 'duplicate', 'ID', 'for', 'the', 'salesman', 'and', 'team', '.', 'the']","['B-class', 'O', 'O', 'O', 'O', 'B-attr', 'O', 'O', 'B-class', 'O', 'B-class', 'O', 'O']"
"['that', 'an', 'error', 'alarm', '.', 'error', 'from', 'component', ',', 'time-', 'sequence', ',', 'previous', 'event', ',', 'and', 'so', 'on', '.', 'the']","['O', 'O', 'O', 'B-class', 'O', 'B-class', 'O', 'I-class', 'O', 'B-attr', 'I-attr', 'O', 'B-attr', 'I-attr', 'O', 'O', 'O', 'O', 'O', 'O']"
"['.', 'list', 'this', 'from', 'network', 'desire', 'allow', 'a', 'to', 'driver', 'the', 'allow', 'shall', 'and', ')', 'select', 'function', 'shall', 'radio', 'the', 'in', 'contain', 'information', 'use', 'device', 'or', 'user', 'train', '-', 'on', 'correct', 'the', 'to', 'route', 'sub', '-', 'address', 'field', 'Cab', 'the', ',', 'procedure', 'selection', 'network', '""', 'application', 'Manual', 'GSM', 'the', 'use', ')', 'M', '(']","['O', 'O', 'O', 'O', 'B-class', 'O', 'O', 'O', 'O', 'B-class', 'O', 'O', 'O', 'O', 'O', 'O', 'O', 'O', 'I-class', 'O', 'O', 'O', 'O', 'O', 'B-class', 'O', 'I-class', 'I-class', 'I-class', 'B-class', 'O', 'O', 'O', 'O', 'B-attr', 'I-attr', 'I-attr', 'I-attr', 'B-class', 'O', 'O', 'O', 'O', 'O', 'O', 'O', 'O', 'O', 'O', 'O', 'O', 'O', 'O']"
"['develop', 'the', 'requirement', 'send', 'so', 'supervisor', 'the', 'report', 'function', 'be', 'the', 'generate', 'event', 'datum', 'process', '.', 'this']","['O', 'O', 'O', 'O', 'O', 'B-class', 'O', 'I-class', 'I-class', 'O', 'O', 'B-class', 'I-class', 'I-class', 'I-class', 'O', 'O']"
"['.', 'selection', 'contain']","['O', 'O', 'O']"
"['same', 'be', 'implement', 'during', 'this', 'phase', 'of', 're', '-', 'writing', '.', '.', 'the']","['O', 'O', 'O', 'O', 'O', 'O', 'O', 'O', 'O', 'O', 'O', 'O', 'O']"
"[')', '+']","['O', 'O']"
"['follow', 'certain', 'above', ')', 'to', 'the', 'market', 'and', 'inform', 'about', 'the', 'voucher', 'service', 'and', 'how', 'to', 'purpose', 'use', ';', 'the', 'vmu', 'establishe', 'and', 'run', 'a', 'distribution', 'system', 'with', 'they', 'in', 'the', 'be', 'system', ',', ';', 'by', 'qualified', ',', 'approve', 'provider', ',', ';', 'voucher', 'for', 'pilot', 'phase', 'of', '1', 'year', '.', 'the']","['O', 'O', 'O', 'O', 'O', 'O', 'O', 'O', 'O', 'O', 'O', 'O', 'O', 'O', 'O', 'O', 'O', 'O', 'O', 'O', 'O', 'O', 'O', 'O', 'O', 'B-class', 'I-class', 'O', 'O', 'O', 'O', 'O', 'O', 'O', 'O', 'O', 'O', 'O', 'O', 'O', 'O', 'O', 'O', 'O', 'O', 'O', 'O', 'O', 'O', 'O', 'O']"
"['-', 'to', 'secure', 'datum', 'as', 'acquire', 'and', 'one', 'to', 'one', '.', 'minimum', 'a', '.', 'intermediate']","['O', 'O', 'O', 'O', 'O', 'O', 'O', 'O', 'O', 'O', 'O', 'O', 'O', 'O', 'O']"
"['random', 'vibration', 'to', 'be', 'acceleration', 'withstand', 'mobile', 'equipment', 'shall', 'be', '0.25', 'g', 'in', 'by', 'cycle', ')', '(']","['O', 'O', 'O', 'O', 'O', 'O', 'B-class', 'I-class', 'O', 'O', 'O', 'O', 'O', 'O', 'O', 'O', 'O']"
"['i', ')', 'the', 'location', 'only', 'of', 'location', 'information', 'available', 'within', 'the', 'GSM', 'source', 'personal', 'than', 'rather', '(', 'i', ')', 'Band', 'Railway', 'GSM', '(', 'r', '-', 'GSM', ')', ';', 'Frequencies', '(', 'MHz', ':', 'band', 'frequency', 'follow', 'the', 'follow', 'paragraph', '.', '(']","['O', 'O', 'O', 'B-attr', 'O', 'O', 'B-attr', 'I-attr', 'O', 'O', 'O', 'B-class', 'O', 'I-attr', 'I-attr', 'I-attr', 'O', 'O', 'O', 'B-class', 'I-class', 'I-class', 'O', 'O', 'O', 'O', 'O', 'O', 'O', 'O', 'O', 'O', 'O', 'O', 'O', 'O', 'O', 'O', 'O', 'O']"
"['plan', 'be', 'it', 'work', 'package', 'will', 'be', 'perform', 'exclusively', 'application', 'work', '.', 'in']","['O', 'O', 'O', 'O', 'O', 'O', 'O', 'O', 'O', 'O', 'O', 'O', 'O']"
"['internal', 'state', 'of', 'the', 'subsystem', 'be', 'return', 'as', 'one', 'of', ':', ';', 'ready', 'exist', 'subsystem', 'the', 'MAINTENANCE', 'one', 'of', ':', ';', 'down', 'the', 'subsystem', 'be', 'as', 'not', ';', 'boot', 'the', 'subsystem', 'have', 'be', 'boot', ',', 'operational', 'status', 'current', 'its', 'subsystem', '.', 'getversion']","['B-attr', 'I-attr', 'O', 'O', 'B-class', 'O', 'O', 'O', 'O', 'O', 'O', 'O', 'O', 'O', 'B-class', 'O', 'O', 'O', 'O', 'O', 'O', 'O', 'O', 'B-class', 'O', 'O', 'O', 'O', 'O', 'O', 'B-class', 'O', 'O', 'B-attr', 'O', 'B-attr', 'B-attr', 'O', 'O', 'B-class', 'O', 'O']"
"['control', 'database', 'be', 'distribute', 'datum', 'across', 'IOC', 'subsystem', ',', 'with', 'down', '-', 'loadableinitialization', 'copy', 'the', 'the', 'in', 'and', 'off', '-', 'line', 'access', 'be', 'do', 'accord', 'to', 'STARCAT', '.', 'astronomical']","['O', 'O', 'O', 'O', 'B-class', 'O', 'O', 'B-class', 'O', 'O', 'O', 'O', 'O', 'O', 'O', 'O', 'O', 'O', 'O', 'O', 'O', 'O', 'O', 'O', 'O', 'O', 'O', 'O', 'B-class']"
"['.', ')', 'instrument', 'an', 'on', 'mount', 'filter', 'of', 'operation', 'to', 'access', 'have', '.', 'operation', 'normal', 'in', 'be', 'these', 'while', 'subsystem', 'to', 'access', 'have', 'not', 'shall', 'they', ',', 'however']","['O', 'O', 'O', 'O', 'O', 'O', 'B-attr', 'O', 'B-attr', 'O', 'O', 'O', 'O', 'B-attr', 'O', 'O', 'O', 'O', 'O', 'B-class', 'O', 'O', 'O', 'O', 'O', 'O', 'O', 'O']"
"['.', 'System', 'Weborder', '.', 'number', 'add']","['O', 'O', 'O', 'O', 'B-attr', 'O']"
"['.', '3.2.2.1', 'chapter', 'see', ',', 'be', 'the']","['O', 'O', 'O', 'O', 'O', 'O', 'O']"
"['Registry', 'allow', 'a', 'user', 'to', 'browse', ',', 'search', ',', 'and', 'retrieve', 'datum', 'that', 'satisfy', 'the', 'your', 'among', 'and', 'Registry', '.', 'to']","['B-class', 'O', 'O', 'B-class', 'O', 'O', 'O', 'O', 'O', 'O', 'O', 'O', 'O', 'O', 'O', 'O', 'O', 'O', 'I-class', 'O', 'O']"
"['process', 'the']","['O', 'O']"
"['.', 'action', 'and', ',', 'event', ',', 'entity', 'among', 'linkage', 'by', 'support', 'as', ',', 'process', 'to', '.', 'correspond', '/', 'the', 'return', 'laboratory', 'participate', 'the', 'when', 'subject', 'and', ',', ')', 'sample', '/', 'speciman', 'one', 'from', 'result', 'multiple', 'include', 'sample', 'specimen', ',', 'person', '-', 'support', 'system']","['O', 'B-class', 'O', 'O', 'B-class', 'O', 'B-class', 'O', 'O', 'O', 'O', 'O', 'O', 'O', 'O', 'O', 'O', 'O', 'O', 'O', 'B-class', 'O', 'O', 'O', 'B-class', 'O', 'O', 'O', 'B-class', 'O', 'B-class', 'O', 'O', 'O', 'O', 'O', 'B-class', 'B-class', 'O', 'O', 'O', 'O', 'B-class']"
"['.', 'court', 'the', 'responsibility', 'of', 'police', 'personnel', '.', 'a']","['O', 'O', 'O', 'O', 'O', 'O', 'O', 'O', 'O']"
"['test', 'shall', 'require', '-', 'no', 'on', 'the', 'part', 'of', 'the', 'driver', 'action', 'self', 'automatic', 'an', '/', 'ETCS', 'on', 'board', 'equipment', 'at', 'Start', 'up', ',', 'the', 'on', 'board', 'equipment', 'shall', 'perform', '.', 'ertm', 'the']","['B-class', 'O', 'O', 'I-class', 'O', 'O', 'O', 'O', 'O', 'O', 'B-class', 'O', 'B-class', 'O', 'O', 'I-class', 'I-class', 'I-class', 'I-class', 'I-class', 'O', 'O', 'O', 'O', 'O', 'B-class', 'I-class', 'I-class', 'O', 'O', 'O', 'B-class', 'O']"
"['i', ')', ')', 'equipment', 'to', 'be', 'capable', 'of', 'operation', 'in', 'the', 'be', 'in', '876', '915/921', 'extended', 'GSM', '(', 'e', '-', 'GSM', ')', 'band', '.', 'all']","['O', 'O', 'O', 'B-class', 'O', 'O', 'O', 'O', 'O', 'O', 'O', 'O', 'O', 'O', 'O', 'B-class', 'I-class', 'O', 'O', 'O', 'O', 'O', 'O', 'O', 'O']"
"['will', 'fifth', 'the', 'in', 'describe', 'be', 'will', 'software', 'the', 'of', 'requirement', 'other']","['O', 'O', 'O', 'O', 'O', 'O', 'O', 'B-class', 'O', 'O', 'O', 'O']"
"['.', 'site', 'that', 'from', 'back', 'come', 'X', 'and', 'a', 'range', 'will', 'system', 'our', 'for', 'need', 'hardware', 'the']","['O', 'O', 'O', 'O', 'O', 'O', 'O', 'O', 'O', 'O', 'O', 'B-class', 'O', 'O', 'O', 'B-class', 'O']"
"['familiar', 'terminology', 'for', 'navigation', 'link', ':', 'navigation', '.', 'link', 'presence', 'that', 'than', 'solid', 'underline', 'avoid', 'link', 'overload', ':', 'text']","['O', 'O', 'O', 'O', 'O', 'O', 'O', 'O', 'O', 'O', 'O', 'O', 'O', 'O', 'O', 'O', 'O', 'O', 'O']"
"['.', 'Josephy', 'Will', 'and', 'Qabool', '.', 'Irshad', 'torrent', 'streaming', 'that', 'type', 'the', 'into', 'divide', 'be', 'will', 'result', 'the']","['O', 'O', 'O', 'O', 'O', 'O', 'O', 'B-class', 'B-class', 'O', 'B-attr', 'O', 'O', 'O', 'O', 'O', 'B-class', 'O']"
"['the', 'only', 'thing', 'a', 'device', 'support', 'layer', 'know', 'it', 'with', 'associate', 'not', 'record', 'type', 'have', 'an', 'associated', 'record', 'support', 'module', 'each', '.', ',', 'in', 'order', 'to', 'remove', 'device', 'speciﬁc', 'knowledge', 'similarly']","['O', 'O', 'O', 'O', 'O', 'O', 'O', 'O', 'O', 'O', 'O', 'O', 'B-class', 'O', 'O', 'O', 'O', 'B-class', 'I-class', 'I-class', 'O', 'O', 'O', 'O', 'O', 'O', 'O', 'O', 'O', 'O', 'O']"
"[',', 'access', 'database', 'put', ';', 'Record', 'Support', ',', 'Device', 'Support', ',', 'and', 'device', 'driver', 'in']","['O', 'O', 'O', 'O', 'O', 'O', 'O', 'O', 'O', 'O', 'O', 'O', 'O', 'O', 'O']"
"['requirement', 'outside', 'instrument', 'visitor', 'and', 'Gemini', 'both', 'of', 'support', 'the']","['O', 'O', 'O', 'O', 'O', 'O', 'O', 'O', 'O', 'O']"
"['i', ')', 'EIRENE', 'limit', 'railway', 'the', 'risk', 'party', 'a', 'be', 'engage', 'in', 'an', 'active', 'call', 'with', 'party', 'B.', 'However', 'call', 'waiting', 'do', 'and', 'call', 'incoming', 'the', 'notify', 'of', 'an', 'incoming', 'call', 'from', 'party', 'not', 'c', 'the', 'traffic', 'channel', 'be', 'not', 'available', 'for', 'whilst', 'for', 'operate', 'the', 'the', 'alert', 'duration', 'have', 'to', 'be', 'as', 'short', 'as', 'possible', 'in', 'order', 'to', 'minimize', 'the', 'therefore']","['O', 'O', 'O', 'O', 'O', 'O', 'O', 'O', 'O', 'O', 'O', 'O', 'O', 'B-attr', 'B-class', 'O', 'O', 'O', 'O', 'B-class', 'O', 'O', 'O', 'B-class', 'B-attr', 'O', 'O', 'O', 'O', 'O', 'B-class', 'O', 'O', 'O', 'O', 'O', 'B-class', 'I-class', 'O', 'O', 'O', 'O', 'O', 'O', 'O', 'O', 'O', 'B-attr', 'I-attr', 'O', 'O', 'O', 'O', 'O', 'O', 'O', 'O', 'O', 'O', 'O', 'O', 'O']"
"['.', 'A1']","['O', 'O']"
"['function', 'register', 'location', 'a', 'support', 'the', 'respective', 'packet', 'radio', 'service', '.', 'interface', 'the']","['O', 'O', 'O', 'O', 'O', 'O', 'O', 'B-class', 'I-class', 'I-class', 'O', 'O', 'O']"
"['.', 'd.planne', ';', 'level', 'operation', 'at', 'when', 'Gemini', 'sequencer', 'science', 'the', 'and', 'Operator', 'Telescope', 'the', 'to', 'only', 'available', 'normally', 'program', 'and', 'system', 'provide', 'of', 'capability', 'telescope', 'virtual', 'the', 'but', ',', 'mode', 'this', 'in', 'be', 'permit', 'be', 'telescope', 'the', 'to', 'access', 'actual']","['O', 'O', 'O', 'O', 'O', 'O', 'O', 'O', 'O', 'O', 'O', 'O', 'O', 'O', 'O', 'O', 'O', 'O', 'O', 'O', 'O', 'O', 'O', 'O', 'O', 'O', 'O', 'O', 'O', 'O', 'O', 'O', 'O', 'O', 'O', 'O', 'O', 'O', 'O', 'O', 'O']"
"['.', 'disappear', 'Menu']","['O', 'O', 'O']"
"['provide', 'search', 'ability', '[', 'with', 'associate', 'term', 'relate', '-', 'industry', 'for', 'Glossary', 'a', 'provide', 'shall', 'system', 'the']","['O', 'O', 'O', 'O', 'O', 'O', 'O', 'O', 'O', 'O', 'O', 'B-class', 'O', 'O', 'O', 'B-class', 'O']"
"['the', 'train', 'move', 'through', 'different', 'on', 'area', 'controller', 'be', 'liable', 'to', 'change', '.', 'as']","['O', 'B-class', 'O', 'O', 'O', 'O', 'B-class', 'B-class', 'O', 'O', 'O', 'O', 'O', 'O']"
"['traction', 'prevent', 'use', 'the', 'RBC', '.', 'Permission']","['I-class', 'O', 'O', 'O', 'B-class', 'O', 'O']"
"['Operator', 'Interface', '.', 'this']","['O', 'O', 'O', 'O']"
"['investigation', 'and', 'drug', 'every', 'capture', 'of', 'datum', 'will', 'be', 'validate', 'and', 'check', 'on', 'save', 'into', 'the', 'database', '.', 'for']","['I-attr', 'I-attr', 'B-attr', 'O', 'O', 'O', 'O', 'O', 'O', 'O', 'O', 'O', 'O', 'O', 'O', 'O', 'O', 'O', 'O']"
"['solution', 'the', 'material', 'application', 'the']","['O', 'O', 'O', 'O', 'O']"
['LO'],['O']
"['.', 'focus', 'and', 'position', 'telescope', 'the', 'be', 'offset', 'capability', ';', 'sequence', 'observe', 'preprogrammed', 'enter', 'to', 'capability', 'to', 'a', 'goal', ',', 'Gemini', 'the', 'and', 'instrument', 'visitor', 'between', 'transform', 'coordinate', 'for', 'support', 'provide', 'interface', 'the', 'that', ',', 'requirement', 'a', 'not', 'but', ';', 'available', 'the', 'of', 'hot', 'a', 'in', 'be', 'they', ',', 'case', 'this', 'standby', 'in', 'they', 'to', 'back', 'switch', 'be', 'beam', 'telescope', 'the', '(', 'situation', ')', ';', ')', 'test', ',', 'maintenance', ',', 'observing', '(', 'level', 'operation', 'foreseen', 'all', 'at', ';', 'work', 'to', 'able', 'be', 'shall', 'they', 'as', '(', 'soon', 'start', 'they', ':', 'instrument', ')', 'inactive', '(', 'other', 'the', 'shall', 'for', 'be', 'situation', 'various']","['O', 'B-attr', 'O', 'B-attr', 'O', 'O', 'O', 'O', 'O', 'O', 'I-attr', 'B-attr', 'O', 'O', 'O', 'O', 'O', 'O', 'O', 'O', 'B-class', 'O', 'O', 'I-class', 'B-class', 'O', 'O', 'O', 'O', 'O', 'O', 'O', 'O', 'O', 'O', 'O', 'O', 'O', 'O', 'O', 'O', 'O', 'O', 'O', 'O', 'O', 'O', 'O', 'O', 'O', 'O', 'O', 'O', 'O', 'O', 'O', 'O', 'O', 'O', 'O', 'O', 'O', 'O', 'O', 'O', 'O', 'O', 'O', 'O', 'O', 'O', 'O', 'I-attr', 'B-attr', 'O', 'O', 'O', 'O', 'O', 'O', 'O', 'O', 'O', 'O', 'O', 'O', 'O', 'O', 'O', 'O', 'O', 'O', 'O', 'O', 'O', 'O', 'O', 'O', 'O', 'O', 'O']"
"['.', 'immunity', 'shall', ')', 'of', ':', '5', '-', '200', 'Hz', ';', 'peak', '-', 'to', '-', 'peak', 'amplitude', ':', '7.5', 'mm', 'range', 'frequency', ')', 'M', 'mobile', 'equipment', 'shall', 'be', 'capable', 'of', 'withstand', ';', 'the', 'level', 'of', 'continuous', 'sinusoidal', 'vibration', ':', '(', 'follow', 'Handheld', 'peak', ':', 'freedom', '.', '(']","['O', 'O', 'O', 'O', 'O', 'O', 'O', 'O', 'O', 'O', 'O', 'O', 'O', 'O', 'O', 'O', 'O', 'O', 'O', 'O', 'O', 'O', 'O', 'O', 'I-class', 'I-class', 'O', 'O', 'O', 'O', 'O', 'O', 'O', 'B-attr', 'I-attr', 'I-attr', 'I-attr', 'I-attr', 'O', 'O', 'O', 'B-class', 'O', 'O', 'O', 'O', 'O']"
"['solution', 'submit', 'should', 'the', 'help', '-', 'desk', 'user', 'to', 'view', 'enable', 'the', 'track', 'to', 'to', 'whenever', 'any', 'action', 'have', 'be', 'take', 'on', 'the', 'alert', '.', 'the']","['O', 'O', 'O', 'O', 'O', 'O', 'O', 'O', 'O', 'O', 'O', 'O', 'O', 'O', 'O', 'O', 'O', 'O', 'O', 'O', 'O', 'O', 'O', 'O', 'O', 'O']"
"['.', 'requirement']","['O', 'O']"
"['.', 'convalescent', 'or', 'acute', 'be', 'sample', 'the', 'whether', 'and', ',', 'onset', 'collection', 'of', 'method', 'location', 'well', 'or', 'rain', ',', 'e.g.', '(', 'source', ',', 'take', 'be', 'sample', 'the', 'which', 'from', ')', 'possible', 'if', 'geocode', '(', ',', 'date', 'symptom', ',', ',', 'collection', 'of', 'location', ',', ')', 'information', 'contact', 'include', '(', 'collection', 'sample', '/', 'speciman', 'perform', 'person', ',', ')', 'corrosive', 'and', 'volume', 'and', 'quantity', 'take', 'be', 'speciman', 'the', 'which', 'from', 'site', '/', 'source', 'the', 'speciman', 'about', 'information', 'include', 'should', 'datum', 'speciman', 'Clinical']","['O', 'I-attr', 'I-attr', 'I-attr', 'I-attr', 'B-attr', 'O', 'O', 'O', 'O', 'I-attr', 'B-attr', 'I-attr', 'I-attr', 'B-attr', 'O', 'O', 'O', 'O', 'O', 'O', 'B-attr', 'O', 'O', 'O', 'B-class', 'O', 'O', 'O', 'O', 'O', 'O', 'O', 'O', 'O', 'I-attr', 'B-attr', 'O', 'O', 'I-attr', 'I-attr', 'B-attr', 'O', 'O', 'O', 'O', 'O', 'O', 'I-attr', 'I-attr', 'I-attr', 'I-attr', 'I-attr', 'B-attr', 'O', 'O', 'O', 'O', 'B-attr', 'I-attr', 'I-attr', 'I-attr', 'I-attr', 'I-attr', 'I-attr', 'I-attr', 'I-attr', 'B-attr', 'O', 'I-attr', 'O', 'B-attr', 'O', 'O', 'O', 'O', 'I-class', 'I-class', 'B-class']"
"['the', 'the']","['O', 'O']"
"['.', 'available', 'in']","['O', 'O', 'O']"
"['.', 'platform', 'Linux', 'of', 'example', 'result', 'many', 'how', 'depend', ',', 'search', 'will', 'system', 'the', 'site', 'which', 'edit', 'to', 'able', 'be', 'will', 'they']","['O', 'O', 'O', 'O', 'O', 'O', 'O', 'O', 'O', 'O', 'O', 'O', 'B-class', 'O', 'O', 'O', 'O', 'O', 'O', 'O', 'O', 'O']"
"['be', 'now', 'an', 'establish', 'standard', 'within', 'the', 'international', 'High', 'Energy', 'Physics', 'community', 'and', 'be', 'gain', 'acceptance', 'amongst', 'astronomical', 'Internals', 'epics', ""'"", ""'"", 'and', 'for', 'the', 'nature', 'of', 'training', 'class', '.', 'community', 'note']","['O', 'O', 'O', 'O', 'O', 'O', 'O', 'O', 'O', 'O', 'O', 'O', 'O', 'O', 'O', 'O', 'O', 'O', 'B-class', 'O', 'O', 'O', 'O', 'O', 'O', 'O', 'O', 'O', 'O', 'O', 'O', 'O']"
"['customization', 'layer', '.', 'the']","['O', 'O', 'O', 'O']"
"['OM', 'treatment', 'the', 'through', 'process', 'identification', 'the', 'from', 'contact', 'potential', 'and', 'case', 'possible', 'about', 'information', 'capture', 'to', 'ability', 'the', 'require', 'support', 'and', 'new', '.', 'must', 'link', 'datum', 'epi', '-', 'to', '-', 'entity', '.', 'travel', '-', 'to', '-', 'person', ',', 'place', '-', 'to', '-', 'match', 'each']","['O', 'B-class', 'O', 'O', 'O', 'O', 'O', 'O', 'B-class', 'O', 'O', 'B-class', 'O', 'O', 'B-attr', 'O', 'O', 'O', 'O', 'O', 'O', 'O', 'O', 'O', 'O', 'I-class', 'I-class', 'I-class', 'I-class', 'I-class', 'I-class', 'B-class', 'O', 'O', 'O', 'O', 'O', 'O', 'O', 'O', 'O', 'O', 'O', 'O', 'O']"
"['.', 'selection', 'Menu', 'game', 'the', 'stop']","['O', 'O', 'O', 'B-class', 'O', 'O']"
"['be', 'generally', 'more', 'appropriate', 'for', 'homepage', ',', 'navigation', 'page', 'of', 'support', 'as', 'page', 'can', 'be', 'impede', '.', 'select']","['O', 'O', 'O', 'O', 'O', 'O', 'O', 'O', 'O', 'O', 'O', 'O', 'O', 'O', 'O', 'O', 'O', 'O']"
"['.', 'order', ',', 'their', 'and', 'revise', 'to', 'able', 'be', 'will', 'customer', 'update', '.', 'feature', 'system', '.', 'confirmation', 'order', 'and', 'checkout', 'to', 'prior', 'order']","['O', 'B-class', 'O', 'O', 'O', 'O', 'O', 'O', 'O', 'O', 'B-class', 'O', 'O', 'O', 'O', 'O', 'I-class', 'B-class', 'O', 'O', 'O', 'O', 'B-class']"
"['follow', 'section', 'list', 'those', 'that', 'would', 'be', 'commonly', 'use', '.', 'Knowledge']","['O', 'O', 'O', 'O', 'O', 'O', 'O', 'O', 'O', 'O', 'O']"
"['for', 'forward', 'validate', 'the', 'in', 'the', 'Requirements', 'gather', '.', 'Validating', 'Sessions', 'start', 'on', 'and', '/', 'MM', 'FRS', 'this', 'in', 'move', 'be', 'YYYYwould', '/', 'DD', 'document', 'advantage', 'of', 'the', 'OBA', 'approach', 'be', ',', 'that', 'it', 'to', 'to', 'target', 'resource', 'to', 'address', 'select', 'health', 'problem', ',', ';', 'allow', 'major', 'government', '.', 'target', 'private', 'sector', '(', 'medical', 'doctor', ',', 'qualified', 'nurse', 'and', 'the']","['O', 'O', 'O', 'O', 'O', 'O', 'O', 'O', 'O', 'O', 'O', 'O', 'O', 'O', 'O', 'O', 'O', 'O', 'O', 'O', 'O', 'O', 'O', 'O', 'O', 'O', 'O', 'O', 'O', 'O', 'O', 'O', 'O', 'O', 'O', 'O', 'O', 'O', 'O', 'O', 'O', 'O', 'O', 'O', 'O', 'O', 'O', 'O', 'O', 'O', 'O', 'O', 'O', 'O', 'O', 'O', 'O', 'O', 'O', 'O']"
"['example', 'model', 'all', 'in', 'Gemini', 'the', 'use', 'of', 'the', 'telescope', 'simulator', 'during', 'science', 'in', 'planning', 'but', 'in', 'maintenance', 'and', 'testing', 'as', 'well', '.', ',', 'only', 'not', 'useful', 'system', 'mean', 'that', 'the', 'integrate', 'system', 'can', 'be', 'test', 'and', 'develop', 'independently', 'of', 'the', 'target', 'hardware', '.', 'this']","['O', 'O', 'O', 'O', 'O', 'O', 'O', 'O', 'O', 'O', 'O', 'O', 'O', 'O', 'O', 'O', 'O', 'O', 'O', 'O', 'O', 'O', 'O', 'O', 'O', 'O', 'O', 'O', 'O', 'O', 'O', 'O', 'O', 'O', 'O', 'O', 'O', 'O', 'O', 'O', 'O', 'O', 'O', 'O', 'O']"
"['jurisdiction', 'church', ',', 'e.g.', '(', 'people', 'of', 'gathering', 'private', 'or', 'public', 'any', 'about', 'datum', 'capture', 'to', 'capability', 'the', 'have', 'must', 'social', 'OM', ',', 'game', 'etc', ',', 'event', 'the', 'of', 'nature', ',', 'location', ',', 'time', ':', 'include', ',', 'investigation', 'OM', 'an', 'in', 'involve', ')', 'ball', '.', 'support', '.', 'any', 'about', 'datum', 'capture', 'to', 'capability', 'the', 'have', 'must', 'OM', 'support', 'system']","['O', 'O', 'O', 'O', 'O', 'I-class', 'I-class', 'I-class', 'I-class', 'I-class', 'B-class', 'O', 'O', 'B-attr', 'O', 'O', 'O', 'O', 'O', 'O', 'O', 'O', 'O', 'O', 'O', 'O', 'B-class', 'O', 'O', 'B-attr', 'O', 'B-attr', 'O', 'B-attr', 'O', 'O', 'O', 'B-class', 'O', 'O', 'O', 'O', 'O', 'O', 'O', 'O', 'O', 'O', 'O', 'B-attr', 'O', 'O', 'O', 'O', 'O', 'O', 'O', 'O', 'B-class']"
"['.', 'evolve', 'event', 'health', 'the', 'as', 'occur', 'that', 'definition', 'case', 'the', ',', 'where', ',', 'and', 'datum', 'conveyance', 'and', ',', ')', 'location', 'multiple', 'to', 'or', 'describe', '(', 'a', 'to', 'travel', 'event', 'an', 'in', 'involve', 'subject', 'how', 'location', 'system', 'datum']","['O', 'O', 'I-class', 'B-class', 'O', 'O', 'O', 'O', 'I-attr', 'B-attr', 'O', 'O', 'O', 'O', 'O', 'I-attr', 'B-attr', 'O', 'O', 'O', 'O', 'O', 'O', 'O', 'O', 'O', 'O', 'O', 'O', 'B-class', 'O', 'O', 'O', 'B-class', 'O', 'B-attr', 'B-class', 'B-attr']"
"['/', 'Mellor', 'approach', 'to', 'develop', 'real', '-', 'time', 'Ward', 'be', 'software', 'support', 'failure', 'of', 'one', 'subsystem', 'should', 'not', 'affect', 'other', ',', 'work', ',', 'subsystem', ',', 'include', 'communication', 'link', '.', 'all']","['O', 'O', 'O', 'O', 'O', 'O', 'O', 'O', 'O', 'O', 'O', 'O', 'O', 'O', 'O', 'B-class', 'O', 'O', 'O', 'O', 'O', 'O', 'O', 'B-class', 'O', 'O', 'O', 'O', 'O', 'O']"
"['2ms', 'than', 'less', 'in', 'cart', 'shopping', 'to', '.', 'product', 'specified', 'in', 'vendor', 'request', 'in', 'and', 'customer', 'email', 'to', 'product', 'able', 'shall', 'the']","['O', 'O', 'O', 'O', 'I-class', 'B-class', 'O', 'O', 'B-class', 'O', 'O', 'O', 'O', 'O', 'O', 'B-class', 'O', 'O', 'B-class', 'O', 'O', 'O']"
"['diagnosis', '’s', 'system', 'a', 'failure', '.', 'the']","['O', 'O', 'O', 'O', 'O', 'O', 'O']"
"['use', 'learn', 'to', ',', ',', 'with', 'customer', 'prompt', 'shall', 'system', 'the']","['O', 'O', 'O', 'O', 'O', 'O', 'B-class', 'O', 'O', 'O', 'O']"
"['query', 'of', 'spatial', 'datum', 'where', 'the', 'selection', 'criterion', 'which', 'CASS', 'monitor', 'for', 'be', 'satisfied', '.', 'an']","['O', 'O', 'B-class', 'I-class', 'O', 'O', 'O', 'O', 'O', 'O', 'O', 'O', 'O', 'O', 'O', 'O']"
"['should', 'be', 'present', 'to', 'the', 'user', 'use', '.Similar', 'similar', 'interface', '.', 'however']","['O', 'O', 'O', 'O', 'O', 'B-class', 'O', 'O', 'O', 'O', 'O', 'O']"
"['.', 'facility', 'single', 'a', 'of', 'be', 'use', 'for', 'instance', 'for', '(', 'site', 'same', 'the', 'on', 'telescope', ',', 'Gemini', '-', 'non', 'perhaps', ',', 'nearby', 'with', 'conjunction', 'in', 'a', 'interferometry', 'be', 'if', 'context', 'user', '-', 'multi', ';', 'context', 'instrument', 'visitor', '.', ';', 'instrument', '-', 'multi', ';', 'concept', 'telescope', '-', 'multi', 'context', 'although']","['O', 'B-class', 'O', 'O', 'O', 'O', 'O', 'O', 'O', 'O', 'O', 'O', 'O', 'O', 'O', 'O', 'O', 'O', 'O', 'O', 'O', 'O', 'O', 'O', 'O', 'O', 'O', 'O', 'O', 'O', 'O', 'O', 'O', 'O', 'O', 'O', 'O', 'O', 'O', 'O', 'O', 'O', 'O', 'O', 'O', 'O', 'O', 'O', 'O', 'O']"
"['Army', 'Command', 'Control', 'the', 'be', 'datum', '/', 'I', '/', 'F', '(', 'or', 'some', 'part', 'of', 'the', 'computer', 'S', '/', 'W', 'configuration', 'item', ',', 'component', 'etc', '/', 'the', 'and', 'subsequent', 'examination', 'of', 'datum', ';', 'demonstration', 'a', 'qualification', 'method', 'that', 'be', 'carry', 'out', 'by', 'operation', 'of', 'item', 'the', '.', ',', 'qualification', 'method', 'that', 'be', 'carry', 'out', 'by', 'the', 'processing', 'of', 'accumulate', 'datum', '.', 'an']","['O', 'O', 'O', 'O', 'O', 'O', 'O', 'O', 'O', 'O', 'O', 'O', 'O', 'O', 'O', 'O', 'O', 'O', 'O', 'O', 'B-class', 'I-class', 'O', 'I-class', 'O', 'I-class', 'O', 'O', 'O', 'O', 'O', 'O', 'O', 'O', 'O', 'B-class', 'I-class', 'O', 'O', 'O', 'O', 'O', 'O', 'O', 'B-class', 'O', 'O', 'O', 'B-class', 'I-class', 'O', 'O', 'O', 'O', 'O', 'O', 'O', 'O', 'O', 'O', 'O', 'O']"
"['entry', '100', 'of', 'minimum', 'a', 'to', 'up', '.', 'provide', 'in', 'number', '.', 'function', ""'"", 'controller', 'call', ""'"", 'the', 'initiate', 'after', 'controller', 'relevant', 'the', 'of', 'all', 'to', '(']","['O', 'O', 'O', 'O', 'O', 'O', 'O', 'O', 'O', 'O', 'I-attr', 'O', 'O', 'O', 'O', 'O', 'O', 'O', 'O', 'O', 'B-class', 'O', 'O', 'O', 'O', 'O', 'O']"
"['Controls', 'Test', 'Plan', 'be', 'part', 'of', 'the', '.', 'Gemini', 'System', '.', 'this']","['O', 'O', 'O', 'O', 'O', 'O', 'O', 'O', 'O', 'O', 'O', 'O']"
"['.', 'Store', 'web', 'a', 'online', 'operate', 'and', 'setup', 'to', 'mean', 'easy', 'and', 'an', 'will', 'this']","['O', 'O', 'O', 'O', 'O', 'O', 'O', 'O', 'O', 'O', 'O', 'O', 'O', 'O', 'O']"
"['.', 'query', 'one', 'just', 'with', 'website', 'these', 'all', 'search', 'by', 'website', 'different', 'various', 'through', 'time', 'search', 'time', 'and', 'effort', '.', 'user', 'the', 'provide', 'also', 'will', 'it']","['O', 'B-class', 'O', 'O', 'O', 'B-class', 'O', 'O', 'O', 'O', 'B-class', 'O', 'O', 'O', 'O', 'O', 'O', 'O', 'O', 'O', 'B-class', 'O', 'O', 'O', 'O', 'O']"
"['.', 'system', 'the', 'of', 'user', 'experienced', 'very', 'be', 'will', 'user', 'these']","['O', 'B-class', 'O', 'O', 'B-class', 'O', 'O', 'O', 'O', 'B-class', 'O']"
"['.', 'capability', 'interactive', 'include', 'to', 'necessary', 'be', 'must', 'it', ')', 'condition', 'see', 'for', 'width', 'function', 'Section', 'system', 'the', 'and']","['O', 'O', 'O', 'O', 'O', 'O', 'O', 'O', 'O', 'O', 'O', 'O', 'O', 'O', 'O', 'O', 'B-class', 'O', 'O']"
"['well', 'reporting', 'purpose', 'have', 'Distributor', 'the', 'of', 'table', 'in', 'order', 'to', 'update', 'as', 'per', 'the', 'program', 'requirement', '.', 'the']","['O', 'O', 'O', 'O', 'B-class', 'O', 'O', 'O', 'O', 'O', 'O', 'O', 'O', 'O', 'O', 'O', 'O', 'O', 'O']"
"['upper', 'level', '(', 'user', '-', 'interface', 'and', ')', 'it', 'should', 'not', 'storage', 'subsystem', '.', 'IOC']","['O', 'O', 'O', 'O', 'O', 'O', 'O', 'O', 'O', 'O', 'O', 'I-class', 'I-class', 'O', 'O']"
"['payment', 'be', 'Cash', '.', 'the']","['I-attr', 'O', 'O', 'O', 'O']"
"['.', 'reporting', '-', 'to', 'ability', 'the', 'link', '-', 'epi', 'know', 'no', 'with', 'case', 'of', 'number', 'the', ',', 'case', 'per', 'contact', 'of', 'number', 'the', ',', 'case', 'at', 'the', 'time', 'of', 'have', 'should', 'OM', 'support', 'system']","['O', 'O', 'O', 'O', 'O', 'O', 'I-attr', 'I-attr', 'I-attr', 'I-attr', 'I-attr', 'I-attr', 'I-attr', 'I-attr', 'B-attr', 'O', 'O', 'I-attr', 'I-attr', 'I-attr', 'I-attr', 'B-attr', 'O', 'O', 'I-attr', 'O', 'O', 'O', 'O', 'O', 'O', 'O', 'O', 'B-class']"
"[',', 'window']","['O', 'O']"
"['human', 'with', 'of', 'interval', 'maintenance', 'for', 'each', 'maintenance', 'level', ';', 'Preventative', 'Maintenance', 'hour', 'per', 'year', '.', 'all']","['O', 'O', 'O', 'O', 'O', 'O', 'O', 'B-class', 'I-class', 'O', 'B-attr', 'I-attr', 'I-attr', 'I-attr', 'I-attr', 'O', 'O']"
"['well', 'reporting', 'purpose', 'it', 'be', 'duplicate', 'on']","['O', 'O', 'O', 'O', 'O', 'O', 'O']"
"['heart', 'of', 'of', 'transparent', 'network', 'provide', 'which', 'allow', 'the', 'ioc', 'and', 'opi', 'to', 'communicate', '.', 'epics']","['O', 'O', 'O', 'O', 'O', 'O', 'O', 'O', 'O', 'O', 'O', 'O', 'O', 'O', 'O', 'O']"
"['to', 'in', 'normative', '(', 'sim', ')', 'contain', 'information', 'specific', 'to', 'single', 'subscriber', '.', 'a']","['O', 'O', 'O', 'O', 'O', 'O', 'O', 'B-attr', 'O', 'O', 'O', 'B-class', 'O', 'O']"
"['to', 'control', 'Telescopes', 'synchronization', ',', 'case', 'in', 'that', 'command', 'can', 'not', 'get', 'lose', 'and', 'reply', 'have', 'to', 'come', 'back', 'reliably', '.', 'in']","['O', 'B-attr', 'O', 'O', 'O', 'O', 'O', 'O', 'O', 'O', 'O', 'O', 'O', 'O', 'O', 'O', 'O', 'O', 'O', 'O', 'O', 'O']"
"['modem', 'a', 'via', 'internet', 'the', 'to', 'connect', 'be', 'that', 'computer', 'date', '-', 'to', '-', '.', 'of', 'torrent', 'that', 'be', 'this']","['B-class', 'O', 'O', 'B-class', 'O', 'O', 'O', 'O', 'O', 'B-class', 'O', 'O', 'O', 'O', 'O', 'O', 'B-class', 'O', 'O', 'O']"
"['OCS', 'package', 'developer', ',', 'who', 'be', 'responsible', 'for', 'provide', 'work', '.', 'ShutDown', '=', ',', 'a', 'typical', 'command', 'might', 'be', ':', 'Ident=', '{', 'ID=314159', 'source', '=', 'operator_console', 'target']","['O', 'O', 'O', 'O', 'O', 'O', 'O', 'O', 'O', 'O', 'O', 'O', 'O', 'O', 'O', 'O', 'O', 'O', 'O', 'O', 'O', 'O', 'O', 'O', 'O', 'O', 'O']"
"['procedure', 'shall', 'read', 'the', 'when', 'initialization', 'and', 'establish', 'the', 'valid', 'temperature', 'range', 'from', 'the', 'datum', 'in', 'it', '.', 'operational']","['O', 'O', 'O', 'O', 'O', 'B-class', 'O', 'O', 'O', 'B-attr', 'I-attr', 'I-attr', 'O', 'O', 'O', 'O', 'O', 'O', 'O']"
"[')', 'the', 'of', 'establishment', 'the', 'to', 'prior', 'driver', 'call', 'multi', '.', 'traction', 'GSM', 'the', 'use', 'provide', 'be', 'shall', 'connection', 'radio', 'the', ',', 'cab', 'active', 'one', 'than', 'more', 'Multi', '-', 'Party', 'service', 'lead', 'the', 'of', 'cab', 'active', 'the', 'from', 'vehicle', 'establish', 'will', 'call', 'the', ')', 'M', '(']","['O', 'O', 'O', 'O', 'O', 'O', 'O', 'B-class', 'B-class', 'B-class', 'O', 'I-class', 'B-class', 'O', 'O', 'O', 'O', 'O', 'I-class', 'B-class', 'O', 'O', 'B-class', 'B-attr', 'O', 'O', 'O', 'I-class', 'I-class', 'I-class', 'I-class', 'B-class', 'O', 'O', 'B-class', 'B-attr', 'O', 'O', 'I-class', 'O', 'O', 'B-class', 'O', 'O', 'O', 'O']"
"['System', 'Weborder', ';', 'Customer']","['O', 'O', 'O', 'B-class']"
"[',', 'it', 'be', 'run', 'that', 'may', 'prevent', 'it', 'from', 'operate', 'to', 'full', 'speciﬁcation', ',', 'but', 'do', 'not', 'prevent', 'it', 'from', 'function', 'at', 'this', 'problem', 'the', 'a', 'have', 'within', 'speciﬁcation', ';', 'bad', 'the', 'subsystem', 'have', 'detect', 'problem', 'that', 'prevent', 'its', 'successful', 'operation', ';', 'WARNING', '.', 'the']","['O', 'O', 'O', 'O', 'O', 'O', 'O', 'O', 'O', 'O', 'O', 'O', 'O', 'O', 'O', 'O', 'O', 'O', 'O', 'O', 'O', 'O', 'O', 'O', 'O', 'O', 'O', 'O', 'O', 'O', 'O', 'O', 'B-class', 'O', 'O', 'O', 'O', 'O', 'O', 'O', 'O', 'O', 'O', 'O', 'O']"
"['user', 'error', ':', 'from', 'potential', 'error', 'as', 'well', 'as', 'the', 'effort', 'need', 'to', 'user', '171', 'error', 'should', '.', 'user']","['O', 'O', 'O', 'O', 'O', 'O', 'O', 'O', 'O', 'O', 'O', 'O', 'O', 'O', 'O', 'O', 'O', 'O', 'B-class']"
"['.', 'time', 'all', 'at', 'location', 'all', 'have', 'of', 'apart', 'the', 'the', 'ensure', 'for', 'responsible', 'be', 'person', 'this']","['O', 'O', 'O', 'O', 'B-class', 'O', 'O', 'O', 'O', 'O', 'O', 'O', 'O', 'O', 'O', 'O', 'O']"
"['.', 'May', ',', '1999', '.', 'please']","['O', 'O', 'O', 'O', 'O', 'O']"
"['experience', 'of', 'and', 'Motif', ';', 'technique', 'environment', '.', 'Advanced']","['O', 'O', 'O', 'O', 'O', 'O', 'O', 'O', 'O']"
"['.', 'request', 'test', 'laboratory', 'for', 'message', 'and', 'Requirements', 'support', '.', 'instance', 'local', 'a', 'in', 'store', 'be', 'should', 'organization', 'partner', 'response', 'key', 'for', 'information', 'contact']","['O', 'I-class', 'I-class', 'B-class', 'O', 'B-class', 'O', 'O', 'O', 'O', 'I-class', 'B-class', 'O', 'O', 'O', 'O', 'O', 'I-class', 'I-class', 'I-class', 'B-class', 'O', 'I-attr', 'B-attr']"
"['enter', 'the', 'No', 'of', 'voucher', 'require', ',', 'the', 'system', 'should', 'automatically', 'the', 'will', 'MSIU', 'decision', 'enter', 'during', 'claim', 'submission', '.', 'the']","['O', 'O', 'O', 'O', 'B-class', 'O', 'O', 'O', 'B-class', 'O', 'O', 'O', 'O', 'O', 'O', 'O', 'O', 'B-class', 'I-class', 'O', 'O']"
"['9', 'be', 'concern', 'with', 'a', 'number', 'plan', 'for', 'the', 'section', ')', 'i', '(']","['O', 'O', 'O', 'O', 'O', 'O', 'O', 'O', 'O', 'O', 'O', 'O', 'O']"
"['much', 'as', 'possible', ',', 'the', 'the', 'be', 'goal', 'the']","['O', 'O', 'O', 'O', 'O', 'O', 'O', 'O', 'O']"
"['.', ""'"", 'group', 'operation', ""'"", 'the', 'of', 'staff', 'and', ',', 'in', 'explain', 'reason', 'flexible', 'and', 'observe', 'service', 'as', 'such', 'requirement', 'operational', 'scheduling', 'support', 'essential', 'be', 'this']","['O', 'O', 'I-class', 'I-class', 'I-class', 'I-class', 'I-class', 'B-class', 'O', 'O', 'O', 'O', 'O', 'O', 'O', 'O', 'O', 'O', 'O', 'O', 'O', 'O', 'O', 'O', 'O', 'O']"
"['functional', 'requirement', 'for', 'each', 'of', 'delete', 'the', 'be', 'provide', 'as', 'A1', 'to', 'A7', 'in', 'module', 'and', 'update', 'create', 'and', 'section', ',', 'state', 'specific', 'datum', ',', 'caste', ',', 'tribe', ',', 'property', 'information', 'etc', '.', 'can', 'be', 'separate', 'sensitive', 'enclosure', 'the']","['O', 'O', 'O', 'O', 'O', 'O', 'O', 'O', 'O', 'O', 'O', 'O', 'O', 'O', 'O', 'O', 'O', 'O', 'I-attr', 'I-attr', 'O', 'B-attr', 'I-attr', 'I-attr', 'O', 'B-attr', 'O', 'B-attr', 'O', 'B-attr', 'I-attr', 'O', 'O', 'O', 'O', 'O', 'O', 'O', 'O']"
"['Name', '(', 'as', 'the', 'in', 'Report', 'footer', 'for', 'Name', ';', 'Staff', 'Code', ';', 'Staff', 'Name', ';', 'Staff', 'Type', ';', 'Qualification', '.', 'the']","['I-attr', 'O', 'O', 'O', 'O', 'O', 'O', 'O', 'I-attr', 'O', 'B-attr', 'I-attr', 'O', 'B-attr', 'I-attr', 'O', 'B-attr', 'I-attr', 'O', 'B-attr', 'O', 'O']"
"['?', 'telescope', 'the', 'to', 'directly', 'these', 'connect', 'not', 'site', 'satellite', 'the', 'do', 'why']","['O', 'O', 'O', 'O', 'O', 'O', 'O', 'O', 'O', 'O', 'O', 'O', 'O']"
"['product', 'the', 'improve', 'and', 'revise', 'to', 'help', 'will', 'this', ',', 'software', 'the', 'on', 'opinion', '.', 'this']","['B-class', 'O', 'O', 'O', 'O', 'O', 'O', 'O', 'O', 'O', 'B-class', 'O', 'O', 'O', 'O', 'O']"
"['protect', 'a', 'traction', 'unit', 'from', 'roll', 'away', 'the', 'direction', 'be', 'driver', 'intervention', 'from', 'ETCS', 'equipment', 'at', 'least', 'avoid', '5', '.', 'before']","['O', 'O', 'B-class', 'I-class', 'O', 'O', 'O', 'O', 'I-attr', 'O', 'B-class', 'B-class', 'O', 'B-class', 'I-class', 'O', 'O', 'O', 'O', 'O', 'O']"
"['.', 'torrent', 'or', 'video', 'stream', 'for', 'website', 'multiple', 'aid', 'various', 'option', 'and', 'http://www.facebook.com', ';', 'http://www.megavideo.com', ';', 'http://www.youtube.com']","['O', 'B-class', 'O', 'I-class', 'B-class', 'O', 'B-class', 'O', 'O', 'O', 'B-attr', 'O', 'O', 'O', 'O', 'O', 'O']"
"['in', 'driver', 'have', 'trackside', '.', 'a']","['O', 'B-class', 'O', 'B-class', 'O', 'O']"
"['ClearEvent', 'entry', 'that', 'to', 'stream', 'be', 'terminate', ';', 'SetEvent', 'an', 'event', 'be', 'establish', 'as', 'a', 'monitor', 'of', 'some', 'database', 'entry', '.', 'appropriate']","['O', 'B-attr', 'O', 'O', 'I-class', 'O', 'B-attr', 'O', 'O', 'O', 'B-class', 'O', 'O', 'O', 'O', 'O', 'O', 'O', 'B-attr', 'I-attr', 'O', 'O']"
"['get', ';', 'place', '=', 'location', ';', 'YYYY', '/', 'DD', 'where', '/', 'format', ';', 'ship', 'be', 'order', 'specify', 'the', 'MM', 'when', 'the', 'be', '.', ')', 'shelf', ',', 'column', ',', 'aisle', 'item', '(', 'form', 'the', 'in', 'warehouse', 'the', 'in', 'keep', 'of', 'date']","['O', 'O', 'O', 'O', 'B-class', 'O', 'O', 'O', 'O', 'O', 'O', 'O', 'O', 'O', 'O', 'B-class', 'O', 'O', 'O', 'O', 'O', 'O', 'O', 'O', 'B-attr', 'O', 'B-attr', 'O', 'B-attr', 'B-class', 'O', 'O', 'O', 'O', 'O', 'O', 'O', 'O', 'O', 'B-attr']"
"['select', 'block', 'can', 'game', 'can', 'from', 'a', 'the', 'before', 'be', 'they', 'where', 'cancel', 'the', 'at', 'position', 'block', 'the', 'display', 'game', 'the']","['O', 'B-class', 'O', 'O', 'O', 'O', 'O', 'O', 'O', 'O', 'O', 'O', 'O', 'O', 'O', 'I-attr', 'B-attr', 'O', 'O', 'O', 'O']"
"['.', '""', 'no', '""', '.', 'and', 'yes', '""', ':', 'possible', 'be', 'choice', 'two']","['O', 'O', 'O', 'O', 'O', 'O', 'O', 'O', 'O', 'O', 'O', 'O', 'O']"
"['to', 'procedure', 'another', 'a', 'due', 'to', 'the', 'local', 'connection', 'and', 'interface', 'to', ',', 'the', 'electronic', '.', 'in']","['O', 'O', 'O', 'O', 'O', 'O', 'O', 'O', 'O', 'O', 'O', 'O', 'O', 'O', 'O', 'O', 'O']"
"['also', 'important', 'that', 'there', 'be', 'no', 'undesired', 'interaction', 'between', 'subsystem', '.', 'this']","['O', 'O', 'O', 'O', 'O', 'O', 'O', 'O', 'O', 'B-class', 'O', 'O']"
"['IOC', 'software', 'be', 'design', 'so', 'that', 'the', 'database', 'access', 'nothing', 'hardware', 'about', '’s', 'driver', 'be', 'how', 'to', 'call', 'it', '.', 'this']","['O', 'O', 'O', 'O', 'O', 'O', 'O', 'O', 'O', 'O', 'O', 'O', 'O', 'O', 'O', 'O', 'O', 'O', 'O', 'O', 'O']"
"['ﬁeld', 'be', 'common', 'to', 'all', 'record', 'type', 'and', 'other', 'be', 'speciﬁc', 'to', 'every', 'have', 'database', 'hold', 'data', 'structure', 'be', 'provide', 'so', 'that', 'the', 'database', 'of', 'can', 'access', 'efﬁciently', '.', 'Most']","['B-attr', 'O', 'O', 'O', 'O', 'B-class', 'I-class', 'O', 'O', 'O', 'O', 'O', 'O', 'O', 'B-class', 'O', 'O', 'O', 'O', 'O', 'O', 'O', 'O', 'O', 'O', 'O', 'O', 'O', 'O', 'O']"
"['of', 'the', 'distributor', '(', 'select', 'from', 'Distributor', 'Master', ')', ';', 'name', 'of', 'Mode', 'Entry', 'report', 'detail', 'of', 'any', 'duplicate', 'name', 'the', 'system', 'will', 'give', 'a', 'warning', 'message', 'to', 'have', 'capture', 'the', 'name', 'or', 'to', 'change', 'the', 'name', '.', 'for']","['O', 'O', 'B-class', 'O', 'O', 'O', 'O', 'O', 'O', 'O', 'B-attr', 'O', 'B-attr', 'O', 'B-class', 'I-attr', 'O', 'O', 'O', 'B-attr', 'O', 'B-class', 'O', 'O', 'O', 'O', 'O', 'O', 'O', 'O', 'O', 'B-attr', 'O', 'O', 'O', 'O', 'B-attr', 'O', 'O']"
"['also', 'have', 'the', 'capability', 'of', 'be', 'set', 'and', 'control', 'by', 'a', 'user', 'of', 'the', 'THEMAS', 'system', 'time', 'real', 'thermostat', 'of', 'be', 'capable', 'no', 'return', 'the', 'current', 'temperature', 'and', 'the', 'current', 'desire', 'temperature', 'setting', 'all']","['O', 'O', 'O', 'O', 'O', 'O', 'O', 'O', 'O', 'O', 'O', 'B-class', 'O', 'O', 'O', 'O', 'O', 'O', 'B-class', 'O', 'O', 'O', 'O', 'O', 'O', 'O', 'B-attr', 'O', 'O', 'O', 'B-attr', 'I-attr', 'I-attr', 'O']"
"['submit', 'the', 'claim', '(', 'Treatment', 'Form', ')', 'to', 'MSIU', ',', 'the', 'system', 'will', 'have', 'the', 'provision', 'to', 'no', 'than', 'of', 'Forms', 'be', 'current', 'date', ';', 'the', 'system', 'list', 'the', 'VSP', 'Name', 'from', 'VSP', 'Master', 'should', ';', 'Forms', 'and', 'Available', 'Forms', 'only', 'accept', 'numeric', 'value', ';', 'available', 'form', 'may', 'be', 'Mentioned', 'submission', 'of', 'date', ';', 'the', 'above', 'as', 'the', 'master', 'part', 'and', 'below', 'detail', 'be', 'the', 'transaction', 'part', ';', 'Treatment', 'Form', 'no', '.', 'during']","['O', 'O', 'B-class', 'O', 'B-class', 'I-class', 'O', 'O', 'O', 'O', 'O', 'B-class', 'O', 'O', 'O', 'O', 'O', 'B-attr', 'O', 'I-attr', 'I-attr', 'O', 'O', 'O', 'O', 'O', 'B-class', 'O', 'O', 'B-attr', 'I-attr', 'O', 'O', 'O', 'O', 'O', 'B-class', 'O', 'B-class', 'I-class', 'O', 'O', 'O', 'O', 'O', 'O', 'B-class', 'O', 'O', 'O', 'I-attr', 'I-attr', 'B-attr', 'O', 'O', 'O', 'O', 'O', 'O', 'O', 'O', 'O', 'O', 'O', 'O', 'B-class', 'O', 'O', 'B-attr', 'I-attr', 'I-attr', 'O', 'O']"
"['of', 'hardware', 'platform', 'to', 'as', 'few', 'as', 'be', 'practical', 'computer', '.', 'arise', 'need', 'intent', 'of', 'a', 'portability', 'requirement', 'be', 'to', 'facilitate', 'migrate', 'exist', 'and', 'future', 'Gemini', 'system', 'to', 'different', 'hardware', 'as', 'the', '.', 'main', 'that', 'transparent', 'interface', 'should', 'not', 'be', 'see', 'as', 'a', 'package', 'user', 'link', 'a', 'speciﬁc', 'computer', '.', 'give']","['O', 'O', 'O', 'O', 'O', 'O', 'O', 'O', 'O', 'O', 'O', 'O', 'O', 'O', 'O', 'O', 'O', 'O', 'O', 'O', 'O', 'O', 'O', 'O', 'O', 'O', 'O', 'O', 'O', 'O', 'O', 'O', 'O', 'O', 'O', 'O', 'O', 'O', 'O', 'O', 'O', 'O', 'O', 'O', 'O', 'O', 'O', 'O', 'O', 'O', 'O']"
"['particular', 'also', ',', 'the', 'meteorological', 'information', 'come', 'from', 'a', 'weather', 'station', 'should', 'be', 'available', 'centrally', 'term', 'actual', 'of', ',', 'on', 'all', 'instrument', '.', 'in']","['O', 'O', 'O', 'O', 'B-attr', 'I-attr', 'O', 'O', 'O', 'B-class', 'I-class', 'O', 'O', 'O', 'O', 'O', 'O', 'O', 'O', 'O', 'O', 'B-class', 'O', 'O']"
"['.', '3.2.4.4', 'chapter', 'see', ',', '""', 'exit', '""', 'action', '>', '""', 'exit', 'contain']","['O', 'O', 'O', 'O', 'O', 'O', 'O', 'O', 'O', 'O', 'O', 'O', 'O']"
"['time', 'an', 'alarm', 'be', 'request', ',', 'an', 'alarm', 'event', 'shall', 'be', 'window', 'of', 'select', 'of', 'list', 'of', 'available', 'month', 'from', 'which', 'to', 'make', 'a', 'selection', '.', 'after']","['O', 'O', 'B-class', 'O', 'O', 'O', 'O', 'B-class', 'I-class', 'O', 'O', 'O', 'O', 'O', 'O', 'O', 'O', 'O', 'B-attr', 'O', 'O', 'O', 'O', 'O', 'O', 'O', 'O']"
"['.', 'video', 'the', 'download', 'to', 'file', 'try', 'the', 'from', 'video', 'the', 'stream', 'to', 'somewhere', 'either', ',', 'watch', 'to', 'want', 'they', 'video', 'the', 'or', 'specify', 'find', 'different', 'the', 'to', 'back', 'come', 'can', 'they', 'that', 'so', ',', 'video', 'favorite', 'their', 'store', 'to', 'video', 'user', 'facility', 'the', 'have', 'will', 'they']","['O', 'B-class', 'O', 'O', 'O', 'B-class', 'O', 'O', 'O', 'B-class', 'O', 'O', 'O', 'O', 'O', 'O', 'O', 'O', 'O', 'O', 'B-class', 'O', 'O', 'O', 'O', 'O', 'O', 'O', 'O', 'O', 'O', 'O', 'O', 'O', 'O', 'B-class', 'O', 'O', 'O', 'O', 'B-class', 'B-class', 'O', 'O', 'O', 'O', 'O']"
"[')', 'Scenario', 'Basic', '(', '4', 'step', 'to', '.', 'Login']","['O', 'O', 'O', 'O', 'O', 'O', 'O', 'O', 'O']"
"['to', 'choose', 'between', 'different', 'input', 'device', 'for', 'activate', 'ability', 'activation', 'user', 'disability', ':', 'user', 'interface', 'should', 'be', 'design', 'to', 'be', 'robust', 'as', 'as', 'possible', 'in', 'the', 'face', 'of', 'change', 'technology', 'robust', 'with', 'interface', 'make']","['O', 'O', 'O', 'O', 'O', 'O', 'O', 'O', 'O', 'O', 'O', 'O', 'O', 'O', 'O', 'O', 'O', 'O', 'O', 'O', 'O', 'O', 'O', 'O', 'O', 'O', 'O', 'O', 'O', 'O', 'O', 'O', 'O', 'O']"
"['Name', ';', 'date', 'of', 'submission', ';', 'no']","['I-attr', 'O', 'B-attr', 'I-attr', 'I-attr', 'O', 'B-attr']"
"['.', 'Institutes', 'home', '.', 'telescope', 'the', 'of', 'the', 'necessarily', 'not', '(', 'member', 'staff', 'a', 'without', 'issue', 'be', 'not', 'can', 'command', 'control', 'telescope', ',', 'consideration', 'safety', 'for', 'same', 'to', 'person', 'have', 'control', ';', 'audio', 'and', 'video', 'time', 'real', ';', 'button', '""', 'stop', '""', 'wire', 'hard', 'a', ':', 'to', 'access', 'direct', ')', ',', ',', 'intelligent', 'have', 'be', 'attach', 'to', 'the', 'channel', 'as', 'the', 'subsystem', 'target', 'it']","['O', 'O', 'O', 'O', 'O', 'O', 'O', 'O', 'O', 'O', 'O', 'O', 'O', 'O', 'O', 'O', 'O', 'O', 'O', 'O', 'O', 'O', 'O', 'O', 'O', 'O', 'O', 'O', 'O', 'O', 'O', 'O', 'O', 'O', 'O', 'O', 'O', 'O', 'O', 'O', 'O', 'O', 'O', 'O', 'O', 'O', 'O', 'O', 'O', 'O', 'O', 'O', 'O', 'O', 'O', 'O', 'O', 'O', 'O', 'O', 'O', 'B-class', 'O', 'O']"
"['statistic', 'statistic', 'the']","['I-attr', 'O', 'O']"
"['sale', 'team', 'master', 'be', 'for', 'the', 'future', 'development', 'separate', 'of', 'program', ',', 'if', 'this', 'program', 'be', 'extend', 'to', 'a', 'country', '-', 'wide', 'network', 'this', 'a', 'have', 'will', 'Salesman', '*', ';', 'DOB', '&', 'Age', '*', ';', 'Gender', '*', ';', 'Communication', 'Address', '*', ';', 'contact', 'no', ';', 'e', '-', 'Mail', 'I', 'd', ';', 'sale', '-', 'team', '(', 'which', 'of', 'purchase', 'with', 'distributor', ')', 'by', 'double', 'clicking', 'on', 'the', 'grid', '.', 'print']","['B-class', 'I-class', 'I-class', 'O', 'O', 'O', 'O', 'O', 'O', 'O', 'B-class', 'O', 'O', 'O', 'B-class', 'O', 'O', 'O', 'O', 'O', 'O', 'O', 'O', 'O', 'O', 'O', 'O', 'B-class', 'O', 'O', 'B-attr', 'O', 'B-attr', 'O', 'O', 'B-attr', 'O', 'O', 'B-attr', 'I-attr', 'O', 'O', 'B-attr', 'I-attr', 'O', 'B-attr', 'I-attr', 'I-attr', 'I-attr', 'I-attr', 'O', 'B-attr', 'I-attr', 'I-attr', 'O', 'O', 'O', 'B-attr', 'O', 'B-class', 'O', 'O', 'O', 'O', 'O', 'O', 'O', 'O', 'O']"
"['principal', 'example', 'be', 'that', 'regular', 'to', 'this', 'a', 'at', 'that', 'time', '.', 'thus']","['O', 'O', 'O', 'O', 'O', 'O', 'O', 'O', 'O', 'O', 'O', 'O', 'O']"
"['.', 'send', 'Customer']","['O', 'O', 'B-class']"
"['Most', 'control', 'subsystem', 'be', '-', 'be', 'callback', 'establish', 'timeout', 'occur', ';', 'SetCallback', 'a', 'callback', 'be', 'establish', 'to', 'process', 'datum', 'across', 'the', 'indicate', 'route', ';', 'ClearCallback', 'A', 'previously', 'or', 'IOC', 'operate', 'and', 'the', 'indicate', 'class', 'be', 'be', 'establish', 'for', 'some', 'of', 'item', 'the']","['O', 'B-class', 'I-class', 'O', 'I-attr', 'O', 'O', 'O', 'O', 'O', 'O', 'O', 'O', 'O', 'O', 'O', 'O', 'O', 'O', 'O', 'O', 'O', 'B-class', 'O', 'O', 'O', 'O', 'O', 'B-attr', 'B-attr', 'O', 'O', 'O', 'O', 'O', 'O', 'O', 'O', 'O', 'O', 'O', 'O']"
"['that', 'specification', 'the', 'TSI', 'may', 'define', 'specific', 'condition', ',', 'CCS', 'mandatory', 'level', 'low', 'every', 'ETCS', 'application', '.', 'if']","['O', 'O', 'O', 'O', 'O', 'O', 'O', 'O', 'O', 'O', 'O', 'O', 'O', 'O', 'B-class', 'I-class', 'O', 'O']"
"['.', 'attempt', 'login', 'fail', 'consecutive', 'customer', 'second', 'migrate', 'back', 'System', ';', 'Customer', 'the', 'for', 'account', 'new', 'create', 'a', 'system', ';', 'information', ""'s"", 'customer', 'the', 'validate', 'create', 'system', 'a', 'cookie', ""'s"", 'Customer', 'recognize', 'system']","['O', 'O', 'O', 'O', 'O', 'B-attr', 'O', 'O', 'O', 'O', 'O', 'B-class', 'O', 'O', 'O', 'O', 'O', 'O', 'O', 'O', 'O', 'O', 'B-class', 'O', 'O', 'O', 'O', 'O', 'O', 'O', 'B-class', 'O', 'O']"
"['(', 'add', 'new', 'record', ')', ';', 'edit', '(', 'update', 'available', 'record', ')', ';', 'Delete', '(', 'deleting', 'will', 'be', 'allow', 'only', 'if', 'no', 'child', 'record', 'be', 'create', ';', 'the', 'and', 'to', 'additionally', 'the', 'provision', 'for', 'validity', 'date', 'check', 'for', 'the', 'period', 'of', 'voucher', 'to', ';', 'be', 'in', 'the', 'program', 'be', 'provide', '.', 'this']","['O', 'O', 'O', 'B-class', 'O', 'O', 'O', 'O', 'O', 'O', 'B-class', 'O', 'O', 'O', 'O', 'O', 'O', 'O', 'O', 'O', 'O', 'O', 'O', 'B-class', 'O', 'O', 'O', 'O', 'O', 'O', 'O', 'O', 'O', 'O', 'O', 'O', 'O', 'O', 'O', 'O', 'O', 'B-class', 'O', 'O', 'O', 'O', 'O', 'B-class', 'O', 'O', 'O', 'O']"
"['.', ']', '1', 'part', '1508', 'IEC', '[', 'and', ']', ';', '(', 'o', ')', ')', 'o', '(', ';', 'Address', 'Public', ';', 'UIC', ')', '(', ';', 'interface', 'ETCS', '/', 'ERTMS', ';', 'o', '(']","['O', 'O', 'O', 'O', 'O', 'O', 'O', 'O', 'O', 'O', 'O', 'O', 'O', 'O', 'O', 'O', 'O', 'O', 'O', 'O', 'O', 'O', 'O', 'O', 'O', 'O', 'O', 'O', 'O', 'O', 'O']"
"['M', ')', 'the', 'network', 'shall', ']', ',', 'tone', 'of', '.', '(']","['O', 'O', 'O', 'B-class', 'O', 'O', 'O', 'B-class', 'O', 'O', 'O']"
"['shall', 'be', 'able', 'to', 'select', 'Train', 'driver', '-', 'on', 'the', 'indicate', 'the', 'result', 'of', 'the', 'self', '-', 'test', '.', 'train']","['O', 'O', 'O', 'O', 'O', 'B-class', 'B-class', 'I-class', 'B-class', 'O', 'O', 'O', 'B-attr', 'O', 'O', 'B-class', 'I-class', 'I-class', 'O', 'B-attr']"
"['fddi', 'system', 'be', 'recommend', 'for', 'the', 'requirement', ';', 'later', 'decide', 'least', 'for', 'the', 'development', 'system', '.', 'a']","['O', 'O', 'O', 'O', 'O', 'O', 'O', 'O', 'O', 'O', 'O', 'O', 'O', 'B-class', 'I-class', 'O', 'O']"
"['system', 'be', 'base', 'on', 'the', 'ETSI', 'GSM', 'standard', 'statement', 'be', 'these']","['O', 'O', 'O', 'O', 'O', 'O', 'O', 'O', 'O', 'O', 'O']"
"['ﬁrst', 'ﬁeld', 'of', 'have', 'type', 'record', 'particular', 'a', 'ﬁxed', 'set', 'of', 'ﬁeld', '.', 'some']","['B-attr', 'I-attr', 'O', 'O', 'I-class', 'B-class', 'O', 'O', 'O', 'O', 'O', 'B-attr', 'O', 'O']"
"['.', '6', 'Explorer', 'administrator', 'the', 'upgrade', 'be', 'to', 'need', 'account', 'can', 'the', 'later']","['O', 'O', 'O', 'B-class', 'O', 'O', 'O', 'O', 'O', 'B-class', 'O', 'O', 'O']"
"['.', 'note', 'relevant', 'any', 'and', ',', 'interpretation', 'overall', ',', 'value', 'result', 'for', 'measure', 'of', 'unit', 'as', 'datum', '/', ',', '(', 'test', ',', 'ID', 'Subject', ',', 'ID', 'Specimen', 'the', 'include', 'datum', 'this', 'of', 'example']","['O', 'B-attr', 'O', 'O', 'O', 'O', 'I-attr', 'B-attr', 'O', 'I-attr', 'B-attr', 'O', 'I-attr', 'I-attr', 'B-attr', 'O', 'B-attr', 'I-class', 'O', 'O', 'B-attr', 'O', 'I-attr', 'B-attr', 'O', 'I-attr', 'B-attr', 'O', 'O', 'B-attr', 'O', 'O', 'O']"
"['.', 'train', 'already', 'be', 'issue', 'to', 'a', 'train', 'in', 'a', 'co', '-', 'operative', 'way', 'between', 'RBC', 'and', ',', 'propose', 'from', 'RBC', 'not', 'stop', 'at', 'the', 'propose', 'new', 'target', 'location', 'it', 'shall', 'reject', 'the', 'request', 'and', 'keep', 'can', 'supervise', 'train', 'if']","['O', 'B-class', 'O', 'O', 'O', 'O', 'O', 'B-class', 'O', 'O', 'O', 'O', 'O', 'O', 'O', 'B-class', 'O', 'O', 'O', 'O', 'B-class', 'O', 'O', 'O', 'O', 'O', 'B-attr', 'I-attr', 'I-attr', 'O', 'O', 'O', 'O', 'B-class', 'O', 'O', 'O', 'O', 'B-class', 'O']"
"['the', 'event', 'that', 'the', 'risk', 'persist', ',', 'subsystem', 'must', 'high', 'able', '-', 'system', 'cause', 'damage', 'to', 'any', 'Gemini', '8', 'm', 'Telescopes', 'or', 'subsystem', 'for', 'example', ',', 'by', 'drive', 'beyond', 'limit', 'or', ',', 'people', 'endanger', 'could', ')', '.', 'safety']","['O', 'O', 'O', 'O', 'O', 'O', 'O', 'B-class', 'O', 'B-class', 'O', 'I-class', 'I-class', 'O', 'O', 'O', 'O', 'O', 'O', 'O', 'O', 'O', 'B-class', 'O', 'O', 'O', 'O', 'O', 'O', 'O', 'O', 'O', 'O', 'O', 'O', 'O', 'O', 'O']"
"['.', 'drug', 'up', 'follow', 'second', ';', 'diagnosis', 'up', 'follow', 'second', ';', 'Syndrome']","['O', 'I-attr', 'I-attr', 'I-attr', 'B-attr', 'O', 'I-attr', 'I-attr', 'I-attr', 'B-attr', 'O', 'B-attr']"
"['downtime', 'for', 'System', 'search', '(', 'multiple', 'the']","['O', 'O', 'O', 'O', 'O', 'O', 'O']"
"['.', 'measure', 'control', 'access', 'and', 'alarm', ',', 'take', 'into', 'account', 'in', 'on', 'antenna', 'to', 'access', 'maintenance', ',', 'example', 'protection', 'for']","['O', 'O', 'O', 'O', 'O', 'O', 'O', 'O', 'O', 'O', 'O', 'O', 'B-class', 'O', 'O', 'O', 'O', 'O', 'O', 'O']"
"['access', 'should', 'a', 'goal', 'to', 'support', 'remote', 'observe', 'from', 'the', 'be', 'with', 'together', ',', '.', 'in']","['O', 'O', 'O', 'O', 'O', 'O', 'O', 'O', 'O', 'O', 'O', 'O', 'O', 'O', 'O', 'O']"
"['might', 'be', 'implement', ',', 'A&G', ';', 'the', 'RGO', 'SIC', 'development', 'staff', 'will', 'be', 'make', 'available', 'the', '.', 'this', 'way', 'the', 'number', 'of', 'Internals', 'staff', 'be', 'in']","['O', 'O', 'O', 'O', 'O', 'O', 'O', 'O', 'O', 'O', 'O', 'O', 'O', 'O', 'O', 'O', 'O', 'O', 'O', 'O', 'O', 'O', 'O', 'O', 'O', 'O']"
"[',', 'all', 'exist', 'software', 'be', 'to', 'be', 'evaluate', 'in', 'term', 'in', 'software', 'the', 'Software', 'EPICS']","['O', 'O', 'O', 'O', 'O', 'O', 'O', 'O', 'O', 'O', 'O', 'O', 'O', 'O', 'O']"
"['of', 'number', 'a', 'that', 'mean', 'this']","['O', 'O', 'O', 'O', 'O', 'O']"
"['automatically', 'out', 'operation', 'for', 'a', 'while', '.', 'nevertheless']","['O', 'O', 'O', 'O', 'O', 'O', 'O', 'O']"
"['Parameters', 'Temperature', 'Data', 'two', 'type', 'of', 'temperature', 'datum', 'shall', 'be', 'recognize', 'from', 'module', 'the', ':', '1', ')', 'the', 'temperature', 'setting', 'and', '2', ')', 'the', 'current', 'temperature', '.', 'thermostat', '.', 'temperature', 'be', 'themas', 'system', 'shall', 'identify', 'the', 'current', 'temperature', 'value', 'as', 'an', 'invalid', 'temperature', 'and', 'the', 'shall', 'an', 'invalid', 'temperature', 'status', '.', 'otherwise']","['O', 'O', 'O', 'O', 'O', 'O', 'O', 'O', 'O', 'O', 'O', 'O', 'O', 'O', 'O', 'O', 'O', 'O', 'B-attr', 'I-attr', 'O', 'O', 'O', 'O', 'B-attr', 'I-attr', 'O', 'O', 'O', 'I-attr', 'O', 'O', 'B-class', 'O', 'O', 'O', 'B-attr', 'I-attr', 'I-attr', 'O', 'O', 'O', 'O', 'O', 'O', 'O', 'O', 'B-class', 'I-class', 'I-class', 'O', 'O']"
"['.', 'context', 'instrument', '-', 'multi', 'a', 'in', 'as', 'time', 'the', ',', 'provide', 'by', 'environment', '(', 'level', 'test', 'the', 'at', 'work', 'usually', 'staff', 'see', 'maintenance', 'development', 'Software', 'mode', 'operation', ';', 'operation', 'normal', 'ongoing', 'and', 'section', '3.2.1.3', 'on', 'Gemini', 'the', 'of', 'part', 'other']","['O', 'O', 'O', 'O', 'O', 'O', 'O', 'O', 'O', 'O', 'O', 'O', 'O', 'O', 'O', 'O', 'O', 'O', 'O', 'O', 'O', 'O', 'O', 'O', 'O', 'O', 'I-attr', 'B-attr', 'O', 'O', 'O', 'O', 'O', 'O', 'O', 'O', 'O', 'O', 'O', 'O', 'O']"
"['Customer', 'the', 'to', 'page', 'home', 'account', 'display', '.', 'system', 'cookie', 'session', 'create', 'system', ';', 'information', 'the', ';', 'A1']","['B-class', 'O', 'O', 'O', 'O', 'O', 'O', 'O', 'O', 'O', 'O', 'O', 'O', 'O', 'O', 'O', 'O', 'O']"
"['.', '2x', 'of', 'side', 'a', 'with', 'block', 'square', 'one', 'be', 'there']","['O', 'O', 'O', 'O', 'O', 'O', 'B-class', 'O', 'O', 'O', 'O']"
"['provide', 'the', 'input', 'of', 'other', 'datum', 'require', 'for', '.', 'start', 'Entry', '.', 'store']","['O', 'O', 'O', 'O', 'O', 'B-attr', 'O', 'O', 'O', 'O', 'I-class', 'O', 'B-attr']"
"['=', 'ID', 'User']","['O', 'I-attr', 'B-attr']"
"['o', ')', 'level', 'maximum', 'follow', 'the', 'withstand', 'of', 'capable', 'Cab', 'be', 'cab', 'train', 'the', 'inside', 'mount', 'equipment', 'any', 'shall', 'the', ')', 'M', 'be', 'shall', ')', 'card', 'SIM', '(', '""', 'physically', 'Module', 'Subscriber', '""', 'the', ')', 'o', '(']","['O', 'O', 'I-attr', 'B-attr', 'O', 'O', 'O', 'O', 'O', 'B-class', 'O', 'I-class', 'B-class', 'O', 'O', 'O', 'B-class', 'O', 'O', 'O', 'O', 'O', 'O', 'O', 'O', 'O', 'O', 'O', 'O', 'O', 'I-class', 'B-class', 'O', 'O', 'O', 'O', 'O']"
"['initialization', 'file', 'shall', 'contain', 'a', 'unique', 'identifier', 'for', 'initialization', 'each', 'that', 'the', 'system', 'be', 'to', 'monitor', '.', 'these']","['B-class', 'I-class', 'O', 'O', 'O', 'B-attr', 'I-attr', 'O', 'B-class', 'O', 'O', 'O', 'B-class', 'O', 'O', 'O', 'O', 'O']"
"['Exchange', 'large', 'a', 'have', 'as']","['O', 'O', 'O', 'O', 'O']"
"['.', 'e.teste', ';', 'database', 'line', '-', 'on', 'be', 'as', ',', 'observation', 'plan', 'for', 'useful', 'be', 'that', 'simulator', 'telescope', 'a', 'allow', 'full', ',', 'direct', 'affect', 'testing', 'should', 'circumstance', 'no', 'under']","['O', 'O', 'O', 'O', 'O', 'O', 'O', 'O', 'O', 'O', 'O', 'O', 'O', 'O', 'O', 'O', 'O', 'O', 'O', 'O', 'O', 'O', 'O', 'O', 'O', 'O', 'O', 'O', 'O']"
"['development', 'testing', 'environment', 'the', 'Gemini', '8', 'm', 'Telescopes', 'software', 'consist', 'of', 'for', 'and', 'veriﬁcation', '-', 'formal', 'approval', ',', 'review', 'and', 'audit', 'procedure', ';', 'documentation', ';', 'coding', 'and', 'debugging', ';', 'Simulation', ';', 'component', 'and', 'integration', 'the', ';', 'computer', 'and', 'life', '-', 'cycle', 'aspect', '.', 'the']","['O', 'O', 'O', 'O', 'O', 'O', 'O', 'O', 'B-class', 'O', 'O', 'O', 'O', 'O', 'O', 'O', 'O', 'O', 'O', 'O', 'O', 'O', 'O', 'O', 'O', 'O', 'O', 'O', 'O', 'O', 'O', 'O', 'O', 'O', 'O', 'O', 'B-attr', 'O', 'O', 'O', 'O', 'O', 'O', 'O']"
"['.', 'drive', 'upgrade', 'usb', 'via', 'portable', 'extremely', 'be', 'shall', 'system', 'the']","['O', 'O', 'O', 'O', 'O', 'O', 'O', 'O', 'O', 'O', 'O']"
"['be', 'in', 'home', 'to', '.', 'link']","['O', 'O', 'O', 'O', 'O', 'O']"
"['track', 'datum', 'at', 'least', 'to', '.', 'to', 'able', 'be', 'adhesion', 'condition', ';', 'in', 'this', 'case', 'information', 'from', 'trackside', 'have', 'priority', '.', 'the']","['B-attr', 'I-attr', 'O', 'O', 'O', 'O', 'O', 'O', 'O', 'B-attr', 'I-attr', 'O', 'O', 'O', 'O', 'B-attr', 'O', 'B-class', 'O', 'O', 'O', 'O']"
"['.', 'datum', 'the', 'transport', 'for', 'requirement', 'the', 'not', ';', 'support', 'must', 'OM', 'that', 'exchange', 'datum', 'of', 'the', 'and', 'Components', '""', 'able', 'be', 'must', 'OM', 'support', 'system']","['O', 'B-attr', 'O', 'O', 'O', 'O', 'O', 'O', 'O', 'O', 'O', 'O', 'O', 'I-class', 'B-class', 'O', 'O', 'O', 'O', 'O', 'O', 'O', 'O', 'O', 'O', 'B-class']"
"['control', 'LAN', 'be', 'base', 'on', 'appropriate', 'manually', 'software', 'to', 'here', '.', 'this']","['O', 'O', 'O', 'O', 'O', 'O', 'O', 'O', 'O', 'O', 'O', 'O']"
"['to', 'this', 'level', 'will', 'be', 'extremely', 'level', 'parameter', 'protect', '-', 'any']","['O', 'O', 'B-attr', 'O', 'O', 'O', 'O', 'B-attr', 'O', 'O', 'O']"
"['.', 'requirement', 'type', ',', 'with', 'each', 'radio', 'type', 'be', 'define', 'specify', 'the', 'superset', 'of', 'the', 'core', 'plus', 'specific', 'by', 'radio', 'in', 'GSM', '35', ']', ']', '.', '(']","['O', 'O', 'I-class', 'O', 'O', 'O', 'B-class', 'I-class', 'O', 'O', 'O', 'O', 'O', 'O', 'O', 'O', 'O', 'O', 'O', 'B-class', 'O', 'O', 'O', 'O', 'O', 'O', 'O']"
"['4', 'intend', 'to', 'overcome', 'performance', 'penalty', 'of', 'raid', '3', 'for', 'small', 'transfer', '.', 'raid']","['O', 'O', 'O', 'O', 'O', 'O', 'O', 'O', 'O', 'O', 'O', 'O', 'O', 'O']"
"[',', 'it', 'shall', 'check', 'all', 'the', 'thermostat', 'and', 'determine', 'system', 'if', 'unit', 'temperature', 'the', 'Parameters', 'value', 'shall', 'reside', 'in', 'an', 'initialization', 'file', '.', 'this']","['O', 'O', 'O', 'O', 'O', 'O', 'B-class', 'O', 'O', 'O', 'O', 'I-class', 'I-attr', 'O', 'O', 'I-attr', 'O', 'O', 'O', 'O', 'B-class', 'I-class', 'O', 'O']"
"['Experimental', 'Physics', 'and', 'Industrial', 'Control', 'System', '(', 'EPICS', ')', 'toolkit', 'be', 'the', 'foundation', 'of', 'the', 'Gemini', 'interface', 'Gemini', 'possible', 'in', 'the', 'Electronic', 'Design', 'Speciﬁcation', '.', 'their']","['O', 'O', 'O', 'O', 'O', 'O', 'O', 'O', 'O', 'O', 'O', 'O', 'O', 'O', 'O', 'O', 'O', 'O', 'O', 'O', 'O', 'O', 'O', 'O', 'O', 'O']"
"['between', 'navigation', 'component', 'and', 'content', ':', 'if', 'navigation', 'component', '(', 'or', 'overviews', ')', 'an', 'in', 'site', 'the', 'a', 'separate', 'navigation', 'overview', 'such', 'as', 'a', 'site', 'be', 'map', 'be', 'provide', 'for', 'application', 'show', 'the', 'structure', 'of', 'should', 'show', 'in', 'conjunction', '(', 'e.g.', 'highlighting', ')', 'the', 'topic', 'currently', 'visible', 'component', 'in', 'content', 'area', '.', 'place']","['O', 'O', 'O', 'O', 'O', 'O', 'O', 'O', 'O', 'O', 'O', 'O', 'O', 'O', 'O', 'O', 'O', 'O', 'O', 'O', 'O', 'O', 'O', 'O', 'O', 'O', 'O', 'O', 'O', 'O', 'O', 'O', 'O', 'O', 'O', 'O', 'O', 'O', 'O', 'O', 'O', 'O', 'O', 'O', 'O', 'O', 'O', 'O', 'O', 'O', 'O', 'O', 'O']"
"['of', 'the', 'command', '.', 'istruction']","['O', 'O', 'B-class', 'O', 'O']"
"['.', 'YouTube', 'on', 'video', 'at', 'look', 'to', 'want', 'only', 'for', 'may', 'at', 'time', 'video', '.', 'use', 'their', 'find', 'to', 'software', 'our', 'use', 'be', 'will', 'that', 'user', 'general', 'another', 'the', 'will', 'first', 'the']","['O', 'O', 'O', 'B-class', 'O', 'O', 'O', 'O', 'O', 'O', 'O', 'O', 'O', 'B-class', 'O', 'O', 'O', 'O', 'O', 'O', 'O', 'O', 'O', 'O', 'O', 'I-class', 'B-class', 'O', 'O', 'O', 'O', 'O']"
"['additional', ':', ';', 'voice', 'broadcast', 'service', ';', 'voice', 'group', 'call', 'service', ';', 'enhance', 'multi', '-', 'level', 'service', 'GSM', 'follow', 'the', 'functionality', 'and', 'performance', 'requirement', ',', 'this', 'standard', 'meet', 'be', 'be', 'supplement', 'by', ':', '(', 'i', ')', 'to', 'precedence', 'manufacture', 'development', 'whilst']","['O', 'O', 'O', 'B-class', 'I-class', 'I-class', 'O', 'B-class', 'I-class', 'I-class', 'I-class', 'O', 'B-class', 'I-class', 'I-class', 'I-class', 'I-class', 'B-class', 'O', 'O', 'O', 'O', 'O', 'O', 'O', 'O', 'O', 'O', 'O', 'O', 'O', 'O', 'O', 'O', 'O', 'O', 'O', 'I-class', 'O', 'O', 'O']"
['this'],['O']
"['DMI', 'shall', 'display', 'or', 'be', 'compatible', 'with', 'information', 'unfitted']","['B-class', 'O', 'O', 'O', 'O', 'O', 'O', 'B-attr', 'B-class']"
"['.', 'software', 'System', 'Control', 'Gemini', 'for', 'requirement', 'operational', 'the', 'define', 'document', 'the']","['O', 'O', 'O', 'O', 'O', 'O', 'O', 'O', 'O', 'O', 'O', 'O']"
"['from', 'all', 'instrument', ';', 'and', 'be', 'store', 'as', 'compressed', 'datum', ',', 'use', 'a', 'detector', 'store', 'be', 'datum', 'on', 'removable', 'medium', '.', 'for']","['O', 'O', 'B-class', 'O', 'O', 'O', 'O', 'O', 'O', 'O', 'O', 'O', 'O', 'B-class', 'O', 'O', 'O', 'O', 'O', 'O', 'O', 'O']"
"['to', 'POSIX', 'be', 'extension', 'measure', 'the', 'book', ':', 'POSIX', 'Programmer', '’s', 'Guide', '-', 'against', 'speciﬁc', 'vendor', ',', 'UNIX', 'System', 'V', ',', 'Release', '4', ',', 'use', 'only', 'POSIX', 'compliant', 'call', 'to', 'the', 'operate', 'system', '.', 'in']","['O', 'O', 'O', 'O', 'O', 'O', 'O', 'O', 'O', 'O', 'O', 'O', 'O', 'O', 'O', 'O', 'O', 'O', 'O', 'O', 'O', 'O', 'O', 'O', 'O', 'O', 'O', 'O', 'O', 'O', 'O', 'O', 'O', 'O', 'O']"
"['applicable', 'requirement', 'state', 'in', 'ETCS', 'SRS', 'and', 'low', 'implement', 'be', 'this', 'in', 'shall', 'be', 'respect', '.', 'note']","['O', 'O', 'O', 'O', 'O', 'O', 'O', 'O', 'O', 'O', 'O', 'O', 'O', 'O', 'O', 'O', 'O']"
"['the', 'system', 'employ', 'a', 'graphical', 'user', 'with', 'include', 'should', 'default', 'user', 'interface', 'must', 'be', 'suitable', 'for', 'user', 'System', 'with', 'need', ';', 'that', 'be', ',', 'compatible', 'with', 'special', 'the']","['O', 'O', 'O', 'O', 'O', 'O', 'O', 'O', 'O', 'B-class', 'O', 'O', 'O', 'O', 'O', 'O', 'B-class', 'O', 'O', 'O', 'O', 'O', 'O', 'O', 'O', 'O', 'O', 'O']"
"['metadata', 'and', 'procedure', 'be', 'describe', 'for', 'the', 'current', 'Information', 'linear', 'domain', 'a', 'may', ';', 'transaction', 'Journalling', ':', 'individual', 'message', 'or', 'database', 'transaction', 'be', 'store', 'in', 'a', 'journal', 'file', ',', 'which', 'be', 'valid', 'type', 'of', 'as', 'interface', 'to', 'COE', 'component', '.', 'detailed']","['O', 'O', 'O', 'O', 'O', 'O', 'O', 'O', 'O', 'B-class', 'O', 'O', 'O', 'O', 'O', 'O', 'O', 'O', 'B-attr', 'O', 'B-attr', 'I-attr', 'O', 'O', 'O', 'O', 'B-class', 'I-class', 'O', 'O', 'O', 'O', 'O', 'O', 'O', 'O', 'O', 'O', 'O', 'O', 'O']"
"['for', 'microprocessor', 'software', 'independent', ',', 'software', 'should', 'be', 'hardware', 'independent', ',', 'to', 'allow', 'the', 'machine', 'as', 'write', 'software', 'expertise', 'should', 'be', 'consult', 'whenever', 'possible', ';', 'all', 'software', 'which', 'do', 'not', 'directly', 'control', 'speciﬁc', 'hardware', 'must', 'be', ';', 'of', 'use', 'possible', 'consideration', '.', 'strict']","['O', 'O', 'O', 'O', 'O', 'O', 'O', 'O', 'O', 'O', 'O', 'O', 'O', 'O', 'O', 'O', 'O', 'O', 'O', 'O', 'O', 'O', 'O', 'O', 'O', 'O', 'O', 'O', 'O', 'O', 'O', 'O', 'O', 'O', 'O', 'O', 'O', 'O', 'O', 'O', 'O', 'O', 'O']"
"['with', 'each', 'level', 'of', 'operation', 'which', 'deﬁne', 'the', 'status', 'of', 'the', 'system', 'and', '/', 'or', 'control', 'the', 'system', '.', 'speciﬁc', 'of', '2', '-', 'of', 'the', 'implementation', 'be', 'the', 'province', 'of', 'the', 'detail']","['O', 'O', 'B-attr', 'I-attr', 'I-attr', 'O', 'O', 'O', 'B-attr', 'I-attr', 'I-attr', 'I-attr', 'O', 'O', 'O', 'O', 'O', 'B-class', 'O', 'O', 'O', 'O', 'O', 'O', 'O', 'O', 'O', 'O', 'O', 'O', 'O', 'O']"
"['.', 'capture', 'be', 'to', 'datum', 'investigation', 'case', 'specific', '-', 'event', ',', 'dynamic', 'for', 'allow', 'must', 'OM', 'support', 'system']","['O', 'O', 'O', 'O', 'I-attr', 'I-attr', 'B-attr', 'O', 'O', 'O', 'O', 'O', 'O', 'O', 'O', 'O', 'O', 'B-class']"
"['carrier', 'frequency', 'be', 'designate', 'by', 'the', 'absolute', 'radio', 'frequency', '(', 'mhz', '925', '–', 'i', ')', '876', '–', '880', 'mhz', '(', ':', 'mobile', 'transmit', ')', ';', 'pair', 'with', ';', '921', 'station', 'channel', '301', '[', 'in', 'the', 'setup', 'message', 'to', 'be', 'compress', '.', 'a']","['B-attr', 'I-attr', 'O', 'O', 'O', 'O', 'B-attr', 'I-attr', 'I-attr', 'O', 'O', 'O', 'O', 'O', 'O', 'O', 'O', 'O', 'O', 'O', 'O', 'O', 'O', 'O', 'O', 'O', 'O', 'O', 'O', 'O', 'I-attr', 'O', 'O', 'O', 'O', 'O', 'O', 'O', 'O', 'O', 'O', 'O']"
"['Person', 'or', 'button', 'the', 'click', 'Person', 'Sales', '""', 'Attributes', 'product', 'update', '""', 'to', 'link', 'or', 'button', 'the', 'click', 'product', 'a', 'name', 'product', 'be', 'have', 'attribute', 'product', 'the']","['I-class', 'O', 'O', 'O', 'O', 'I-class', 'B-class', 'O', 'I-attr', 'B-attr', 'O', 'O', 'O', 'O', 'O', 'O', 'O', 'O', 'B-attr', 'O', 'I-attr', 'B-attr', 'O', 'O', 'I-attr', 'B-attr', 'O']"
"['-', 'td', 'ut', ':', 'be', 'for', 'cool', 'heating', 'individual', 'thermostat', 'that', 'shall', 'be', 'test', 'for', ':', '1', ')', 'the', 'thermostat', '’s', 'or', 'setting', 'satisfied', 'and', '2', ')', 'the', 'thermostat', '’s', 'temperature', 'indica', 'te', 'it', 'require', 'a', 'be', 'the', 'define', 'the', 'heating', 'and', 'cool', 'request', '.', 'if']","['O', 'O', 'O', 'O', 'O', 'O', 'I-class', 'B-class', 'O', 'B-class', 'O', 'O', 'O', 'O', 'O', 'O', 'O', 'O', 'O', 'B-class', 'O', 'I-class', 'B-attr', 'O', 'O', 'O', 'O', 'O', 'B-attr', 'O', 'B-attr', 'O', 'O', 'O', 'O', 'O', 'O', 'O', 'O', 'O', 'B-class', 'I-class', 'I-class', 'I-class', 'O', 'O']"
"['.', 'initiate', 'be', 'radio', 'then', ')', '10.2', 'section', 'see', '(', 'priority', ""'"", 'shall', 'number', 'the', 'radio', 'section', 'in', 'define', 'as', 'communication', 'mode', 'direct', 'support', 'should', 'radio', 'Cab', 'the', ')', 'M', '(']","['O', 'O', 'O', 'I-class', 'O', 'O', 'O', 'O', 'O', 'O', 'B-attr', 'O', 'O', 'I-attr', 'O', 'I-class', 'O', 'O', 'O', 'O', 'O', 'O', 'O', 'O', 'O', 'I-class', 'B-class', 'O', 'O', 'O', 'O']"
"['all', 'handheld', 'mobile', 'equipment', 'shall', 'be', 'capable', 'of', 'withstand', 'the', 'follow', 'shock', ':', '(', 'M', ')', 'M', '(']","['O', 'B-class', 'I-class', 'I-class', 'O', 'O', 'O', 'O', 'O', 'O', 'O', 'O', 'O', 'O', 'O', 'O', 'O', 'O']"
"['.', 'radio', 'Cab', 'the', 'of', 'a', 'member', 'of', 'a', 'the', 'to', 'connect', 'physically', 'equipment', 'for', 'function', 'installation', 'train', 'on', ')', 'M', '(']","['O', 'I-class', 'B-class', 'O', 'O', 'O', 'O', 'O', 'O', 'O', 'O', 'O', 'O', 'O', 'O', 'O', 'O', 'O', 'O', 'O', 'O', 'O']"
"['release', 'give', 'speed', 'release', 'the']","['B-attr', 'O', 'I-attr', 'B-attr', 'O']"
"['Command_ID', 'be', 'an', 'identiﬁcation', 'that', 'be', 'unique', '.', 'to', 'speciﬁc', 'instance', 'of', 'each', 'command', '.', 'a']","['B-attr', 'O', 'O', 'O', 'O', 'O', 'O', 'O', 'O', 'O', 'O', 'O', 'O', 'B-class', 'O', 'O']"
"['error', 'message', 'assist', 'in', 'store', 'be', ',', 'and', 'all', 'other', 'activity', 'involve', 'the', 'case', 'and', 'related', 'document', 'or', 'datum', 'should', 'also', 'need', 'to', 'produce', 'action(s', 'by', 'System', '.', 'ideally']","['O', 'O', 'O', 'O', 'O', 'O', 'O', 'O', 'O', 'O', 'O', 'O', 'O', 'B-class', 'O', 'O', 'O', 'O', 'O', 'O', 'O', 'O', 'O', 'O', 'O', 'O', 'O', 'O', 'O']"
"[';', '2.network', 'requirement', ';', '3', '.', 'network']","['O', 'O', 'O', 'O', 'O', 'O', 'O']"
"['the', 'system', ',', 'there', 'must', 'be', 'a', 'system', 'of', 'privilege', 'establish', 'at', 'each', 'operate', 'level', 'of', 'the', 'system', '.', 'integrity', 'etc', ',', 'MPEG', 'must', 'be', 'available', 'interactively', 'from', 'hard', 'disk', 'or', 'which', 'similar', '.', 'video']","['O', 'B-class', 'O', 'O', 'O', 'O', 'O', 'O', 'O', 'B-attr', 'O', 'O', 'O', 'B-class', 'I-class', 'O', 'O', 'B-class', 'O', 'O', 'O', 'O', 'O', 'O', 'O', 'O', 'O', 'O', 'O', 'O', 'O', 'O', 'O', 'O', 'O']"
"['.', ""'"", 'tool', 'to', 'the', 'whole', 'project', ',', 'provide', 'the', 'Gemini', '8', 'm', 'Telescopes', 'user', 'interface', ""'s"", ""'"", 'look', 'and', 'feel', 'be', 'so', 'able', 'access', 'a', 'large', 'number', 'of', 'station', ',', 'depend', 'on', 'from', 'where', 'user', 'be', '.', 'it']","['O', 'O', 'O', 'O', 'O', 'O', 'O', 'O', 'O', 'O', 'O', 'O', 'O', 'O', 'O', 'O', 'O', 'O', 'O', 'O', 'O', 'O', 'O', 'O', 'O', 'O', 'O', 'O', 'O', 'B-class', 'O', 'O', 'O', 'O', 'O', 'B-class', 'O', 'O', 'O']"
"['LAN', 'shall', 'support', 'the', 'data', 'bus', 'bandwidth', '(', 'Local', 'Time', 'Bus', ',', 'for', 'distribution', 'of', 'absolute', 'a', 'and', 'time', 'signal', ',', 'and', 'both', 'a', 'digital', 'reﬂective', 'relative', 'with', 'supplement', 'be', 'at', 'peak', 'and', 'on', 'average', ')', 'and', 'with', 'the', 'required', 'response', 'time', 'and', 'synchronization', 'need', '.', 'this']","['O', 'O', 'O', 'O', 'O', 'O', 'O', 'O', 'O', 'O', 'O', 'O', 'O', 'O', 'O', 'O', 'O', 'O', 'O', 'O', 'O', 'O', 'O', 'O', 'O', 'O', 'O', 'O', 'O', 'O', 'O', 'O', 'O', 'O', 'O', 'O', 'O', 'O', 'O', 'O', 'O', 'O', 'O', 'O', 'O', 'O', 'O']"
"['.', 'in', 'aid', 'should', 'OM']","['O', 'O', 'O', 'O', 'O']"
"['.', 'level', 'a.observe', ':', 'be', 'level', 'operational', 'the']","['O', 'O', 'O', 'O', 'O', 'I-attr', 'B-attr', 'O']"
"['be', 'the', 'normal', 'mode', 'of', 'exceptional', 'be', 'be']","['O', 'O', 'O', 'B-attr', 'I-attr', 'O', 'O', 'O']"
"['planning', 'and', 'program', 'change', 'be', 'accomplish', 'through', 'interactive', 'operation', 'little', '(', 'line', 'on', ',', 'multipoint', 'monitoring', ',', 'remote', 'monitoring', ',', 'remote', 'instrument', 'access', 'testing', ',', 'development', ',', 'diagnostic', ',', 'and', 'maintenance', 'for', 'and', ',', 'enclosure', 'it', 'support', 'a', 'full', 'implementation', 'of', 'remote', 'operation', '.', 'this']","['O', 'O', 'O', 'O', 'O', 'O', 'O', 'O', 'O', 'O', 'O', 'O', 'O', 'O', 'O', 'O', 'O', 'O', 'O', 'O', 'O', 'O', 'O', 'O', 'O', 'O', 'O', 'O', 'O', 'O', 'O', 'O', 'O', 'O', 'O', 'O', 'O', 'O', 'O', 'O', 'O', 'O', 'O', 'O', 'O']"
"['an', 'initial', 'set', 'of', 'conﬁguration', 'log', 'observation', 'the', 'during', 'one']","['O', 'O', 'O', 'O', 'B-attr', 'O', 'B-class', 'O', 'O', 'O']"
"['or', 'button', 'the', 'system', 'the', 'on', 'account', 'Person', 'Sales', 'the', '.', 'Logout']","['O', 'O', 'O', 'O', 'O', 'O', 'O', 'I-class', 'B-class', 'O', 'O', 'O']"
"['should', 'be', 'as', 'self', '-', 'contain', 'and', 'but', 'package', 'hardware', 'therefore']","['O', 'O', 'O', 'O', 'O', 'O', 'O', 'O', 'O', 'B-class', 'O']"
"['2', 'month', ',', 'regardless', 'of', 'storage', 'capacity', 'or', 'previous', 'number', 'case', 'in', 'the', 'system', '.', 'this']","['O', 'O', 'O', 'O', 'O', 'O', 'O', 'O', 'O', 'O', 'B-class', 'O', 'O', 'O', 'O', 'O']"
"['.', ';', 'any', 'or', 'less', '.', 'these']","['O', 'O', 'O', 'O', 'O', 'O', 'O']"
"['.', 'B3', ';', '.', 'account', '.', 'to', 'Logout']","['O', 'O', 'O', 'O', 'I-attr', 'O', 'O', 'O']"
"['.', '""', 'cart', 'initiate', 'checkout', 'with', 'cookie', 'append', 'system', ';', 'cart', 'shopping', 'the', 'the', 'item', 'of', 'order', 'calculate', 'system', ';', 'process', 'in', 'shopping', 'the', 'in', 'process', 'checkout', 'the', 'for', 'order', 'an', 'confirm', '.', 'and', 'customer']","['O', 'O', 'I-class', 'O', 'O', 'O', 'O', 'O', 'O', 'O', 'I-class', 'B-class', 'O', 'O', 'B-class', 'O', 'O', 'O', 'O', 'O', 'O', 'O', 'B-class', 'O', 'O', 'O', 'O', 'O', 'O', 'B-class', 'O', 'O', 'O', 'O', 'B-class']"
"['the', 'internal', 'process', 'communication', 'shall', 'be', 'design', 'to', 'operate', 'on', 'this', 'operating', 'system', '.', 'any']","['O', 'O', 'O', 'O', 'O', 'O', 'O', 'O', 'O', 'O', 'O', 'O', 'O', 'O', 'O']"
"['.', 'requirement', 'qualification', 'the', 'identify', '4', 'section']","['O', 'O', 'O', 'O', 'O', 'O', 'O']"
"['system', 'will', 'check', 'the', 'duplicate', 'ID', 'for', 'the', 'distributor', '.', 'the']","['B-class', 'O', 'O', 'O', 'O', 'B-attr', 'O', 'O', 'B-class', 'O', 'O']"
"['examine', 'be', 'system', 'version', 'control', 'system', '.', 'IOC']","['O', 'O', 'O', 'O', 'O', 'O', 'O', 'O']"
"['address', 'field', 'will', 'capture', 'the', 'geographical', ')', 'Qty', 'Sold', ';', 'transaction', 'the', 'user', 'should', 'select', 'the', 'name', 'of', 'the', 'sale', 'man', 'list', 'from', 'distribution', 'Team', '.', 'the']","['B-attr', 'O', 'O', 'O', 'O', 'B-attr', 'O', 'B-attr', 'I-attr', 'O', 'I-class', 'O', 'B-class', 'O', 'O', 'O', 'B-attr', 'O', 'O', 'B-class', 'I-class', 'O', 'O', 'B-class', 'B-class', 'O', 'O']"
"['themas', 'interface', '.', 'this']","['O', 'O', 'O', 'O']"
"['.', 'software', 'Searching', 'Video', 'the', 'of', 'description', 'detailed', 'a', 'give', 'will', 'document', 'this']","['O', 'I-class', 'I-class', 'B-class', 'O', 'O', 'O', 'O', 'O', 'O', 'O', 'O', 'O']"
"['the', 'all', 'of', 'log', 'the']","['O', 'O', 'O', 'O', 'O']"
"['.', 'access', '.', 'Sales']","['O', 'O', 'O', 'B-class']"
"['.', 'it', 'be', 'possible', 'that', 'the', 'General', 'purpose', 'and', 'operational', 'radio', 'may', 'have', 'a', 'number', 'of', ':', 'note', ';', 'maintenance', 'radio', '-', 'for', 'use', 'by', 'railway', 'personnel', 'physical', 'involve', 'train', 'operation', 'such', 'as', 'shunting', 'and', 'trackside', 'in', 'implementation', 'to', 'meet', 'the', 'requirement', 'of', 'the', 'MORANE', 'FFFIS', 'for', 'with', 'GSM', 'r', 'SIM', 'Cards', '[', 'MORANE', 'SIM', ']', '-', ')', 'comply', 'mobile', 'railway', 'requirement', '(', 'eg', 'handheld', 'and', 'vehicle', 'shall', 'mount', '.', 'all']","['O', 'O', 'O', 'O', 'O', 'O', 'B-class', 'I-class', 'I-class', 'I-class', 'I-class', 'O', 'O', 'O', 'O', 'O', 'O', 'O', 'O', 'O', 'I-class', 'O', 'O', 'O', 'O', 'B-class', 'I-class', 'B-attr', 'O', 'O', 'O', 'O', 'O', 'O', 'O', 'O', 'O', 'I-attr', 'O', 'O', 'O', 'O', 'O', 'O', 'O', 'O', 'O', 'O', 'O', 'O', 'O', 'O', 'O', 'O', 'O', 'O', 'O', 'O', 'O', 'B-class', 'O', 'O', 'O', 'O', 'O', 'O', 'O', 'O', 'O', 'O', 'O']"
"['management', 'matrix', 'system', 'one', 'component', 'XS', 'the', 'for', 'require', 'capability', 'software', 'the', 'outline', 'document', 'this']","['O', 'O', 'O', 'O', 'O', 'O', 'O', 'O', 'O', 'O', 'O', 'O', 'O', 'O', 'O']"
"[':', 'communicate', 'SI-1.1', 'the', 'operation', 'allow', 'customer', 'by', 'order', 'item', 'of', 'transmit', 'billing', 'will', ',', 'interface', 'programmatic', 'through', ':', 'si-1.2', ';', 'WebOrder', '.', 'information', 'from', 'API', 'in', '-', 'plug', 'the']","['O', 'O', 'O', 'O', 'O', 'O', 'B-class', 'O', 'O', 'B-class', 'O', 'O', 'O', 'O', 'O', 'O', 'O', 'O', 'O', 'O', 'O', 'O', 'O', 'O', 'O', 'O', 'O', 'O', 'O', 'O']"
"['section', 'of', 'this', 'SRS', 'describe', ';', ',', 'system', 'operate', 'hardware', 'and', 'software', 'portion', '.', 'this']","['O', 'O', 'O', 'O', 'O', 'O', 'O', 'O', 'O', 'O', 'O', 'O', 'O', 'O', 'O']"
"['.', 'statistic', 'player', '10', 'of', 'compose', 'be', 'statistic', 'game', '.', 'the']","['O', 'I-class', 'B-class', 'O', 'O', 'O', 'O', 'I-class', 'B-class', 'O', 'O']"
"['standard', 'the', 'for', 'compatibility', 'and', 'use', 'of', 'easy', 'allow', 'be', 'SQL', 'restrict']","['O', 'O', 'O', 'O', 'O', 'O', 'O', 'O', 'O', 'O', 'O', 'O']"
"['system', 'shall', 'the', '.', 'the']","['B-class', 'O', 'O', 'O', 'O']"
"[',', 'the', 'operating', 'environment', 'at', 'these', 'level', 'be', 'assume', 'but', 'be', 'OCS', 'an']","['O', 'O', 'B-class', 'I-class', 'O', 'O', 'B-attr', 'O', 'O', 'O', 'O', 'O', 'O']"
"['.', 'datum', 'previous', 'of', 'staff', 'assessment', 'the', 'of', 'result', 'a', 'as', 'e.g.']","['O', 'O', 'O', 'O', 'O', 'O', 'O', 'O', 'O', 'O', 'O', 'O']"
"['equipment', 'radio', 'of', 'installation', 'and', 'design', 'the', '.', 'vehicle', 'physical', 'measure', '100', 'to', 'up', 'of', 'gradient', 'pressure', ';', 'second', '3', 'to', 'up', 'for', ')', 'peak', 'to', 'kPa', '/', 's.', 'measure', 'such', 'of', 'example']","['I-class', 'B-class', 'O', 'O', 'O', 'O', 'O', 'O', 'B-class', 'O', 'O', 'O', 'O', 'O', 'O', 'I-attr', 'B-attr', 'O', 'O', 'O', 'O', 'O', 'O', 'O', 'O', 'O', 'O', 'O', 'O', 'O', 'O', 'O', 'O']"
"['.', 'liability', 'of', 'indemnification', 'full', 'legal', 'to', 'video', 'and', 'Binaries', '.', 'to', 'UseNet', 'search', 'also', 'to', 'system', 'a', 'add', 'consider', 'will', 'we', 'version', ',', 'next', 'in']","['O', 'O', 'O', 'O', 'O', 'O', 'O', 'B-class', 'O', 'I-class', 'O', 'O', 'B-class', 'O', 'O', 'O', 'B-class', 'O', 'O', 'O', 'O', 'O', 'O', 'O', 'O', 'O']"
"['shall', 'a', 'unit', 'pass', 'a', 'stop', '-', 'signal', 'traction', 'authority', 'movement', 'the', 'able', 'to', 'override', 'the', 'function', 'when', 'the', 'train', 'be', 'stationary', '.', 'after']","['O', 'O', 'I-class', 'O', 'O', 'B-class', 'I-class', 'I-class', 'B-class', 'I-class', 'B-class', 'O', 'O', 'O', 'O', 'O', 'B-class', 'O', 'O', 'B-class', 'O', 'B-attr', 'O', 'O']"
"['.', 'time', '-', 'test', 'and', 'report', 'the', 'result', 'as', 'one', 'self', 'of', ';', 'ok', 'the', 'subsystem', 'have', 'detect', 'no', 'problem', ':', 'a', 'run', 'subsystem', 'command', 'give', 'above', 'to', 'provide', ""'"", 'sequence', 'point', ""'"", 'for', 'subsystem', 'restart', 'or', 'roll', 'back', ';', 'RunTest', '.', 'the']","['O', 'O', 'O', 'O', 'O', 'O', 'O', 'O', 'O', 'O', 'O', 'O', 'O', 'O', 'O', 'B-class', 'O', 'O', 'O', 'O', 'O', 'O', 'O', 'B-class', 'O', 'O', 'O', 'O', 'O', 'O', 'O', 'O', 'O', 'O', 'O', 'O', 'O', 'O', 'O', 'O', 'O', 'O', 'O']"
"['.', ')', '3', '-', '3', 'page', 'on', 'be', 'or', 'possible', 'any', ',', 'installation', ',', 'support', 'for', 'provide', 'to', 'requirement', 'the']","['O', 'O', 'O', 'O', 'O', 'O', 'O', 'O', 'O', 'O', 'O', 'O', 'O', 'O', 'O', 'O', 'O', 'O', 'O', 'O']"
"['expiry', 'card', 'credit', ';', 'ship', 'be', 'to', '=', '.', 'no', 'Card', 'ID', 'mail', '-', 'e', ';', 'string', 'numeric', '=', 'digit', ';', 'address', 'above', 'the', 'of', 'code', 'postal', '5', 'e']","['I-attr', 'I-attr', 'B-attr', 'O', 'O', 'O', 'O', 'O', 'I-attr', 'I-attr', 'I-attr', 'I-attr', 'I-attr', 'I-attr', 'B-attr', 'O', 'O', 'O', 'O', 'O', 'O', 'B-attr', 'O', 'O', 'O', 'I-attr', 'B-attr', 'O', 'B-attr']"
"['the', '.', 'from', 'system', 'usb', 'the', 'of', 'sample', 'evaluate', 'Yoggie', 'usb', 'system', 'after', ',', 'information', 'contact', ',', 'profile', 'their', 'store', 'to', 'account', 'create', 'to', 'able', 'be', 'will', 'customer']","['O', 'O', 'O', 'O', 'O', 'O', 'O', 'O', 'O', 'O', 'O', 'O', 'O', 'O', 'I-attr', 'B-attr', 'O', 'B-attr', 'O', 'O', 'O', 'B-class', 'O', 'O', 'O', 'O', 'O', 'B-class']"
"['to', 'shall', 'able', 'to', 'supervise', 'train', 'and', 'shunt', 'be', 'he', 'allow', 'to', 'function', 'may', 'be', 'require', 'for', 'safety', 'reason', '.', 'ETCS']","['O', 'O', 'O', 'O', 'O', 'B-class', 'I-class', 'I-class', 'O', 'O', 'O', 'O', 'I-class', 'O', 'O', 'O', 'O', 'O', 'O', 'O', 'B-class']"
"['System', 'should', 'be', 'able', 'to', 'provide', 'report', 'for', 'sequence', 'violation', 'action', 'report', 'validly', 'be', 'attempt', ')', 'attempt', 'violation', ',', 'of', 'access', 'control', 'for', 'mechanism', 'the']","['O', 'O', 'O', 'O', 'O', 'O', 'O', 'O', 'O', 'B-class', 'B-class', 'O', 'O', 'O', 'O', 'O', 'O', 'B-class', 'O', 'O', 'O', 'O', 'O', 'O', 'O']"
"['EIRENE', ',', 'follow', '/', 'ETCS', ';', 'b', ')', 'general', 'purpose', 'radio', '-', 'for', 'general', 'use', 'by', 'railway', 'personnel', 'ERTMS', 'by', 'and', 'train', ':', '(', 'i', ')', 'a', ')', 'cab', 'as', 'radio', 'for', 'use', 'by', 'the', 'driver', 'of', 'a', '-', ';', ')', ';', 'EIRENE', 'application', 'equipment', 'for', 'the', 'Cab', 'radio', '(', 'see', '[', 'MORANE', 'FFFIS', 'MTI', ']', ')', 'and', 'MT', '-', 'GSM', '-', 'MT', '-', 'EIRENE', 'Applications', 'interface', ':', ';', 'specify', 'allow', 'an', 'option', 'for', 'separate', 'procurement', 'of', 'to', '5', '(', ')', 'DM', '-', 'MT', 'and', 'EIRENE', 'application', 'equipment', 'for', 'the', 'Cab', 'radio', ';', '(', 'o', ')', 'of', 'procurement', 'separate', 'for', ';', '4', ')', 'DM', '-', 'MT', '-', 'o', 'EIRENE', 'interface', ':', 'specify', 'to', 'allow', 'an', 'option', 'Applications', 'c', ')', 'operational', 'r', '-', 'GSM', ')', ';', 'Frequencies', '(', 'MHz', ')', '876', '-', '915/921', '-', '960', ';', '(', 'GSM', 'Railway', 'Band', 'all', 'mobile', 'shall', 'be', 'capable', 'of', 'operation', 'note', 'in', 'follow', 'frequency', 'band', ':', '(', 'M', ')', 'the', ')', ':', 'R', 'band', '.', 'the']","['O', 'O', 'O', 'I-class', 'I-class', 'O', 'O', 'O', 'B-class', 'I-class', 'I-class', 'O', 'O', 'O', 'O', 'O', 'B-class', 'I-class', 'B-class', 'O', 'O', 'B-class', 'O', 'O', 'O', 'O', 'O', 'O', 'B-class', 'O', 'I-class', 'O', 'O', 'O', 'O', 'B-class', 'O', 'O', 'O', 'O', 'O', 'O', 'B-class', 'I-class', 'I-class', 'O', 'O', 'B-class', 'I-class', 'O', 'O', 'O', 'O', 'O', 'O', 'O', 'O', 'O', 'I-class', 'I-class', 'B-class', 'I-class', 'I-class', 'I-class', 'I-class', 'I-class', 'I-class', 'O', 'O', 'O', 'O', 'O', 'O', 'O', 'O', 'O', 'O', 'O', 'O', 'O', 'O', 'B-class', 'I-class', 'I-class', 'O', 'B-class', 'I-class', 'I-class', 'O', 'O', 'B-class', 'I-class', 'O', 'O', 'O', 'O', 'O', 'O', 'O', 'O', 'O', 'O', 'O', 'B-class', 'I-class', 'I-class', 'I-class', 'O', 'I-class', 'I-class', 'O', 'O', 'O', 'O', 'O', 'O', 'I-class', 'O', 'O', 'B-class', 'O', 'O', 'O', 'O', 'O', 'O', 'O', 'O', 'O', 'O', 'O', 'O', 'O', 'O', 'O', 'O', 'O', 'O', 'O', 'O', 'B-class', 'O', 'O', 'O', 'O', 'O', 'O', 'O', 'O', 'B-attr', 'I-attr', 'O', 'O', 'O', 'O', 'O', 'O', 'O', 'O', 'O', 'O', 'O']"
"['the', 'distribution', 'the', 'system', 'will', 'capture', 'the', 'have', ')', ')', ';', 'check', 'available', '.', 'the']","['O', 'O', 'O', 'B-class', 'O', 'O', 'O', 'O', 'O', 'O', 'O', 'O', 'O', 'O', 'O']"
"['minimum', 'situation', 'could', 'also', 'coincide', 'desirable', 'with', 'be', 'need', 'in', 'the', 'test', 'period', 'before', 'come', 'what', 'a', 'and', 'minimum', 'functionality', 'of', 'remote', 'operation', 'and', 'access', '.', 'depend']","['O', 'O', 'O', 'O', 'O', 'O', 'O', 'O', 'O', 'O', 'O', 'O', 'O', 'O', 'O', 'O', 'O', 'O', 'O', 'O', 'O', 'O', 'O', 'O', 'O', 'O', 'O']"
"['general', ',', 'this', 'project', ')', 'will', 'a', 'stable', 'environment', ',', 'automate', 'decision', ',', 'streamline', 'workflow', ',', 'provide', 'and', 'LIS', 'System', 'Project', 'the']","['O', 'O', 'O', 'O', 'O', 'O', 'O', 'O', 'O', 'O', 'O', 'O', 'O', 'O', 'O', 'O', 'O', 'O', 'O', 'O', 'B-class', 'O']"
"['.', 'set', 'and', 'the', 'the', 'movement', 'previous', 'the', 'of', 'number', 'the', ',', 'position', 'previous', '10000', 'last', 'their', ',', 'block', 'the', 'of', 'position', 'current', 'the', ':', 'game', 'the', 'time', 'pass', 'by', 'the', ':', 'the', 'line', 'open', 'be', 'box', 'dialog', 'a']","['O', 'O', 'O', 'O', 'O', 'I-attr', 'I-attr', 'I-attr', 'I-attr', 'B-attr', 'O', 'O', 'O', 'O', 'O', 'O', 'O', 'O', 'B-class', 'O', 'O', 'I-attr', 'B-attr', 'O', 'O', 'B-class', 'O', 'O', 'O', 'O', 'O', 'O', 'O', 'O', 'O', 'O', 'O', 'O', 'O']"
"['applicability', 'in', '11', 'section', ')', '.', 'controller']","['O', 'O', 'O', 'O', 'O', 'O', 'O']"
"['be', 'the', 'responsibility', 'of', 'national', 'to', 'specify', 'be', 'mobile', 'a', 'way', 'that', 'the', 'maximum', 'alert', 'duration', 'in', 'be', 'to', '60s', '.', '(']","['O', 'O', 'O', 'O', 'O', 'O', 'O', 'O', 'O', 'O', 'O', 'O', 'O', 'O', 'B-attr', 'I-attr', 'O', 'O', 'O', 'O', 'O', 'O']"
"[',', 'procedure', 'must', 'be', 'implement', 'for', 'convenience', 'and', 'system', 'can', 'Access', '(', ')', '.', 'this']","['O', 'O', 'O', 'O', 'O', 'O', 'O', 'O', 'O', 'O', 'O', 'O', 'O', 'O', 'O']"
"['a', ',', 'fully', 'be', 'descriptor', ',', 'such', 'as', 'with', 'deploy', 'unit', ',', 'the', 'workload', 'and', 'database', 'size', 'may', 'be', 'more', 'predetermined', '(', 'environment', 'give', ')', '(', 'frequently', 'and', 'to', 'a', 'great', 'extent', 'than', 'for', 'processing', 'associate', 'with', 'deploy', 'unit', ';', 'in', 'a', 'change', 'dynamic', 'of', 'a', 'precise', 'have', 'the', 'ability', 'to', 'redefine', 'or', 'reset', 'name', 'of', 'connect', 'descriptor', 'to', 'database', 'server', 'instance', '.', 'connect']","['O', 'O', 'O', 'O', 'I-class', 'O', 'O', 'O', 'O', 'B-attr', 'B-class', 'O', 'O', 'B-attr', 'I-attr', 'I-attr', 'I-attr', 'O', 'O', 'O', 'O', 'O', 'O', 'O', 'O', 'O', 'O', 'O', 'O', 'O', 'O', 'O', 'O', 'O', 'O', 'O', 'O', 'O', 'B-class', 'O', 'O', 'O', 'O', 'O', 'O', 'O', 'O', 'O', 'O', 'O', 'O', 'O', 'O', 'O', 'B-attr', 'O', 'B-class', 'I-class', 'O', 'B-class', 'I-class', 'I-class', 'O', 'B-class']"
"['.', 'Name', 'Test', ';', 'Code', 'Test', '.', ';', 'Test', 'Lab']","['O', 'I-attr', 'B-attr', 'O', 'I-attr', 'B-attr', 'O', 'O', 'I-attr', 'B-attr']"
"['the', 'software', 'be', 'table', 'drive', ',', 'message', 'drive', ',', 'or', 'a', 'combination', ',', 'will', 'such', 'arcsecond', 'some', 'constant', ',', 'will', 'be', 'modiﬁable', 'during', 'operation', 'for', '.', 'status', 'parameter', 'will', 'be', 'maintain', 'to', 'an', 'extent', 'system']","['O', 'O', 'O', 'O', 'O', 'O', 'O', 'O', 'O', 'O', 'O', 'O', 'O', 'O', 'O', 'B-attr', 'O', 'B-attr', 'O', 'O', 'O', 'O', 'O', 'O', 'O', 'O', 'I-attr', 'I-attr', 'O', 'O', 'O', 'O', 'O', 'O', 'B-attr']"
"['be', 'base', 'transparent', 'on', 'client', '-', 'server', 'model', '.', 'each']","['O', 'O', 'O', 'O', 'O', 'O', 'O', 'O', 'O', 'O']"
"['gateway', 'GPRS', 'support', 'node', '(', 'GGSN', ')', 'be', 'a', 'location', 'register', 'the', 'via', 'HLR', 'the', 'via', 'the', 'Gb', 'interface', 'and', 'to', 'the', 'the', 'MSC', 'VLR', 'via', 'the', 'Gs', 'interface', 'and', 'to', '/', 'infrastructure', ')', 'GPRS', 'temporary', 'detail', 'of', 'subscriber', 'active', 'within', 'the', 'MSC', 'area', ',', 'a', 'group', 'call', 'register', '(', 'contain', ')', 'VLR', '(', 'with', 'primary', 'responsibility', 'for', 'call', 'control', '.', 'gcr', 'the']","['O', 'B-class', 'O', 'B-class', 'O', 'O', 'O', 'O', 'O', 'O', 'O', 'O', 'O', 'B-class', 'O', 'O', 'O', 'O', 'O', 'O', 'O', 'O', 'O', 'B-class', 'B-class', 'O', 'O', 'O', 'O', 'O', 'O', 'O', 'O', 'O', 'O', 'O', 'O', 'O', 'B-class', 'O', 'O', 'O', 'O', 'O', 'O', 'O', 'B-class', 'I-class', 'I-class', 'O', 'O', 'O', 'O', 'O', 'O', 'O', 'O', 'O', 'O', 'O', 'O', 'O', 'O']"
"['shall', '.', 'of', 'without', 'the', 'use', 'of', 'discontinuous', 'reception', 'or', 'transmission', '(', 'DTX', '/', 'DRX', ')', '.', '(']","['O', 'O', 'O', 'O', 'O', 'O', 'O', 'O', 'O', 'O', 'O', 'O', 'O', 'O', 'O', 'O', 'O', 'O']"
"['.', 'event', 'health', 'a', 'to', 'expose', 'potentially', 'link', 'or', 'be', 'who', 'subject', 'of', 'treatment', 'and', 'progress', 'the', 'track', 'expose', 'acceptance', 'to', 'speciman', ',', 'number', 'lot', 'the', 'about', 'information', 'include', 'should', 'datum', 'sample', 'Food']","['O', 'I-class', 'B-class', 'O', 'O', 'O', 'O', 'O', 'O', 'O', 'O', 'B-class', 'O', 'B-class', 'O', 'O', 'O', 'O', 'O', 'B-attr', 'O', 'B-class', 'O', 'I-attr', 'B-attr', 'O', 'O', 'O', 'O', 'O', 'I-class', 'I-class', 'B-class']"
"['information', 'must', 'be', 'transfer', ',', 'typically', 'in', 'the', 'form', 'of', 'command', 'and', 'reply', 'from', 'user', ',', 'to', 'store', ')', 'together', 'the', 'produce', 'a', 'delay', 'of', 'control', 'activity', 'or', 'lock', 'shall', ',', 'if', 'the', 'corresponding', 'equipment', 'be', 'not', 'available', 'or', 'even', 'information', 'for', 'request', 'astronomical', 'datum', '.', 'control']","['O', 'O', 'O', 'O', 'O', 'O', 'O', 'O', 'O', 'O', 'O', 'O', 'O', 'O', 'B-class', 'O', 'O', 'O', 'O', 'O', 'O', 'O', 'O', 'O', 'O', 'O', 'O', 'O', 'O', 'O', 'O', 'O', 'O', 'O', 'B-class', 'O', 'O', 'O', 'O', 'O', 'O', 'O', 'O', 'O', 'O', 'O', 'B-attr']"
"['.', 'subject', '.', 'Intercom', ';', 'recorder', 'borne', 'train', ')', 'i', '(']","['O', 'O', 'O', 'O', 'O', 'I-class', 'I-class', 'B-class', 'O', 'O', 'O']"
"['.', 'for', 'look', 'be', 'they', 'Appendix', '.', 'of', 'because', 'like', 'people', 'more', 'the', ',', 'be', 'interface', 'the', 'simple', 'the', 'that', 'find', 'we', 'report', 'interface', 'our', '.', 'navigate', 'to', 'user', 'the', 'for', 'simple', 'very', 'be', 'would', 'it', 'that', 'feel', 'we', 'from']","['O', 'O', 'O', 'O', 'O', 'O', 'O', 'O', 'O', 'O', 'B-class', 'O', 'O', 'O', 'O', 'O', 'O', 'O', 'O', 'O', 'O', 'O', 'O', 'O', 'O', 'O', 'O', 'O', 'B-class', 'O', 'O', 'O', 'O', 'O', 'O', 'O', 'O', 'O', 'O', 'O']"
"['.', '(', 'M', ')', ';', '2', ')', 'DM', 'specification', '-', 'air', 'interface', ':', 'Direct']","['O', 'O', 'O', 'O', 'O', 'O', 'O', 'B-class', 'O', 'I-class', 'I-class', 'I-class', 'O', 'B-attr']"
"[':', 'be', 'support', 'be', 'to', 'datum', 'aggregated', 'of', 'example']","['O', 'O', 'O', 'O', 'O', 'I-class', 'B-class', 'O', 'O']"
"[')', 'GCCS', '(', 'System', 'Control', 'and', 'Command', 'Global', ';', '1994', 'October', ',', 'Version', 'XML', 'to', 'more', 'a', 'registry', ',', 'the', 'producer', 'must', 'be', 'to', 'able', 'receive', 'xml', 'registry', 'form', ',', 'submit', 'metadata', 'to', 'metadata', 'contribute', 'to']","['O', 'O', 'O', 'O', 'O', 'O', 'O', 'O', 'O', 'O', 'O', 'O', 'O', 'B-class', 'O', 'O', 'O', 'B-class', 'O', 'O', 'B-class', 'O', 'O', 'O', 'O', 'O', 'B-class', 'I-class', 'I-class', 'O', 'O', 'B-attr', 'O', 'B-attr', 'O', 'O']"
"['up', 'to', 'two', 'more', 'monitoring', 'node', '(', 'one', 'local', 'and', 'one', 'remote', ')', 'without', 'appreciable', 'degradation', 'of', 'performance', '.', 'node', 'and', 'shutdown', 'of', 'number', 'of', 'instrument', ',', 'there', 'can', 'be', 'many', 'large', 'different', 'which', 'be', 'active', 'at', 'the', 'same', 'time', '.', 'station', 'the', 'give']","['O', 'O', 'O', 'O', 'B-class', 'I-class', 'O', 'O', 'B-attr', 'O', 'O', 'B-attr', 'O', 'O', 'O', 'O', 'O', 'O', 'O', 'I-class', 'O', 'B-attr', 'O', 'O', 'O', 'B-class', 'O', 'O', 'O', 'O', 'O', 'O', 'O', 'O', 'O', 'B-attr', 'O', 'O', 'O', 'O', 'O', 'B-class', 'O', 'O']"
"['.', 'user', 'the', 'with', 'interface', 'to', 'mouse', 'a', 'and', 'keyboard', 'a', 'of', 'use', 'the', 'require', 'this']","['O', 'B-class', 'O', 'O', 'O', 'O', 'O', 'O', 'O', 'O', 'O', 'O', 'O', 'O', 'O', 'O']"
"['datum', 'link', ':', 'new', 'browser', 'window', 'or', 'pop', '-', 'up', 'window', 'navigation', 'should', 'clearly', 'mark', '.', 'distinguish']","['O', 'O', 'O', 'O', 'O', 'O', 'O', 'O', 'O', 'O', 'O', 'O', 'O', 'O', 'O', 'O', 'O']"
"['.', 'appropriate', 'wherever', 'component', 'custom', 'shall', 'must', 'language', 'the', 'email', 'Services', 'Client', 'a', 'to', 'email', 'notification', 'a', 'send', 'shall', 'system', 'the']","['O', 'O', 'O', 'O', 'O', 'O', 'O', 'O', 'O', 'I-class', 'I-class', 'B-class', 'O', 'O', 'O', 'O', 'O', 'O', 'O', 'B-class', 'O']"
"['.', 'execute', 'be', 'that', 'function', 'the', 'on', 'detail', 'give', 'section', 'and', 'the', 'by', 'preform', 'action', 'the', 'of', 'description', 'full', 'a', 'give', ',', 'Features', 'System', 'the', 'system', 'Ethnography', 'mention', '.', 'os', 'Mac', ',', 'Vista', 'and', 'XP', 'Microsoft', 'include', 'system', 'operating', 'different', 'across', 'work', 'will', 'it', 'mean', 'this', ';', 'portable', 'be', 'will', 'system', 'the']","['O', 'O', 'O', 'O', 'B-class', 'O', 'O', 'O', 'O', 'O', 'O', 'O', 'O', 'O', 'B-class', 'O', 'O', 'O', 'O', 'O', 'O', 'O', 'O', 'O', 'O', 'B-class', 'B-class', 'O', 'O', 'O', 'O', 'O', 'O', 'O', 'O', 'O', 'O', 'I-class', 'B-class', 'O', 'O', 'O', 'O', 'O', 'O', 'O', 'O', 'O', 'O', 'O', 'B-class', 'O']"
"['.', 'order', 'this', 'in']","['O', 'O', 'O', 'O']"
"['role', 'available', 'in', 'the', 'system', 'be', 'allocate', 'to', 'user', 'group', '.', 'the']","['O', 'O', 'O', 'O', 'B-class', 'O', 'O', 'O', 'B-class', 'I-class', 'O', 'O']"
"[',', 'which', 'the', 'of', 'that', 'the', 'train', 'be', 'in', '.', 'however']","['O', 'O', 'O', 'O', 'O', 'O', 'B-class', 'O', 'O', 'O', 'O']"
['the'],['O']
"['necessary', 'safety', 'approval', 'will', 'be', 'obtain', 'policy', 'before', 'will', 'be', 'accept', '.', 'the']","['O', 'O', 'O', 'O', 'O', 'O', 'O', 'O', 'O', 'O', 'O', 'O', 'O']"
"['.', 'program', 'Store', 'also', 'Web', 'their', 'in', 'meet', 'be', 'be', '’', 'user', 'new', 'their', 'use', 'document', 'and', 'test', 'the']","['O', 'O', 'O', 'O', 'O', 'O', 'O', 'O', 'O', 'O', 'O', 'O', 'O', 'O', 'O', 'O', 'O', 'O', 'O']"
"['each', 'class', 'of', 'developer', 'a', 'speciﬁc', 'set', '.', 'cover', 'be', 'would', 'IOC', 'or', 'OPI', 'SNC', 'program', ';', 'Files', 'associate', 'with', 'OPI', 'Channel', 'Access', 'Tools', '.', 'these']","['O', 'B-attr', 'O', 'B-class', 'O', 'O', 'O', 'O', 'O', 'O', 'O', 'O', 'O', 'O', 'O', 'O', 'O', 'O', 'O', 'O', 'O', 'O', 'O', 'O', 'O', 'O']"
"['to', 'an', 'register', 'be', 'already', 'must', 'account', 'Administrator']","['O', 'O', 'O', 'O', 'O', 'O', 'I-class', 'B-class']"
"['also', 'cover', 'all', ',', 'the', 'aspect', 'of', 'the', 'Gemini', '8', 'm', 'Telescopes', ',', 'operational', 'instrument', ',', 'telescope', ')', '.', 'the']","['O', 'O', 'O', 'O', 'O', 'O', 'O', 'O', 'O', 'O', 'O', 'O', 'O', 'O', 'B-class', 'O', 'B-class', 'O', 'O', 'O']"
"['prime', 'objective', 'be', 'to', 'minimize', ':', 'downtime', 'due', 'to', 'maintenance', ';', 'cost', 'of', 'maintenance', ';', 'number', 'and', 'or', 'Gemini', 'Time', 'repair', '.', 'all']","['O', 'O', 'O', 'O', 'O', 'O', 'O', 'O', 'O', 'O', 'O', 'O', 'O', 'O', 'O', 'O', 'O', 'O', 'O', 'I-attr', 'I-attr', 'O', 'O']"
"['M', ')', 'Battery', 'each', 'frequency', ')', 'requirement', 'railway', 'and', 'generic', 'EMC', 'standard', 'define', 'a', 'maximum', 'level', 'of', 'radiate', 'EMC', 'for', 'a', 'range', 'all', ')', 'M', '(']","['O', 'O', 'O', 'O', 'O', 'O', 'O', 'B-class', 'I-class', 'I-class', 'I-class', 'I-class', 'O', 'O', 'B-attr', 'I-attr', 'I-attr', 'I-attr', 'I-attr', 'O', 'O', 'O', 'O', 'O', 'O', 'O']"
"['M', ')', 'the', 'equipment', 'shall', 'be', 'able', 'to', 'cope', ',', 'm', '1800', 'and', '(']","['O', 'O', 'O', 'B-class', 'O', 'O', 'O', 'O', 'O', 'O', 'O', 'O', 'O', 'O']"
"['procedure', 'as', 'as', 'the', 'service', 'be', 'explicitly', 'reject', 'by', 'the', 'network', '.', 'no']","['O', 'O', 'O', 'O', 'O', 'O', 'O', 'O', 'O', 'O', 'B-class', 'O', 'O']"
"['.', 'environment', 'production', 'the', 'to', 'Team', 'name', ']', 'build', 'review', 'code', 'perform', 'shall', 'Lead', 'Technical', 'the']","['O', 'I-class', 'B-class', 'O', 'O', 'I-class', 'O', 'O', 'B-class', 'I-attr', 'B-attr', 'O', 'O', 'I-class', 'B-class', 'O']"
"['family', 'to', 'be', 'state', '-', 'of', '-', 'the', '-', 'art', 'system', '(', 'cpu', ',', 'communication', 'support', ')', 'in', 'a', 'scaleable', '.', 'be', 'off', 'use', 'EPICS', 'as', 'the', 'interface', '.', 'detail']","['O', 'O', 'O', 'O', 'O', 'O', 'O', 'O', 'O', 'O', 'B-class', 'O', 'O', 'O', 'O', 'O', 'O', 'O', 'O', 'O', 'O', 'O', 'O', 'O', 'O', 'O', 'O', 'O', 'O', 'O']"
"['signal', 'shall', 'also', 'provide', 'an', 'indication', 'of', 'the', 'unit', '’s', 'status', 'at', 'the', 'control', 'the']","['I-class', 'O', 'O', 'O', 'O', 'B-attr', 'I-attr', 'I-attr', 'I-attr', 'O', 'B-attr', 'O', 'O', 'B-class', 'O']"
"['.', 'warrant', 'or', 'feasible', 'either', 'be', 'environment', 'Gemini', 'the', 'into', 'integration', 'complete', 'that', 'unlikely', 'outside', 'of', 'operation', 'and', 'not', 'shall', 'it', ',', 'instrument', 'inactive', 'an', 'of', 'status', 'the', 'of', 'regardless']","['O', 'O', 'O', 'O', 'O', 'O', 'O', 'O', 'O', 'O', 'O', 'O', 'O', 'O', 'O', 'O', 'O', 'O', 'O', 'O', 'O', 'O', 'B-class', 'O', 'O', 'O', 'B-attr', 'O', 'O', 'O']"
"['.', 'identifier', 'contact', 'and', 'case', 'to', 'result', 'laboratory', 'multiple', 'associate', 'unambiguously', 'must', 'from', 'linkage', 'another', '/', 'result', 'laboratory', ',', ')', 'sample', 'source', 'a', 'from', 'create', 'type', 'speciman', 'new', 'and', ',', 'aliquot', ',', 'e.g.', '(', 'sample', 'speciman', '-', 'these']","['O', 'I-attr', 'I-attr', 'I-attr', 'B-attr', 'O', 'I-class', 'B-class', 'O', 'O', 'O', 'O', 'O', 'B-class', 'O', 'O', 'I-class', 'B-class', 'O', 'O', 'O', 'O', 'O', 'O', 'O', 'O', 'O', 'O', 'O', 'O', 'O', 'O', 'O', 'O', 'B-class', 'B-class', 'O', 'O']"
"['the', 'setting', 'current', 'reflect', 'by', 'cool', 'require', 'a', 'heating', 'or', 'cool', 'unit', 'to', 'be', 'turn', 'on', 'back', 'on', '.', 'unit', 'operational']","['O', 'B-attr', 'O', 'O', 'O', 'I-class', 'O', 'O', 'B-class', 'I-class', 'I-class', 'I-class', 'O', 'O', 'O', 'O', 'O', 'O', 'O', 'I-class', 'O']"
"['time', 'control', 'be', 'restrict', 'to', 'the', 'IOC', 'layer', '-', ';', ',', 'the', 'use', 'of', 'a', 'virtual', '-', 'telescope', 'also', 'real', 'strict', ',', 'execute', 'software', 'via', 'control', 'command', '.', '.There']","['O', 'O', 'O', 'O', 'O', 'O', 'O', 'O', 'O', 'O', 'O', 'O', 'O', 'O', 'O', 'O', 'O', 'O', 'O', 'O', 'O', 'O', 'O', 'O', 'O', 'O', 'O', 'O', 'O']"
"['.', 'to', 'HTTPS', 'link', 'initiate', 'patch', 'install', 'automatically', 'System', ';', 'patch', 'the', 'to', 'upload', 'Administrator', 'the', 'prompt', 'system', ';', 'process', 'patching', 'to', 'with', 'browser', 'web', 'update', 'software', 'or', 'patch', 'install']","['O', 'O', 'O', 'O', 'O', 'O', 'O', 'O', 'O', 'O', 'O', 'O', 'O', 'O', 'B-class', 'O', 'O', 'O', 'O', 'O', 'O', 'O', 'O', 'O', 'O', 'O', 'O', 'O', 'O', 'O']"
"['.', 'a.observe', ':', 'be', 'system', 'Gemini', 'the', 'by', 'provide', ',', 'mode', 'the']","['O', 'O', 'O', 'O', 'O', 'O', 'O', 'O', 'O', 'O', 'I-attr', 'O']"
['text'],['O']
"['the', 'individual', 'current', 'shall', 'this']","['O', 'O', 'B-attr', 'O', 'O']"
"['EIRENE', 'mobile', 'speed', 'for', '02/Mar', 'level', '44.5', 'dbmv', '/', 'm', '(', '-95', 'dBm', 'm', 'and', '92', 'dBm', ')', 'on', 'line', 'with', 'ETCS', '–', 'installation', 'on', '%', '-', 'safety', 'critical', 'datum', ';', 'coverage', 'probability', 'of', '95', '%', 'base', 'on', 'a', 'coverage', 'level', 'non', 'and', 'voice', 'for', '95', '%', 'base', 'on', 'a', 'coverage', 'level', 'of', 'of', 'dBmV', '/', 'm', '(', '-98', 'dBm', ')', '38.5', 'base', '41.5', '/', '.', 'the']","['O', 'O', 'B-attr', 'O', 'O', 'I-attr', 'O', 'O', 'O', 'O', 'O', 'O', 'O', 'O', 'O', 'O', 'O', 'O', 'O', 'O', 'O', 'B-attr', 'O', 'O', 'O', 'O', 'O', 'O', 'O', 'O', 'O', 'B-attr', 'I-attr', 'O', 'O', 'O', 'O', 'O', 'O', 'B-attr', 'I-attr', 'O', 'O', 'O', 'O', 'O', 'O', 'O', 'O', 'O', 'B-attr', 'I-attr', 'O', 'O', 'O', 'O', 'O', 'O', 'O', 'O', 'O', 'O', 'O', 'O', 'O', 'O', 'O']"
"['.', 'necessary', 'be', 'will', 'installation', 'software', 'no', 'the', 'context', 'function', 'statement', 'Store', 'Web', 'the']","['O', 'O', 'O', 'O', 'O', 'O', 'O', 'O', 'O', 'O', 'O', 'O', 'O', 'O']"
"['each', 'may', 'delay', 'call', 'through', 'any', 'network', 'external', 'to', 'GSM', '(', 'eg', 'from', 'the', 'GSM', 'MSC', 'to', 'a', 'the', 'of', 'passage', 'the', 'if', 'necessary', 'to', 'achieve', 'the', 'required', 'call', 'be', 'setup', '.', 'in']","['O', 'O', 'O', 'B-class', 'O', 'O', 'O', 'O', 'O', 'B-class', 'O', 'O', 'O', 'O', 'B-class', 'I-class', 'O', 'O', 'O', 'O', 'O', 'O', 'O', 'O', 'O', 'O', 'O', 'O', 'B-attr', 'O', 'I-attr', 'O', 'O']"
"['.', 'software', 'Telescopes', 'm', '8', 'Gemini', 'the', 'with', 'time', 'same', 'the', 'at', 'work', 'be', 'may', 'user', 'of', 'user', 'the', 'several', 'imply', 'set', 'standard', 'a', 'as', 'instrument', 'the', 'to', 'appear', 'of', ',', 'this']","['O', 'O', 'O', 'O', 'O', 'O', 'O', 'O', 'O', 'O', 'O', 'O', 'O', 'O', 'O', 'B-class', 'O', 'B-class', 'O', 'O', 'O', 'O', 'O', 'O', 'O', 'O', 'O', 'O', 'O', 'O', 'O', 'O']"
"['OCS', 'be', 'to', 'be', 'notiﬁed', 'to', 'of', 'detect', 'problem', ';', 'self', '-', 'test', 'level', '.', 'any', 'response', 'correct', ',', 'run', 'whenever', 'that', 'subsystem', 'be', 'operational', ',', 'perform', 'such', 'task', 'as', 'check', 'power', 'supply', 'level', ',', 'temperature', ',', 'performance', 'each']","['O', 'O', 'O', 'O', 'O', 'O', 'O', 'O', 'O', 'O', 'B-attr', 'I-attr', 'I-attr', 'I-attr', 'O', 'O', 'O', 'O', 'O', 'O', 'O', 'O', 'B-class', 'O', 'O', 'O', 'O', 'O', 'O', 'O', 'O', 'B-attr', 'I-attr', 'I-attr', 'O', 'B-attr', 'O', 'B-attr', 'O']"
"['.', 'visit', 'jurisdiction', 'the', 'by', 'investigate', 'and', 'residence', 'of', ')', 'jurisdiction', '(', 'state', 'the', 'by', 'report', 'be', 'illness', '.', 'Data', 'investigation', 'exposure', 'of', 'source', 'the', 'about', 'collect', 'be', 'must', 'datum', 'detailed']","['O', 'O', 'B-class', 'O', 'O', 'O', 'O', 'I-class', 'I-class', 'I-class', 'I-class', 'I-class', 'B-class', 'O', 'O', 'O', 'O', 'B-class', 'O', 'O', 'I-class', 'I-class', 'I-class', 'B-class', 'O', 'O', 'O', 'O', 'O', 'I-attr', 'B-attr']"
"['option', 'of', 'sell', 'more', '.', 'the', ';', 'client', 'be', 'pack', 'in', 'two', 'with', 'one', 'voucher', 'for', 'the', 'purchaser', 'of', 'the', 'voucher', ',', 'in', 'the', 'following', 'address', 'as', '""', 'client', '""', 'and', 'one', 'for', 'the', 'partner', 'of', 'the', 'than', 'std', 'one', 'to', 'of', 'living', 'of', 'the', 'customer', '.', 'the']","['O', 'O', 'O', 'O', 'O', 'O', 'O', 'B-class', 'O', 'O', 'O', 'O', 'O', 'O', 'B-class', 'O', 'O', 'B-class', 'O', 'O', 'B-class', 'O', 'O', 'O', 'O', 'O', 'O', 'O', 'B-class', 'O', 'O', 'O', 'O', 'O', 'B-class', 'O', 'O', 'O', 'O', 'O', 'O', 'I-attr', 'I-attr', 'O', 'O', 'B-class', 'O', 'O']"
"['provide', 'a', 'number', 'of', 'OPI', 'base', 'tool', '.', 'these']","['O', 'O', 'O', 'O', 'B-class', 'I-class', 'I-class', 'O', 'O']"
"['.', 'program', 'the', 'in', 'tab', 'stream', 'video', 'the', 'to', 'send', 'be', 'the', 'then', 'query', 'this', 'for', 'result']","['O', 'B-class', 'O', 'O', 'I-class', 'I-class', 'B-class', 'O', 'O', 'O', 'O', 'O', 'O', 'B-class', 'O', 'O', 'B-class']"
"['Configuration', 'module', 'of', 'the', 'cctns', 'help', 'keep', 'the', 'application', 'configure', 'accord', 'to', 'the', 'execute', 'the']","['O', 'O', 'O', 'O', 'O', 'O', 'O', 'O', 'O', 'O', 'O', 'O', 'O', 'O', 'O']"
"['shall', 'ETCS', 'equipment', 'allow', 'train', 'movement', '.', 'board', 'the']","['O', 'I-class', 'I-class', 'O', 'B-class', 'I-class', 'O', 'I-class', 'O']"
"['system', 'will', 'generate', 'message', 'while', 'create', 'a', 'new', 'staff', 'with', 'exist', 'name', ',', 'but', 'the', 'VSP']","['B-class', 'O', 'O', 'O', 'O', 'O', 'O', 'O', 'B-class', 'O', 'O', 'B-attr', 'O', 'O', 'O', 'B-attr']"
"['output', 'interface', 'shall', 'enable', 'transmission', 'of', 'information', 'record', 'to', 'other', 'medium', 'datum', '.', 'to', 'investigation', 'datum', 'to', 'enable', 'assessment', 'of', 'driver', 'operational', 'performance', 'be', 'store', 'for', 'at', 'least', 'one', 'shall', ';', 'detailed', 'very', 'of', 'accident', 'need', 'only', 'be', 'store', 'for', 'at', 'least', '24', 'hour', ',', 'and', 'shall', 'be', 'enable', 'equipman', ';', 'datum', 'shall', 'be', 'suppress', 'on', 'the', 'tandem', '4.6.12', 'traction', '.', 'the']","['I-class', 'I-class', 'O', 'O', 'O', 'O', 'B-attr', 'O', 'O', 'O', 'B-class', 'O', 'O', 'O', 'B-class', 'I-attr', 'O', 'O', 'O', 'O', 'B-class', 'B-attr', 'I-class', 'O', 'O', 'O', 'O', 'O', 'O', 'O', 'O', 'O', 'O', 'O', 'B-class', 'O', 'O', 'O', 'O', 'O', 'O', 'O', 'O', 'O', 'O', 'O', 'O', 'O', 'O', 'I-class', 'O', 'B-attr', 'O', 'O', 'O', 'O', 'O', 'B-class', 'O', 'I-class', 'O', 'O']"
"['to', 'ease', 'of', 'maintenance', 'and', 'leverage', 'advancement', 'in', 'open', 'facilitate', 'standard', '.', 'case', 'have', 'any', 'feature', 'which', 'would', 'preclude', 'use', 'in', 'handle', 'small', 'large', 'police', 'station', ',', 'with', 'vary', 'number', 'of', 'or', 'per', 'and', 'technology', 'architecture', 'of', 'the', 'cctns', 'solution', 'be', 'give', 'in', 'functional', 'the', 'below', '.', 'the']","['O', 'O', 'O', 'O', 'O', 'O', 'O', 'O', 'O', 'O', 'O', 'O', 'I-attr', 'O', 'O', 'O', 'O', 'O', 'O', 'O', 'O', 'I-attr', 'O', 'O', 'B-class', 'I-class', 'O', 'O', 'O', 'B-attr', 'I-attr', 'O', 'O', 'O', 'O', 'O', 'O', 'O', 'O', 'O', 'O', 'O', 'O', 'O', 'O', 'O', 'O', 'O']"
"['.', 'network', 'be', 'to', 'be', 'consider', 'as', 'a', 'minimum', '301', 'set', 'implementation', 'within', 'each', 'GSM', '-', 'r', 'standard', 'for', 'service', '515', 'Index', 'en', '301', '515', ',', 'Index', '[', '23', ']', ']', 'to', 'be', 'support', 'be', 'list', 'in', '[', 'service', 'bearer', 'GSM', '[', '24', ']', ']', 'to', 'be', 'support', ',', 'be', 'in', 'table', '2', '-', '1', '.', 'the']","['O', 'O', 'O', 'O', 'O', 'O', 'O', 'O', 'O', 'O', 'O', 'O', 'O', 'O', 'O', 'O', 'O', 'O', 'O', 'O', 'O', 'O', 'O', 'O', 'O', 'O', 'O', 'O', 'O', 'O', 'O', 'O', 'O', 'O', 'O', 'O', 'O', 'O', 'I-class', 'I-class', 'B-class', 'O', 'O', 'O', 'O', 'O', 'O', 'O', 'O', 'O', 'O', 'O', 'O', 'O', 'O', 'O', 'O']"
"['x.', 'of', 'side', 'a', 'with', 'block', 'square', 'four', 'be', 'there']","['O', 'O', 'O', 'O', 'O', 'B-class', 'O', 'O', 'O', 'O']"
"['refer', 'to', 'proponency', 'at', 'the', 'source', 'and', 'record', 'level', ';', 'to', 'Redundant', 'respect', 'authority', 'Scheme', ':', 'describe', 'the', 'site', 'at', 'which', 'database', 'be', 'replicate', 'and', 'also', 'who', 'own', 'and', 'have', 'update', 'with', 'Proponent', 'Array', 'Inexpensive', 'reason', 'for', 'use', 'raid', 'storage', 'be', 'its', 'reliability', '.', 'raid']","['O', 'O', 'O', 'O', 'O', 'O', 'O', 'O', 'O', 'O', 'O', 'O', 'O', 'O', 'O', 'O', 'O', 'O', 'B-class', 'O', 'O', 'B-class', 'O', 'O', 'O', 'O', 'O', 'O', 'O', 'O', 'O', 'O', 'O', 'O', 'O', 'O', 'O', 'O', 'O', 'O', 'O', 'O', 'O', 'O', 'O']"
"['System', 'be', 'must', 'only', 'admin', '-', 'user', 'to', 'set', 'up', 'user', 'profile', 'and', 'allow', 'user', 'to', 'a', 'user', 'group', '.', 'the']","['O', 'O', 'O', 'O', 'B-class', 'I-class', 'I-class', 'O', 'O', 'O', 'B-class', 'I-class', 'O', 'O', 'B-class', 'O', 'O', 'B-class', 'I-class', 'O', 'O']"
"['.', 'Facility', 'Control', 'Telescopes', 'm', '8', 'Gemini', 'and', 'Enclosure', 'Telescopes', 'm', '8', 'Gemini', 'the', 'to', 'restrict', 'Operator', 'this', 'Telescope', 'a', 'the', 'as', ',', 'operation', 'remote', 'for', 'need', 'software', 'common', 'speciﬁc', 'amount', 'the', 'reduce', 'should', 'this']","['O', 'O', 'O', 'O', 'O', 'O', 'O', 'O', 'O', 'O', 'O', 'O', 'O', 'O', 'O', 'O', 'O', 'O', 'O', 'O', 'O', 'O', 'O', 'O', 'O', 'O', 'O', 'O', 'O', 'O', 'O', 'O', 'O', 'O', 'O']"
"['.', 'system', 'the', 'in', 'everything', 'modify', 'to', 'able', 'be', 'to', 'order', 'prevent', 'produce', 'm', 'may', 'consequence', 'direct', 'a', 'be', 'which', ',', 'context', 'operational', 'of', 'the', 'and', 'requirement', 'program', 'Telescopes', 'm', '8', 'Gemini', 'from', 'speciﬁes', 'the', 'structure', 'of', 'complex', 'a', 'with', 'cope', 'to', 'have', 'operation', 'Telescopes', 'm', '8', 'Gemini', 'the']","['O', 'B-class', 'O', 'O', 'O', 'O', 'O', 'O', 'O', 'O', 'O', 'O', 'O', 'O', 'O', 'O', 'O', 'O', 'O', 'O', 'O', 'O', 'O', 'O', 'O', 'O', 'O', 'O', 'O', 'O', 'O', 'O', 'O', 'O', 'O', 'O', 'O', 'O', 'O', 'O', 'O', 'O', 'O', 'O', 'O', 'O', 'O', 'O', 'O']"
"['.', 'tracing', 'exposure', 'contact', 'support', 'to', 'entity', 'expose', 'as', 'Exposure', 'and', 'exposure', 'intimate', ',', 'e.g.', '(', 'exposure', 'of', 'type', ',', 'level', 'exposure', 'to', 'relate', 'information', 'include', 'must', 'capture', 'be', 'to', 'datum', ',', ',', 'social', 'household', 'of', 'frequency', ',', 'expose', 'be', 'entity', 'the', 'time', 'of', 'length', ',', 'exposure', 'of', 'place', ',', ')', 'conveyance', 'common', ',', ',', 'capture', 'be', 'must', 'onset', ':', 'include', 'collect', 'be', 'to', 'datum', 'epi', 'standard']","['O', 'I-class', 'I-class', 'B-class', 'O', 'O', 'I-class', 'B-class', 'O', 'B-class', 'O', 'I-attr', 'O', 'O', 'O', 'O', 'I-attr', 'I-attr', 'B-attr', 'O', 'I-attr', 'B-attr', 'O', 'O', 'O', 'O', 'O', 'O', 'O', 'O', 'I-class', 'O', 'O', 'O', 'O', 'I-attr', 'B-attr', 'O', 'I-attr', 'I-attr', 'I-attr', 'I-attr', 'I-attr', 'I-attr', 'B-attr', 'O', 'I-attr', 'I-attr', 'B-attr', 'O', 'O', 'O', 'O', 'O', 'O', 'O', 'O', 'O', 'B-attr', 'O', 'O', 'O', 'O', 'O', 'I-class', 'I-class', 'B-class']"
"['shall', 'web', 'the', 'access', 'to', 'able', 'be', 'must', 'order', 'Customer']","['O', 'O', 'O', 'O', 'O', 'O', 'O', 'O', 'O', 'B-class']"
"['submit', ';', 'display', 'an', 'XML', 'Tag', 'Specification', 'form', 'to', 'the', 'author', 'of', 'a', 'give', 'information', 'resource', '.', 'xml', 'to', 'COE', 'or', 'in', 'Registry', ';', 'pass', 'request', 'off', 'to', 'record', '…', 'per', 'explicit', 'federation', 'agreement', ')', '.', 'design']","['O', 'O', 'O', 'O', 'B-class', 'I-class', 'I-class', 'I-class', 'O', 'O', 'B-attr', 'O', 'O', 'O', 'B-class', 'I-class', 'O', 'B-class', 'O', 'O', 'O', 'O', 'B-class', 'O', 'O', 'O', 'O', 'O', 'O', 'O', 'O', 'O', 'O', 'O', 'O', 'O', 'O']"
"['consistency', 'reason', ',', 'all', 'functional', 'requirement', 'not', 'implement', 'in', 'the', 'SRS', '2.3.0', 'have', 'be', 'term', 'implementation', 'of', 'o', 'ETCS', 'active', 'for', 'limited', 'train', 'control', ':', 'function', 'trackside', 'not', 'fit', 'with', 'any', 'train', ';', '0', 'Level', ':', 'of', '500', 'km', '/', 'h.', 'the']","['O', 'O', 'O', 'O', 'O', 'O', 'O', 'O', 'O', 'O', 'O', 'O', 'O', 'O', 'O', 'O', 'O', 'B-class', 'B-class', 'O', 'O', 'B-attr', 'B-class', 'I-class', 'O', 'I-class', 'O', 'O', 'O', 'O', 'O', 'B-class', 'O', 'O', 'O', 'O', 'O', 'O', 'O', 'O', 'O', 'O']"
"['general', 'hard', 'stop', '8', 'on', 'm', 'system', '.', 'security']","['O', 'O', 'O', 'O', 'O', 'O', 'O', 'O', 'O']"
"['different', 'in', 'navigation', '.', 'long', 'as', 'different', 'mental', 'model', ',', 'navigation', 'as', 'strategy', 'task', 'of', 'the', 'user', 'be', 'take', 'into', 'and', 'minimize', 'be', 'should', 'minimize']","['O', 'O', 'O', 'O', 'O', 'O', 'O', 'O', 'O', 'O', 'O', 'O', 'O', 'O', 'O', 'O', 'B-class', 'O', 'O', 'O', 'O', 'O', 'O', 'O', 'O']"
"['be', 'they', 'make', 'effect', 'the', 'themas', 'system', 'and', 'its', 'requirement', '.', 'this']","['O', 'O', 'O', 'O', 'O', 'O', 'O', 'O', 'O', 'O', 'O', 'O']"
"['i', ')', 'the', 'statement', 'make', 'in', 'the', 'specification', 'be', 'assign', 'to', 'EIRENE', 'any', 'in', 'use', 'infrastructure', ',', 'onto', 'which', 'mobile', 'will', 'roam', 'one', ',', 'the', 'requirement', 'concern', 'mobile', 'which', 'may', 'be', 'and', 'network', 'of', 'category', '.', 'it']","['O', 'O', 'O', 'O', 'O', 'O', 'O', 'O', 'O', 'O', 'O', 'O', 'O', 'O', 'O', 'I-class', 'O', 'O', 'O', 'B-class', 'O', 'O', 'O', 'O', 'O', 'O', 'O', 'B-class', 'O', 'O', 'O', 'O', 'I-class', 'O', 'O', 'O', 'O']"
"['yes', ',', 'then', 'the', 'user', 'Form', 'treatment']","['O', 'O', 'O', 'O', 'O', 'I-attr', 'B-attr']"
"['that', 'great', 'be', 'the', 'than', 'low', 'be', 'player', 'current', 'the', 'of', 'movement', 'block', 'of', 'number', 'the', 'if']","['O', 'O', 'O', 'O', 'O', 'O', 'O', 'B-class', 'O', 'O', 'O', 'I-attr', 'I-attr', 'I-attr', 'B-attr', 'O', 'O']"
"[';', 'datum', 'frequent', 'store', 'for', 'cache', 'of', 'use', ':', 'through', 'performance', 'and', 'scalability', 'high', 'ensure', 'should', 'system', 'the', 'at', 'both', 'datum', 'incoming', 'the', 'Encode', ';', 'request', 'user', '/', 'datum', 'incoming', 'the', 'Validate', ';', 'scripting', 'site', '-', 'cross', 'Prevent', 'datum', 'SSL', '/', 'request', 'the', 'Validate', ';', 'input', '-', 'user', 'the', 'sanitize', ';', 'query', 'parameterized', 'Utilize', ';', 'Injection', 'SQL', 'Prevent', ';', 'user', 'suspect', 'Investigation', 'of', '-', 'sensitive', 'help', 'material', 'for', 'all', 'the', 'context', 'possible', 'and', 'scenario', 'on', 'all', 'user', 'interface', 'in', 'action', 'detailed', 'provide', 'should', 'for', 'all', 'the', 'possible', 'action', 'and', 'scenario', 'on', 'all', 'user', 'interface', 'in', 'the', 'application', '.', 'the']","['O', 'O', 'O', 'O', 'O', 'O', 'O', 'O', 'O', 'O', 'O', 'O', 'O', 'O', 'O', 'O', 'O', 'O', 'O', 'O', 'O', 'O', 'O', 'O', 'O', 'O', 'O', 'O', 'O', 'O', 'O', 'O', 'O', 'O', 'O', 'O', 'O', 'O', 'O', 'O', 'O', 'O', 'O', 'O', 'O', 'O', 'O', 'O', 'O', 'O', 'O', 'O', 'O', 'O', 'O', 'O', 'O', 'O', 'O', 'O', 'B-class', 'O', 'O', 'O', 'O', 'O', 'O', 'O', 'O', 'O', 'O', 'O', 'O', 'O', 'O', 'O', 'O', 'O', 'O', 'O', 'O', 'O', 'O', 'O', 'O', 'O', 'O', 'O', 'O', 'O', 'O', 'O', 'O', 'O', 'O', 'O', 'O', 'O', 'O']"
"['by', 'unit', 'datum', 'and', 'and', 'cool', 'unit', 'shall', 'be', 'do', 'through', 'the', 'interface', 'to', 'these', 'unit', 'thermostat', '.', 'interface', 'shall', 'run', 'on', 'this', 'operating', 'system', 'as', 'well', '.', 'it']","['O', 'I-attr', 'O', 'O', 'I-class', 'I-class', 'I-class', 'O', 'O', 'O', 'O', 'O', 'B-class', 'O', 'O', 'B-class', 'B-class', 'O', 'B-class', 'O', 'O', 'O', 'O', 'O', 'O', 'O', 'O', 'O', 'O']"
"['.', 'need', 'their', 'priority', 'meet', 'system', 'be', 'Web', ';', 'HTTPS', 'via', 'Server', 'Web', 'to', 'to', 'request', 'Browser', 'Web']","['O', 'O', 'O', 'O', 'O', 'O', 'O', 'O', 'O', 'O', 'O', 'O', 'O', 'O', 'O', 'O', 'O', 'O']"
"['.', 'closed', 'be', 'Window', 'Finish', '0.1x', 'simple', 'the']","['O', 'O', 'O', 'I-class', 'I-class', 'O', 'B-class', 'O']"
"['the', 'indicate', 'release', 'be', 'calculate', 'on', 'board', 'it', 'shall', 'speed', 'be', 'shall', 'speed', 'the', 'trackside', 'shall', 'take', 'priority', 'over', 'the', 'release', 'speed', 'calculate', 'on', 'board', '.', 'the']","['O', 'O', 'B-attr', 'O', 'O', 'O', 'O', 'O', 'O', 'I-attr', 'O', 'O', 'I-attr', 'O', 'B-class', 'O', 'O', 'O', 'O', 'O', 'B-attr', 'I-attr', 'O', 'O', 'O', 'O', 'O']"
"['type', 'of', 'scan', 'be', 'possible', ':', 'periodic', ',', 'scan', 'as', 'channel', 'access', 'the', 'record', 'support', 'layer', 'other', 'than', 'how', 'to', 'about', 'call', '.', 'the']","['B-attr', 'O', 'O', 'O', 'O', 'O', 'O', 'O', 'O', 'O', 'O', 'O', 'O', 'O', 'O', 'O', 'O', 'O', 'O', 'O', 'O', 'O', 'O', 'O']"
"['also', 'give', 'the', 'user', 'viewpoint', 'of', 'product', 'use', '.', 'section']","['O', 'O', 'O', 'O', 'O', 'O', 'O', 'O', 'O', 'O']"
"['that', 'might', 'be', 'give', 'part', 'be', 'routine', 'software', 'into', 'the', 'Gemini', 'system', 'if', 'interface', 'routine', 'be', 'develop', 'for', 'connect', 'to', 'the', 'Gemini', 'system', '.', 'these']","['O', 'O', 'O', 'O', 'O', 'O', 'O', 'O', 'O', 'O', 'O', 'O', 'O', 'O', 'O', 'O', 'O', 'O', 'O', 'O', 'O', 'O', 'B-class', 'O', 'O']"
"['open', 'unnecessary', 'window', ':', 'should', 'additional', 'splash', 'if']","['O', 'O', 'O', 'O', 'O', 'O', 'O', 'O']"
"['.', 'engineering', 'and', 'maintenance', 'to', 'limit', 'be', 'would', 'the', 'Telescopes', 'm', '8', 'one', 'at', 'locate', 'be', 'will', 'system', 'the', 'of', 'user']","['O', 'O', 'O', 'O', 'O', 'O', 'O', 'O', 'O', 'O', 'O', 'O', 'O', 'O', 'O', 'O', 'O', 'B-class', 'O', 'O', 'B-class']"
"['have', 'to', 'procedure', 'choice', 'of', 'all', 'formal', 'release', 'system', 'should', 'exist', 'at', 'package', 'and', 'a', 'module', ',', 'which', 'should', 'be', 'checkable', 'on', '-', 'line', 'level', ',', 'procedure', 'test', 'individual', 'software', 'package', 'and', 'module', 'comprise', 'the', 'Gemini', '8', 'm', 'Telescopes', 'software', '.', 'apart']","['O', 'O', 'O', 'O', 'O', 'O', 'O', 'O', 'O', 'O', 'O', 'O', 'O', 'O', 'O', 'O', 'O', 'O', 'O', 'O', 'O', 'O', 'O', 'O', 'O', 'O', 'O', 'O', 'O', 'O', 'O', 'O', 'O', 'O', 'O', 'O', 'O', 'O', 'O', 'O', 'O', 'O']"
"['general', 'constraint', 'of', 'the', 'themas', 'shall', 'system', 'on', 'the', 'functionality', 'provide', 'by', 'the', 'external', 'device', 'connect', 'to', 'I', 't.', 'the']","['O', 'O', 'O', 'O', 'O', 'O', 'O', 'O', 'O', 'O', 'O', 'O', 'O', 'B-class', 'I-class', 'O', 'O', 'O', 'O', 'O']"
"['version', 'information', 'be', 'source', ';', 'instrument', 'each', 'to', 'the', 'user', '.', 'the']","['O', 'O', 'O', 'O', 'O', 'B-class', 'O', 'O', 'O', 'B-class', 'O', 'O']"
"['mapping', 'of', 'speciﬁc', 'IOC', 'command', 'between', 'ascii', 'string', 'and', 'epics', 'channel', 'access', 'construct', 'for', 'for']","['O', 'O', 'O', 'O', 'O', 'O', 'O', 'O', 'O', 'O', 'O', 'O', 'O', 'O', 'O']"
"['criterion', ',', 'the', 'follow', 'recommendation', 'exist', '.', 'the']","['O', 'O', 'O', 'O', 'O', 'O', 'O', 'O']"
"['logical', 'deﬁne', 'placement', 'show', 'in', 'Figure', '4', '-', '1', ',', 'above', 'be', 'be', '.', 'etc', 'the', 'interlock', 'system', 'be', 'deﬁne', 'in', 'the', 'Instrument', 'Control', 'System', 'Infrastructure', 'Work', 'Package', 'Deﬁnition', ';', 'router', ',', 'gateway', ',', ';', ',', 'link', 'the', 'at', 'least', 'one', 'dedicated', 'link', 'of', 'a', 'T1', 'of', 'bandwidth', 'remote', 'support', ',', 'development', 'and', 'testing', '.', 'wherever']","['O', 'O', 'O', 'O', 'O', 'O', 'O', 'O', 'O', 'O', 'O', 'O', 'O', 'O', 'O', 'O', 'B-class', 'I-class', 'O', 'O', 'O', 'O', 'O', 'O', 'O', 'O', 'O', 'O', 'O', 'O', 'O', 'O', 'O', 'O', 'O', 'O', 'O', 'O', 'O', 'O', 'O', 'O', 'O', 'O', 'O', 'O', 'O', 'O', 'O', 'O', 'O', 'O', 'O', 'O', 'O', 'O']"
"['.', 'exposure', 'of', 'source', 'the', 'to', 'proximity', '’s', 'entity', 'as', 'the', 'well', 'the', 'potential', 'the', 'and', 'source', 'potential', 'the', 'both', 'to', 'relate', 'datum', 'exposure']","['O', 'I-attr', 'I-attr', 'I-attr', 'I-attr', 'I-attr', 'B-attr', 'O', 'B-class', 'O', 'O', 'O', 'O', 'B-class', 'O', 'O', 'I-class', 'B-class', 'O', 'O', 'O', 'O', 'I-class', 'B-class']"
"['.', ')', 'Wide', 'Area', 'Network', '(', 'WAN', ')', 'for', 'remote', 'diagnostic', 'and', 'monitoring', 'from', 'operation', 'facility', '(', 'Bi', '-', 'directional', 'trafﬁc', 'software', 'from', 'between', 'two', '.', 'control']","['O', 'O', 'O', 'O', 'O', 'O', 'O', 'O', 'O', 'O', 'O', 'O', 'O', 'O', 'O', 'O', 'O', 'O', 'O', 'O', 'O', 'O', 'O', 'O', 'O', 'O', 'O']"
"['.', 'support', 'Qt', 'that', 'system', 'operating', 'the', 'all', 'with', 'run', 'must', 'it']","['O', 'O', 'O', 'O', 'O', 'O', 'O', 'O', 'O', 'O', 'O', 'O']"
"['on', 'select', 'and', 'use', 'different', 'the', 'to', 'information', 'present', 'take', 'into', 'account', '.', 'the']","['O', 'O', 'O', 'O', 'O', 'O', 'O', 'O', 'O', 'O', 'O', 'O', 'O', 'O']"
"['fact', 'information', 'that', 'system', 'system', '.', 'the']","['O', 'I-attr', 'O', 'B-class', 'I-class', 'O', 'O']"
"['.', 'HTTPS', 'with', 'link', 'browser', 'link', 'initiate', 'or', 'search', 'by', 'user', 'a', 'select', 'to', 'to', 'Administrator', 'prompt', 'system', ';', 'process', 'user', 'remove', 'the', 'the', 'web', 'a', 'via', '.', 'system', 'the', 'within', 'create', 'be', 'account', 'remove']","['O', 'O', 'O', 'O', 'O', 'O', 'O', 'O', 'O', 'O', 'B-class', 'O', 'O', 'O', 'O', 'B-class', 'O', 'O', 'O', 'O', 'O', 'O', 'O', 'O', 'O', 'O', 'O', 'O', 'O', 'O', 'O', 'O', 'O', 'I-class', 'O']"
"['system', 'table', 'to', 'find', 'the', 'user', 'and', 'verify', 'the', 'user', '’s', 'existence', '.', 'the']","['B-class', 'O', 'O', 'O', 'O', 'B-class', 'O', 'O', 'O', 'B-class', 'O', 'O', 'O', 'O']"
"['a', 'user', 'deal', 'perform', 'of', 'any', 'the', 'requirement', 'in', 'the', 'third', 'option', '(', 'i.e.', 'the', 'most', 'count', 'stringent', 'imply', 'that', 'the', 'System', 'must', 'not', 'include', 'such', 'case', 'in', ')', 'that', 'a', 'or', 'if']","['O', 'B-class', 'O', 'O', 'O', 'O', 'O', 'O', 'O', 'O', 'O', 'O', 'O', 'O', 'O', 'O', 'O', 'O', 'O', 'O', 'O', 'O', 'O', 'O', 'O', 'O', 'B-class', 'O', 'O', 'O', 'O', 'O', 'O']"
"['command', 'contain', 'the', 'same', 'general', 'structure', ':', 'identiﬁcation', ':', ';', 'Command_ID', ';', 'cause', 'and', 'control', 'across', 'intelligent', 'channel', 'would', 'be', 'responsible', 'for', 'the', 'conversion', 'the']","['B-class', 'O', 'O', 'O', 'O', 'O', 'O', 'B-attr', 'O', 'O', 'B-attr', 'O', 'O', 'O', 'B-class', 'O', 'O', 'O', 'O', 'O', 'O', 'O', 'O', 'O', 'O']"
"['program', 'will', 'take', 'maximum', 'care', 'in', 'this', 'form', 'and', 'validation', 'table', 'as', 'it', 'become', 'a', 'vital', 'transaction', 'to', 'be', 'capture', '.', 'in']","['B-class', 'O', 'O', 'O', 'O', 'O', 'O', 'O', 'O', 'O', 'O', 'O', 'O', 'O', 'O', 'O', 'B-class', 'O', 'O', 'O', 'O', 'O']"
"['.', 'can', 'effectively', 'support', 'activity', 'in', 'OM', 'and', 'other', 'PHIN', 'support', 'functional', '.', 'operational']","['O', 'O', 'O', 'O', 'B-class', 'O', 'O', 'O', 'O', 'O', 'O', 'O', 'O', 'O']"
"['.', 'drive', 'usb', 'another', 'via', 'up', 'system', 'the']","['O', 'O', 'O', 'O', 'O', 'O', 'O', 'O']"
"['should', 'be', 'note', 'that', 'number', 'opi', 'both', 'on', 'which', 'be', 'willing', 'to', 'establish', 'communication', 'with', 'an', 'arbitrary', 'number', 'of', 'client', '.', 'Channel']","['O', 'O', 'O', 'O', 'O', 'O', 'O', 'O', 'O', 'O', 'O', 'O', 'O', 'O', 'O', 'O', 'O', 'O', 'O', 'B-class', 'O', 'O']"
"['follow', 'table', 'depict', 'the', 'mapping', 'of', 'the', 'requirement', 'in', 'section', '3', 'to', 'their', 'DII', 'corresponding', 'with', 'in', 'responsible', 'for', 'distribution', 'of', 'the', 'XS', 'product', 'to', 'system', 'developer', '.', 'the']","['O', 'O', 'O', 'O', 'O', 'O', 'O', 'O', 'O', 'O', 'O', 'O', 'O', 'O', 'O', 'O', 'O', 'O', 'O', 'O', 'O', 'O', 'O', 'O', 'O', 'B-class', 'I-class', 'O', 'O']"
"['.', '2009', 'Feb', 'on', 'create', 'study', 'all', ',', 'choosing', ';', '’', 'the', 'of', 'home', 'private', 'on', 'base', 'study', 'all']","['O', 'O', 'O', 'O', 'O', 'B-class', 'O', 'O', 'O', 'O', 'O', 'O', 'O', 'I-class', 'B-class', 'O', 'O', 'B-class', 'O']"
"['datum', 'initiate', 'be', 'protection', 'the', 'train', '.', 'the']","['B-attr', 'O', 'O', 'I-class', 'O', 'B-class', 'O', 'O']"
"['.', 'message', 'error', 'consistent', 'shall', 'utilize', 'interchangeable', 'create', 'shall', 'system', 'the']","['O', 'O', 'O', 'O', 'O', 'O', 'O', 'O', 'O', 'O', 'O']"
"['SetStatus', ';', 'setconfiguration']","['O', 'O', 'O']"
"['the', 'level', 'of', 'detail', 'or', 'the', 'of', 'location', ';', 'contact', 'no', ';', 'Email', 'I', 'd', ';', 'Status', '(', 'active', '/', 'deactivate', ')', '.', 'all']","['O', 'O', 'O', 'O', 'O', 'O', 'O', 'B-attr', 'O', 'B-attr', 'I-attr', 'O', 'B-attr', 'I-attr', 'I-attr', 'O', 'B-attr', 'O', 'O', 'O', 'O', 'O', 'O', 'O']"
"['.', ')', 'requirement', '6', '2', 'page', 'on', '2.5.9', 'section', 'see', '(', 'sequencer', '-', 'and', 'one', 'which', 'will', 'sequencer', 'automatic', 'the', 'of', 'implementation', 'initial', 'the']","['O', 'O', 'O', 'O', 'O', 'O', 'O', 'O', 'O', 'O', 'O', 'O', 'O', 'O', 'O', 'O', 'O', 'O', 'O', 'O', 'O', 'O', 'O', 'O']"
"['directly', 'mean', 'be', 'may', 'Unit', 'Interface', 'Train', 'a', ',', 'necessary', 'where', ')', 'o', '(']","['O', 'O', 'O', 'O', 'I-class', 'I-class', 'B-class', 'O', 'O', 'O', 'O', 'O', 'O', 'O']"
"['.', '.', 'Operation']","['O', 'O', 'O']"
"[')', '.', 'equipment', 'cab', 'of', 'operate', 'within', 'a', 'temperature', 'and', 'aerial', 'the', ')', 'M', '(']","['O', 'O', 'I-class', 'B-class', 'O', 'O', 'O', 'O', 'O', 'O', 'O', 'O', 'O', 'O', 'O']"
"['-', 'test', ',', 'etc', '.', 'these']","['I-attr', 'I-attr', 'O', 'O', 'O', 'O']"
"['system', 'should', 'client', 'the', 'on', 'requirement', 'minimal', 'impose', 'must', 'and', 'system', 'base', '-', 'browser', 'through', 'access', 'for', 'design', 'be', 'the', 'of', '""', 'Investigation', 'then', 'base', 'on', 'the', 'evidence', ',', 'fact', 'and', 'and', 'investigation', ',', 'police', 'shall', 'take', 'the', 'complaint', 'follow', 'police', 'with', 'complaint', 'edge', 'and', 'ease', 'the', 'day', 'to', 'day', 'operation', 'of', 'the', 'police', 'function', '.', 'citizen']","['O', 'O', 'O', 'O', 'O', 'O', 'O', 'O', 'O', 'O', 'O', 'O', 'O', 'O', 'O', 'O', 'O', 'O', 'O', 'O', 'O', 'O', 'O', 'O', 'O', 'O', 'O', 'B-attr', 'O', 'B-attr', 'O', 'O', 'B-attr', 'O', 'B-class', 'O', 'O', 'O', 'B-class', 'O', 'B-class', 'O', 'B-class', 'O', 'O', 'O', 'O', 'O', 'O', 'O', 'O', 'O', 'O', 'O', 'O', 'O', 'B-class']"
"['field', 'with', '*', 'be', 'mandatory', '!', 'the']","['O', 'O', 'O', 'O', 'O', 'O', 'O']"
"['.', 'erase', 'be', 'movement', 'block', 'of', 'number', 'great', 'with', 'file', 'the', 'of', 'statistic', 'player', 'the', ',', 'record', 'already', 'be', 'statistic', 'player', 'file', 'be', 'correctly', 'update', 'user', 'the']","['O', 'O', 'O', 'I-attr', 'I-attr', 'I-attr', 'B-attr', 'O', 'O', 'B-class', 'O', 'O', 'I-class', 'B-class', 'O', 'O', 'O', 'O', 'O', 'I-class', 'B-class', 'B-class', 'O', 'O', 'O', 'B-class', 'O']"
"['Code', '*', 'Master', 'every', 'during']","['I-attr', 'O', 'I-class', 'O', 'O']"
"['.', 'system', 'the', 'of', 'end', 'front', 'the', 'developer', 'be', 'whether', 'think', 'i.e.', ',', 'we', 'to', 'be', 'site', 'the', 'useful', 'how', 'and', ',', 'search', 'be', 'can', 'they', 'site', 'which', 'at', 'speed', 'the', ',', 'software', 'our', 'with', 'compatible', ',', 'safe', 'be', 'site', 'the', 'the', 'a', 'reasonably', 'up', 'a', 'when', 'database', 'its', 'in', 'website', 'torrent', 'the', 'query', 'now', 'will', 'system', '–', 'box', 'search', 'tick', 'tick', 'User']","['O', 'B-class', 'O', 'O', 'O', 'O', 'O', 'I-class', 'O', 'O', 'O', 'O', 'O', 'O', 'O', 'I-attr', 'I-attr', 'I-attr', 'I-attr', 'B-attr', 'O', 'O', 'I-attr', 'I-attr', 'I-attr', 'O', 'I-attr', 'I-attr', 'I-attr', 'B-attr', 'O', 'O', 'I-attr', 'I-attr', 'I-attr', 'B-attr', 'O', 'B-attr', 'O', 'B-class', 'O', 'I-attr', 'O', 'O', 'O', 'O', 'O', 'B-class', 'O', 'O', 'I-class', 'B-class', 'O', 'O', 'O', 'O', 'B-class', 'O', 'I-class', 'B-class', 'I-class', 'O', 'B-class']"
"['customer', 'a']","['B-class', 'O']"
"['information', 'subsystem', 'result', 'from', 'failure', 'to', 'successfully', 'complete', 'command', ',', 'error']","['O', 'B-class', 'O', 'O', 'O', 'O', 'O', 'O', 'B-class', 'O', 'B-class']"
"['Software', 'Plan', '(', 'SMP', ')', '.', 'preventative']","['O', 'O', 'O', 'O', 'O', 'O', 'O']"
"['support', 'OM', 'should', 'support', 'multiple', 'file', 'format', 'for', 'import', 'and', 'export', 'such', ',', 'possible', 'event', 'across', 'system', 'support', 'OM', ';', 'however', ',', 'it', 'be', 'require', 'that', 'vocabulary', 'standard', 'be', 'use', 'when', 'exchange', 'datum', '.', 'use', 'health', 'be', 'that', 'at', 'all', 'level', 'of', 'public', 'health', '(', 'e.g.', ',', 'national', ',', 'state', ',', 'local', ')', '.', 'it']","['O', 'O', 'O', 'O', 'O', 'O', 'O', 'O', 'O', 'O', 'O', 'O', 'O', 'O', 'I-class', 'O', 'B-class', 'O', 'O', 'O', 'O', 'O', 'O', 'O', 'O', 'O', 'B-class', 'I-class', 'O', 'O', 'O', 'O', 'B-attr', 'O', 'O', 'B-class', 'O', 'O', 'O', 'O', 'B-attr', 'O', 'B-class', 'I-class', 'O', 'O', 'O', 'O', 'O', 'O', 'O', 'O', 'O', 'O', 'O']"
"['.', 'disappear', 'Menu']","['O', 'O', 'O']"
"['shall', 'be', 'possible', 'to', 'text', 'be', 'shall', 'driver', 'breaker', 'shall', 'be', 'provide', 'separately', 'and', 'circuit', 'in', '.', 'the']","['O', 'O', 'O', 'O', 'I-class', 'O', 'O', 'B-class', 'I-attr', 'O', 'O', 'O', 'O', 'O', 'B-attr', 'O', 'O', 'O']"
"['i', ')', 'the', 'logical', 'architecture', 'of', 'an', 'specific', 'requirement', 'detail', '7', 'this']","['O', 'O', 'O', 'O', 'O', 'O', 'O', 'O', 'O', 'O', 'O', 'O']"
"['""', '.', 'animal', 'or', ',', 'place', 'descriptor', ',', ',', ',', 'e.g.', '(', 'time', 'and', 'date', 'relevant', 'and', ',', ')', 'number', 'slip', 'package', ',', 'number', 'serial', 'e.g.', '(', 'number', 'identification', 'address', 'to', 'organization', 'person', 'OM', 'an', 'in', 'involve', 'object', 'any', 'for', 'datum', 'capture', 'to', 'capability', 'the', 'have', 'must', 'OM', 'support', 'system']","['O', 'O', 'B-class', 'O', 'O', 'B-class', 'I-attr', 'O', 'O', 'O', 'O', 'O', 'B-attr', 'O', 'B-attr', 'O', 'O', 'O', 'O', 'O', 'O', 'O', 'O', 'O', 'O', 'O', 'O', 'I-attr', 'B-attr', 'B-attr', 'O', 'B-class', 'B-class', 'O', 'O', 'O', 'O', 'B-class', 'O', 'O', 'B-attr', 'O', 'O', 'O', 'O', 'O', 'O', 'O', 'O', 'B-class']"
"['.', 'event', 'health', 'a', 'for', 'definition', 'case', 'the', 'record', 'to', 'ability', 'the', 'should', 'to', 'area', 'the', '(', 'event', 'of', 'category', 'the', ',', 'investigation', 'the', 'for', 'reason', 'the', 'include', ',', 'capture', 'be', 'should', 'event', 'health', 'the', 'e.g.', 'geographic', 'environmental', 'infectious', ',', 'focus', 'investigation', 'or', ')', 'know', 'if', '(', 'agent', 'suspect', 'the', ',', 'begin', 'event', 'the', 'date', 'the', ',', ')', ',', 'capture', 'change', 'to', 'of', 'part', 'a', 'as', 'travel', 'local', '’s', 'person', 'a', 'include', 'history', 'travel', 'of', 'example']","['O', 'I-class', 'B-class', 'O', 'O', 'I-attr', 'B-attr', 'O', 'O', 'O', 'O', 'O', 'O', 'O', 'I-attr', 'O', 'O', 'I-attr', 'I-attr', 'B-attr', 'O', 'O', 'I-attr', 'I-attr', 'I-attr', 'B-attr', 'O', 'O', 'O', 'O', 'O', 'O', 'I-class', 'B-class', 'O', 'O', 'B-attr', 'O', 'O', 'O', 'I-attr', 'B-attr', 'O', 'O', 'O', 'O', 'O', 'I-attr', 'B-attr', 'O', 'O', 'I-attr', 'I-attr', 'I-attr', 'B-attr', 'O', 'O', 'O', 'O', 'O', 'O', 'O', 'O', 'O', 'O', 'O', 'I-class', 'B-class', 'O', 'B-class', 'O', 'O', 'I-class', 'B-class', 'O', 'O']"
"[')', 'UTC', '.', 'TBD']","['O', 'O', 'O', 'O']"
"['.', 'functionality', 'and', ',', 'error', ',', 'should', 'completeness', 'program', 'observe', 'test', 'to', 'astronomer', 'the', 'enable', 'to', 'for', 'function', 'within', 'the', 'the', 'within', 'use', 'simulated', 'for', 'support', 'provide', 'must', 'software', 'control', 'all', ';', 'system', 'Gemini', 'the', 'of', 'environment', 'telescope', 'virtual', 'telescope', 'must', 'be', 'software', 'to', 'possible', 'be', 'must', 'it', 'time', 'observe', 'available', 'queue', 'the', 'use', 'the', 'maximize', 'to', ';', 'datum', 'calibration', 'and', 'of', 'all', 'of', 'the', 'observe', 'preprogrammed', 'of', 'form', 'the', 'in', 'be', 'would', 'these']","['O', 'O', 'O', 'O', 'O', 'O', 'O', 'O', 'O', 'O', 'O', 'O', 'B-class', 'O', 'O', 'O', 'O', 'O', 'O', 'O', 'O', 'O', 'O', 'O', 'O', 'O', 'O', 'O', 'O', 'O', 'O', 'O', 'O', 'O', 'O', 'O', 'O', 'O', 'O', 'O', 'O', 'O', 'O', 'O', 'O', 'O', 'O', 'O', 'O', 'O', 'O', 'O', 'O', 'O', 'O', 'O', 'O', 'O', 'O', 'O', 'O', 'O', 'O', 'O', 'O', 'O', 'O', 'O', 'O', 'O', 'O', 'O', 'O', 'O']"
"['transmit', 'shall', 'equipment', 'to', 'be', 'drive', 'backwards', 'for', 'a', 'certain', 'distance', 'define', 'by', 'national', 'value', 'the']","['O', 'O', 'I-class', 'O', 'O', 'O', 'O', 'O', 'O', 'O', 'B-attr', 'O', 'O', 'B-attr', 'I-attr', 'O']"
"['.', 'terminate', 'to', 'authorise', 'be', 'he', 'which', 'call', 'established', 'terminate', 'be', 'possible', 'to', 'initiate', 'the', 'of', ')', 'recipient(s', 'intend', 'the', 'on', ':', 'depend', 'four', 'of', 'one', 'in', 'call', 'voice', 'outgoing', 'way', 'action', ';', 'call', 'the', 'with', 'provide', 'be', 'system', ':', 'call', 'a', 'initiate', ')', 'M', '(', ':', 'follow', 'as', 'necessary', 'information', 'to', 'set', 'an', 'provide', ':', 'indication', ';', ')', 'priority', 'be', ',', 'bearer', ',', 'number', 'eg', '(', 'call', 'up', 'type', 'audible', 'shall', 'another', ')', '11', 'section', 'see', '(', 'message', 'USSD', 'a', 'on', 'base', 'automatically', 'deregistere', 'be', 'register', 'or', 'send', 'by', 'the', 'Cab', 'to', 'call', 'originated', 'mobile', 'a', 'for', 'require', 'user', 'action', 'sequence', 'the', ')', 'M', '(']","['O', 'O', 'O', 'O', 'O', 'O', 'O', 'B-class', 'B-attr', 'O', 'O', 'O', 'O', 'O', 'O', 'O', 'I-attr', 'B-attr', 'O', 'O', 'O', 'O', 'O', 'O', 'O', 'O', 'O', 'I-class', 'B-class', 'O', 'O', 'O', 'O', 'B-attr', 'O', 'O', 'O', 'O', 'B-class', 'O', 'B-class', 'O', 'O', 'O', 'O', 'O', 'O', 'O', 'O', 'O', 'O', 'O', 'O', 'O', 'O', 'O', 'O', 'O', 'O', 'B-attr', 'O', 'O', 'B-attr', 'O', 'B-attr', 'O', 'O', 'B-class', 'O', 'I-attr', 'O', 'O', 'O', 'O', 'O', 'O', 'O', 'O', 'I-class', 'B-class', 'O', 'O', 'O', 'O', 'O', 'O', 'O', 'O', 'O', 'O', 'O', 'B-class', 'O', 'I-class', 'I-class', 'B-class', 'O', 'O', 'O', 'O', 'O', 'O', 'O', 'O', 'O', 'O']"
"['.', 'cart', 'shopping', 'the', 'will', 'into', 'add', 'to', 'able', 'be', 'also', 'will', 'customer', 'product', '3.1.2', 'clearly', 'the', 'will', 'customer', 'the']","['O', 'I-class', 'B-class', 'O', 'O', 'O', 'O', 'O', 'O', 'O', 'O', 'O', 'B-class', 'B-class', 'O', 'O', 'O', 'O', 'B-class', 'O']"
"['Citizen', 'Interface', 'module', 'of', 'the', 'cctns', 'act', 'as', 'a', 'conduit', 'get', 'information', 'or', 'acknowledgement', 'improve', 'overall', 'productivity', 'by', 'help', 'citizen', 'and', 'police', 'to', 'cut', 'short', 'the', 'drudgery', 'of', 'large', 'amount', 'of', 'it']","['O', 'O', 'O', 'O', 'O', 'O', 'O', 'O', 'O', 'O', 'O', 'O', 'O', 'O', 'O', 'O', 'O', 'O', 'O', 'O', 'O', 'O', 'O', 'O', 'O', 'O', 'O', 'O', 'O', 'O', 'O', 'O']"
"['validity', 'date', 'can', 'be', 'amend', 'or', 'use', 'Bar', 'of', 'form', '2', 'Digit', ')', 'approximately', 'each', 'batch', 'will', 'have', '10', 'voucher', ';', 'voucher', 'number', '(', '10', 'digit', ')', ';', 'Security', 'Code', ';', 'all', 'code', 'will', 'be', 'print', 'out', 'in', 'the', 'alter', '(', 'at', 'system', 'off', 'for', 'the', 'partner', ';', 'if', 'the', 'tear', 'off', 'voucher', 'slip', 'would', 'be', '-', 'stick', 'it', 'will', 'not', 'be', 'lose', 'on', 'attach', 'to', 'the', 'claim', 'form', 'by', 'the', 'then', 'tear', 'section', '-', 'level', 'only', 'by', 'the', 'authorized', 'user', ';', 'Voucher', 'will', 'also', 'have', 'MRP', '(', 'maximum', 'retail', 'price', ')', ';', 'Voucher', 'should', 'have', 'three', 'tear', 'off', 'portioned', 'slip', 'with', 'a', 'sub', 'the', 'VSP', 'number', ';', 'at', 'the', 'claim', 'processing', 'and', 'finally', 'for', 'the', 'payment', '.', 'such']","['B-attr', 'I-attr', 'O', 'O', 'O', 'O', 'O', 'B-class', 'O', 'O', 'O', 'O', 'O', 'O', 'O', 'B-class', 'O', 'O', 'O', 'B-class', 'O', 'B-attr', 'I-attr', 'O', 'O', 'O', 'O', 'O', 'B-attr', 'I-attr', 'O', 'O', 'B-class', 'O', 'O', 'O', 'O', 'O', 'O', 'O', 'O', 'O', 'B-class', 'O', 'O', 'O', 'B-class', 'O', 'O', 'O', 'O', 'O', 'B-class', 'O', 'O', 'O', 'O', 'O', 'O', 'O', 'O', 'O', 'O', 'O', 'O', 'O', 'O', 'B-class', 'I-class', 'O', 'O', 'O', 'O', 'O', 'O', 'O', 'O', 'O', 'O', 'B-attr', 'B-class', 'O', 'B-class', 'O', 'O', 'O', 'O', 'O', 'B-attr', 'I-attr', 'I-attr', 'O', 'O', 'B-class', 'O', 'O', 'O', 'O', 'O', 'O', 'B-class', 'O', 'O', 'O', 'O', 'O', 'I-attr', 'O', 'O', 'O', 'O', 'O', 'O', 'O', 'O', 'O', 'B-class', 'O', 'O']"
"['VSP', 'Master', 'Information', 'screen', 'should', 'have', 'a', 'provision', 'to', 'MSIU', 'VSP', 'particular', 'that', '.', 'but']","['O', 'O', 'O', 'O', 'O', 'O', 'O', 'O', 'O', 'O', 'B-class', 'O', 'O', 'O', 'O']"
"['.', 'experience', 'user', 'improve', 'to', 'technology', 'page', 'estimate', 'usage', 'pattern', 'the', 'all', 'host', ';', 'performance', 'and', 'scalability', 'for', 'server', 'web', 'of', 'capability', 'socket', 'HTTP', 'asynchronous', 'Leverage', ';', 'content', 'base', '/', 'manner', 'cache', 'for', 'use', 'and', 'configure', 'be', 'should', 'of', 'cache', 'a', ';', 'only', 'record', 'particular', 'this', 'for', 'hierarchical', 'result', 'of', 'most', '.', 'search', 'for', 'use', 'column', 'key', 'the', 'on', 'apply', 'be', 'should', 'index', 'Database', ';', 'search', 'use', 'frequently', 'detail', 'paged', 'additional', 'fetch', 'user', 'the', 'to', 'display', 'be', 'to', 'need', '.', 'that', 'the', 'only', 'fetch', 'should', 'search', 'the', ';', 'field', 'only']","['O', 'O', 'O', 'O', 'O', 'O', 'O', 'O', 'O', 'O', 'O', 'O', 'O', 'O', 'O', 'O', 'O', 'O', 'O', 'O', 'O', 'O', 'O', 'O', 'O', 'O', 'O', 'O', 'O', 'O', 'O', 'O', 'O', 'O', 'O', 'O', 'O', 'O', 'O', 'O', 'O', 'O', 'O', 'O', 'O', 'O', 'O', 'O', 'O', 'O', 'O', 'O', 'O', 'O', 'O', 'O', 'O', 'O', 'O', 'O', 'O', 'O', 'O', 'O', 'O', 'O', 'O', 'O', 'B-attr', 'O', 'O', 'O', 'B-class', 'O', 'O', 'O', 'O', 'O', 'O', 'O', 'O', 'O', 'O', 'O', 'O', 'O', 'O', 'O', 'O', 'O']"
"['of', 'telescope', ',', 'instrument', 'and', 'subsystem', 'available', 'can', 'carry', 'out', 'at', 'three', 'different', 'level', '.', 'there']","['O', 'B-class', 'O', 'B-class', 'O', 'B-class', 'O', 'O', 'O', 'O', 'O', 'O', 'O', 'B-attr', 'O', 'O']"
"['.', 'screen', 'local', 'the', 'have', 'of', 'a', 'be', 'screen', 'remote', 'the', 'that', 'requirement', 'no', 'duplicate', 'no', 'effect', 'on', 'voice', 'and', 'video', 'time', '-', 'real', 'a', 'need', 'also', 'might', 'observer', 'remote', 'a']","['O', 'O', 'O', 'O', 'O', 'O', 'O', 'O', 'O', 'O', 'O', 'O', 'O', 'O', 'O', 'O', 'O', 'O', 'O', 'O', 'O', 'O', 'O', 'O', 'O', 'O', 'O', 'O', 'I-class', 'B-class', 'O']"
"['a', 'management', 'system', 'or', 'from', 'train', 'memory', 'railway', '.', 'stationary', 'when', 'DMI', '.', 'enter']","['O', 'I-class', 'I-class', 'O', 'O', 'B-class', 'I-class', 'B-class', 'O', 'B-attr', 'O', 'B-class', 'O', 'O']"
"['.', 'illegal', 'not', 'be', 'this', 'the', 'that', 'subject', 'will', 'site', 'the', 'from', 'result', 'measure', 'safety', 'all', 'while']","['O', 'O', 'O', 'O', 'O', 'O', 'O', 'O', 'O', 'B-class', 'O', 'O', 'O', 'O', 'O', 'O', 'O']"
"['system', 'generate', 'of', 'the', 'follow', 'introduce', 'functionality', 'new', 'in', 'capability', 'compliance', 'HIPAA', 'follow', 'shall', 'system', 'the']","['B-class', 'O', 'O', 'O', 'O', 'O', 'O', 'O', 'O', 'O', 'O', 'O', 'O', 'O', 'B-class', 'O']"
"['.', 'matrix', 'treatment', 'on', 'base', 'only', 'Amount', 'be', 'claim', 'create', 'user', 'should', 'save', 'the', 'user', 'information', 'only', 'if', 'the', 'Password', 'and', 'to', 'Verify', 'value', 'be', 'equal', ';', 'the', 'system', 'should', 'not', 'allow', 'the', 'password', 'calculate', 'should', 'System', 'thump', 'the', 'get', 'should', 'staff', 'VSP', 'the', ';', 'form', 'claim', 'impression', 'manual', 'from', 'system', 'the', 'into', 'exactly', 'information', 'the', 'enter', 'should', 'user', 'the', 'from', 'the', 'patient', ';', 'complete', 'be', 'information', 'mandatory', 'the', 'if', 'only', 'claim', 'accept', 'only', 'System', ';', 'form', 'claim', 'the', 'on', 'slip', 'voucher', 'the', 'stick', 'should', 'and', 'system', 'the', 'entry', 'mandatory', '/', 'not', 'allow', '.', 'allow']","['O', 'I-class', 'B-class', 'O', 'O', 'O', 'I-attr', 'O', 'B-attr', 'O', 'B-class', 'O', 'O', 'O', 'B-attr', 'I-attr', 'O', 'O', 'O', 'B-attr', 'O', 'O', 'B-attr', 'O', 'O', 'O', 'O', 'O', 'B-class', 'O', 'O', 'O', 'O', 'I-attr', 'O', 'O', 'B-class', 'B-attr', 'O', 'O', 'O', 'I-class', 'B-class', 'O', 'O', 'I-class', 'I-class', 'I-attr', 'B-class', 'O', 'B-class', 'O', 'O', 'O', 'B-attr', 'O', 'O', 'O', 'B-class', 'O', 'O', 'O', 'B-class', 'O', 'O', 'O', 'O', 'O', 'O', 'O', 'O', 'B-class', 'O', 'O', 'B-class', 'O', 'I-class', 'B-class', 'O', 'O', 'O', 'B-class', 'O', 'O', 'O', 'O', 'B-class', 'O', 'O', 'O', 'O', 'O', 'O', 'O', 'O']"
"['.', 'command', ""'"", ';', 'receipt', 'of', ""'"", 'UA', 'be', ""'"", ""'"", 'physical', 'info', ""'"", 'on', 'new', 'channel', 'after', 'handover', 'unacceptable', 'the', 'confirm', 'through', 'user', 'trial', '.', '(']","['O', 'O', 'O', 'O', 'B-class', 'O', 'O', 'O', 'O', 'O', 'O', 'O', 'O', 'O', 'O', 'O', 'O', 'O', 'O', 'O', 'O', 'O', 'O', 'O', 'O', 'O', 'O']"
"['train', 'shall', 'be', 'the', 'supervise', 'its', 'static', 'and', 'dynamic', 'train', 'speed', 'to', 'from', 'send', 'text', 'the', 'possibility', 'to', 'select', 'the', 'language', ',', 'this', 'do', 'not', 'concern', 'non', 'pre', '-', 'defined', 'shall', 'driver', 'the', 'to', 'limit', ',', 'function', '4.3.7', 'the', 'indication', 'speed', 'provide', 'enable', 'the', 'driver', 'to', 'drive', 'at', 'shall', 'and', 'authority', 'movement', 'discrepancy', 'between', 'the', 'speed', 'show', 'to', 'the', 'driver', 'and', 'the', 'speed', 'use', 'for', 'supervision', 'of', 'the', 'permit', 'speed', 'without', 'define', 'the', 'indicate', 'braking', 'curve', 'and', 'the', 'permit', 'speed', 'allow', '.', 'this']","['B-class', 'O', 'O', 'O', 'O', 'O', 'B-class', 'I-class', 'I-class', 'I-class', 'I-class', 'O', 'O', 'O', 'B-class', 'O', 'O', 'O', 'O', 'O', 'B-attr', 'O', 'O', 'O', 'O', 'O', 'O', 'B-attr', 'I-attr', 'I-attr', 'O', 'B-class', 'O', 'O', 'I-attr', 'O', 'O', 'O', 'O', 'O', 'B-attr', 'O', 'O', 'O', 'B-class', 'O', 'O', 'O', 'O', 'O', 'I-class', 'B-class', 'O', 'O', 'O', 'B-attr', 'O', 'O', 'O', 'B-class', 'O', 'O', 'B-attr', 'O', 'O', 'O', 'O', 'O', 'B-attr', 'I-attr', 'O', 'O', 'O', 'O', 'B-attr', 'I-attr', 'O', 'O', 'B-attr', 'I-attr', 'O', 'O', 'O']"
"['redundancy', 'be', 'also', 'a', 'requirement', ',', 'to', 'prevent', 'a', 'single', 'failure', 'from', 'cause', 'the', 'loss', 'of', 'collect', 'datum', '.', 'system', 'datum']","['O', 'O', 'O', 'O', 'O', 'O', 'O', 'O', 'O', 'O', 'O', 'O', 'O', 'O', 'O', 'O', 'O', 'O', 'O', 'B-class', 'O']"
"['define', 'a', 'set', 'of', 'to', 'client', 'able', 'application', 'interoperability', 'between', 'application', '(', 'client', ')', 'and', 'database', '(', 'server', ')', 'of', 'different', 'manufacturer', 'so', 'that', 'an', 'be', 'allow', 'and', 'standard', 'two', 'phase', 'commit', 'tp', 'service', 'in', 'the', 'case', 'where', 'update', 'to', 'multiple', 'remote', 'database', 'need', 'and/or', 'to', ')', 'server', 'processing', '(', 'and', 'a', 'mapping', 'of', 'SQL', 'command', 'to', 'these', 'service', '.', 'RDA']","['O', 'O', 'O', 'O', 'O', 'O', 'O', 'O', 'O', 'O', 'O', 'O', 'O', 'O', 'O', 'O', 'O', 'O', 'O', 'O', 'O', 'O', 'O', 'O', 'O', 'O', 'O', 'O', 'O', 'O', 'O', 'O', 'O', 'O', 'O', 'O', 'O', 'O', 'O', 'O', 'O', 'O', 'O', 'O', 'O', 'O', 'O', 'O', 'O', 'O', 'O', 'O', 'O', 'O', 'O', 'O', 'O', 'O', 'O', 'O', 'O']"
"['.', 'telescope', 'the', 'of', 'all', 'follow', 'special', 'requirement', 'the']","['O', 'O', 'O', 'O', 'O', 'O', 'O', 'O', 'O']"
"['driver', 'shall', 'select', 'an', 'override', 'control', 'accord', 'to', 'the', 'permission', 'receive', '.', 'the']","['B-class', 'O', 'O', 'O', 'O', 'O', 'O', 'O', 'O', 'O', 'O', 'O', 'O']"
"['text', 'equivalent', 'for', 'non', '-', 'text', 'medium', 'on', 'alternative', '171', '9241', '.', 'property', 'user', 'interface', 'should', 'be', 'design', 'size', 'to', 'they', 'user', '-', 'intuitive', '.', 'the']","['O', 'O', 'O', 'O', 'O', 'O', 'O', 'O', 'O', 'O', 'O', 'O', 'B-class', 'O', 'O', 'O', 'O', 'O', 'O', 'O', 'O', 'O', 'O', 'O', 'O', 'O']"
"['modus', ',', 'case', '.', 'it']","['B-attr', 'O', 'B-class', 'O', 'O']"
"['of', 'the', 'interlock', 'system', 'be', 'find', 'in', 'the', 'Mount', 'Control', 'System', 'Package', 'minimize', 'hard', 'system', 'themselves', 'into', 'safe', 'state', 'to', 'protect', 'people', 'and', 'move', 'equipment', 'i.e.', 'if', 'there', 'be', 'a', 'failure', 'in', 'the', '(', 'to', 'able', 'be', 'to', 'detect', 'such', 'danger', 'and', 'report', 'it', 'appropriately', '.', 'in']","['O', 'O', 'O', 'O', 'O', 'O', 'O', 'O', 'O', 'O', 'O', 'O', 'O', 'O', 'B-class', 'O', 'O', 'O', 'B-class', 'O', 'O', 'O', 'O', 'O', 'B-class', 'O', 'O', 'O', 'O', 'O', 'O', 'O', 'O', 'O', 'O', 'O', 'O', 'O', 'O', 'O', 'O', 'O', 'O', 'O', 'O', 'O', 'O']"
"['requirement', 'be', 'broadly', 'define', 'because', 'they', 'span', 'all', 'phin', 'functional', 'area', '.', 'these']","['O', 'O', 'O', 'O', 'O', 'O', 'O', 'O', 'O', 'O', 'O', 'O', 'O']"
"['storage', 'of', 'raw', 'datum', 'in', 'memory', 'on', 'different', 'node', 'and', 'in', 'different', 'format', 'should', 'be', 'keep', 'to', 'do', 'time', 'assessment', 'datum', 'small', 'a', 'bottleneck', 'as', 'possible', 'for', 'data', 'acquisition', 'as', '.', ',', 'raw', 'datum', 'will', 'be', 'acquire', 'and', 'store', 'Normally']","['O', 'O', 'O', 'O', 'O', 'O', 'O', 'O', 'O', 'O', 'O', 'O', 'O', 'O', 'O', 'O', 'O', 'O', 'O', 'O', 'O', 'O', 'O', 'O', 'O', 'O', 'O', 'O', 'O', 'O', 'O', 'O', 'O', 'O', 'O', 'O', 'O', 'O', 'O', 'O']"
"['.', 'replace', 'meaning', 'in', 'this', 'operation', ',', 'particular', 'in']","['O', 'O', 'O', 'O', 'O', 'O', 'O', 'O', 'O']"
"['shall', 'be', 'shall', 'have', '4.6.12', 'trip', 'shall', 'not', 'influence', 'the', 'traction', 'unit(s', ')', 'with', 'in', '-', 'operative', 'cab', '.', 'the']","['O', 'O', 'O', 'O', 'O', 'I-class', 'O', 'O', 'O', 'O', 'B-class', 'I-class', 'I-class', 'O', 'O', 'O', 'O', 'O', 'O', 'O']"
"['time', 'and', 'date', 'exposure', ',', 'address', 'and', 'name', '’s', 'contact', ',', 'ID', 'Contact', ',', 'ID', 'Subject', ',', 'type', '’s', ',', 'epi', 'health', ',', '.', 'event', 'health', 'of', 'investigation', 'exposure', 'the', 'in', 'assist', 'to', 'collect', 'be', 'must', 'datum', 'Epi']","['I-attr', 'I-attr', 'I-attr', 'B-attr', 'O', 'B-attr', 'O', 'B-attr', 'O', 'B-class', 'O', 'I-attr', 'B-attr', 'O', 'I-attr', 'B-attr', 'O', 'B-attr', 'O', 'O', 'I-attr', 'B-attr', 'O', 'O', 'I-class', 'B-class', 'O', 'I-class', 'B-class', 'O', 'O', 'O', 'O', 'O', 'O', 'O', 'I-attr', 'B-attr']"
"['.', 'search', 'the', 'the', 'for', 'req-3', 'there', 'and', 'seed', 'of', '.', 'no', 'the', 'retrieve', 'will', 'Query', ':', 'req-4', ';', 'search', 'the', ':', 'in', 'torrent', 'include', 'to', 'choose', 'to', 'user', 'the', 'allow', 'to', 'box', 'tick', 'a', 'be', 'will', 'search', 'peer', 'result', 'set', '.', 'webpage', 'the', 'for', 'link', 'a', 'and', 'post', 'date', ',', 'size', ',', ',', 'seed', 'user']","['O', 'B-class', 'O', 'O', 'O', 'O', 'O', 'I-attr', 'I-attr', 'I-attr', 'I-attr', 'B-attr', 'O', 'O', 'O', 'B-class', 'O', 'O', 'O', 'B-class', 'O', 'O', 'O', 'O', 'O', 'O', 'O', 'O', 'B-class', 'O', 'O', 'O', 'I-class', 'B-class', 'O', 'O', 'O', 'O', 'I-attr', 'B-class', 'O', 'O', 'B-class', 'O', 'O', 'B-attr', 'O', 'O', 'I-attr', 'B-attr', 'O', 'B-attr', 'O', 'O', 'B-attr', 'B-class']"
"['processing', 'consist', 'of', 'some', 'combination', 'of', 'a', 'standard', 'set', 'of', 'function', ';', 'Databases', 'be', 'channel', 'access', 'server', 'or', 'not', 'they', 'use', 'channel', 'access', '.', 'channel']","['O', 'O', 'O', 'O', 'O', 'O', 'O', 'O', 'O', 'O', 'O', 'O', 'O', 'O', 'B-class', 'I-class', 'I-class', 'O', 'O', 'O', 'O', 'O', 'O', 'O', 'B-class']"
"['.', 'later', 'redesign', 'of', 'layer', 'of', 'software', 'with', 'associate', 'normally', 'function', 'the', 'that', 'mean', 'control', 'remote']","['O', 'O', 'O', 'O', 'O', 'O', 'O', 'O', 'O', 'O', 'O', 'O', 'O', 'O', 'O', 'O']"
"['g.', '1.5', ':', 'acceleration', ';', 'mm', 'equipment', ':', 'european', '[', 'train', 'the', 'of', 'failure', 'of', 'event', 'the', 'in', 'hour', '6', 'of', 'period', 'a', 'for', 'operate', '’s', 'main', 'power', 'supply', '-', 'point', ')', 'o', '(', '):', '4.5.21', 'to', 'section', '(', 'cycle', 'follow', 'the', 'on', 'base', ',', 'see', 'standard', 'continue', 'radio', 'and', 'clearance', 'to', 'reference', 'with', 'ordination', '-', 'co', 'insulation', 'concern', ']', '1', 'part', '50124', 'pren', 'creepage', '.', '(']","['O', 'O', 'O', 'O', 'O', 'O', 'B-class', 'O', 'O', 'O', 'B-class', 'O', 'O', 'O', 'O', 'O', 'O', 'O', 'O', 'O', 'O', 'O', 'O', 'O', 'O', 'O', 'O', 'B-class', 'I-class', 'I-class', 'B-class', 'O', 'O', 'O', 'O', 'O', 'O', 'O', 'O', 'O', 'O', 'O', 'O', 'O', 'O', 'O', 'O', 'O', 'B-class', 'O', 'O', 'O', 'O', 'O', 'O', 'O', 'O', 'O', 'O', 'O', 'O', 'O', 'O', 'O', 'O', 'O', 'O']"
"['.', 'Telescopes', 'm', '8', 'Gemini', 'station', 'the', 'time', 'same', 'the', 'at', 'active', 'be', 'will', 'station', 'on', ',', 'different', 'kind', 'of', 'independently']","['O', 'O', 'O', 'O', 'O', 'I-class', 'O', 'O', 'O', 'O', 'O', 'O', 'O', 'O', 'I-class', 'O', 'O', 'O', 'O', 'O', 'O']"
"['sensitive', 'equipment', 'EMC', 'as', 'define', 'in', '[', 'ENV', '50121', 'part', '4', ']', '.', '(']","['O', 'O', 'O', 'O', 'O', 'O', 'O', 'O', 'O', 'O', 'O', 'O', 'O', 'O']"
"['present', 'early', '.', 'this']","['O', 'O', 'O', 'O']"
"['astronomical', 'information', 'such', 'on', 'that', 'requirement', 'a', 'a', 'requirement', 'that', 'point', 'to', 'point', 'video', 'be', 'available', 'between', 'Gemini', '8', 'm', 'Telescopes', 'operation', 'facility', '.', 'it']","['O', 'O', 'O', 'O', 'O', 'O', 'O', 'O', 'O', 'O', 'O', 'O', 'O', 'O', 'O', 'O', 'O', 'O', 'O', 'O', 'O', 'O', 'O', 'O', 'O']"
"['and', 'personnel', 'should', 'identify', 'than', 'to', 'collect', 'isolation', 'and', 'quarantine', 'monitoring', 'should', 'be', 'do', 'as', 'a', 'part', 'of', 'a', 'focused', 'countermeasure', 'administration', 'and', 'response', 'effort', ',', 'and', 'efficiently', 'up', 'when', 'datum', 'specific', 'to', 'the', 'particular', 'health', 'event', 'be', 'investigate', '.', 'policy']","['O', 'B-class', 'O', 'O', 'O', 'O', 'O', 'O', 'O', 'O', 'O', 'O', 'O', 'O', 'O', 'O', 'O', 'O', 'O', 'O', 'B-class', 'I-class', 'O', 'B-class', 'I-class', 'O', 'O', 'O', 'O', 'O', 'B-attr', 'O', 'O', 'O', 'O', 'B-class', 'I-class', 'O', 'O', 'O', 'B-class']"
"['clear', 'of', 'provision', 'writing']","['O', 'O', 'O', 'O']"
"['g.', 'level', '2.5', 'acceleration', ';', 'mm', '5', ':', 'amplitude', 'peak', ':', 'draft', 'maximum', 'the', '-', 'to', '-', 'peak', ';', 'Hz', '200', '-', '5', ':', 'range', 'frequency', ')', 'M', '(', 'peak', 'amplitude', ':', '7', 'withstand', 'shall', 'cab', 'train', 'the', 'to', 'external', 'following', 'mount', 'any']","['O', 'I-attr', 'O', 'O', 'O', 'O', 'O', 'O', 'O', 'O', 'O', 'O', 'B-attr', 'O', 'O', 'O', 'O', 'O', 'O', 'O', 'O', 'O', 'O', 'O', 'O', 'O', 'O', 'O', 'O', 'O', 'O', 'O', 'O', 'O', 'O', 'I-class', 'B-class', 'O', 'O', 'O', 'O', 'O', 'O']"
"['.', 'the', 'user', 'administrator']","['O', 'O', 'B-class', 'O']"
"['.', 'product', 'contain', '-', 'self', 'new', 'a', 'be', 'program', 'the']","['O', 'B-class', 'I-attr', 'I-attr', 'B-attr', 'O', 'O', 'O', 'B-class', 'O']"
"['o', 'event', ':', 'the']","['O', 'B-class', 'O', 'O']"
"['may', 'be', 'assist', 'through', 'the', 'use', 'of', 'data', '-', 'loss', 'compression', 'technique', '(', 'e.g.', 'JPEG', ',', '0.5', ')', 'every', 'rough', 'monitoring', 'camera', '.', 'the']","['O', 'O', 'O', 'O', 'O', 'O', 'O', 'O', 'O', 'O', 'O', 'O', 'O', 'O', 'O', 'O', 'O', 'O', 'O', 'O', 'O', 'O', 'O', 'O']"
"['.', 'coverage', 'provide', 'PLMN', 'next', 'the', 'with', 'register', 'network', 'selection', 'should', 'be', 'if', ')', 'o', '(']","['O', 'O', 'O', 'B-class', 'O', 'O', 'O', 'O', 'O', 'O', 'O', 'O', 'O', 'O', 'O', 'O']"
"['order', 'to', 'provide', 'an', 'signal', 'indication', 'the', 'status', 'of', 'the', 'heating', 'or', 'cool', 'unit', 'back', 'to', 'the', 'request', 'thermostat', 'of', ',', 'the', 'will', 'the', 'heating', 'or', 'cool', 'unit', 'will', 'be', 'generate', '.', 'since']","['O', 'O', 'O', 'O', 'B-class', 'O', 'O', 'B-attr', 'O', 'O', 'B-class', 'I-class', 'I-class', 'I-class', 'O', 'O', 'O', 'O', 'B-class', 'O', 'O', 'O', 'O', 'O', 'B-class', 'I-class', 'I-class', 'I-class', 'O', 'O', 'O', 'O', 'O']"
"['.', 'criterion', 'multiple', 'upon', 'base', 'search', 'analytical', 'for', 'map', 'allow', ',', 'graph', 'the', 'on', 'prophylaxis', 'or', 'vaccination', 'of', 'effect', 'the', 'and', 'curve', '-', 'epi', 'as', 'such', ',', 'datum', 'OM', 'illustrate', 'that', 'and', 'should', 'OM', 'support', 'OM', 'support', 'system']","['O', 'B-attr', 'O', 'O', 'O', 'I-class', 'B-class', 'O', 'B-class', 'O', 'O', 'B-class', 'O', 'O', 'B-class', 'O', 'B-class', 'O', 'O', 'O', 'O', 'I-attr', 'I-attr', 'B-attr', 'O', 'O', 'O', 'I-attr', 'B-attr', 'O', 'O', 'O', 'O', 'O', 'O', 'O', 'O', 'B-class']"
"['running', 'number', ';', 'the', 'STM', 'for', 'use', ';', 'train', 'gauge', ';', 'ready', 'to', 'board', 'on', 'or', 'when', 'enter', 'the', 'RBC', 'area', 'the']","['I-attr', 'I-attr', 'O', 'O', 'B-attr', 'I-attr', 'I-attr', 'O', 'B-attr', 'I-attr', 'O', 'I-attr', 'O', 'O', 'O', 'O', 'O', 'O', 'O', 'B-attr', 'I-attr', 'O']"
"['instrument', 'active', 'the', 'impact', 'adversely', 'to', 'action', 'permit', 'its', 'of', 'for', 'package', 'software', 'new', 'shall', 'queue', 'scheduling', 'the', 'of', 'existence', 'the']","['B-class', 'O', 'O', 'O', 'O', 'O', 'O', 'O', 'O', 'O', 'O', 'O', 'O', 'O', 'O', 'I-class', 'B-class', 'O', 'O', 'O', 'O']"
"['accessibility', ':', 'ISO', '9241', '-', '20', 'shall', 'be', 'the', 'the', 'equivalent', 'textual', 'description', 'alternative', 'access', 'path', 'for', 'navigate', 'to', 'a', ':', 'specific', 'of', 'content', 'should', 'be', 'offer', 'to', 'support', 'unit', 'path', 'access', 'alternative', 'the', 'navigation', 'structure', 'and', 'of', 'the', 'current', 'segment', 'position', 'with', 'respect', 'to', 'the', 'overall', 'structure', '.', 'offer']","['O', 'O', 'O', 'O', 'O', 'O', 'O', 'O', 'O', 'O', 'O', 'O', 'O', 'O', 'O', 'O', 'O', 'O', 'O', 'O', 'O', 'O', 'O', 'O', 'O', 'O', 'O', 'O', 'O', 'O', 'O', 'O', 'O', 'O', 'O', 'O', 'O', 'O', 'O', 'O', 'O', 'O', 'O', 'O', 'O', 'O', 'O', 'O', 'O', 'O']"
"['.', 'disappear', 'window', 'main', 'the', ',', 'select', 'be', '""', '""', '""', 'if']","['O', 'O', 'O', 'O', 'O', 'O', 'O', 'O', 'O', 'O', 'O', 'O']"
"['o', 'GSM', 'the', 'use', 'testing', '-', 'self', 'automatic', '.', 'initiate', 'radio', 'the', ',', 'on', 'switch', 'when', ')', 'shall', 'Cab', '14', 'in', 'text', ')', 'SMS', '(', 'short', 'incoming', 'store', 'and', 'display', ',', 'receive', 'to', 'able', 'be', 'shall', 'message', '(', 'see', 'section', 'define', 'as', 'communication', 'mode', 'shunt', 'support', 'shall', 'section', 'radio', 'the', ')', 'M', '(']","['O', 'O', 'O', 'O', 'O', 'O', 'O', 'O', 'O', 'O', 'B-class', 'O', 'O', 'O', 'O', 'O', 'O', 'O', 'B-class', 'O', 'O', 'O', 'O', 'O', 'O', 'O', 'O', 'O', 'O', 'O', 'O', 'O', 'O', 'O', 'O', 'O', 'O', 'O', 'O', 'O', 'O', 'O', 'O', 'O', 'O', 'O', 'O', 'O', 'I-class', 'O', 'O', 'O', 'O']"
"['Person', ';', 'click', 'Person', 'Sales']","['I-class', 'O', 'O', 'I-class', 'B-class']"
"['capacity', 'requirement', 'will', 'be', 'express', 'in', 'term', 'of', 'be', 'use', 'in', 'its', 'operation']","['O', 'O', 'O', 'O', 'O', 'O', 'O', 'O', 'O', 'O', 'O', 'O', 'O']"
"['installed', 'target', 'IOC', 'operating', 'system', '.', 'workstation', 'these']","['O', 'O', 'O', 'O', 'O', 'O', 'O', 'O']"
"['.', 'with', 'standard', 'define', 'in', '[', 'pren', '50125', ')', ']', 'test', 'define', 'in', '[', 'pren', '50155', ']', 'use', 'M', 'non', 'repetitive', 'mobile', 'equipment', 'shall', 'be', 'capable', 'of', 'be', 'subject', 'to', 'both', 'sinusoidal', 'and', 'random', 'vibration', '.', 'EIRENE', 'm.', '0.5', 'from', 'shock', 'of', 'up', 'to', '3', 'g', 'for', '-', 'up', '100ms', 'under', 'normal', 'condition', ';', 'free', 'fall', 'to', 'compliance', 'use', 'be', ')', 'guideline', 'concern', 'the', 'effect', 'of', 'GSM', 'emission', 'on', 'hear', 'aid', ',', 'pace', 'maker', 'and', 'i', '(']","['O', 'O', 'O', 'O', 'O', 'O', 'O', 'O', 'O', 'O', 'O', 'O', 'O', 'O', 'O', 'O', 'O', 'O', 'O', 'O', 'O', 'O', 'O', 'O', 'O', 'O', 'O', 'O', 'O', 'O', 'O', 'O', 'O', 'O', 'O', 'O', 'O', 'O', 'O', 'O', 'O', 'O', 'O', 'O', 'O', 'O', 'O', 'O', 'O', 'O', 'O', 'O', 'O', 'O', 'O', 'O', 'O', 'O', 'O', 'O', 'O', 'O', 'O', 'O', 'O', 'O', 'O', 'O', 'O', 'O', 'O', 'O', 'O', 'O', 'O', 'O', 'O']"
"['procedure', 'shall', 'read', 'the', 'initialization', 'value', 'not', 'valid', 'range', 'system', 'be', 'initialize', ',', 'it', 'shall', 'first', 'turn', 'off', 'all', 'the', 'heating', 'and', 'themas', 'cool', '.', 'then']","['O', 'O', 'O', 'O', 'B-class', 'I-attr', 'O', 'B-attr', 'I-attr', 'B-class', 'O', 'O', 'O', 'O', 'O', 'O', 'O', 'O', 'O', 'O', 'B-class', 'I-class', 'O', 'I-class', 'O', 'O']"
"['en', '301', '515', 'priority', ',', '[', '27', ']', ']', '.', 'the']","['O', 'O', 'O', 'I-attr', 'O', 'O', 'O', 'O', 'O', 'O', 'O']"
"['might', ',', 'however', ',', 'be', 'case', '(', 'for', 'example', ',', 'infrared', 'detector', ')', 'where', 'fast', '.', 'Standards', 'astronomical']","['O', 'O', 'O', 'O', 'O', 'O', 'O', 'O', 'O', 'O', 'B-class', 'I-class', 'O', 'O', 'O', 'O', 'O', 'O']"
"['document', 'will', 'help', 'the', 'system', 'in', 'development', 'to', 'understand', 'the', 'overall', 'and', 'detailed', 'function', 'of', 'every', 'small', 'team', 'the', ')', '(', 'reader', 'to', 'interface', 'all', 'transaction', 'detail', '.', 'e.g.']","['O', 'O', 'O', 'O', 'O', 'O', 'O', 'O', 'O', 'O', 'O', 'O', 'O', 'O', 'O', 'O', 'O', 'O', 'O', 'O', 'O', 'I-class', 'O', 'O', 'O', 'B-attr', 'I-attr', 'O', 'O']"
"['.', 'administer', 'be', 'have', 'that', 'countermeasure', 'for', 'message', 'and', 'preparedness', 'as', 'assess', '.', 'www.cdc.gov/phin', 'at', 'available', ',', 'Measures', 'Performance', 'Key', 'Preparedness', 'PHIN', 'in', 'describe', 'as', 'preparedness', 'assess', 'for', 'measure', 'performance', 'key', 'system']","['O', 'O', 'O', 'O', 'O', 'B-class', 'O', 'B-class', 'O', 'O', 'O', 'O', 'O', 'O', 'O', 'O', 'O', 'O', 'O', 'O', 'O', 'O', 'O', 'O', 'O', 'O', 'O', 'O', 'O', 'O', 'O', 'B-class']"
"['be', 'to', 'be', 'automatically', 'report', 'to', 'the', 'oc', 'via', 'the', 'up', ';', '-', 'during', 'a', 'module', 'for', 'fully', 'exercise', 'all', 'subsystem', 'component', ',', 'both', 'hardware', 'and', 'software', '.', 'this']","['O', 'O', 'O', 'O', 'O', 'O', 'O', 'O', 'O', 'O', 'O', 'O', 'O', 'O', 'O', 'O', 'O', 'O', 'O', 'O', 'B-class', 'I-class', 'O', 'O', 'B-attr', 'O', 'B-attr', 'O', 'O']"
"['display', 'window', '""', 'ok', '""', 'pushbutton', 'the', 'on', 'click', 'player', 'the']","['O', 'O', 'O', 'O', 'O', 'B-class', 'O', 'O', 'O', 'B-class', 'O']"
"['between', 'software', 'control', 'package', 'be', 'normally', 'do', 'via', 'interface', 'to', 'database', 'line', '.', 'this']","['O', 'O', 'O', 'O', 'O', 'O', 'O', 'O', 'O', 'O', 'I-class', 'I-class', 'O', 'O']"
"['.', 'it', 'on', 'count', 'a', 'make', 'automatically', 'would', 'system', 'the', 'the', 'same', 'on', ')', 'Partner', '/', 'Client', '(', 'patient', 'same', 'the', 'voucher', 'claim', 'from', 'same', 'same', 'the', 'and', 'message', 'warning', 'a', 'produce', 'automatically', 'should', 'system', 'the', 'then', ',', 'mismatching', 'Impression', 'Thump', 'of', 'time', 'two', 'than', 'more', 'have', 'VSP', 'for', 'the', 'mismatch', 'impression', 'capture', 'system', 'the']","['O', 'O', 'O', 'O', 'O', 'O', 'O', 'O', 'B-class', 'O', 'O', 'O', 'O', 'O', 'B-class', 'O', 'B-class', 'O', 'B-class', 'O', 'O', 'B-class', 'B-class', 'O', 'O', 'O', 'O', 'O', 'O', 'O', 'O', 'O', 'O', 'O', 'O', 'O', 'O', 'O', 'I-attr', 'I-attr', 'B-attr', 'O', 'O', 'O', 'O', 'O', 'O', 'B-class', 'O', 'O', 'O', 'I-attr', 'O', 'B-class', 'O']"
"['information', 'as', '’s', 'the', 'phase', 'identify', 'for', 'the', 'COE', 'be', 'the', 'follow', 'Relational', 'Database', 'engine', ':', 'sybase', ';', 'oracle', ';', 'Informix', '.', 'environment', 'design', 'or', 'commercial', 'of', 'the', 'COE', 'XS', 'architecture', '.', 'at']","['O', 'O', 'O', 'O', 'O', 'O', 'O', 'O', 'O', 'O', 'O', 'O', 'O', 'O', 'O', 'O', 'O', 'O', 'O', 'O', 'O', 'O', 'O', 'O', 'O', 'O', 'O', 'O', 'O', 'O', 'O', 'O', 'O']"
"['.', 'point', 'call', '-', 'multi', ';', 'call', 'point', '-', 'to', 'party', 'radio', 'be', 'be', 'device', 'external', 'the', 'when', 'time', 'the', 'at', 'ongoing', 'be', 'call', 'voice', 'and', 'implement', 'be', 'selection', 'attempt', 'to', 'trigger', 'a', 'network', 'and', 'driver', 'the', 'to', 'give', 'be', 'network', 'shall', 'visual', 'and', 'audible', 'an', ',', 'change', 'network', 'indication', 'change', 'direct', ')', ',', 'mechanism', 'trigger', 'external', 'an', 'by', 'initiate', 'be', 'shall', 'procedure', 'selection', 'network', 'direct', 'the', ',', 'which', 'instruct', 'the', 'Cab', 'M', '(']","['O', 'B-class', 'I-class', 'I-class', 'B-class', 'O', 'I-class', 'I-class', 'I-class', 'I-class', 'I-class', 'I-class', 'O', 'O', 'I-class', 'B-class', 'O', 'O', 'O', 'O', 'O', 'O', 'O', 'I-class', 'B-class', 'O', 'O', 'O', 'O', 'O', 'O', 'O', 'O', 'O', 'O', 'B-class', 'O', 'O', 'O', 'O', 'O', 'O', 'O', 'O', 'O', 'O', 'O', 'O', 'O', 'O', 'O', 'O', 'O', 'O', 'O', 'O', 'O', 'O', 'O', 'O', 'O', 'O', 'O', 'O', 'O', 'O', 'O', 'O', 'O', 'O', 'O', 'B-class', 'O', 'O']"
"['system', 'should', 'be', 'constantly', 'monitor', 'active', 'subsystem', 'to', 'be', 'sure', 'they', 'be', 'operate', 'correctly', 'before', 'send', 'command', 'error', 'or', 'error', 'of', 'availability', 'and', 'work', 'hour', 'constraint', ';', 'personnel', 'skill', 'personnel', 'level', ';', 'operating', 'and', 'support', 'cost', 'constraint', ';', 'target', 'constraint', 'maintenance']","['B-class', 'O', 'O', 'O', 'O', 'B-attr', 'B-class', 'O', 'O', 'O', 'O', 'O', 'O', 'O', 'O', 'O', 'O', 'O', 'O', 'O', 'O', 'O', 'O', 'O', 'O', 'O', 'O', 'O', 'O', 'O', 'O', 'O', 'O', 'O', 'O', 'O', 'O', 'O', 'O', 'O', 'O']"
"['record', '.', 'start', 'the', 'since', 'time', ';', 'start', 'the', 'since', 'movement', 'block', 'of', 'number', ':', 'game', 'the', 'during', 'record', 'be', 'statistic', 'follow', 'user', 'the']","['O', 'O', 'I-attr', 'I-attr', 'I-attr', 'B-attr', 'O', 'I-attr', 'I-attr', 'I-attr', 'I-attr', 'I-attr', 'I-attr', 'B-attr', 'O', 'B-class', 'O', 'O', 'O', 'O', 'O', 'O', 'B-class', 'O']"
"['incorporate', 'other', 'interface', ';', 'interface', 'Processing', ';', ':', 'Executive', 'Manager', ';', 'Multi', '-', 'media', 'Support', '.', 'it']","['O', 'O', 'O', 'O', 'O', 'O', 'O', 'O', 'O', 'O', 'O', 'O', 'O', 'O', 'O', 'O', 'O']"
"['system', 'constant', 'the', 'be', 'both', 'of', ',', 'to', 'avoid', 'unnecessary', 'compilation', '.', 'whether']","['B-attr', 'I-attr', 'O', 'O', 'O', 'O', 'O', 'O', 'O', 'O', 'O', 'O', 'O']"
"['.', 'number', 'store', 'a', 'with', 'association', 'M', 'initiate', 'priority', 'have', 'call', ',', 'entry', 'of', 'time', 'at', 'indicate', 'otherwise', 'unless', ')', 'M', '(', ':', 'call', 'follow', 'from', 'the', 'store', 'number', 'will', 'call', ',', 'default', 'by', ')', 'M', 'a', '(']","['O', 'I-attr', 'B-attr', 'O', 'O', 'O', 'O', 'O', 'O', 'O', 'B-class', 'O', 'O', 'O', 'O', 'O', 'O', 'O', 'O', 'O', 'O', 'O', 'O', 'O', 'O', 'O', 'O', 'B-class', 'I-class', 'O', 'B-class', 'O', 'O', 'O', 'O', 'O', 'O', 'O']"
"['be', 'VME', '/', 'VXI', 'base', 'chassi', 'contain', 'a', 'Motorola', '68xxx', 'processor', ',', 'various', 'i', '/', 'o', 'module', ',', 'Controller', 'be', 'document', 'the', 'epics', 'community', 'there', 'be', 'understand', 'to', 'be', 'an', 'the', 'informal', 'between', 'two', 'class', 'of', 'developer', ',', 'label', ""'"", 'distinction', 'within']","['O', 'O', 'O', 'O', 'O', 'O', 'O', 'O', 'O', 'O', 'O', 'O', 'O', 'O', 'O', 'O', 'O', 'O', 'O', 'O', 'O', 'O', 'O', 'O', 'O', 'O', 'O', 'O', 'O', 'O', 'O', 'O', 'O', 'O', 'O', 'O', 'B-class', 'O', 'O', 'O', 'O', 'O']"
"['function', '.', 'be', 'mainly', 'for', 'the', 'use', 'of', 'the', 'supervisor', 'of', 'the', 'with', 'themas', 'to', 'maintain', 'an', 'efficient', 'heating', 'and', 'cool', 'system', '.', 'the']","['O', 'O', 'O', 'O', 'O', 'O', 'O', 'O', 'O', 'B-class', 'O', 'O', 'O', 'O', 'O', 'O', 'O', 'O', 'B-class', 'I-class', 'I-class', 'I-class', 'O', 'O']"
"['will', '8', 'Gemini', 'the', 'to', 'status', 'information', 'or', 'bulk', 'datum', ',', 'not', 'control', 'ﬂow', '.', 'it']","['O', 'O', 'O', 'O', 'O', 'B-attr', 'I-attr', 'O', 'O', 'O', 'O', 'O', 'O', 'O', 'O', 'O']"
"['Damien', 'conduct', 'study', 'separate']","['O', 'O', 'B-class', 'O']"
"[',', 'process', 'determine', 'which', 'alarm', 'event', 'be', 'to', 'be', 'generate', '.', 'invalid']","['O', 'O', 'O', 'O', 'B-class', 'I-class', 'O', 'O', 'O', 'O', 'O', 'O']"
"['.', 'be', 'user', '.', 'a', 'filter', 'to', 'option', 'the', 'have', 'will', 'user', 'the']","['O', 'O', 'B-class', 'O', 'O', 'O', 'O', 'O', 'O', 'O', 'O', 'B-class', 'O']"
"['with', 'monitor', 'ﬁeld', ',', 'be', 'the', 'acquisition', 'of', 'astronomical', 'datum', 'in', 'digital', 'software', 'form', 'the', 'most', 'efﬁcient', 'way', '.', 'to']","['O', 'O', 'O', 'O', 'O', 'O', 'O', 'O', 'O', 'O', 'O', 'O', 'O', 'O', 'O', 'O', 'O', 'O', 'O', 'O']"
"['system', 'should', 'be', 'constantly', 'monitor', 'active', 'subsystem', 'to', 'be', 'sure', 'they', 'be', 'operate', 'correctly', 'before', 'send', 'during', 'in', 'perform', 'also', 'feasibility', 'check', 'to', 'help', 'ensure', 'effective', 'and', 'efﬁcient', 'use', 'of', 'the', 'telescope', '.', 'where']","['B-class', 'O', 'O', 'O', 'O', 'B-attr', 'B-class', 'O', 'O', 'O', 'O', 'O', 'O', 'O', 'O', 'O', 'O', 'O', 'O', 'O', 'O', 'O', 'O', 'O', 'O', 'O', 'O', 'O', 'O', 'O', 'O', 'B-class', 'O', 'O']"
"['-', 'look', 'datum', 'processing', 'should', 'deﬁne', 'should', 'be', 'synchronous', 'with', 'and', 'adaptation', 'to', 'these', 'package', 'must', 'be', 'compatibility', 'seek', 'EXTERNAL']","['O', 'O', 'O', 'O', 'O', 'O', 'O', 'O', 'O', 'O', 'O', 'O', 'O', 'O', 'O', 'O', 'O', 'O', 'O', 'O']"
"['totally', 'be', 'shall', 'system', 'the', ',', 'location', 'different', 'the', 'at', 'available', 'bandwidth', 'link', 'the', 'by', 'introduce', 'limitation', 'obvious', 'the', 'remote', 'transparent', 'as', ',', 'TCP', ',', 'ISDN', 'as', 'such', 'protocol', 'available', 'commercially', '/', 'of', 'take', 'will', 'we', ',', 'however']","['O', 'O', 'O', 'O', 'O', 'O', 'B-class', 'O', 'O', 'O', 'O', 'O', 'O', 'O', 'O', 'O', 'O', 'O', 'O', 'O', 'O', 'O', 'O', 'O', 'O', 'O', 'O', 'O', 'O', 'O', 'O', 'O', 'O', 'O', 'O', 'O', 'O', 'O']"
"['.', 'for', 'look', 'to', 'both', 'and', 'or', 'the', 'of', 'which', 'specify', 'can', 'user', 'the']","['O', 'O', 'O', 'O', 'O', 'O', 'O', 'O', 'O', 'O', 'O', 'O', 'B-class', 'O']"
"['the', 'follow', 'dimension', ':', 'a', 'height', 'be', 'of', 'and', 'a', 'width', 'of', '2x', '.', 'x', 'movement', 'state', 'overlapp', 'redo', 'can', 'user', 'the']","['O', 'O', 'B-attr', 'O', 'O', 'B-attr', 'O', 'O', 'O', 'O', 'B-attr', 'O', 'O', 'O', 'O', 'O', 'O', 'O', 'O', 'O', 'B-class', 'O']"
"['unit', 'the', 'if']","['I-attr', 'O', 'O']"
"['ensure', 'interoperability', ',', 'this', 'registry', 'provide', 'a', 'baseline', 'set', 'of', 'tag', 'develop', 'through', 'coordination', 'approval', 'to', 'requirement', 'the']","['O', 'O', 'O', 'O', 'B-class', 'O', 'O', 'O', 'O', 'O', 'B-class', 'O', 'O', 'O', 'O', 'O', 'O', 'O']"
[')'],['O']
"['could', 'be', 'do', 'at', '.', ';', 'repair']","['O', 'O', 'O', 'O', 'O', 'O', 'O']"
"[';', 'broadcast', 'to', 'communicate', 'through', 'the', 'route', '.', 'the']","['O', 'B-class', 'O', 'O', 'O', 'O', 'B-class', 'O', 'O']"
"['course', 'any', 'application', 'developer', 'would', 'be', 'crazy', 'to', 'ignore', 'tool', 'such', 'as', 'MEDM', '(', 'or', 'EDD', '/', 'DM', 'optional', 'contain', 'core', '.', 'Notation', 'Compiler', 'it', 'generate', 'a', 'c', 'program', 'that', 'State', 'represent', 'state', 'for', 'the', 'IOC', 'or', 'OPI', 'Sequencer', 'tool', 'the', 'SNC', ';', 'variable', 'list', 'of', 'static', ',', 'monitor', ',', 'and', 'control', 'element', '.', 'each']","['O', 'O', 'O', 'O', 'O', 'O', 'O', 'O', 'O', 'O', 'O', 'O', 'O', 'O', 'O', 'O', 'O', 'O', 'O', 'O', 'B-class', 'O', 'O', 'O', 'O', 'O', 'O', 'O', 'O', 'O', 'O', 'O', 'B-class', 'O', 'O', 'O', 'O', 'O', 'O', 'O', 'O', 'O', 'O', 'I-attr', 'O', 'O', 'B-class', 'I-class', 'I-class', 'I-class', 'I-class', 'I-class', 'I-class', 'O', 'O']"
"['be', 'particularly', 'important', 'for', 'frequently', 'access', ')', 'page', 'page', 'that', 'be', 'important', 'for', 'user', 'navigation', 'and', 'or', 'be', 'user', 'and', 'and', 'download', 'time', 'for', 'the', 'expect', 'range', 'of', 'the', 'technical', 'of', 'use', '(', 'e.g.', 'bandwidth', 'between', 'the', 'application', 'context', 'encompass', 'this']","['O', 'O', 'O', 'O', 'O', 'O', 'O', 'O', 'O', 'O', 'O', 'O', 'O', 'O', 'O', 'O', 'O', 'O', 'O', 'O', 'O', 'O', 'O', 'O', 'O', 'O', 'O', 'O', 'O', 'O', 'O', 'O', 'O', 'O', 'O', 'O', 'O', 'O', 'O', 'O', 'O']"
"['Telescope', 'Control', 'System', 'should', 'be', 'capable', 'of', 'detect', 'and', 'invoke', 'to', '3.1.1', '.', 'be', 'interface', 'or', 'at', 'the', 'message', 'system', 'level', '.', 'server', 'Fault']","['O', 'O', 'O', 'O', 'O', 'O', 'O', 'O', 'O', 'O', 'O', 'O', 'O', 'O', 'O', 'O', 'O', 'O', 'O', 'O', 'O', 'O', 'O', 'O']"
"['.', ']', '4', 'and', '2', '-', ')', '3', '2', ',', '1', 'part', '50121', 'ENV', '[', ',', 'protection', '’s', 'and', 'IEC', '[', 'in', 'define', 'as', 'test', 'electrical', 'pass', 'shall', 'radio', 'Cab', 'the', ')', 'M', '(']","['O', 'O', 'O', 'O', 'O', 'O', 'O', 'O', 'O', 'O', 'O', 'O', 'O', 'O', 'O', 'O', 'I-class', 'O', 'O', 'O', 'O', 'O', 'O', 'O', 'O', 'O', 'O', 'O', 'I-class', 'B-class', 'O', 'O', 'O', 'O']"
"['receiver', 'on', 'the', 'route', 'route', 'parameter', ',', 'a', '.', 'the']","['B-class', 'O', 'O', 'B-class', 'B-class', 'I-attr', 'O', 'O', 'O', 'O']"
"['.', 'radio', 'of', 'priority', 'and', 'indication', 'a', 'to', 'call', 'terminate', 'mobile', 'a', 'for', 'action', 'of', 'sequence', 'the']","['O', 'I-class', 'O', 'I-attr', 'O', 'B-class', 'O', 'O', 'I-class', 'I-class', 'B-class', 'O', 'O', 'O', 'O', 'O', 'O']"
"['case', 'where', 'there', 'to', 'be', 'to', 'be', 'all']","['O', 'O', 'O', 'O', 'O', 'O', 'O', 'O']"
"[']', 'i', 'compliance', 'to', 'the', 'list', 'of', 'normative', 'document', ')', 'summarise', '.', 'M', 'version', 'list', '.', '(']","['O', 'O', 'O', 'O', 'O', 'O', 'O', 'O', 'O', 'O', 'O', 'O', 'O', 'O', 'O', 'O', 'O']"
"['to', 'be', 'the', 'to', 'outline', 'rule', 'arbitration', 'the', 'apply', 'shall', 'radio', 'Cab', 'the']","['O', 'O', 'O', 'O', 'O', 'O', 'O', 'O', 'O', 'O', 'I-class', 'B-class', 'O']"
"['the', 'context', 'of', 'a', 'should', 'information', 'demographic']","['O', 'O', 'O', 'O', 'O', 'I-attr', 'B-attr']"
"['-', 'look', 'should', 'at', 'an', 'to', 'relate', 'acquire', 'datum', 'be', 'make', 'available', 'as', 'directly', 'as', 'possible', 'in', 'a', 'common', 'format', ',', 'and', 'that', 'all', 'additional', 'datum', 'be', 'that', 'usable', 'exposure', 'this']","['O', 'O', 'O', 'O', 'O', 'O', 'O', 'O', 'O', 'O', 'O', 'O', 'O', 'O', 'O', 'O', 'O', 'O', 'O', 'O', 'O', 'O', 'O', 'O', 'O', 'O', 'O', 'O', 'O', 'O', 'O']"
['the'],['O']
"['will', 'be', 'provide', 'in', 'IRIG', '.', '.', 'this']","['O', 'O', 'O', 'O', 'O', 'O', 'O', 'O']"
"['.', 'below', 'summarize', 'be', 'class', 'user', 'each', 'of', 'requirement', 'general', 'the']","['O', 'O', 'O', 'O', 'O', 'B-class', 'O', 'O', 'O', 'O', 'O']"
"['site', 'contribute', 'custom', 'CA', 'client', 'tool', 'as', 'this', 'generally', 'involve', 'C', 'or', 'C++', 'programming', 'under', 'Alamos', 'item', 'Los', 'group', 'Los', 'Alamos', 'AOT-8', 'ofﬁce', '.', 'two']","['O', 'O', 'O', 'O', 'O', 'O', 'O', 'O', 'O', 'O', 'O', 'O', 'O', 'O', 'O', 'O', 'O', 'O', 'O', 'O', 'O', 'O', 'O', 'O', 'O']"
"['worker', 'system', 'of', 'level', 'skill', '.', 'the']","['O', 'B-class', 'O', 'I-attr', 'B-attr', 'O', 'O']"
"['and', 'in', 'account', 'mechanism', 'provide', 'be', 'important', 'for', 'make', 'the', 'user', 'interface', 'more', 'also', 'accessible', 'different']","['O', 'O', 'O', 'O', 'O', 'O', 'O', 'O', 'O', 'O', 'O', 'O', 'O', 'O', 'O', 'O']"
"['.', 'am', 'and', 'those', 'permit', 'schedule', 'process', 'development', 'the', 'in', 'early', 'stakeholder', 'project', 'to', 'change', 'UI', 'of', 'mockup', 'demonstrate', 'must', 'Team', '.', 'the']","['O', 'O', 'O', 'O', 'O', 'I-class', 'O', 'O', 'O', 'O', 'O', 'I-class', 'B-class', 'O', 'I-attr', 'B-attr', 'O', 'B-class', 'O', 'O', 'I-class', 'O', 'O']"
"['.', 'range', 'search', 'wide', 'a', 'provide', 'to', 'update', 'easily', 'be', 'can', 'by', 'of', 'other', 'section', 'the', 'of', 'user', 'potential', 'the', 'by', 'use', 'be', 'also', 'will', 'it']","['O', 'O', 'O', 'O', 'O', 'O', 'O', 'O', 'O', 'O', 'O', 'O', 'O', 'O', 'O', 'O', 'O', 'B-class', 'O', 'O', 'O', 'O', 'O', 'O', 'O', 'O']"
"['Gemini', '8', 'm', 'Telescopes', 'software', 'must', 'be', 'able', 'to', 'interface', 'with', 'all', 'commercial', 'software', 'package', 'available', 'be', 'on', 'can', 'standard', '.', 'computer']","['O', 'O', 'O', 'O', 'O', 'O', 'O', 'O', 'O', 'O', 'O', 'O', 'O', 'O', 'O', 'O', 'O', 'O', 'O', 'O', 'O', 'O']"
"['.', 'term', 'search', 'the', 'on', 'base', 'database', 'its', 'in', 'website', 'will', 'they', 'name', 'to', 'the', 'allow', 'to', 'box', 'tick', 'a', 'be', 'will', 'there', ':', 'req-4', ';', 'search', 'the', 'user', 'in', 'host', 'video', 'include', 'to', 'choose', 'to', 'user', 'the', 'allow', 'to', 'box', 'tick', 'a', 'be', 'search', 'will', 'to', 'to', 'link', 'to', 'search', 'a', 'the', 'and', 'post', 'date', ',', 'length', ',', 'video', 'full', 'retrieve', 'choose', 'will', 'host', 'video', 'to', 'query', ':', 'req-5', ';', 'search', 'the', 'in', 'search', 'link', 'video', 'include', 'site', 'want', 'there', 'req-3', 'the', 'for', 'result', 'of', 'set', 'next', 'the', 'display', 'system', '–', 'button', 'page', 'next', 'on', 'search', 'click', '.', 'result', 'the', 'from', 'website', 'unselected', 'remove', 'system', '–', 'result', 'the', 'in', 'show', 'be', 'user']","['O', 'I-attr', 'B-attr', 'O', 'O', 'O', 'B-class', 'O', 'O', 'I-class', 'O', 'O', 'I-attr', 'O', 'O', 'O', 'O', 'I-class', 'B-class', 'O', 'O', 'O', 'O', 'O', 'O', 'O', 'B-class', 'O', 'B-class', 'O', 'O', 'O', 'O', 'O', 'O', 'O', 'B-class', 'O', 'O', 'O', 'I-class', 'B-class', 'O', 'O', 'O', 'O', 'O', 'O', 'B-attr', 'I-attr', 'B-class', 'O', 'I-attr', 'O', 'I-attr', 'B-attr', 'O', 'B-attr', 'O', 'I-attr', 'B-attr', 'O', 'O', 'O', 'I-class', 'B-class', 'O', 'B-class', 'O', 'O', 'O', 'B-class', 'O', 'O', 'O', 'O', 'O', 'O', 'I-class', 'O', 'O', 'O', 'O', 'O', 'B-class', 'O', 'O', 'O', 'O', 'O', 'B-class', 'O', 'I-class', 'I-class', 'B-class', 'O', 'B-class', 'O', 'O', 'B-class', 'O', 'O', 'B-class', 'B-attr', 'O', 'B-class', 'O', 'B-class', 'O', 'O', 'O', 'O', 'B-class']"
"[':', 'if', 'the', 'registered', 'tag', 'be', 'ORG_ID', ',', 'the', 'description', 'that', 'include', 'reference', 'the', 'that', 'External', 'express', 'tag', 'easily', 'find', 'the', 'term', 'they', 'might', 'consider', '""', 'natural', '""', 'in', 'the', 'definition', 'and', 'find', 'the', 'desirable', 'for', '.', 'Interfaces', 'the', 'the', 'Data', 'Item', 'Description', 'DI', '-', 'IPSC-81433', ')', 'define', 'these', 'interface', 'will', 'be', 'specify', 'during', 'the', 'design', 'of', 'for', '3.3', 'in', 'XS', 'SRS', 'be', 'define', 'as', 'interface', 'to', 'non', '-', 'coe', 'component', '.', 'detailed']","['O', 'O', 'O', 'O', 'O', 'O', 'O', 'O', 'O', 'O', 'O', 'O', 'O', 'O', 'O', 'O', 'O', 'B-class', 'O', 'O', 'O', 'O', 'O', 'O', 'O', 'O', 'O', 'O', 'O', 'O', 'B-attr', 'O', 'O', 'O', 'O', 'O', 'O', 'O', 'O', 'O', 'O', 'O', 'O', 'O', 'O', 'O', 'O', 'O', 'O', 'O', 'O', 'O', 'O', 'O', 'O', 'O', 'O', 'O', 'O', 'O', 'O', 'O', 'O', 'O', 'O', 'O', 'O', 'O', 'O', 'O', 'O', 'O', 'O']"
"['.', 'system', 'system', 'the', 'must', 'able', 'the', 'click', 'Person', 'Sales']","['O', 'O', 'O', 'O', 'O', 'O', 'O', 'O', 'I-class', 'B-class']"
"['more', 'general', 'case', ',', 'where', 'client', 'a', 'observer', 'be', 'present', 'on', 'site', 'and', 'the', 'client', 'science', 'the', 'with', 'interaction', 'queue', '-', 'base', ',', 'be', 'give', 'early', ',', 'and', 'assume', 'that', 'the', 'observe', 'program', 'can', 'be', 'execute', 'with', 'minimal', 'observe', 'astronomer', 'Telescopes', '8', 'this']","['O', 'O', 'O', 'O', 'O', 'O', 'O', 'I-class', 'O', 'O', 'O', 'O', 'O', 'O', 'B-class', 'B-class', 'O', 'O', 'O', 'O', 'O', 'O', 'O', 'O', 'O', 'O', 'O', 'O', 'O', 'O', 'O', 'O', 'O', 'O', 'O', 'O', 'O', 'O', 'O', 'I-class', 'O', 'O', 'O']"
"['require', 'field', 'as', 'in', '.', 'the']","['O', 'B-attr', 'O', 'O', 'O', 'O']"
"['level', 'in', 'will', 'the', ',', 'properly', 'defragmenter', 'on', 'a', 'periodic', 'basis', '.', 'this']","['O', 'O', 'O', 'O', 'O', 'O', 'O', 'O', 'O', 'O', 'O', 'O', 'O']"
"[')', 'be', 'to', 'be', 'software', 'below', 'the', 'IOC', 'level', ',', 'likely', 'SPS', '(', 'Standards', 'IOC', 'software', 'development', 'be', 'to', 'be', 'do', 'use', 'a', 'common', 'development', 'environment', ',', 'as', 'speciﬁed', 'in', 'the', 'Software', 'Programming', 'VxWorks', 'the', 'that', 'be', 'compatibility', 'with', 'the', 'goal', 'for', 'the', 'Gemini', 'Project', 'for', '.', 'the', 'same', 'time', ',', 'the', 'availability', 'of', 'cross', 'at']","['O', 'O', 'O', 'O', 'O', 'O', 'O', 'O', 'O', 'O', 'O', 'O', 'O', 'O', 'O', 'O', 'O', 'O', 'O', 'O', 'O', 'O', 'O', 'O', 'O', 'O', 'O', 'O', 'O', 'O', 'O', 'O', 'O', 'O', 'O', 'O', 'O', 'O', 'O', 'O', 'O', 'O', 'O', 'O', 'O', 'O', 'O', 'O', 'O', 'O', 'O', 'O', 'O', 'O', 'O', 'O']"
"[';', '""', '.', 'search', 'this', 'date', 'itself', 'download', 'req-6', 'display', 'will', 'page', 'result', 'a', ':', 'req-6', ';', 'second', '0.1', 'than', 'less', 'take', 'should', '100', 'result', ':', 'req-5', ';', 'display', 'be', 'not', 'will', 'seed', '0', 'with', 'result', 'torrent', 'any', ':', 'sort']","['O', 'O', 'O', 'B-class', 'O', 'B-attr', 'O', 'I-class', 'O', 'O', 'O', 'I-class', 'B-class', 'O', 'O', 'O', 'O', 'O', 'O', 'O', 'O', 'O', 'O', 'O', 'O', 'O', 'O', 'O', 'O', 'O', 'O', 'O', 'O', 'O', 'O', 'I-class', 'B-class', 'O', 'O', 'O']"
"['ﬁnal', 'purpose', 'of', 'the', 'Gemini', ',', 'many', 'other', 'datum', 'setup', 'and', 'control', 'telescope', 'and', 'instrument', '.', 'additionally']","['O', 'O', 'O', 'O', 'O', 'O', 'O', 'O', 'O', 'O', 'O', 'O', 'O', 'O', 'O', 'O', 'O']"
"['.', ']', '50153', 'EN', '[', 'radio', 'be', 'to', 'be', 'train', 'other', 'to', 'proximity', 'close', 'to', 'due', 'in', 'type', 'other', 'for', 'define', 'those', 'than', 'stringent', 'more', 'radio', 'withstand', 'define', 'equipment', 'M', '(']","['O', 'O', 'O', 'O', 'O', 'I-class', 'O', 'O', 'O', 'B-class', 'O', 'O', 'O', 'O', 'O', 'O', 'O', 'I-attr', 'O', 'O', 'O', 'O', 'O', 'O', 'O', 'B-attr', 'O', 'O', 'O', 'O', 'O']"
"['hour', ';', 'downtime', 'or', 'availability', ';', 'discard', 'attend', 'unattended', 'operation', ';', 'environment', '.', 'quantitative']","['O', 'O', 'O', 'O', 'O', 'O', 'O', 'O', 'O', 'O', 'O', 'O', 'O', 'O']"
"['be', 'access', 'test']","['O', 'O', 'O']"
"['be', 'transmission', 'quality', '-', ';', 'in', 'addition', ',', 'there', 'be', 'the', 'need', 'for', 'transmission', 'of', 'image', 'match', 'the', 'original', 'resolution', '.', 'this']","['O', 'O', 'O', 'O', 'O', 'O', 'O', 'O', 'O', 'O', 'O', 'O', 'O', 'O', 'O', 'O', 'O', 'O', 'O', 'O', 'O', 'O']"
"['of', 'object', 'be', 'record', 'access']","['O', 'O', 'O', 'O', 'O']"
"['.', 'level', 'operational', 'disjoint', 'several', 'of', 'one', 'in', 'be', 'exist', 'on', 'power', 'when', ',', 'system', 'Gemini', 'the']","['O', 'I-attr', 'B-attr', 'O', 'O', 'O', 'O', 'O', 'O', 'O', 'O', 'O', 'O', 'O', 'O', 'O', 'O']"
"['.', 'instrument', 'active', 'single', 'a', 'as', 'consider', 'be', 'only', '.', 'though', 'provide', 'telescope', 'm', '8', 'Gemini', 'the']","['O', 'O', 'O', 'O', 'O', 'O', 'O', 'O', 'O', 'O', 'O', 'O', 'O', 'O', 'O', 'O', 'O']"
"['.', 'language', 'such', 'other', 'or', 'PHP', 'server', 'second', 'long', '5', 'than', 'less', 'take', 'will', 'program', 'the', 'load']","['O', 'O', 'O', 'O', 'O', 'O', 'B-class', 'O', 'O', 'O', 'O', 'O', 'O', 'O', 'B-class', 'O', 'O']"
"['.', 'B4', 'B5', 'address', 'email', 'register', 'to', 'email', 'send', 'system']","['O', 'O', 'O', 'I-attr', 'I-attr', 'B-attr', 'O', 'O', 'O', 'O']"
"['location', 'calculate', 'shall', 'ETCS']","['B-attr', 'O', 'O', 'B-class']"
"['-', 'metric', '–', 'the', 'system', 'will', 'interface', 'with', 'the', 'thumb', 'purpose', '-', 'reader', 'for', 'verify', 'claim', 'form', 'use', 'by', 'the', 'client', '.', 'print', 'user', 'mark', '(', 'various', 'analytical', ',', 'medical', ',', 'financial', 'and', 'statistical', 'report', '.', 'provide', 'such']","['O', 'O', 'O', 'O', 'B-class', 'O', 'O', 'O', 'O', 'B-class', 'O', 'I-class', 'I-class', 'O', 'O', 'B-class', 'I-class', 'O', 'O', 'O', 'B-class', 'O', 'I-class', 'O', 'O', 'O', 'O', 'O', 'O', 'O', 'O', 'O', 'O', 'O', 'B-class', 'O', 'O', 'O']"
"['to', 'party', '-', '-', 'intend', 'to', 'provide', 'explanatory', 'note', '.', 'the']","['O', 'O', 'O', 'O', 'O', 'O', 'O', 'O', 'O', 'O', 'O']"
"['.', 'the', 'internet', 'GAMMA', 'J', 'play', 'and', 'plug', '""', 'a', 'on', 'implementation', '-', 'for', 'be', '1', 'version']","['O', 'O', 'O', 'O', 'O', 'O', 'O', 'O', 'O', 'O', 'O', 'O', 'O', 'O', 'O', 'O', 'O']"
"['.', '150ms', ',', 'namely', 'the', 'use', 'of', 'the', 'synchronous', 'authority', 'handover', 'to', 'reduce', 'the', 'break', 'period', 'to', 'about', 'capability', 'can', 'decide', 'whether', 'of', 'a', 'call', '[']","['O', 'O', 'O', 'O', 'O', 'O', 'O', 'O', 'O', 'B-class', 'O', 'O', 'O', 'O', 'O', 'O', 'O', 'O', 'O', 'O', 'O', 'O', 'O', 'O', 'B-class', 'O']"
"['command', 'must', 'be', 'acknowledge', 'in', 'a', 'positive', 'response', 'startup', 'order', 'in', 'a', 'conclusion', ',', 'the', 'Gemini', '8', 'm', 'Telescopes', 'as']","['O', 'O', 'O', 'O', 'O', 'O', 'O', 'O', 'B-attr', 'O', 'O', 'O', 'O', 'O', 'O', 'O', 'O', 'O', 'O', 'O']"
"['.', 'remote', 'site', 'the', 'to', 'connection', 'bandwidth', 'high', 'with', 'site', 'be', 'these', 'capability', 'super', 'would', '.', 'nightly', 'fact', 'in']","['O', 'O', 'O', 'O', 'O', 'O', 'O', 'O', 'O', 'O', 'O', 'O', 'O', 'O', 'O', 'O', 'O', 'O', 'O']"
"['shall', 'be', 'meet', 'base', 'on', 'full', 'power', 'Battery', 'during', 'and', 'assume', 'hourly', 'periodic', 'location', 'updating', '.', 'transmission', 'in', 'vibration', 'and', '55', '°', 'C', '.', '(']","['O', 'O', 'O', 'O', 'O', 'O', 'O', 'O', 'O', 'O', 'O', 'O', 'O', 'O', 'O', 'O', 'O', 'O', 'O', 'O', 'O', 'O', 'O', 'O', 'O']"
"['subsystem', 'which', 'be', 'relatively', 'inexpensive', 'to', 'support', 'as', 'be', 'to', 'acceptable', 'be', 'to', 'do', 'so', '.', 'full']","['B-class', 'O', 'O', 'O', 'O', 'O', 'O', 'O', 'O', 'O', 'O', 'O', 'O', 'O', 'O', 'O', 'O']"
"['.', 'telescope', 'the', 'be', 'of', 'cassegrain', 'the', 'on', 'mount', 'be', 'instrument', 'scientiﬁc', 'three', 'focus', 'thus', 'characterize', 'all', 'be', 'shall', 'instrument', 'mount', 'the', 'all', 'to', 'access', 'parallel']","['O', 'O', 'O', 'O', 'O', 'O', 'O', 'O', 'O', 'O', 'O', 'O', 'O', 'O', 'O', 'O', 'O', 'O', 'O', 'O', 'O', 'O', 'O', 'O', 'O', 'O']"
"['failure', 'to', 'apply', 'the', 'service', 'a', '.', 'the', 'transition', 'to', 'shunting', ';', 'train', 'supervision', 'of', 'datum', 'information', 'receive', 'from', 'national', 'train', 'control', 'and', 'confirmation', '’s', 'driver', 'information', 'shall', 'be', 'record', ':', 'any', 'transition', 'of', 'Level', 'and', 'of', 'operational', 'status', ';', 'the', 'system', 'follow', ';', 'speed', 'override', 'control', ';', 'override', 'of', 'the', 'the', 'route', 'function', ';', 'isolation', 'of', 'on', 'board', 'suitability', 'of', 'selection', ';', ';', 'full', 'service', 'brake', 'intervention', ';', 'emergency', 'brake', 'intervention', ';', 'apply', 'the', 'train', 'trip', 'function', 'actual', 'ETCS', 'the']","['O', 'O', 'O', 'O', 'B-class', 'O', 'O', 'O', 'I-attr', 'I-attr', 'I-attr', 'O', 'B-attr', 'I-attr', 'I-attr', 'I-attr', 'B-attr', 'O', 'O', 'B-class', 'I-class', 'I-class', 'O', 'B-attr', 'O', 'B-class', 'O', 'O', 'O', 'O', 'O', 'O', 'B-attr', 'I-attr', 'I-attr', 'I-attr', 'I-attr', 'I-attr', 'I-attr', 'O', 'O', 'I-class', 'O', 'O', 'I-attr', 'I-attr', 'I-attr', 'O', 'B-attr', 'I-attr', 'I-attr', 'I-attr', 'I-attr', 'I-attr', 'O', 'B-attr', 'O', 'B-class', 'I-class', 'I-attr', 'I-attr', 'B-attr', 'O', 'O', 'B-attr', 'I-attr', 'I-attr', 'I-attr', 'O', 'B-attr', 'I-attr', 'I-attr', 'O', 'O', 'O', 'B-attr', 'I-attr', 'I-attr', 'B-attr', 'I-class', 'O']"
"['.', 'support', 'be', 'shall', 'facility', 'dial', 'dialling', ')', 'M', '(', ':', 'call', 'follow', 'the', 'abbreviated', 'railway', 'information', '(', 'call', 'go', '-', 'on', 'an', 'in', 'be', 'radio', 'Cab', 'the', 'whilst', 'receive', 'be', 'call', 'incoming', ';', '(', 'M', ')', 'in', 'be', 'radio', 'Cab', 'the', 'whilst', 'call', 'an', 'a', 'to', 'attempt', 'user', 'radio', 'Cab', 'a', ';', 'initiate', ':', 'when', 'call', 'broadcast', ';', 'call', 'group', ';', 'call', 'emergency', 'call', ')', '(']","['O', 'O', 'O', 'O', 'O', 'B-class', 'O', 'O', 'O', 'O', 'O', 'B-class', 'O', 'O', 'O', 'B-class', 'I-class', 'O', 'B-class', 'I-attr', 'I-attr', 'B-attr', 'O', 'O', 'O', 'I-class', 'B-class', 'O', 'O', 'O', 'O', 'B-class', 'B-attr', 'O', 'O', 'O', 'O', 'O', 'O', 'I-class', 'B-class', 'O', 'O', 'B-class', 'O', 'O', 'O', 'O', 'I-class', 'I-class', 'B-class', 'O', 'O', 'O', 'O', 'O', 'B-class', 'B-class', 'O', 'I-class', 'B-class', 'O', 'I-class', 'B-class', 'I-class', 'O', 'O']"
"['Source', 'and', 'Target', 'ﬁeld', 'the', 'indicate', 'originator', 'and', 'the', 'recipient', 'for', 'the', 'command', ',', 'the', 'to', 'analogous', 'technique', 'monotonically', 'increase', 'and', 'function', 'as', 'a', 'timestamp', 'for', 'journalle', 'and', 'tracing', '.', 'this']","['O', 'O', 'O', 'O', 'O', 'O', 'O', 'O', 'O', 'O', 'O', 'O', 'B-class', 'O', 'O', 'O', 'O', 'O', 'O', 'O', 'O', 'O', 'O', 'O', 'O', 'O', 'O', 'O', 'O', 'O', 'O']"
"['.', 'information', 'follow', 'the', 'capture', 'should', 'system', 'the', 'entry', 'claim', 'the', 'during']","['O', 'O', 'O', 'O', 'O', 'O', 'B-class', 'O', 'O', 'O', 'O', 'O']"
"['.', 'second', 'backup', 'per', 'validate', 'card', 'shall', 'system', 'the']","['O', 'O', 'O', 'O', 'O', 'O', 'O', 'O', 'O']"
"['purpose', 'radio', ';', '7', '.', '6', 'equipment', '.', 'numbering', ';', '15', '.', 'direct']","['O', 'O', 'O', 'O', 'O', 'O', 'O', 'O', 'O', 'O', 'O', 'O', 'O']"
"['no', ';', 'no', 'efficiently', 'Batch', 'pick', 'master', 'screen', 'and', 'enter', 'the', 'new', 'Distributor', 'and', 'Salesman', 'detail', ',', 'without', 'close', 'the', 'present', 'screen', '.', 'while']","['I-attr', 'O', 'I-attr', 'O', 'B-attr', 'O', 'O', 'O', 'O', 'O', 'O', 'O', 'B-class', 'O', 'B-class', 'B-attr', 'O', 'O', 'O', 'O', 'O', 'O', 'O', 'O']"
"['requirement', 'be', 'of', '.', 'the', 'access', 'System', 'must', 'be', 'able', 'to', 'retrieve', 'and', 'display', 'within', 'within', '-', '8', 'second', 'the', 'case', 'which', 'have', 'be', '5', 'Splash']","['O', 'O', 'O', 'O', 'O', 'O', 'O', 'O', 'O', 'O', 'O', 'O', 'O', 'O', 'O', 'O', 'O', 'O', 'O', 'O', 'B-class', 'O', 'O', 'O', 'O', 'O']"
"['.', 'instrument', 'and', 'telescope', 'the', 'of', 'controller', 'site', '-', 'on', 'the']","['O', 'O', 'O', 'O', 'O', 'O', 'O', 'O', 'O', 'O', 'O']"
"['.', 'System', 'Gemini', 'the', 'within', 'operation', 'their', 'with', 'consistent', 'both', 'manner', 'in', 'system', 'acquisition', 'datum', 'and', 'control', 'of', 'development', 'the', 'guide', 'a', 'which', 'address', 'the', 'for', 'customer', 'the', 'be', 'astronomer', 'the', ',', 'sense', 'real', 'very', 'a', 'in']","['O', 'O', 'O', 'O', 'O', 'O', 'O', 'O', 'O', 'O', 'O', 'O', 'O', 'O', 'O', 'O', 'O', 'O', 'O', 'O', 'O', 'O', 'O', 'O', 'O', 'O', 'O', 'O', 'O', 'B-class', 'O', 'O', 'O', 'O', 'O', 'O', 'O']"
"['.', 'training', 'will', 'be', ':', 'design', 'for', 'minimum', 'risk', ';', 'incorporate', 'safety', 'device', ';', 'provide', 'warning', 'device', ';', 'develop', 'procedure', 'and', 'safety', 'interlock', 'passively', 'be', 'by', 'unauthorized', 'user', ',', 'or', 'user', 'at', 'unauthorized', 'system', 'access', '.', 'all']","['O', 'O', 'O', 'O', 'O', 'O', 'O', 'O', 'O', 'O', 'O', 'O', 'O', 'O', 'O', 'O', 'O', 'O', 'O', 'O', 'O', 'O', 'O', 'O', 'O', 'O', 'B-attr', 'B-class', 'O', 'O', 'B-class', 'O', 'O', 'B-class', 'B-attr', 'O', 'O']"
"['the', 'interface', 'to', 'issue', 'con', 'the', 'unit', 'have', 'not', 'be', 'define', ',', 'the', 'part', 'of', 'this', 'process', 'that', 'trol', 'this', 'procedure', 'shall', 'make', 'to', 'the', 'status', 'of', 'a', 'heating', 'or', 'cool', 'unit', '.', 'this']","['O', 'O', 'O', 'O', 'O', 'O', 'B-class', 'O', 'O', 'O', 'O', 'O', 'O', 'O', 'O', 'O', 'O', 'O', 'O', 'O', 'O', 'O', 'O', 'O', 'O', 'B-attr', 'O', 'O', 'B-class', 'I-class', 'I-class', 'I-class', 'O', 'O']"
"['.', '""', '...', 'as', 'Save', '""', 'action', 'the', 'the', '10', 'the']","['O', 'O', 'O', 'O', 'O', 'O', 'O', 'O', 'O', 'O', 'O']"
"['user', 'must', 'fill', 'in', 'the', 'require', 'field', '—', 'User', 'Name', 'and', 'Display', 'Name', 'user', 'new', 'a', 'add', 'role', ',', 'division', ',', 'designator', 'code', ',', 'least', 'and', 'location', 'at', 'the', 'time', 'of', 'create', '/', 'lab', 'midst', 'retain', 'system', 'system', 'the']","['B-class', 'O', 'O', 'O', 'O', 'O', 'O', 'O', 'B-attr', 'I-attr', 'O', 'B-attr', 'I-attr', 'B-class', 'O', 'O', 'O', 'B-attr', 'O', 'B-attr', 'O', 'B-attr', 'I-attr', 'O', 'O', 'O', 'I-attr', 'O', 'O', 'O', 'O', 'O', 'O', 'B-attr', 'O', 'O', 'B-class', 'B-class', 'O']"
"['[', 'GSR', ']', 'set', 'as', 'a', 'requirement', '2', '%', 'and', 'a', 'goal', '1', '%', 'for', 'total', 'system', '(', 'or', '.', '1', 'per', 'guarantee', 'maximum', 'availability', 'of', 'the', 'control', 'system', ',', 'to']","['O', 'O', 'O', 'O', 'O', 'O', 'O', 'O', 'O', 'O', 'O', 'O', 'O', 'O', 'O', 'O', 'B-class', 'O', 'O', 'O', 'O', 'O', 'O', 'O', 'O', 'O', 'O', 'B-class', 'I-class', 'O', 'O']"
"['.', 'successfully', 'be', 'have', 'patch', 'that', 'confirm', 'System', 'instal', 'to', 'an', 'account', 'register', 'be', 'already', 'must', 'account', 'Person', 'Sales']","['O', 'O', 'O', 'O', 'O', 'O', 'O', 'O', 'O', 'O', 'O', 'B-class', 'O', 'O', 'O', 'O', 'I-class', 'I-class', 'B-class']"
"['system', 'that', 'gateway', 'be', 'in', 'Engineering', '/', 'Maintenance', 'mode', 'must', 'ignore', 'directive', 'operate', 'network', 'design', 'well', 'be', 'acceptable', ',', 'and', 'may', 'well', 'prove', 'to', 'be', 'the', 'good', 'solution', ',', 'to', 'provide', 'intrusion', 'security', 'by', 'a', '.', 'from', 'different', 'user', 'avoid', 'damage', 'to', 'equiment', '.', 'the']","['B-class', 'O', 'O', 'O', 'O', 'O', 'O', 'O', 'B-attr', 'O', 'O', 'O', 'O', 'O', 'O', 'O', 'O', 'O', 'O', 'O', 'O', 'O', 'O', 'O', 'O', 'O', 'O', 'O', 'O', 'O', 'O', 'O', 'O', 'O', 'O', 'O', 'O', 'O', 'B-class', 'O', 'O', 'O', 'B-class', 'O', 'O']"
"['not', '.', 'not']","['O', 'O', 'O']"
"['system', 'will', 'provide', 'for', 'one', 'auxiliary', 'datum', 'provide', 'in', 'for', 'single', 'Base', 'Facility', '.', 'one']","['B-class', 'O', 'O', 'O', 'O', 'O', 'O', 'O', 'O', 'O', 'O', 'O', 'O', 'O', 'O']"
"['temperature', 'setting', 'value', 'that', 'be', 'receive', 'from', 'an', 'individual', 'thermostat', 'shall', 'be', 'than', 'compare', 'the', 'valid', 'temperature', 'range', 'value', '.', 'if']","['B-attr', 'I-attr', 'I-attr', 'O', 'O', 'O', 'O', 'O', 'O', 'B-class', 'O', 'O', 'O', 'O', 'O', 'B-attr', 'I-attr', 'I-attr', 'I-attr', 'O', 'O']"
"['.', '13', 'section', 'in', 'define', 'as', 'call', 'emergency', 'Railway', 'a', 'initiate', 'to', 'the', 'call', 'driver', '’s', 'train', 'many', ')', 'M', '(']","['O', 'O', 'O', 'O', 'O', 'O', 'I-class', 'I-class', 'B-class', 'O', 'O', 'O', 'O', 'B-attr', 'B-class', 'O', 'B-class', 'O', 'O', 'O', 'O']"
"['.', 'radio', 'Cab', 'the', 'by', 'send', 'be', 'shall', ')', 'automatically', 'or', 'base', 'on', 'for', 'function', 'train', '-', 'on', 'additional', 'the', '11', 'of', 'radio', 'Cab', 'the', 'in', 'store', 'list', 'a', ')', 'equipment', 'section', '(', 'shall', ')', '11', 'section', 'see', '(', 'message', 'USSD', 'a', ',', 'function', 'registration', 'the', 'of', 'activation', 'be', 'send', 'by', 'the', 'message', 'USSD', 'a', ',', 'function', 'deregistration', 'the', 'see', 'of', 'upon', ')', 'M', '(']","['O', 'I-class', 'B-class', 'O', 'O', 'O', 'O', 'O', 'O', 'O', 'O', 'O', 'O', 'O', 'O', 'O', 'O', 'O', 'O', 'O', 'O', 'O', 'I-class', 'B-class', 'O', 'O', 'O', 'O', 'O', 'O', 'O', 'O', 'O', 'O', 'O', 'O', 'O', 'O', 'O', 'I-class', 'B-class', 'O', 'O', 'O', 'O', 'O', 'O', 'O', 'O', 'O', 'O', 'O', 'I-class', 'B-class', 'O', 'O', 'O', 'O', 'O', 'O', 'O', 'O', 'O', 'O', 'O']"
"['shall', 'be', 'harmonise', 'value', ',', 'permanently', 'value', 'shall', 'value', 'default', 'if', 'the', 'on', '-', 'board', 'have', 'no', 'valid', 'national', 'value', 'for', 'the', 'current', 'location', ',', 'switch', 'Entry', 'on', 'the', 'system', 'for', 'Train', 'Data', 'Entry', 'shall', 'the']","['O', 'O', 'O', 'O', 'O', 'O', 'I-attr', 'O', 'I-attr', 'B-attr', 'O', 'O', 'B-class', 'I-class', 'I-class', 'O', 'O', 'O', 'B-attr', 'I-attr', 'O', 'O', 'O', 'B-class', 'O', 'O', 'I-class', 'O', 'O', 'B-class', 'O', 'B-class', 'I-class', 'I-class', 'O', 'O']"
"['.', '3', 'part', 'on', 'in', 'be', 'can', 'Store', 'Web', 'the', 'of', 'functionality', 'find', 'online', 'an', 'manage', 'and', 'plug', '""', 'a', 'be', 'will', 'this', 'Play', 'since']","['O', 'O', 'O', 'O', 'O', 'O', 'O', 'O', 'O', 'O', 'O', 'O', 'O', 'O', 'O', 'O', 'O', 'O', 'O', 'O', 'O', 'O', 'O', 'O', 'O']"
"['at', 'every', 'level', 'on', 'the', 'voucher', 'cycle', 'this', 'number', 'be', 'capture', ',', 'on', 'distribution', ',', 'retail', 'sale', ',', 'point', 'of', 'treatment', ',', 'enclose', 'along', ',', 'batch', 'which', 'have', 'Project']","['O', 'O', 'O', 'O', 'O', 'O', 'O', 'O', 'B-attr', 'O', 'O', 'O', 'O', 'O', 'O', 'O', 'O', 'O', 'O', 'O', 'O', 'O', 'O', 'O', 'O', 'B-attr', 'O', 'O', 'B-attr']"
"['.', 'tag', 'investigation', ',', ',', 'as', '""', 'a', 'as', 'classify', 'be', 'not', 'can', 'that', 'object', 'any', 'or', ',', 'item', 'food', ',', 'invoice', ',', 'letter', 'a', 'such', 'meeting', '’s', 'chapter', 'OM', 'support', 'system']","['O', 'O', 'B-class', 'O', 'O', 'O', 'O', 'O', 'O', 'O', 'O', 'O', 'O', 'O', 'B-class', 'O', 'O', 'O', 'O', 'O', 'O', 'O', 'O', 'O', 'O', 'O', 'O', 'O', 'O', 'O', 'O', 'B-class']"
"[':', 'the', 'Adaptive', 'Multi', '-', '515', 'Rate', 'AMR', ')', 'CODEC', 'be', 'not', 'suitable', 'for', '(', '301', ',', '[', 'to', 'GSM', 'basic', 'service', 'will', 'be', 'as', 'note', 'in', '[', 'GSM', '02.81', '-', '02.89', 'and', 'service', 'supplementary', 'these', 'of', '9', ']', ']', 'to', 'be', 'support', 'be']","['O', 'O', 'O', 'O', 'O', 'O', 'O', 'O', 'O', 'O', 'O', 'O', 'O', 'O', 'O', 'O', 'O', 'O', 'O', 'B-class', 'I-class', 'I-class', 'O', 'O', 'O', 'O', 'O', 'O', 'O', 'O', 'O', 'O', 'O', 'O', 'O', 'O', 'O', 'O', 'O', 'O', 'O', 'O', 'O', 'O']"
"['.', 'code', 'priority', 'and', 'status', 'OM', 'must', 'support', '""', 'Flows', 'process', 'and', 'Requirements', 'Functional', 'Administration', 'Response', '/', 'Countermeasure', 'PHIN', '""', 'reference', 'please', ',', 'datum', 'up', '-', 'follow', ',', 'and', 'available', 'www.cdc.gov/phin', 'of', 'status', 'the', 'track', 'when', 'require', 'activity', 'up', '-', 'follow', 'and', 'monitoring', 'the', 'support', 'should', 'OM', 'support', 'system']","['O', 'I-attr', 'B-attr', 'O', 'I-attr', 'O', 'O', 'O', 'O', 'O', 'O', 'O', 'O', 'O', 'O', 'O', 'O', 'O', 'O', 'O', 'O', 'O', 'O', 'I-attr', 'I-attr', 'I-attr', 'I-attr', 'O', 'I-attr', 'O', 'O', 'O', 'B-attr', 'O', 'O', 'O', 'O', 'O', 'O', 'O', 'O', 'O', 'O', 'O', 'O', 'O', 'O', 'O', 'B-class']"
"['as', 'specify', 'in', 'Appendix', 'B.', 'the']","['O', 'O', 'O', 'O', 'O', 'O']"
"['.', 'only', 'each', 'CAT', 'have', '1', 'or', '2', 'developer', ',', ',', 'and', 'major', 'focus', 'be', 'not', 'on', 'the', 'IOC', 'software', 'the', 'typically']","['O', 'O', 'O', 'B-class', 'O', 'O', 'O', 'O', 'B-class', 'O', 'O', 'O', 'O', 'O', 'O', 'O', 'O', 'O', 'O', 'O', 'O', 'O']"
"['Gemini', 'system', 'software', 'be', 'design', ',', 'route', 'access', ',', 'functionality']","['O', 'O', 'O', 'O', 'O', 'O', 'O', 'B-attr', 'O', 'O']"
"['.', 'tamper', 'to', 'resistant', 'and', 'initiate', ',', 'history', 'purchase', 'of', 'baseline', 'the', 'freeze', 'will', 'Yoggie', 'Assume']","['O', 'O', 'O', 'O', 'O', 'O', 'O', 'I-attr', 'B-attr', 'O', 'O', 'O', 'O', 'O', 'O', 'O']"
"['6', 'and', 'Command', 'Tactical', 'Army', '001A', '-', '302', '-', 'A1', '-', 'ATCCS', ';', '1995', 'March', '22', ',', 'ATCCS', 'Control', 'for', 'System', 'ATCCS', '(', 'Specification', 'Requirements', 'Software', 'AWIS', 'A142', 'CDRL', ';', 'Specification', 'Segment', '/', 'Systems', ')', 'CASS', '(', 'Software', 'Support', 'Common', '.', 'Specification', '6', ',', ')', 'DII', '(', 'Infrastructure', 'Information', 'Defense']","['O', 'O', 'O', 'O', 'O', 'O', 'O', 'O', 'O', 'O', 'O', 'O', 'O', 'O', 'O', 'O', 'O', 'O', 'O', 'O', 'O', 'O', 'O', 'O', 'O', 'O', 'O', 'O', 'O', 'O', 'O', 'O', 'O', 'O', 'O', 'O', 'O', 'O', 'O', 'O', 'O', 'O', 'O', 'O', 'O', 'O', 'O', 'O', 'O', 'O']"
"['the', 'maximum', 'the', 'generate', 'of', 'the', 'both', 'type', 'of', 'datum', '.', 'a']","['O', 'B-attr', 'O', 'O', 'O', 'O', 'O', 'O', 'O', 'O', 'O', 'O']"
"['system', 'report', 'function', 'receive', 'event', 'datum', 'from', 'and', 'the', 'system', '.', 'this']","['O', 'O', 'O', 'O', 'O', 'O', 'O', 'O', 'O', 'O', 'O', 'O']"
"['allow', 'coordination', 'both', 'Tololo', 'other', ',', 'operation', 'part', 'of', 'the', 'system', ',', 'possibly', 'work', 'directly', 'at', 'the', 'telescope', '.', 'finally']","['O', 'O', 'O', 'O', 'O', 'O', 'O', 'O', 'O', 'O', 'B-class', 'O', 'O', 'O', 'O', 'O', 'O', 'O', 'O', 'O']"
"['be', 'several', 'mean', 'of', 'transmit', 'command', 'and', 'datum', 'across', 'the', 'Gemini', 'system', ':', 'direct', 'a', 'command', 'source', 'a', 'relate', 'system', 'the', 'command', ',', 'cause', 'all', 'subsystem', 'to', 'perform', 'self', 'RunTest', '-', '.', 'as']","['O', 'O', 'O', 'O', 'O', 'O', 'O', 'O', 'O', 'O', 'O', 'O', 'O', 'O', 'O', 'O', 'O', 'O', 'O', 'O', 'O', 'O', 'O', 'O', 'O', 'B-class', 'O', 'O', 'O', 'O', 'O', 'O', 'O']"
"['selection', 'should', 'be', 'do', 'in', 'logical', 'fashion', 'to', 'minimize', 'the', 'size', 'of', 'the', 'interface', 'between', 'module', 'of', 'measure', 'speciﬁed', 'schedule', 'for', 'Gemini', 'software', 'be', 'present', 'here', '.', 'detailed']","['O', 'O', 'O', 'O', 'O', 'O', 'O', 'O', 'O', 'O', 'O', 'O', 'O', 'O', 'O', 'B-class', 'O', 'O', 'O', 'O', 'O', 'O', 'O', 'O', 'O', 'O', 'O', 'O']"
"['2.0', 'of', 'this', 'Requirements', 'document', '(', 'Standards', 'from', 'library', '.', 'copy']","['O', 'O', 'O', 'O', 'O', 'O', 'O', 'O', 'O', 'O', 'O']"
"['function', 'be', 'a', 'database', 'that', 'store', 'all', 'the', 'event', 'in', 'THEMAS', 'outgoing', ',', 'overtemperature', 'that', 'start', 'the', 'entire', 'themas', 'system', 'be', ':', 'clear', 'all', 'heating', '/', 'cool', 'value', 'signal', 'send', 'thermostat', 'definition', ',', 'send', 'utilization', 'parameter', ',', 'send', 'trigger', 'value', ',', 'send', ',', ',', 'its', 'to', 'thermostat', 'setting', ',', 'generate', 'alarm', ',', 'and', 'system', 'initialization', '.', 'the']","['O', 'O', 'O', 'B-class', 'O', 'O', 'O', 'O', 'B-class', 'O', 'O', 'O', 'O', 'B-attr', 'O', 'O', 'O', 'O', 'O', 'O', 'O', 'O', 'O', 'O', 'B-class', 'I-class', 'I-class', 'I-attr', 'I-class', 'O', 'B-attr', 'I-attr', 'O', 'O', 'B-attr', 'I-attr', 'O', 'O', 'B-attr', 'I-attr', 'O', 'O', 'O', 'O', 'O', 'O', 'B-class', 'I-class', 'O', 'B-class', 'I-class', 'O', 'O', 'B-class', 'I-class', 'O', 'O']"
"['ETCS', 'supply', 'trainborne', 'shall', 'indicate', 'on', 'the', 'DMI', 'the', 'equipment', 'power', 'and', 'pantograph', 'or', 'stationary', '.', 'the']","['B-class', 'I-attr', 'I-class', 'O', 'O', 'O', 'O', 'B-class', 'O', 'I-class', 'B-attr', 'O', 'B-attr', 'O', 'B-attr', 'O', 'O']"
"['requirement', 'specific', 'to', 'OM', 'be', 'define', 'below', 'area', 'datum', 'OM']","['O', 'O', 'O', 'O', 'O', 'O', 'O', 'O', 'O', 'O']"
"['Registry', 'software', 'shall', 'be', 'portable', 'and', 'require', 'to', 'execute', 'on', 'COE', '-', 'compliant', 'platform', '.', 'applicable', 'product', 'applicable', 'training']","['B-class', 'O', 'O', 'O', 'O', 'O', 'O', 'O', 'O', 'O', 'O', 'O', 'O', 'O', 'O', 'O', 'O', 'O', 'O']"
"['system', 'should', 'be', 'design', 'to', 'the', 'must', 'and', 'scaleable', 'software', 'or', 'hardware', 'failure', ',', 'it', 'must', 'be', 'possible', 'to', 'restore', 'the', 'System', '(', 'with', 'inline', 'synchronization', 'any', 'of', 'event', 'the', 'for', 'the', 'System', 'must', 'not', 'exceed', '<', 'x', ')', '>', '<', 'roll', 'three', 'month', 'period', '>', '.', 'in']","['O', 'O', 'O', 'O', 'O', 'O', 'O', 'O', 'O', 'O', 'O', 'O', 'O', 'O', 'O', 'O', 'O', 'O', 'O', 'O', 'O', 'O', 'O', 'O', 'O', 'O', 'O', 'O', 'O', 'O', 'O', 'O', 'O', 'O', 'O', 'O', 'O', 'O', 'O', 'O', 'O', 'O', 'O', 'O', 'O', 'O', 'O', 'O']"
"['driver', 'by', 'of', 'capable', 'be', 'brake', '.', 'information']","['B-class', 'O', 'O', 'O', 'O', 'O', 'O', 'O']"
"['in', 'turn', 'set', 'quite', 'stringent', 'requirement', 'on', 'both', 'MTBF', 'and', 'MTTR', 'for', 'the', 'software', 'night', '""', 'condition', 'state', 'the']","['O', 'O', 'O', 'O', 'O', 'O', 'O', 'O', 'O', 'O', 'O', 'O', 'O', 'O', 'O', 'O', 'O', 'O', 'O']"
"['alternative', 'text', '-', 'only', 'page', ':', 'provide', 'alternatively', ',', 'the', 'consistent', 'layout', 'scheme', ',', 'support', 'the', 'user', 'in', 'use', 'find', 'information', 'at', 'the', 'same', 'position', 'on', 'different', 'page', 'similar', 'alternative', 'design', 'should', 'user', 'should', 'be', 'provide', 'with', 'an', 'equivalent', 'alternative', 'be', 'text', 'only', 'page', '.', 'Consistent']","['O', 'O', 'O', 'O', 'O', 'O', 'O', 'O', 'O', 'O', 'O', 'O', 'O', 'O', 'O', 'O', 'B-class', 'O', 'O', 'O', 'O', 'O', 'O', 'O', 'O', 'O', 'O', 'O', 'O', 'O', 'O', 'O', 'B-class', 'O', 'O', 'O', 'O', 'O', 'O', 'O', 'O', 'O', 'O', 'O', 'O', 'O']"
"['to', 'system', 'the', 'terminate', 'customer']","['O', 'O', 'O', 'O', 'B-class']"
"['of', 'of', 'quantity', '=', 'maximum', ';', '1', '=', 'default', 'unit', ';', 'be', 'customer', 'the', 'that', 'item', 'select', 'each', 'order', '=', 'price', 'shipping', 'item', 'select', 'the', 'of', 'unit', 'single', 'a', ';', 'of', '=', 'price']","['O', 'O', 'O', 'O', 'O', 'O', 'O', 'O', 'O', 'O', 'O', 'O', 'B-class', 'O', 'O', 'B-class', 'O', 'O', 'O', 'O', 'I-attr', 'B-attr', 'B-class', 'O', 'O', 'O', 'O', 'O', 'O', 'O', 'O', 'O', 'B-attr']"
"['some', 'subsystem', 'may', 'need', 'to', 'as', 'obtain', 'from', 'other', 'system', 'within', 'the', 'Gemini', 'control', 'system', 'information', 'format', 'b', '-', 'among', 'control', 'subsystem', '.', 'these']","['O', 'B-class', 'O', 'O', 'O', 'O', 'O', 'O', 'O', 'B-class', 'O', 'O', 'O', 'B-class', 'I-class', 'O', 'O', 'O', 'O', 'O', 'B-class', 'I-class', 'O', 'O']"
"['the', 'case', 'of', 'IOC', 'failure', ',', 'no', 'transfer', 'of', 'control', 'to', 'another', 'IOC', 'via', 'system', ',', 'such', '.', '.There']","['O', 'O', 'O', 'O', 'O', 'O', 'O', 'O', 'O', 'O', 'O', 'O', 'O', 'O', 'B-class', 'O', 'O', 'O', 'O']"
"['web', 'Statement', 'Needs', 'Functional', '’s', 'J', '-', 'GAMMA', 'this', ',', 'however', ';', 'tech', 'the', ',', 'finally']","['O', 'O', 'O', 'O', 'O', 'O', 'O', 'O', 'O', 'O', 'O', 'O', 'O', 'O', 'O', 'O']"
"['=', 'that', 'of', 'unit', 'of', 'number', 'item', 'select', 'item', 'the', 'unit', 'single', 'a', 'of', 'cost']","['O', 'O', 'O', 'O', 'O', 'O', 'B-class', 'O', 'B-class', 'O', 'O', 'O', 'O', 'O', 'O']"
"['.', 'adult', 'an', 'be', 'could', 'who', 'player', 'level', 'advanced', 'an', 'up', 'marge', 'number', 'display', 'of', 'the', 'product', '.', 'general']","['O', 'O', 'O', 'O', 'O', 'O', 'O', 'O', 'O', 'O', 'O', 'O', 'O', 'O', 'O', 'O', 'O', 'O', 'O']"
"['ETCS', 'the']","['B-attr', 'O']"
"['Partial', 'Supervision', 'the', 'train', 'shall', 'be', 'supervise', 'accord', 'to', 'train', 'speed', 'and', 'distance', 'datum', 'DMI', 'to', 'possible', 'be', 'any', ')', ';', 'international', 'train', 'category', 'if', ';', 'gauge', ';', 'maximum', 'axle', 'load', 'of', 'train', '(', 'STM', 'for', 'Status', 'of', 'air', 'tight', 'system', ';', 'Type', 'of', 'electric', 'power', 'accept', ';', 'Data', 'additional', 'require', 'the', ';', 'train', 'a', 'driver', 'identification', ';', 'train', 'identification', '(', ':', 'train', ')', 'STM', 'ready', 'for', 'use', ';', 'number', 'source', 'external', 'by', 'resolution', 'of', '0,5', 't.']","['O', 'O', 'O', 'B-class', 'O', 'O', 'O', 'O', 'O', 'B-attr', 'I-attr', 'O', 'B-attr', 'I-attr', 'B-class', 'O', 'O', 'O', 'O', 'O', 'O', 'B-attr', 'I-attr', 'I-attr', 'O', 'O', 'I-attr', 'O', 'B-attr', 'I-attr', 'I-attr', 'O', 'B-attr', 'O', 'B-class', 'O', 'B-attr', 'O', 'B-class', 'I-class', 'I-class', 'O', 'B-attr', 'I-attr', 'I-attr', 'I-attr', 'I-attr', 'O', 'B-attr', 'O', 'O', 'O', 'O', 'B-class', 'O', 'B-attr', 'I-attr', 'O', 'B-attr', 'I-attr', 'O', 'O', 'B-attr', 'O', 'O', 'O', 'O', 'O', 'O', 'I-attr', 'I-class', 'B-class', 'O', 'O', 'O', 'O', 'O']"
"['Gemini', '8', 'm', 'Telescopes', 'and', 'as', 'operation', 'parallel', 'advantage', 'of', 'parallel', 'operation', 'to', 'improve', 'efﬁciency', '.', 'the']","['O', 'O', 'O', 'O', 'O', 'O', 'O', 'O', 'O', 'O', 'O', 'O', 'O', 'O', 'O', 'O', 'O']"
"['""', '""', 'the', 'terminate', 'system', ';', 'process', 'logout', 'initiate', 'Logout', 'to', 'in', 'link', 'or', 'button', 'the', 'click', 'customer', 'order', '.', 'System', 'Weborder', 'new', 'store', 'System', ';', 'change', 'the', 'verify', 'account', 'system', 'detail', 'account', 'the', 'edit', 'to', 'order', 'in', ';', 'information', '.', 'the']","['O', 'O', 'O', 'O', 'O', 'O', 'O', 'O', 'O', 'O', 'O', 'O', 'O', 'O', 'O', 'O', 'O', 'B-class', 'O', 'O', 'O', 'O', 'O', 'O', 'O', 'O', 'O', 'O', 'O', 'O', 'O', 'I-attr', 'B-attr', 'O', 'O', 'O', 'O', 'O', 'O', 'O', 'O', 'O']"
"['.', 'bioterrorism', 'of', 'act', 'or', 'event', 'health', 'a', 'of', 'reporting', 'and', ',', 'analysis', ',', 'management', 'the', ',', 'collection', 'analysis', 'the', 'meet', 'to', 'configurable', 'be', 'should', 'system', 'OM']","['O', 'O', 'O', 'O', 'O', 'O', 'O', 'O', 'O', 'O', 'O', 'O', 'O', 'O', 'O', 'O', 'O', 'O', 'O', 'O', 'O', 'O', 'O', 'O', 'O', 'O', 'O']"
"['Events', 'System', 'event', 'deny', 'h', '/', 'format', 'c', 'when', 'an', 'event', 'occur', ',', 'the', 'themas', 'system', 'shall', 'identify', 'the', 'event', 'type', 'request', 'and', 'a', '®', 'thermostat', 'in', 'the', 'system', '.', 'Operational']","['O', 'O', 'O', 'O', 'O', 'O', 'O', 'O', 'O', 'O', 'B-class', 'O', 'O', 'O', 'O', 'B-class', 'O', 'O', 'O', 'B-attr', 'I-attr', 'O', 'O', 'O', 'O', 'B-class', 'O', 'O', 'B-class', 'O', 'O']"
"['shall', 'an', 'accuracy', 'which', 'enable', 'a', 'clear', 'to', 'view', 'the', 'functioning', 'of', 'ETCS', 'and', 'way', 'of', 'record', 'be', 'shall', 'be', 'relate', 'to', 'UTC', '(', 'Universal', 'Time', 'Corrected', ')', 'and', 'a', 'reference', 'point', '.', 'information']","['O', 'O', 'O', 'O', 'O', 'O', 'O', 'O', 'O', 'O', 'O', 'O', 'B-class', 'O', 'O', 'O', 'O', 'O', 'O', 'O', 'O', 'O', 'O', 'O', 'O', 'O', 'O', 'O', 'O', 'O', 'O', 'O', 'O', 'B-attr']"
"['.', 'tool', 'help', 'online', 'the', 'through', 'tool', 'user', 'to', 'system', ']', 'name', 'system', '[', 'the', 'the', 'shall', 'help', 'the', '.', 'tool', 'help', 'online', 'the', 'through', 'material', 'topic', 'specific', 'find', 'quickly', 'to', 'user', 'the', 'to', 'the']","['O', 'I-class', 'I-class', 'B-class', 'O', 'O', 'I-class', 'B-class', 'O', 'B-class', 'O', 'O', 'O', 'O', 'O', 'O', 'O', 'I-class', 'O', 'O', 'I-class', 'I-class', 'B-class', 'O', 'O', 'I-class', 'B-class', 'O', 'O', 'O', 'O', 'B-class', 'O', 'O', 'O']"
"['follow', 'command', 'description', 'be', 'status', '""', 'query', 'use', 'to', 'obtain', 'information', 'about', '""', 'Design', 'Software', 'the', 'observe', '.', 'these']","['O', 'O', 'O', 'O', 'B-attr', 'O', 'O', 'O', 'O', 'O', 'O', 'O', 'O', 'O', 'O', 'O', 'O', 'O', 'O']"
"['standardised', 'interface', 'link', 'mobile', 'Modules', 'Identity', 'Subscriber', ';', 'mobile', 'equipment', '(', 'ME', ')', 'interface', 'to', 'equipment', 'the', 'via', 'the', 'air', '(', 'um', ')', 'interface', 'BSS', ';', 'to', 'card', 'OMC', ')', 'for', 'manage', 'the', 'network', ';', 'Billing', 'Centre', '.', 'signal']","['O', 'O', 'O', 'B-class', 'I-class', 'I-class', 'B-class', 'O', 'B-class', 'I-class', 'O', 'O', 'O', 'O', 'O', 'I-class', 'O', 'O', 'O', 'O', 'O', 'O', 'O', 'O', 'B-class', 'O', 'O', 'I-class', 'O', 'O', 'O', 'O', 'O', 'B-class', 'O', 'B-class', 'I-class', 'O', 'O']"
"['Package', 'be', 'to', 'be', 'compress', 'and', 'email', 'or', 'send', 'ftp', 'to', 'an', 'addressee', ';', 'Submit', 'metadata', 'an', 'these']","['B-class', 'O', 'O', 'O', 'B-attr', 'O', 'O', 'O', 'O', 'O', 'O', 'O', 'B-attr', 'O', 'O', 'B-class', 'O', 'O']"
"['supervised', 'show', 'speed', 'not', 'be', 'show', 'on', 'the', 'DMI', 'shall', 'be', 'shall', 'indication', 'be', 'suppress', '.', 'actual']","['B-attr', 'O', 'I-attr', 'O', 'O', 'O', 'O', 'O', 'B-class', 'O', 'O', 'O', 'I-class', 'O', 'O', 'O', 'B-attr']"
"['.', ')', 'closed', ',', 'open', ',', 'e.g.', '(', 'status', 'event', 'the', 'as', 'well', 'as', ',', 'event', 'the', 'by', 'support', 'impact', 'OM', 'have', 'ability', 'the', 'have', 'should', 'OM', 'support', 'system']","['O', 'O', 'O', 'O', 'O', 'O', 'O', 'O', 'I-attr', 'B-attr', 'O', 'O', 'O', 'O', 'O', 'B-class', 'O', 'O', 'O', 'O', 'O', 'O', 'O', 'O', 'O', 'O', 'O', 'O', 'B-class']"
"['be', 'envisage', 'that', 'observe', 'astronomer', 'who', 'have', 'travel', 'allow', 'of', 'centralized', 'and', 'the', 'Gemini', '8', 'm', 'Telescopes', 'site', 'there', 'will', 'at', 'be', '(', 'e.g.', 'software', 'development', 'and', 'maintenance', 'staff', ')', 'user', 'even', ',', 'however']","['O', 'O', 'O', 'B-class', 'I-class', 'O', 'O', 'O', 'O', 'O', 'O', 'O', 'O', 'O', 'O', 'O', 'O', 'O', 'O', 'O', 'O', 'O', 'O', 'O', 'B-class', 'I-class', 'I-class', 'I-class', 'I-class', 'O', 'B-class', 'O', 'O', 'O']"
"['may', 'require', 'additional', 'item', ',', 'not', 'require', 'for', 'ETCS', ',', 'to', 'be', 'connect', 'not', 'be', 'unit', 'datum', 'may', 'be', 'enter', 'automatically', 'from', 'train']","['O', 'O', 'O', 'B-class', 'O', 'O', 'O', 'O', 'O', 'O', 'O', 'O', 'O', 'O', 'O', 'I-attr', 'I-attr', 'O', 'O', 'O', 'O', 'O', 'B-attr']"
"['in', 'dollar', 'and', ';', 'character', 'alphabetic', '100', 'maximum', ';', 'item', 'select', 'the', 'of', 'description', 'special', '=', 'description', 'Text', ';', 'cent', 'presently', 'code', 'in', ';', 'character', '20', 'maximum', ';', 'address', 'above', 'the', 'alphabetic', 'for', 'the', 'of', 'name', '=', 'City', ';', 'customer', 'city', 'the', 'string', 'state', ';', 'string', 'alphabetic', 'character', '20', 'maximum', ';', ';', 'city', 'the', 'for', 'state', 'the', 'of', 'name', '=', 'above', 'of', 'location']","['O', 'O', 'O', 'O', 'O', 'O', 'O', 'O', 'O', 'B-class', 'O', 'O', 'O', 'O', 'O', 'O', 'I-attr', 'B-attr', 'O', 'O', 'O', 'I-attr', 'O', 'O', 'O', 'O', 'O', 'O', 'B-attr', 'O', 'O', 'O', 'O', 'O', 'O', 'O', 'O', 'B-attr', 'O', 'B-class', 'O', 'O', 'O', 'B-attr', 'O', 'O', 'O', 'O', 'O', 'O', 'O', 'O', 'B-attr', 'O', 'O', 'B-attr', 'O', 'O', 'O', 'O', 'O', 'O', 'O']"
"['.', 'Store', 'Web', '’s', 'plan', 'the', 'over', 'business', 'Store', 'web', 'this']","['O', 'O', 'O', 'O', 'O', 'O', 'O', 'O', 'O', 'O', 'O']"
"['must', 'be', 'possible', 'to', 'log', 'engineering', 'datum', 'at', 'up', 'to', '200', 'Hz', 'rate', 'for', 'short', 'period', 'of', 'time', '.', 'datum', 'be', 'Internal', 'software', 'othe']","['O', 'O', 'O', 'O', 'O', 'O', 'O', 'O', 'O', 'O', 'O', 'O', 'O', 'O', 'O', 'O', 'O', 'O', 'O', 'O', 'O', 'O', 'O', 'O']"
"['i', '/', 'o', 'event', '/', 'component', 'software', 'IOC', 'time', 'interval', 'be', 'support', '.', 'event']","['O', 'O', 'O', 'O', 'O', 'O', 'O', 'O', 'O', 'O', 'O', 'O', 'O', 'B-class']"
"['.', 'implementation', 'future', 'its', 'for', 'allow', 'speciﬁcally', 'should', ',', 'scheduler', 'prove', 'in', 'may', 'estimate', 'scheduling', 'queue', 'thus']","['O', 'O', 'O', 'O', 'O', 'O', 'O', 'O', 'O', 'O', 'O', 'O', 'O', 'O', 'O', 'O', 'O']"
"['the', 'Gemini', 'software', 'will', 'be', 'develop', 'in', 'stage', 'be', '90', 'to', 'design', 'its', 'documentation', 'must', 'be', 'develop', 'with', 'this', 'expandability', 'and', 'in', ',', 'use', 'general', 'industry', 'standard', '.', 'all']","['O', 'O', 'O', 'O', 'O', 'O', 'O', 'O', 'O', 'O', 'O', 'O', 'O', 'O', 'O', 'O', 'O', 'O', 'O', 'O', 'O', 'O', 'O', 'O', 'O', 'O', 'O', 'O', 'O']"
"['Mode', '(', 'Cash', '/', 'Bank', ')', ';', 'Bank', 'Account', 'payment', 'screen', 'will', 'have', 'create', 'Staff', 'Code', 'with', 'Suffix', 'as', 'VSP', 'Code', '+', 'SC', '+', '3', 'digit', 'automatically', '.', 'example', 'HP0001SC0001', 'Staff', 'type', '(', 'should', 'be', 'select', 'from', 'list', 'of', 'staff', 'type', 'for']","['I-attr', 'O', 'O', 'O', 'O', 'O', 'O', 'B-attr', 'I-attr', 'B-class', 'O', 'O', 'O', 'O', 'B-attr', 'I-attr', 'O', 'O', 'O', 'B-attr', 'I-attr', 'O', 'O', 'O', 'O', 'O', 'O', 'O', 'O', 'O', 'B-attr', 'I-attr', 'O', 'O', 'O', 'O', 'O', 'O', 'O', 'B-attr', 'I-attr', 'O']"
"['object', '-', 'orient', 'approach', 'be', 'encourage', 'but', 'not', 'require', '.', 'the']","['O', 'O', 'O', 'O', 'O', 'O', 'O', 'O', 'O', 'O', 'O']"
"[';', ')', 'Scenario', 'Basic', '(', '5', 'Step', 'to', 'go']","['O', 'O', 'O', 'O', 'O', 'O', 'O', 'O', 'O']"
"['system', 'will', 'navigate', 'quickly', 'to', 'its', '’s', 'with', 'voucher', 'no', '’s', 'from', 'the', 'available', 'voucher', 'stock', 'and', 'list', 'the', 'detail', 'of', 'each', 'voucher', 'with', 'below', 'information', '’s', 'as', 'a', 'grid', 'format', '.', 'batch']","['B-class', 'O', 'O', 'O', 'O', 'O', 'O', 'O', 'B-attr', 'I-attr', 'O', 'O', 'O', 'O', 'B-class', 'I-class', 'O', 'O', 'O', 'B-attr', 'O', 'O', 'B-class', 'O', 'O', 'O', 'O', 'O', 'O', 'O', 'O', 'O', 'B-attr']"
"['the', 'OCS', ',', 'all', 'command', 'access', 'require', 'that', 'work', 'extent', 'large', 'a', 'to', 'coincide', 'monitor', 'remote']","['O', 'O', 'O', 'O', 'O', 'O', 'O', 'O', 'B-class', 'O', 'O', 'O', 'O', 'O', 'O', 'O']"
"['way', 'on', 'through', 'to', 'depend', 'J', '-', 'Gamma', ';', 'competitor', 'the', 'telephone', 'to', 'loose', 'without', 'system', 'ordering', 'online', 'new', 'the', 'business', 'customer', 'order', 'analysis', 'the', 'of', 'name']","['O', 'O', 'O', 'O', 'O', 'O', 'O', 'O', 'O', 'O', 'O', 'O', 'O', 'O', 'O', 'O', 'O', 'O', 'O', 'O', 'O', 'O', 'O', 'O', 'O', 'O', 'O']"
"['assume', 'bridge', 'between', 'communication', 'section', ',', 'to', 'isolate', 'trafﬁc', 'in', 'relevant', 'section', 'only', '.', 'the']","['O', 'O', 'O', 'O', 'O', 'O', 'O', 'O', 'O', 'O', 'O', 'O', 'O', 'O', 'O']"
"['be', 'use', 'to', 'create', 'a', 'run', 'time', 'database', 'tool', 'application', 'these', 'by', 'commercial', 'package', 'include', 'IDL/', 'PvWave', ',', 'Mathematica', ',', 'and', 'WINGZ', 'to', 'allow', 'access', 'and', 'manipulation', 'of', 'epics', 'process', 'variable', 'for', 'several', 'an', ';', 'Editor', 'this']","['O', 'O', 'O', 'O', 'O', 'O', 'O', 'O', 'B-class', 'O', 'O', 'O', 'O', 'O', 'O', 'O', 'O', 'O', 'O', 'O', 'O', 'O', 'O', 'O', 'O', 'O', 'O', 'O', 'O', 'O', 'O', 'O', 'O', 'O', 'O', 'O', 'O']"
"['Support', ',', 'Device', 'Support', ',', 'EDD', 'the']","['O', 'O', 'O', 'O', 'O', 'O', 'O']"
"['user', 'interface', 'tool', 'shall', 'be', 'base', 'on', 'standard', ',', 'Toolkit', 'it', ')', 'the']","['O', 'O', 'O', 'O', 'O', 'O', 'O', 'O', 'O', 'O', 'O', 'O', 'O']"
"['particular', ',', 'datum', 'acquisition', 'take', 'precedence', 'over', 'near', '-', 'line', 'datum', 'reduction', '.', '-', 'program', 'the', 'calibration', 'and', 'auxiliary', 'instrumentation', '.', 'it']","['O', 'O', 'O', 'O', 'O', 'O', 'O', 'O', 'O', 'O', 'O', 'O', 'O', 'O', 'I-class', 'O', 'O', 'O', 'B-class', 'I-class', 'O', 'O']"
"['.', 'information', 'conveyance', 'and', ',', 'history', 'restriction', 'travel', 'treatment', 'and', 'vaccination', ',', 'result', 'laboratory', ',', 'sample', '/', ',', 'monitoring', ';', '2.3', ',', 'entity', ',', 'field', 'data', 'new', 'that', 'so', 'flexibility', 'configuration', 'offer', 'must', 'OM', 'support', 'to', 'design', 'system']","['O', 'I-class', 'B-class', 'O', 'O', 'I-class', 'B-class', 'B-class', 'B-class', 'O', 'B-class', 'O', 'I-class', 'B-class', 'O', 'I-class', 'I-class', 'O', 'I-class', 'O', 'O', 'O', 'B-attr', 'O', 'I-attr', 'B-attr', 'O', 'O', 'O', 'O', 'O', 'O', 'O', 'O', 'O', 'O', 'O', 'B-class']"
"['.', 'astronomer', 'on', 'the', 'other', 'hand', ',', 'mean', 'that', 'the', 'observe', 'program', 'can', 'be', 'perform', 'by', 'someone', 'other', 'than', 'the', 'propose', 'observe', ',', '.', 'these', 'plan', 'observe', ',', 'which', 'still', 'require', 'competent', 'monitoring', 'by', 'at', 'Gemini', '8', 'm', 'Telescopes', 'site', 'or', 'remotely', '.', 'the', 'mean', 'be', 'what', 'in', 'accordance', 'with', 'predeﬁned', 'sequence', 'of', 'exposure', ',', 'as', 'be', 'commonly', 'do', 'in', 'space', 'observatory', '.', 'this']","['O', 'B-class', 'O', 'O', 'O', 'O', 'O', 'O', 'O', 'O', 'O', 'O', 'O', 'O', 'O', 'O', 'O', 'O', 'O', 'O', 'O', 'O', 'O', 'O', 'O', 'O', 'O', 'O', 'O', 'O', 'O', 'O', 'O', 'O', 'O', 'O', 'O', 'O', 'O', 'O', 'O', 'O', 'O', 'O', 'O', 'O', 'O', 'O', 'O', 'O', 'O', 'B-attr', 'I-attr', 'I-attr', 'O', 'O', 'O', 'O', 'O', 'O', 'O', 'O', 'O', 'O']"
"['driver', 'tandem', 'ID', 'shall', 'receive', 'from', 'trackside', 'the']","['B-class', 'B-class', 'I-class', 'O', 'O', 'O', 'B-class', 'O']"
"['follow', 'command', 'affect', 'the', 'behavior', '-', 'of', 'subsystem', 'independently', 'of', 'the', 'speciﬁc', 'task', 'of', 'that', 'a', 'self', 'any', 'of', 'setting', 'internal', 'conﬁguration', '(', 'ﬁlter', ',', 'position', ',', 'etc', '.', ')', 'and']","['O', 'O', 'O', 'O', 'O', 'O', 'O', 'B-class', 'O', 'O', 'O', 'O', 'O', 'O', 'O', 'O', 'O', 'O', 'O', 'O', 'O', 'O', 'O', 'O', 'O', 'O', 'O', 'O', 'O', 'O', 'O']"
"['.', 'support', 'be', 'should', ',', 'case', 'a', 'during', 'action', 'their', 'track', 'to', 'investigator', 'for', 'tool', 'which', 'activity', 'ill', 'travel', '-', 'agent', ',', ')', 'contact', 'exposure', ',', 'result', 'test', ',', 'demographic', 'patient', ',', 'e.g.', '(', 'element', 'datum', 'common', 'collect', 'specific', 'to', 'datum', '(', 'capability', 'the', 'provide', 'should', 'questionnaire', 'electronic']","['O', 'O', 'O', 'O', 'O', 'B-class', 'O', 'O', 'B-class', 'O', 'O', 'O', 'B-class', 'O', 'O', 'O', 'B-attr', 'O', 'O', 'I-attr', 'B-attr', 'O', 'O', 'I-attr', 'B-attr', 'O', 'I-attr', 'B-attr', 'O', 'I-attr', 'B-attr', 'O', 'O', 'O', 'I-attr', 'B-attr', 'O', 'O', 'I-attr', 'O', 'I-attr', 'O', 'O', 'O', 'O', 'O', 'I-class', 'B-class']"
"['system', 'shall', 'clear', 'up', 'datum', 'if', 'the', 'user', 'choose', 'to', 'click', 'the', 'Cancel', 'process', 'the', 'abort', 'to', 'shall', 'be', 'able', 'to', 'save', 'datum', 'after', ',', 'create', 'add', 'a', 'new', 'user', 'or', 'cancel', 'datum', '/', 'process', 'adding', 'the', 'user', 'attempt', 'to', 'create', '/', 'add', 'a', 'new', 'user', 'in', 'the', '[', 'system', 'name', ']', 'the', 'when', '—', 'company', 'the', 'Active', 'Directory', 'to', 'verify', 'the', 'status', 'system', 'of', 'user', '—', 'active', '/', 'inactive', 'within', 'the', 'the', 'search', '.', 'system', 'be', 'click', '.', 'the']","['B-class', 'O', 'O', 'O', 'B-attr', 'O', 'O', 'B-class', 'O', 'O', 'O', 'O', 'O', 'O', 'O', 'O', 'O', 'O', 'O', 'O', 'O', 'O', 'B-attr', 'O', 'O', 'O', 'O', 'O', 'O', 'B-class', 'O', 'O', 'B-attr', 'O', 'O', 'O', 'O', 'B-class', 'O', 'O', 'O', 'O', 'O', 'O', 'O', 'B-class', 'O', 'O', 'O', 'O', 'O', 'O', 'O', 'O', 'O', 'O', 'O', 'B-class', 'I-class', 'O', 'O', 'O', 'B-attr', 'B-class', 'O', 'B-class', 'O', 'O', 'O', 'O', 'O', 'O', 'O', 'O', 'O', 'B-class', 'O', 'O', 'O', 'O']"
"['i', ')', '/', 'ERTMS', 'if', ')', 'i', '(']","['O', 'O', 'O', 'O', 'O', 'O', 'O', 'O']"
"['.', 'change', 'be', 'designate', 'as', 'TBD(to', 'be', 'determine', ')', '.', 'in']","['O', 'O', 'O', 'O', 'O', 'O', 'O', 'O', 'O', 'O', 'O']"
"['information', 'require', 'of', 'each', 'interface', 'module', 'be', 'find', 'in', 'the', 'Functional', 'Requirements', 'speciﬁcation', 'for', 'this', 'Gemini', 'all', ';', ',', 'and', 'user', 'interface', 'module', 'for', 'the', 'user', ')', 'interface', 'that', 'the', 'subsystem', 'will', 'be', 'operate', 'in', '.', 'environment', 'below', ',', 'constraint', 'include', 'as', 'part', 'of', 'the', 'software', 'both', 'a', 'simulator', 'module', 'for', 'inclusion', 'in', 'the', 'virtual', 'telescope', '(', 'see', 'design', 'the']","['O', 'O', 'O', 'O', 'O', 'O', 'O', 'O', 'O', 'O', 'O', 'O', 'O', 'O', 'O', 'O', 'O', 'O', 'O', 'O', 'O', 'O', 'O', 'O', 'O', 'O', 'O', 'O', 'O', 'O', 'B-class', 'O', 'O', 'O', 'O', 'O', 'O', 'O', 'O', 'O', 'O', 'O', 'O', 'O', 'O', 'O', 'O', 'O', 'O', 'O', 'O', 'O', 'O', 'O', 'O', 'O', 'O', 'O', 'O', 'O']"
"['.', 'facility', 'Tololo', 'Cerro', 'or', 'Serena', 'La', 'the', 'super', ',', 'be', 'where', 'Hale', 'the', 'place', 'would', 'this']","['O', 'O', 'O', 'O', 'O', 'O', 'O', 'O', 'O', 'O', 'O', 'O', 'O', 'O', 'O', 'O', 'O']"
"['for', 'recover', 'and/or', 'reconﬁguration', 'be', '5', 'minute', 'from', 'goal', 'subsystem', 'each', 'to', '.', 'the']","['O', 'O', 'O', 'O', 'O', 'O', 'O', 'O', 'O', 'B-class', 'O', 'O', 'O', 'O']"
"['shall', 'supervise', 'confirmation', 'shunting', 'to', 'a', 'permit', 'national', 'speed', 'value', 'operation', 'request', 'shall', 'ETCS', 'the', 'supervised', 'shunting', 'speed', 'base', 'on', 'trackside', 'information', '.', 'before']","['O', 'O', 'O', 'B-class', 'O', 'O', 'O', 'B-attr', 'I-attr', 'I-attr', 'I-class', 'O', 'O', 'B-class', 'O', 'B-attr', 'I-attr', 'I-attr', 'O', 'O', 'B-class', 'I-class', 'O', 'O']"
"['COE', 'Chief', 'Engineer', 'will', 'approve', 'single', 'the', 'Engineer', 'reserve', 'semantic', 'will', 'be', 'analyze', 'to', 'identify', 'opportunity', 'to', 'consolidate', 'tag', 'towards', 'a', 'single', 'or', 'a', 'minimal', 'number', 'and', 'will', 'tag']","['O', 'O', 'O', 'O', 'O', 'O', 'O', 'O', 'O', 'O', 'O', 'O', 'O', 'O', 'O', 'O', 'O', 'O', 'O', 'O', 'O', 'O', 'O', 'O', 'O', 'O', 'O', 'O', 'O']"
"['.', 'the']","['O', 'O']"
"['.', '.', 'update', 'successfully', 'be', 'store', 'web', 'the']","['O', 'O', 'O', 'O', 'O', 'O', 'O', 'O']"
"['might', 'contain', 'status', 'information', 'and', ',', 'in', '.', 'general', 'datum', 'concern', 'instrument', 'and', 'telescope', ',', 'to', 'be', ',', 'instrument', 'and', 'telescope', '.', 'Control']","['O', 'O', 'B-attr', 'I-attr', 'O', 'O', 'O', 'O', 'O', 'B-attr', 'O', 'B-class', 'O', 'B-class', 'O', 'O', 'O', 'O', 'B-class', 'O', 'B-class', 'O', 'O']"
"['information', 'be', 'vital', 'and', 'shall', 'be', 'use', 'for', 'compare', 'with', 'the', 'detail', 'process', '.', 'VSP']","['O', 'O', 'O', 'O', 'O', 'O', 'O', 'O', 'O', 'O', 'O', 'O', 'O', 'O', 'B-attr']"
"['.', 'system', 'operating', 'and', 'will', 'cpu', 'its', 'with', 'device', 'play', 'and', 'plug', 'a', 'own', 'be', 'be', 'quick', 'be', '2.1', 'Figure', 'the']","['O', 'O', 'O', 'O', 'O', 'O', 'O', 'O', 'O', 'O', 'O', 'O', 'O', 'O', 'O', 'O', 'O', 'O', 'O', 'O', 'O']"
"['.', 'interface', 'machine', '-', 'man', 'the', 'functionality', 'and', 'radio', 'Cab', 'the', 'by', 'provide', 'be', 'to', 'system', 'radio', 'TDMA', 'both', 'shall', 'number', 'functional', '’s', 'driver', 'call', 'the', ')', 'M', '(']","['O', 'O', 'O', 'O', 'O', 'O', 'O', 'O', 'I-class', 'B-class', 'O', 'O', 'O', 'O', 'O', 'I-class', 'I-class', 'O', 'O', 'O', 'I-attr', 'B-attr', 'O', 'B-class', 'B-attr', 'O', 'O', 'O', 'O']"
"['particularly', 'be', 'it', 'this', 'by']","['O', 'O', 'O', 'O', 'O']"
"['and', 'datum', 'support', 'OM', 'must', 'be', 'protect', 'from', 'sabotage', ',', 'corruption', 'and', 'access', 'a', 'review', '""', 'use', '.', 'privacy']","['O', 'B-attr', 'O', 'O', 'O', 'O', 'O', 'O', 'O', 'O', 'O', 'O', 'O', 'O', 'O', 'O', 'B-class', 'O', 'O']"
"['.', 'game', 'a', 'previous', 'a', 'Open']","['O', 'O', 'O', 'O', 'O', 'O']"
"['.', 'mode', 'this', 'in', 'way', 'friendly', 'very', 'and', 'smooth', 'a', 'in', 'software', 'the', 'by', 'support', 'be', 'full', 'the', 'for', 'time', 'for', 'allow', 'to', 'oc', 'the', 'to', 'interface', 'user', 'change', 'visual', 'be', '.There', ';', ')', 'OCS', '(', 'System', 'Control', 'a', 'to', 'the', 'view', 'with', 'observe', 'Interactive']","['O', 'B-attr', 'O', 'O', 'O', 'O', 'O', 'O', 'O', 'O', 'O', 'O', 'O', 'O', 'O', 'O', 'O', 'O', 'O', 'O', 'O', 'O', 'O', 'O', 'O', 'O', 'O', 'O', 'O', 'O', 'O', 'O', 'O', 'O', 'O', 'O', 'O', 'O', 'O', 'O', 'O', 'O', 'O', 'O', 'O']"
"['Development', 'Team', 'shall', 'after', 'Team', 'Project', 'all', 'to', 'mail', '-', '[', 'e', 'note', 'release', 'out', 'send', 'then', 'and', 'develop', 'via', 'shall', 'system', 'the']","['B-class', 'I-class', 'O', 'O', 'I-class', 'B-class', 'O', 'O', 'O', 'O', 'O', 'O', 'I-class', 'B-class', 'O', 'O', 'O', 'O', 'O', 'O', 'O', 'B-class', 'O']"
"['System', 'must', 'at', 'a', 'minimum', 'be', 'able', 'to', 'provide', '.', 'access', 'the']","['O', 'O', 'O', 'O', 'O', 'O', 'O', 'O', 'O', 'O', 'O', 'O']"
"['.', 'to', 'a', 'registry', ';', 'approve', 'and', 'reject', 'submission', ';', 'forward', 'request', 'to', 'different', 'registry', '.', 'consumer']","['O', 'O', 'O', 'B-class', 'O', 'O', 'O', 'O', 'B-class', 'O', 'O', 'B-class', 'O', 'O', 'B-class', 'O', 'O']"
"['definition', 'of', 'the', 'individual', 'heating', 'and', 'cool', 'system', 'reside', 'in', 'an', 'system', 'initialization', 'shall', 'themas', 'describe', 'the', 'software', 'requirement', 'for', 'that', 'individual', 'software', 'component', 'of', 'the', 'THEMAS', 'system', 'system', '.', 'follow', 'section', 'describe', 'the', 'Initialize', 'System', 'component', 'of', 'the', 'THEMAS', 'system', '.', 'the']","['B-attr', 'O', 'O', 'O', 'B-class', 'I-class', 'I-class', 'I-class', 'O', 'O', 'O', 'B-class', 'B-class', 'O', 'O', 'O', 'O', 'O', 'O', 'O', 'O', 'O', 'O', 'O', 'O', 'O', 'O', 'O', 'B-class', 'O', 'O', 'O', 'O', 'O', 'O', 'O', 'O', 'O', 'O', 'O', 'B-class', 'O', 'O']"
"['on', 'the', 'new', 'payment', '(', 'Bi', '-', 'monthly', '/', 'Monthly', ')', 'mention', 'in', 'the', 'VSP', 'master', 'the', 'term', 'the', 'enter', 'to', 'Master', ')', 'if']","['O', 'O', 'O', 'B-class', 'O', 'O', 'O', 'O', 'O', 'O', 'O', 'O', 'O', 'O', 'O', 'O', 'O', 'I-class', 'O', 'O', 'O', 'I-attr', 'O', 'O']"
"['above', 'be', 'the', 'master', 'part', 'Code', 'information', 'below', 'be', 'the', 'transaction', 'part', 'information', '.', 'screen']","['O', 'O', 'O', 'O', 'O', 'I-attr', 'O', 'O', 'O', 'O', 'O', 'O', 'O', 'O', 'B-attr']"
"['.', 'company', 'name', ']', 'and', 'the']","['O', 'O', 'O', 'O', 'O', 'O']"
"['system', 'should', 'print', 'a', 'receipt', 'document', 'claim', 'great', 'mention', 'no', 'purely', 'base', 'on', 'the', 'Treatment', '(', 'claim', ')', 'form', 'submit', 'by', 'the', 'VSP', 'be', '.', 'the', 'claim', 'entry', 'the', 'user', 'should', 'check', 'the', 'form', 'manually', 'to', 'understand', 'whether', 'before']","['B-class', 'O', 'O', 'O', 'B-class', 'I-class', 'I-attr', 'O', 'I-attr', 'B-attr', 'O', 'O', 'O', 'O', 'B-class', 'O', 'B-class', 'O', 'B-class', 'O', 'O', 'O', 'B-class', 'O', 'O', 'O', 'B-class', 'O', 'O', 'B-class', 'O', 'O', 'O', 'B-class', 'O', 'O', 'O', 'O', 'O']"
"['text', 'skimming', 'the', ':', 'skimming', 'of', 'text', 'should', 'be', 'support', 'by', 'the', 'fast', ',', 'in', 'content', 'the', 'use', 'of', 'short', 'sentence', ',', 'the', 'division', 'item', 'of', 'text', 'into', 'short', 'chunk', 'or', 'the', 'presentation', 'of', 'the', 'show', 'such', 'exploration', 'accessibility', '.', 'they']","['O', 'O', 'O', 'O', 'O', 'O', 'O', 'O', 'O', 'O', 'O', 'O', 'O', 'O', 'O', 'O', 'O', 'O', 'O', 'O', 'O', 'O', 'O', 'O', 'O', 'O', 'O', 'O', 'O', 'O', 'O', 'O', 'O', 'O', 'O', 'O', 'O', 'O', 'O', 'O', 'O']"
"['all', 'could', 'the', 'if']","['O', 'O', 'O', 'O']"
"['.', 'selection', 'Menu']","['O', 'O', 'O']"
"['.', 'manually', 'number', 'functional', 'or', 'telephone', 'call', ':', '(', 'M', 'activation', 'on']","['O', 'O', 'I-attr', 'B-attr', 'O', 'B-class', 'B-class', 'O', 'O', 'O', 'O', 'O']"
"['a', 'list', '.', 'it']","['O', 'O', 'O', 'O']"
"['in', ':', 'emphasis', 'on', 'development', 'and', 'productivity', 'requirement', ',', 'mind', '.', '7', '4-', 'the', 'Gemini', '8', 'm', 'Telescopes', 'standard', ',', 'but', 'exclude', 'the', 'target', 'computer', 'hardware', ',', 'in', 'section', '4.2.5', 'on', 'page', 'include', 'cross', 'support', 'tool', 'procedure', 'method', 'have', 'to', 'be', 'deﬁne', 'in', 'the', 'Software', 'Test', 'Plan', '(', 'STP', ')', ',', 'while', 'test', 'plan', 'shall', 'test']","['O', 'O', 'O', 'O', 'O', 'O', 'O', 'O', 'O', 'O', 'O', 'O', 'O', 'O', 'O', 'O', 'O', 'O', 'O', 'O', 'O', 'O', 'O', 'O', 'O', 'O', 'O', 'O', 'O', 'O', 'O', 'O', 'O', 'O', 'O', 'O', 'O', 'O', 'O', 'O', 'O', 'O', 'O', 'O', 'O', 'O', 'O', 'O', 'O', 'O', 'O', 'O', 'O', 'O', 'O', 'O']"
"['color', 'skimming', 'the', 'primary', 'purpose', 'and', 'use', 'of', 'the', 'page', '.', 'the', 'short']","['O', 'O', 'O', 'O', 'O', 'O', 'O', 'O', 'O', 'O', 'O', 'O', 'O']"
"['document', 'will', 'explain', 'Functional', 'every', 'entity', 'of', 'the', 'system', 'include', 'various', 'code', 'generation', ',', 'bar', 'small', '-', 'the', 'base', 'various', 'meeting', 'hold', 'between', 'MSIU', 'and', 'Microcare', 'from', '28th', 'of', 'on', 'Nov', 'to', '30th', 'of', 'Nov', '2005', '.', 'this']","['O', 'O', 'O', 'O', 'O', 'O', 'O', 'O', 'O', 'O', 'O', 'O', 'O', 'O', 'O', 'O', 'O', 'O', 'O', 'O', 'O', 'O', 'O', 'O', 'O', 'O', 'O', 'O', 'O', 'O', 'O', 'O', 'O', 'O', 'O', 'O', 'O', 'O']"
"['.', 'information', 'entity', 'their', 'type', 'relationship', 'support', 'must', 'OM', 'support', 'system']","['O', 'B-attr', 'B-attr', 'O', 'I-attr', 'B-attr', 'O', 'O', 'O', 'O', 'B-class']"
"['.', 'System', 'Weborder', ';', 'Person', 'Sales']","['O', 'O', 'O', 'O', 'I-class', 'B-class']"
"['of', 'application', ',', 'the', 'Gemini', 'software', 'exhibit', 'numerous', 'common', 'attribute', '.', 'these']","['O', 'O', 'O', 'O', 'O', 'O', 'O', 'O', 'O', 'O', 'O', 'O']"
"['requirement', 'ensure', 'that', 'sensitive', 'information', 'be', 'accessibly', 'review', 'as', 'rather', 'agent', '-', 'specific', 'deployment', 'package', ',', 'include', 'syndromic', 'grouping', 'library', 'and', 'vocabulary', 'sub', '-', 'set', ',', 'which', 'will', 'be', 'support', 'use', 'to', 'be', '-', 'up', 'and', 'configuration', 'of', 'laptop', 'and', 'other', 'field', 'device', 'use', 'in', 'OM', 'investigation', '.', 'process']","['O', 'O', 'O', 'B-attr', 'I-attr', 'O', 'O', 'O', 'O', 'O', 'B-class', 'I-class', 'I-class', 'I-class', 'I-class', 'O', 'O', 'B-class', 'I-class', 'I-class', 'O', 'B-class', 'I-class', 'I-class', 'I-class', 'O', 'O', 'O', 'O', 'O', 'O', 'O', 'O', 'O', 'O', 'O', 'O', 'O', 'B-class', 'O', 'O', 'B-class', 'I-class', 'O', 'O', 'O', 'B-class', 'O', 'B-class']"
"['Gemini', 'Control', 'System', 'formally', 'distinguish', 'alarm', 'by', 'may', '.', 'alarm', 'restart', 'full', 'operation', ';', 'warn', 'all', 'other', 'unexpected', 'to', 'condition', 'in', 'warning', 'that', 'be', 'properly', 'log', '.', 'the']","['O', 'O', 'O', 'O', 'O', 'B-class', 'O', 'O', 'O', 'O', 'O', 'O', 'O', 'O', 'O', 'O', 'O', 'O', 'O', 'O', 'O', 'O', 'O', 'O', 'O', 'O', 'O', 'O']"
"['maximum', 'of', '12', 'digit', 'may', 'be', 'information', 'require', 'time', 'setup', 'ISDN', 'connection', ')', 'must', 'take', 'less', 'than', 'send', '250ms', '(']","['O', 'O', 'O', 'O', 'O', 'O', 'O', 'O', 'I-attr', 'I-attr', 'O', 'O', 'O', 'O', 'O', 'O', 'O', 'O', 'O', 'O']"
"['customer', '.', 'Scenario', 'Basic', '(', '7', 'Step', 'to', 'go']","['O', 'O', 'O', 'O', 'O', 'O', 'O', 'O', 'O']"
"['at', 'of', 'source', 'significant', 'a', 'be', 'order', 'telephonic', 'business', 'information', 'product', 'and', 'availability', 'product', ',', 'image', 'product', 'the', 'update', ',', ',', 'product', ',', 'description', 'product', ',', 'd', 'i', 'price', 'and/or', 'the', 'number', 'page', 'product', 'the', 'update', 'system', ';', 'information', 'product', 'the', 'validate', 'system', ';', 'inventory', 'the', 'in', 'item', 'of', ',', '7', '-', 'digit', 'address']","['O', 'O', 'O', 'O', 'O', 'O', 'I-class', 'B-class', 'O', 'I-attr', 'B-attr', 'O', 'I-attr', 'B-attr', 'O', 'I-attr', 'B-attr', 'O', 'O', 'O', 'O', 'B-attr', 'O', 'I-attr', 'B-attr', 'O', 'I-attr', 'I-attr', 'I-attr', 'O', 'O', 'B-attr', 'I-attr', 'B-attr', 'O', 'O', 'O', 'O', 'I-attr', 'B-attr', 'O', 'O', 'O', 'O', 'I-attr', 'I-attr', 'I-attr', 'I-attr', 'I-attr', 'O', 'O', 'O', 'O', 'B-attr']"
"['voucher', 'will', 'be', 'create', 'only', 'by', 'the', 'person', 'when', 'number', 'document', ')', 'SNOMED', '(', 'value', 'result', 'and', 'result', 'laboratory', ',', ')', 'information', 'contact', ',', 'location', ',', 'name', 'laboratory', 'reference', 'or', ',', 'testing', 'other', 'such', 'speciman', 'the', 'if']","['B-class', 'O', 'O', 'O', 'O', 'O', 'O', 'B-class', 'O', 'B-attr', 'O', 'O', 'O', 'O', 'I-attr', 'B-attr', 'O', 'I-attr', 'B-attr', 'O', 'O', 'I-attr', 'B-attr', 'O', 'B-attr', 'O', 'I-attr', 'I-attr', 'I-attr', 'I-attr', 'O', 'B-attr', 'O', 'O', 'B-class', 'O', 'O']"
"['shall', 'indication', 'visual', 'and', 'audible', 'an', 'successful', 'not', 'be', 'registration', 'if', ')', 'M', '(']","['O', 'O', 'O', 'O', 'O', 'O', 'O', 'O', 'O', 'B-class', 'O', 'O', 'O', 'O']"
"['this', 'maintain', 'to', 'database', 'network', 'home', 'the', 'correlation', 'require', 'this']","['O', 'O', 'O', 'I-class', 'I-class', 'B-class', 'O', 'O', 'O', 'O']"
"['.', 'countermeasure', 'the', 'administer', 'that', 'as', 'identify', 'be', 'as', 'identify', 'be', 'requirement', 'this']","['O', 'B-class', 'O', 'O', 'O', 'O', 'O', 'O', 'O', 'O', 'O', 'O', 'O']"
"['information', 'can', 'be', 'e.g.', 'track', 'basic', ':', 'with', 'a', 'train', 'control', 'system', 'for', 'which', 'no', 'STM', 'be', 'available', 'onboard', ';', 'Level', '1', 'or', 'train', 'maximum', 'a', 'drive', 'the', 'train', 'safely', '.', 'ETCS']","['O', 'O', 'O', 'O', 'B-attr', 'O', 'O', 'O', 'O', 'B-class', 'I-class', 'I-class', 'O', 'O', 'O', 'B-attr', 'O', 'O', 'O', 'O', 'O', 'O', 'O', 'B-class', 'O', 'O', 'O', 'O', 'B-class', 'O', 'O', 'B-class']"
"['.', 'user', 'external', 'impact', 'the', 'as', 'the', 'time', 'the']","['O', 'I-class', 'B-class', 'O', 'O', 'O', 'O', 'O', 'O']"
"['the', 'work', 'the', 'os', ';', 'the', 'GUI', 'system', 'be', 'to', 'to', 'use', '-', 'window', ',', 'version', '11', ',', 'release', '5', 'x', 'interface', 'level', 'high', '(', 'such', 'as', 'GUI', 'interface', 'and', 'database', 'interface', ')', 'have', 'high', 'portability', 'requirement', 'that', 'may', 'require', 'the', 'speciﬁcation', 'of', '(', 'package', 'X11R5', 'or', 'be', 'use', 'where', 'possible', ';', 'Imake', 'be', 'recommend', 'should', ',', 'GNU', '’s', 'autoconﬁgure', 'utility', 'an', 'acceptable', 'alternative', ';', 'with', 'suite', 'tool', 'software', 'release', '6', '(', 'X11R6', ')', '.', 'the']","['O', 'O', 'O', 'O', 'O', 'O', 'O', 'O', 'O', 'O', 'O', 'O', 'O', 'O', 'O', 'O', 'O', 'O', 'O', 'O', 'O', 'O', 'O', 'O', 'O', 'O', 'O', 'O', 'O', 'O', 'O', 'O', 'O', 'O', 'O', 'O', 'O', 'O', 'O', 'O', 'O', 'O', 'O', 'O', 'O', 'O', 'O', 'O', 'O', 'O', 'O', 'O', 'O', 'O', 'O', 'O', 'O', 'O', 'O', 'O', 'O', 'O', 'O', 'O', 'O', 'O', 'O', 'O', 'O', 'O', 'O', 'O', 'O', 'O', 'O', 'O']"
"['be', 'similar', 'to', 'be', ':', 'different', 'science', 'program', 'in', 'use', 'at', 'each', 'CAT', 'which', 'have', 'complex', 'associate', 'datum', 'acquisition', 'and', 'reduction', 'routine', 'concern', 'of', 'of', 'other']","['O', 'O', 'O', 'O', 'O', 'O', 'O', 'O', 'O', 'O', 'O', 'O', 'B-class', 'O', 'O', 'O', 'O', 'O', 'O', 'O', 'O', 'O', 'O', 'O', 'O', 'O']"
"['aspect', 'shall', 'be', 'analyze', 'during', 'the', 'functional', 'speciﬁcation', 'Telescopes', 'other', 'system', ',', 'repairable', 'at', 'the', 'depot', 'level', ';', 'all', 'other', 'not', 'hazard', 'be', 'interlock', 'via', 'software', '.', 'the']","['O', 'O', 'O', 'O', 'O', 'O', 'O', 'O', 'O', 'O', 'B-class', 'O', 'O', 'O', 'O', 'O', 'O', 'O', 'O', 'O', 'O', 'O', 'O', 'O', 'O', 'O', 'O', 'O']"
"['case', ';', 'by', 'user', ';', 'in', 'on', 'chronological', '.', 'the']","['B-class', 'O', 'O', 'B-attr', 'O', 'O', 'O', 'O', 'O', 'O']"
"['that', 'the', 'heating', 'thermostat', 'delay', 'in', 'between', 'the', 'thermostat', 'and', 'the', 'THEMAS', 'system', '.', 'the']","['O', 'O', 'B-class', 'B-class', 'O', 'O', 'O', 'O', 'B-class', 'O', 'O', 'O', 'O', 'O', 'O']"
"['a', 'Railway', 'emergency', 'call', 'be', 'feature', 'EIRENE', 'follow', 'in', 'section', '2', ',', 'be', 'to', 'be', 'set', 'support', 'each', 'type', 'of', 'mobile', 'radio', ':', 'the', 'for', 'identify', 'up', 'an', 'successful', ',', 'a', 'retry', 'timer', 'expire', '(', 'duration', '30', 'second', ',', 'as', 'specify', 'in', 'the', 'be', 'setup', 'call', 'the', 'EIRENE', 'radio', 'be', 'unsuccessful', ',', 'the', 'radio', 'from', 'shall', 're', '-', 'attempt', 'the', 'call', 'setup', 'until', 'automatically', '[', ',', 'supplementary', 'be', 'of', 'the', 'follow', 'power', 'class', ':', '(', 'M', ')', 'the']","['O', 'B-class', 'I-class', 'I-class', 'O', 'O', 'O', 'O', 'O', 'O', 'O', 'O', 'O', 'O', 'O', 'O', 'O', 'O', 'B-attr', 'O', 'B-class', 'I-class', 'O', 'O', 'O', 'O', 'O', 'O', 'B-attr', 'O', 'O', 'B-attr', 'I-attr', 'O', 'O', 'O', 'O', 'O', 'O', 'O', 'O', 'O', 'O', 'O', 'I-class', 'B-class', 'O', 'O', 'B-class', 'O', 'B-attr', 'O', 'O', 'B-class', 'O', 'O', 'O', 'O', 'O', 'O', 'B-class', 'I-class', 'O', 'O', 'O', 'O', 'B-class', 'O', 'O', 'O', 'O', 'B-class', 'I-class', 'O', 'O', 'O', 'O', 'O']"
"['per', 'within', 'no', 'more', 'condition', 'the', 'System', 'must', 'be', 'able', 'to', 'perform', 'peak', 'a', 'search', 'within', '5', '-', '8', 'second', 'and', 'a', 'simple', 'downtime', 'and', 'both', 'than', '<', 'xx', '>', 'hour', '.', 'the']","['O', 'O', 'O', 'O', 'O', 'O', 'O', 'O', 'O', 'O', 'O', 'O', 'O', 'O', 'O', 'O', 'O', 'O', 'O', 'O', 'O', 'O', 'O', 'O', 'O', 'O', 'O', 'O', 'O', 'O', 'O', 'O', 'O']"
"[';', 'System', 'log', 'information', 'should', 'include', 'all', 'important', 'event', ',', 'properly', 'engineering']","['O', 'O', 'O', 'O', 'O', 'O', 'O', 'O', 'B-class', 'O', 'O', 'O']"
"['themas', 'system', 'shall', 'use', 'the', 'information', 'datum', 'any', 'give', 'time', 'overtemperature', 'value', 'from', 'the', 'datum', 'in', 'that', 'file', '.', 'Operational']","['O', 'B-class', 'O', 'O', 'O', 'O', 'O', 'O', 'O', 'O', 'B-attr', 'I-attr', 'O', 'O', 'B-attr', 'O', 'O', 'B-class', 'O', 'O']"
"['/', 't', 'C', 'the']","['O', 'O', 'O', 'O']"
"['security', 'to', ',', 'or', 'search', 'for', ',', 'a', 'case', 'which', 'he', 'access', 'do', 'have', 'the', 'right', 'to', 'access', ',', 'the', 'System', 'must', 'provide', 'not', 'one', 'request', 'a', 'right', ',', 'security', 'level', ',', 'privilege', ',', 'password', 'allocation', 'and', 'user', 'management', 'to', 'be', 'make', 'only', 'by', 'super', '-', 'user', '.', 'if']","['O', 'O', 'O', 'O', 'O', 'O', 'O', 'O', 'B-class', 'O', 'O', 'O', 'O', 'O', 'O', 'O', 'O', 'O', 'O', 'O', 'O', 'O', 'O', 'O', 'O', 'O', 'O', 'I-attr', 'O', 'B-attr', 'I-attr', 'O', 'B-attr', 'O', 'B-attr', 'I-attr', 'I-attr', 'B-class', 'I-attr', 'O', 'O', 'O', 'O', 'O', 'B-class', 'I-class', 'I-class', 'O', 'O']"
"['team', 'collect', 'the', 'client', 'feed', 'back', 'from', 'the', 'client', 'who', 'get', 'treatment', 'through', 'the', 'voucher', 'system', '.', 'the']","['O', 'O', 'O', 'B-class', 'I-class', 'I-class', 'O', 'O', 'B-class', 'O', 'O', 'B-class', 'O', 'O', 'B-class', 'I-class', 'O', 'O']"
"['Administrator', '.', ')', 'Scenario', 'Basic', '(', '1', 'Step', 'the']","['B-class', 'O', 'O', 'O', 'O', 'O', 'O', 'O', 'O']"
"['.', 'system', 'must', 'be', 'self', '-', 'monitoring', 'to', 'invoke', 'safety', 'monitoring', 'to', 'prevent', 'risk', 'to', 'people', 'or', 'damage', 'to', 'equipment', 'the']","['O', 'O', 'O', 'O', 'O', 'O', 'O', 'O', 'O', 'O', 'O', 'O', 'O', 'O', 'O', 'O', 'O', 'O', 'O', 'B-class', 'O']"
"['.', 'order', 'ascend', 'the', '/', 'by', 'result', 'all', 'sort', 'system', '–', 'header', 'column', 'a', 'on', 'once', 'click', 'by', 'result', 'descend', 'when', ',', 'of', 'search', 'a', 'when', 'database', 'its', 'in', 'site', 'host', 'video', 'the', 'query', 'now', 'will', 'system', 'be', '–', 'tick', 'host', 'streaming', 'tick', 'User', 'Priority', 'and', 'Description']","['O', 'O', 'O', 'O', 'O', 'O', 'B-class', 'O', 'O', 'B-class', 'O', 'I-attr', 'B-attr', 'O', 'O', 'O', 'O', 'O', 'I-class', 'O', 'O', 'O', 'I-attr', 'B-class', 'O', 'O', 'B-class', 'O', 'O', 'I-class', 'I-class', 'B-class', 'O', 'O', 'O', 'O', 'B-class', 'O', 'O', 'I-class', 'I-class', 'B-class', 'O', 'I-class', 'B-class', 'O', 'B-attr']"
"['task', 'that', 'simplify', 'require', 'procedure', 'include', ':', 'Telescope', 'start', '-', 'up', 'and', 'such', 'to', ',', 'integrity', 'remain', 'deadlocked', 'with', 'respect', 'to', 'this', 'resource', 'allocation', '.', 'finally']","['O', 'O', 'O', 'O', 'O', 'O', 'O', 'O', 'O', 'O', 'O', 'O', 'O', 'O', 'O', 'O', 'O', 'O', 'O', 'O', 'O', 'O', 'O', 'O', 'O', 'O']"
"['.', 'second', '1', 'than', 'less', 'be', 'add', 'to', 'able', 'concurrently', 'in', 'log', 'customer', '1000', 'handle', 'to', 'at', 'able', 'shall', 'system', 'the']","['O', 'O', 'O', 'O', 'O', 'O', 'O', 'O', 'O', 'O', 'O', 'O', 'B-class', 'O', 'O', 'O', 'O', 'O', 'O', 'O', 'O']"
"['that', 'will', 'occur', 'during', '[', 'system', 'name', ']', 're', '-', 'scope', 'writing', ',', 'which', 'be', 'part', 'of', 'the', 'xxx', 'Enhancements', 'project', '.', 'effort', 'and', 'will', 'not', 'be', 'limit', 'in', 'scope', 'to', 'the', 'enhancement', 'and', 'defect', 'that', 'project', 'be', 'in', 'the', 'severity', 'level', 'that', 'be', 'the', 'issue', 'that', 'cause', 'critical', 'functionality', 'this']","['O', 'O', 'O', 'O', 'O', 'O', 'O', 'O', 'O', 'O', 'O', 'O', 'O', 'O', 'O', 'O', 'O', 'O', 'O', 'O', 'O', 'O', 'O', 'O', 'O', 'O', 'O', 'O', 'O', 'O', 'O', 'O', 'O', 'O', 'O', 'O', 'O', 'O', 'O', 'O', 'O', 'O', 'O', 'O', 'O', 'O', 'O', 'O', 'O', 'O', 'O']"
"['vmu', 'establish', 'a', 'network', 'of', 'approve', '(', 'programme', 'BCC', 'to', 'the', 'std', 'voucher', 'to', 'the', 'sexually', 'active', 'population', 'for', 'which', 'distribute', 'the', '-', 'mention', 'provider', 'be', 'in', 'reach', '.', 'distribution']","['O', 'O', 'O', 'O', 'O', 'O', 'O', 'B-class', 'O', 'O', 'O', 'B-class', 'I-class', 'O', 'O', 'O', 'O', 'O', 'O', 'O', 'O', 'O', 'O', 'O', 'B-class', 'O', 'O', 'O', 'O', 'O']"
"['purpose', 'of', 'ensure', 'maximum', 'semantic', 'understanding', 'of', 'a', 'term', 'as', 'it', 'appear', 'in', 'an', 'xml', 'document', '.', 'and', 'the', 'relate', 'information', 'web', 'contain', 'the', 'follow', 'Information', 'Resource', 'artifact', ':', 'XML', 'Tag', 'Specification', ',', 'XML', 'Spec', '(', 'i.e.', 'DTD', 'the', 'the', 'from', 'Submittal', 'resource', 'artifact', ',', 'and', 'notify', ';', 'produce', 'and', 'display', 'submittal', 'form', 'as', 'part', 'of', 'the', 'Information', 'Resource', 'Package', 'for', 'Registry', 'XML', 'encounter', 'in', 'a', 'production', 'environment', '.', 'however']","['O', 'O', 'O', 'O', 'O', 'O', 'O', 'O', 'B-attr', 'O', 'O', 'O', 'O', 'O', 'B-class', 'I-class', 'O', 'O', 'O', 'O', 'B-attr', 'O', 'O', 'O', 'O', 'O', 'O', 'O', 'O', 'B-attr', 'I-attr', 'I-attr', 'O', 'B-attr', 'I-attr', 'O', 'O', 'O', 'O', 'O', 'O', 'O', 'I-attr', 'I-attr', 'O', 'O', 'O', 'O', 'O', 'O', 'O', 'B-class', 'I-class', 'O', 'O', 'O', 'O', 'O', 'O', 'O', 'O', 'I-class', 'B-class', 'O', 'O', 'O', 'O', 'O', 'O', 'O']"
"['ascii', 'the', 'history', 'report', 'be', 'select', ',', 'the', 'themas', 'system', 'shall', 'select', 'all', 'the', 'event', 'operational', 'Event', 'an', 'consist', 'the', 'supervisor', '’s', 'interface', 'to', 'the', 'themas', 'system', 'shall', 'provide', 'a', 'mechanism', 'to', 'of', 'select', 'an', 'operational', 'history', 'report', 'or', 'a', 'statistical', 'summary', 'report', '.', 'either']","['B-class', 'O', 'I-class', 'I-class', 'O', 'O', 'O', 'O', 'O', 'B-class', 'O', 'O', 'O', 'O', 'B-class', 'B-class', 'O', 'O', 'O', 'O', 'B-class', 'O', 'O', 'O', 'O', 'O', 'B-class', 'O', 'O', 'O', 'O', 'O', 'O', 'O', 'O', 'B-class', 'I-class', 'I-class', 'O', 'O', 'B-class', 'I-class', 'I-class', 'O', 'O']"
"['should', 'design', 'be', ';', 'Mauna', 'the', 'at', ',', 'example', 'for']","['O', 'O', 'O', 'O', 'O', 'O', 'O', 'O', 'O', 'O']"
"['plan', 'be', 'TBD', '.', 'have']","['O', 'O', 'O', 'O', 'O']"
"['Index', 'list', 'table', '2', '-', '3', '.', 'the']","['O', 'O', 'O', 'O', 'O', 'O', 'O', 'O']"
"['follow', 'recommendation', 'be', 'make', ':', 'communication', 'hardware', 'independence', 'be', 'accomplish', 'by', 'be', 'arpa', 'host', 'software', 'while', 'it', 'be', 'connect', 'to', 'the', 'system', 'be', 'software', 'strictly', 'software', 'in', 'the', 'IOC', '.', 'from']","['O', 'O', 'O', 'O', 'O', 'O', 'O', 'O', 'O', 'O', 'O', 'O', 'O', 'O', 'O', 'O', 'O', 'O', 'O', 'O', 'O', 'B-class', 'O', 'O', 'O', 'O', 'O', 'O', 'O', 'O', 'O']"
"['system', 'will', 'capture', 'the', 'detail', 'of', 'MSIU', 'Salesman', ';', 'this', 'would', 'help', 'the', 'MSIU', 'management', 'team', 'to', 'understand', 'the', 'performance', 'of', 'each', 'Team', 'or', 'salesman', ';', 'and', 'name', 'the', 'master', ')', '*', '.', 'the']","['B-class', 'O', 'O', 'O', 'O', 'O', 'O', 'O', 'O', 'O', 'O', 'O', 'O', 'O', 'O', 'O', 'O', 'O', 'O', 'O', 'O', 'O', 'B-class', 'O', 'B-class', 'O', 'I-attr', 'B-attr', 'O', 'O', 'O', 'O', 'O', 'O']"
"['think', 'you', 'should', 'include', 'Rick', '’s', 'information', 'the', 'design', 'requirement', '—']","['O', 'O', 'O', 'O', 'O', 'O', 'O', 'O', 'O', 'O', 'O']"
"['in', 'user', 'the', 'assist', 'that', 'tool', 'the', 'find', 'be', '):', 'Priority', 'Medium', '(', ')', 'SE', '(', 'SE', 'Engine', 'a', 'item', 'return', 'and', ',', 'criterion', 'search', 'find', ',', 'specific', 'criterion', 'receive', 'can', 'it']","['O', 'B-class', 'O', 'O', 'O', 'O', 'O', 'O', 'O', 'O', 'O', 'O', 'O', 'O', 'O', 'O', 'O', 'O', 'O', 'B-class', 'O', 'O', 'O', 'O', 'O', 'O', 'O', 'O', 'O', 'O', 'O', 'O']"
"['.', 'environment', 'Staging', 'the', 'to', 'update', 'system', 'these', 'deploy', 'schedule', 'and', '[', 'name', '[', 'schedule', 'perform', 'shall', 'Team', 'Development', 'the']","['O', 'I-class', 'B-class', 'O', 'O', 'I-class', 'B-class', 'O', 'O', 'O', 'O', 'O', 'O', 'O', 'O', 'O', 'O', 'I-class', 'B-class', 'O']"
"['section', 'present', 'the', '""', 'generic', '""', 'provide', 'the', 'speciﬁc', 'during', 'for', 'the', 'individual', 'subsystem', '.', 'the']","['O', 'O', 'O', 'O', 'O', 'O', 'O', 'O', 'O', 'O', 'O', 'O', 'O', 'B-class', 'O', 'O']"
"['become', 'select', 'block', '.', 'the', 'follow', 'block', 'select', 'the']","['O', 'O', 'B-class', 'O', 'O', 'O', 'B-class', 'O', 'O']"
"['GetConfiguration', 'conﬁguration', 'information', 'be', 'provide', '.', 'this']","['O', 'B-attr', 'I-attr', 'O', 'O', 'O', 'O']"
"['multiple', 'the']","['O', 'O']"
"['roll', 'away', 'by', '/', 'movement', 'intervention', 'shall', 'be', 'indicate', 'on', 'reverse', 'travel', 'be', ',', 'equipment', 'shall', 'apply', 'the', 'emergency', 'brake', 'after', 'a', 'distance', ',', 'define', 'by', 'a', 'national', 'value', 'the', 'DMI', '.', 'when']","['B-class', 'I-class', 'O', 'I-class', 'I-class', 'I-class', 'O', 'O', 'O', 'O', 'I-class', 'O', 'O', 'O', 'I-class', 'O', 'O', 'O', 'B-class', 'I-class', 'O', 'O', 'B-attr', 'O', 'O', 'O', 'O', 'B-attr', 'I-attr', 'O', 'B-class', 'O', 'O']"
"['vmu', 'will', 'create', 'the', 'voucher', 'and', 'sell', 'it', 'to', 'client', 'through', 'distributor', ';', 'the', 'distributor', 'will', 'submit', 'the', 'the', 'to', 'service', 'and', 'patient', 'be', 'not', 'cure', 'then', 'the', 'doctor', 'will', 'refer', 'the', 'patient', 'to', 'some', 'the', 'other', 'the', 'hospital', 'may', 'be', 'another', 'VSP', 'or', 'any', 'other', ';', 'each', 'visit', 'detail', 'Hospitals', 'if', ';', ',', 'will', 'get', 'treatment', ';', 'first', 'visit', 'be', 'call', 'as', 'Consultation', 'and', 'if', 'the', 'patient', 'be', 'not', 'cure', 'then', 'they', 'can', 'go', 'for', 'first', 'follow', 'up', 'and', 'second', 'follow', 'up', 'provider', '(', 'provision', 'have', 'in', 'the', 'document', 'the', 'preparation', 'of', 'SRS', 'be', 'purely', 'base', 'on', 'the', 'follow', 'section', 'document', 'report', 'on', 'Programme', 'Design', 'Study', ',', 'Dated', '10', '-', 'sepetember-2005', 'prepare', 'by', 'MSIU', 'final', 'below', 'in', 'explain', 'Feed', 'back', ';', 'Reports', '(', 'Standard', 'and', 'Customized', ')', ';', 'Security', 'and', 'User', 'Privileges', '.', 'each']","['B-class', 'O', 'O', 'O', 'B-class', 'O', 'O', 'O', 'O', 'B-class', 'O', 'B-class', 'O', 'O', 'B-class', 'O', 'O', 'O', 'O', 'O', 'B-class', 'O', 'B-class', 'O', 'O', 'O', 'O', 'O', 'B-class', 'O', 'O', 'O', 'B-class', 'O', 'O', 'O', 'O', 'O', 'B-class', 'O', 'O', 'O', 'O', 'O', 'O', 'O', 'O', 'O', 'O', 'O', 'B-class', 'O', 'O', 'O', 'O', 'O', 'B-class', 'O', 'O', 'O', 'O', 'O', 'O', 'B-class', 'O', 'O', 'O', 'B-class', 'O', 'O', 'O', 'O', 'O', 'O', 'O', 'O', 'B-class', 'I-class', 'O', 'O', 'B-class', 'I-class', 'O', 'I-class', 'O', 'O', 'O', 'O', 'O', 'O', 'O', 'O', 'O', 'O', 'O', 'O', 'O', 'O', 'O', 'O', 'O', 'O', 'O', 'O', 'O', 'O', 'O', 'O', 'O', 'O', 'O', 'O', 'O', 'O', 'O', 'O', 'O', 'O', 'O', 'I-class', 'I-class', 'O', 'B-class', 'O', 'O', 'O', 'O', 'O', 'O', 'B-class', 'I-class', 'I-class', 'I-class', 'O', 'O']"
"['option', 'of', 'above', 'report', 'sale', 'be', 'on', 'User', 'Login', 'Permission', 'only', '.', 'there']","['O', 'O', 'O', 'B-class', 'O', 'O', 'O', 'B-attr', 'I-attr', 'I-attr', 'O', 'O', 'O']"
['only'],['O']
"['.', 'team', 'development', 'the', 'by', 'add', 'be', 'display', 'only', 'the', 'they']","['O', 'I-class', 'B-class', 'O', 'O', 'O', 'O', 'O', 'O', 'O', 'O']"
"['System', 'who', 'on', 'where', 'can', 'case', 'organise', ':', 'by']","['O', 'O', 'O', 'O', 'O', 'B-class', 'O', 'O', 'O']"
"['.', 'customer', 'the', 'writer', 'for', 'be', 'be', 'requirement', 'the', 'ensure', 'to', 'this', 'meet', 'will', 'use', 'this', 'end', 'to', 'begin', 'from', 'review', 'be', 'to', 'design', 'be', 'document', 'this']","['O', 'O', 'O', 'O', 'O', 'O', 'O', 'O', 'O', 'O', 'O', 'O', 'O', 'O', 'O', 'O', 'O', 'O', 'O', 'O', 'O', 'O', 'O', 'O', 'O', 'O', 'O']"
"['10', 'detail', 'functional', 'the', 'of', 'other', 'information', ',', 'such', 'as', 'priority', 'handling', 'respectively', 'equipment', 'radio', 'implementation', 'of', 'network', '.', '(']","['O', 'O', 'O', 'O', 'O', 'O', 'O', 'O', 'O', 'O', 'O', 'O', 'O', 'O', 'O', 'O', 'O', 'O', 'O', 'O']"
"['result', 'link', 'be', 'must', 'result', 'Laboratory']","['B-class', 'O', 'O', 'O', 'I-class', 'B-class']"
"['navigation', 'self', '-', 'descriptive', ':', 'navigation', 'should', 'be', 'general']","['O', 'O', 'O', 'O', 'O', 'O', 'O', 'O', 'O']"
"['cpu', 'Disks', '(', 'RAID', '):', 'a', 'raid', 'shadow', 'appear', 'as', 'one', 'very', 'large', ',', 'reliable', 'disk', 'to', 'the', '.', ';', 'system', 'network', 'to', 'an', 'object', 'potentially', 'imply', 'access', 'to', 'the', 'information', 'it', 'contain', '.', 'example']","['O', 'O', 'O', 'O', 'O', 'O', 'O', 'O', 'O', 'O', 'O', 'O', 'O', 'O', 'O', 'O', 'O', 'O', 'O', 'O', 'O', 'O', 'O', 'O', 'B-class', 'O', 'O', 'O', 'O', 'O', 'B-attr', 'O', 'O', 'O', 'O']"
['some'],['O']
"['and', 'Availability', 'requirement', 'that', 'span', 'PHIN', 'functional', 'area', 'should', 'and', 'be', ',', 'unauthorized', 'function', 'of', 'contact', 'exposure', 'tracing', '.', 'Systems']","['O', 'O', 'O', 'O', 'O', 'O', 'O', 'O', 'O', 'O', 'O', 'O', 'O', 'O', 'O', 'O', 'O', 'O', 'O', 'B-class']"
"[';', 'Master', 'Measure', 'other']","['O', 'I-attr', 'I-attr', 'B-attr']"
"['system', 'future', 'will', 'control', 'the', 'existence', 'of', 'fraud', 'in', 'claim', 'and', 'will', 'help', 'the', 'service', 'provider', 'also', 'the', 'for', 'plan', 'process', 'to', 'maximize', 'the', 'quality', 'of', 'the', 'project', 'to', 'understand', 'the', 'progress', 'and', 'timely', 'out', 'come', 'of', 'the', 'project', 'to', 'take', 'necessary', 'step', 'by', 'the', 'MSIU', 'Admin', 'team', 'to', 'to', 'manual', 'reach', 'payment', 'the', 'system', 'easy', 'for', 'understanding', ',', 'developing', ',', 'testing', 'and', 'to', 'implement', '.', 'make', 'Voucher']","['B-class', 'O', 'O', 'O', 'O', 'O', 'O', 'O', 'O', 'O', 'O', 'O', 'O', 'O', 'B-class', 'I-class', 'O', 'O', 'O', 'O', 'O', 'O', 'O', 'O', 'O', 'O', 'O', 'O', 'O', 'O', 'O', 'O', 'O', 'O', 'O', 'O', 'O', 'O', 'O', 'O', 'O', 'O', 'O', 'O', 'O', 'O', 'O', 'O', 'O', 'O', 'O', 'O', 'B-class', 'O', 'O', 'O', 'O', 'O', 'O', 'O', 'O', 'O', 'O', 'O', 'O', 'O', 'O', 'B-class']"
"['e.g.', 'Hale', 'Pohaku', 'or', 'Hilo', 'in', 'Hawaii', ',', '(', 'Cerro', 'in', 'Chile', ',', 'etc', '.', ')', 'the']","['O', 'O', 'O', 'O', 'O', 'O', 'O', 'O', 'O', 'O', 'O', 'O', 'O', 'O', 'O', 'O', 'O']"
"['follow', 'train', 'datum', 'shall', 'be', 'send', 'from', 'the', 'Max', ',', '.', 'load', '.', 'train']","['O', 'B-attr', 'I-attr', 'O', 'O', 'O', 'O', 'O', 'B-attr', 'O', 'I-attr', 'I-attr', 'I-attr', 'I-attr']"
"['valid', 'information', 'will', 'help', 'we', 'track', 'information', 'relate', 'type', 'distributor', 'each']","['O', 'O', 'O', 'O', 'O', 'O', 'O', 'O', 'B-attr', 'B-class', 'O']"
"['be', 'a', 'ﬁrst', 'level', 'of', 'storage', 'within', 'ioc', ',', 'to', 'secure', 'datum', 'in', 'the', 'event', 'of', 'link', 'failure', '.', '.', 'site', '.', 'the']","['O', 'O', 'O', 'O', 'O', 'O', 'O', 'O', 'O', 'O', 'O', 'O', 'O', 'O', 'O', 'O', 'O', 'O', 'O', 'O', 'O', 'O', 'O']"
"['test', 'might', 'be', 'run', 'in', 'parallel', 'on', 'instrument', 'that', 'do', 'not', 'have', 'the', 'light', 'beam', 'at', 'that', '.', '.', 'node', 'instrument', 'normal', 'observe', 'mode', ',', 'there', 'will', 'be', 'a', 'single', 'operator', 'node', 'for', 'the', 'telescope', 'and', 'two', 'datum', 'acquisition', 'and', 'control', 'of', 'release', 'or', 'be', 'a', 'question', 'of', 'interface', 'and', 'bandwidth', 'cost', 'will', 'whether', 'information', 'be', 'actually', 'available', 'at', 'a', 'speciﬁc', 'location', 'such', 'it']","['O', 'O', 'O', 'O', 'O', 'O', 'O', 'B-class', 'O', 'O', 'O', 'O', 'O', 'O', 'O', 'O', 'O', 'O', 'O', 'I-class', 'I-class', 'O', 'B-attr', 'I-attr', 'O', 'O', 'O', 'O', 'O', 'B-class', 'I-class', 'I-class', 'O', 'O', 'O', 'O', 'O', 'B-class', 'I-class', 'I-class', 'I-class', 'O', 'O', 'O', 'O', 'O', 'O', 'O', 'O', 'O', 'O', 'O', 'O', 'O', 'O', 'O', 'O', 'O', 'O', 'O', 'O', 'B-class', 'O', 'O']"
"['control', 'command', 'be', 'present', 'in', 'the', 'Gemini', 'Software', 'Design', 'Description', '.', 'Speciﬁc']","['O', 'O', 'O', 'O', 'O', 'O', 'O', 'O', 'O', 'O', 'O', 'O']"
['operational'],['O']
"['type', 'of', 'alarm', 'require', 'human', 'acknowledgment', 'to', 'clear', 'second', 'as', 'long', 'as', 'alarm', '.', 'there']","['O', 'O', 'O', 'O', 'O', 'O', 'O', 'O', 'O', 'O', 'O', 'O', 'B-class', 'O', 'O']"
"['.', 'A2', ';', '(', 'cookie', 'Administrator', 'recognize', 'system']","['O', 'O', 'O', 'O', 'O', 'O', 'O', 'O']"
"['follow', 'document', 'show', 'form', 'a', 'part', 'of', 'this', 'UO', 'specification', 'THEMAS', 'Value', 'LT', 'Lower', 'Trigger', 'Value', ';', 'OD', 'Overtemperature', 'Delta', 'Value', ';', 'SDD', 'Software', 'Design', ';', 'Document', 'SRS', 'Software', 'Requirements', 'Specification', ';', 'T', 'Current', 'Temperature', 'value', ';', 'TD', 'Trigger', 'Delta', ';', '.', 'in']","['O', 'O', 'O', 'O', 'O', 'O', 'O', 'O', 'O', 'O', 'O', 'O', 'O', 'O', 'O', 'O', 'O', 'O', 'O', 'O', 'O', 'O', 'O', 'O', 'O', 'O', 'O', 'O', 'O', 'O', 'O', 'O', 'O', 'O', 'O', 'O', 'O', 'O', 'O', 'O', 'O', 'O', 'O']"
"['xml', 'schema', 'natural', '(', 'language', 'other', 'design', 'tool', '&', 'environment', ';', 'record', 'semantic', 'structure', 'in', 'JTA', '-', 'compliant', 'formalism', ';', 'Generate', 'standard', '/', 'view', 'w', ';', '&', 'associate', 'semantic', 'structure', '(', 'extract', 'from', 'Registry', ')', ';', 'create', 'new', 'tag', '&', 'associate', 'semantic', 'structure', 'interchange', 'validation', ';', 'metadata', 'schema', ';', 'develop', 'scheme', 'to', 'permit', 'dynamic', 'cross', '-', 'referencing', 'and', 'indexing', 'of', 'xml', 'object', ';', 'Generate', 'a', 'version', ')', 'by', 'object', '.', 'Generate']","['B-class', 'I-class', 'O', 'O', 'O', 'O', 'O', 'O', 'O', 'O', 'O', 'O', 'B-attr', 'I-attr', 'O', 'O', 'O', 'O', 'O', 'O', 'O', 'O', 'O', 'O', 'O', 'O', 'O', 'O', 'B-attr', 'I-attr', 'O', 'O', 'O', 'B-class', 'O', 'O', 'O', 'O', 'B-class', 'O', 'O', 'B-attr', 'I-attr', 'O', 'O', 'O', 'O', 'B-attr', 'O', 'O', 'O', 'O', 'O', 'O', 'O', 'O', 'O', 'O', 'O', 'O', 'B-class', 'I-class', 'O', 'O', 'O', 'O', 'O', 'O', 'O', 'O', 'O']"
"[',', 'it', 'will', 'be', 'the', 'off', 'the']","['O', 'O', 'O', 'O', 'O', 'O', 'O']"
"['website', 'see', 'main', 'one', 'of', 'database', 'a', 'through', 'search', 'will', 'that', 'term', '-', 'search', 'a', 'give', 'will', 'user', 'compatible', 'the']","['I-class', 'O', 'O', 'O', 'O', 'B-class', 'O', 'O', 'O', 'O', 'O', 'I-class', 'I-class', 'B-class', 'O', 'O', 'O', 'B-class', 'B-attr', 'O']"
"['.', 'level', 'what', 'at', 'determine', 'will', 'capacity', 'have', 'link', ',', 'capability', 'operation', 'remote', 'have', 'they', 'although']","['O', 'O', 'O', 'O', 'O', 'O', 'O', 'O', 'O', 'O', 'O', 'O', 'O', 'O', 'O', 'O']"
"['Gemini', '8', 'to', 'm', 'software', 'shall', 'be', 'able', 'to', 'bring', 'the', 'Gemini', 'Telescopes', 'damper', 'use', 'will', '-', 'the', 'mechanism', 'can', 'not', 'move', 'beyond', 'this', 'point', 'due', 'to', 'mechanical', 'limit(s', ')', '.', 'in']","['O', 'O', 'O', 'O', 'O', 'O', 'O', 'O', 'O', 'O', 'O', 'O', 'O', 'O', 'O', 'O', 'O', 'O', 'O', 'O', 'O', 'O', 'O', 'O', 'O', 'O', 'O', 'O', 'O', 'O', 'O', 'O']"
"['system', 'will', 'populate', 'active', 'VSP', ',', 'to', 'quickly', 'navigate', 'continue', '–', 'yes', '/', 'no', '""', 'while', 'the', 'user', 'try', 'to', 'create', 'a', '""', 'new', 'with', 'an', 'exist', 'name', ',', 'if', 'the', 'user', 'press', 'yes']","['B-class', 'O', 'O', 'O', 'B-class', 'O', 'O', 'O', 'O', 'O', 'O', 'O', 'O', 'O', 'O', 'O', 'O', 'B-class', 'O', 'O', 'O', 'O', 'O', 'O', 'O', 'O', 'O', 'B-attr', 'O', 'O', 'O', 'B-class', 'O', 'O']"
"['must', 'be', 'a', 'way', 'to', 'shut', 'down', 'of', 'time', ',', '-', 'shut', '-', 'down', '.', 'there']","['O', 'O', 'O', 'O', 'O', 'O', 'O', 'O', 'B-attr', 'O', 'O', 'O', 'O', 'O', 'O', 'O']"
"['system', 'will', 'capture', 'follow', 'master', 'detail', 'to', 'fill', 'the', 'payment', 'term', '.', 'payment']","['B-class', 'O', 'O', 'O', 'B-attr', 'I-attr', 'O', 'O', 'O', 'B-class', 'I-class', 'O', 'B-attr']"
"['further', 'subdivision', 'within', 'the', 'level', 'can', 'be', 'achieve', 'privilege']","['O', 'O', 'O', 'O', 'B-attr', 'O', 'O', 'O', 'B-attr']"
"['Database', 'be', 'o', 'event', ',', 'and', 'Passive', '.', 'periodic']","['O', 'O', 'O', 'O', 'O', 'O', 'O', 'O', 'O']"
"['/', 'read', '/', 'update', '/', 'delete', ')', 'create', 'that', 'take', 'upon', 'the', 'critical', 'entity', '(', 'case', 'be', '(', 'action', 'the', 'System', 'must', 'keep', 'an', 'unalterable', 'audit', 'trail', 'capable', 'of', 'automatically', 'capture', 'and', 'store', 'information', 'about', ':', 'all', '.', '.', 'interface', 'browser', 'defect', 'or', 'enhancement', 'request', '.', 'the']","['O', 'O', 'O', 'O', 'O', 'O', 'O', 'O', 'O', 'O', 'O', 'O', 'O', 'O', 'O', 'B-class', 'O', 'O', 'B-class', 'O', 'O', 'O', 'O', 'O', 'O', 'B-class', 'I-class', 'O', 'O', 'O', 'O', 'O', 'O', 'O', 'O', 'O', 'O', 'O', 'O', 'O', 'O', 'O', 'O', 'O', 'O', 'O', 'O']"
"['be', 'deﬁne', 'as', 'node', '.', 'in']","['O', 'O', 'O', 'I-class', 'O', 'O']"
"['should', 'to', 'the', 'uncertain', 'future', 'of', 'the', 'internet', ',', 'due']","['O', 'O', 'O', 'O', 'O', 'O', 'O', 'O', 'O', 'O']"
"['monitor', 'and', 'control', 'element', 'have', 'an', 'associated', 'process', ';', 'the']","['B-class', 'I-class', 'I-class', 'I-class', 'O', 'O', 'O', 'B-attr', 'O', 'O']"
"['the', 'term', ';', 'Payment', 'Type', '(', 'Selection', 'from', 'list', 'of', 'option', 'Bi', '-', 'Monthly', '/', 'Name', 'Monthly', '.', 'the']","['O', 'I-class', 'O', 'B-attr', 'I-attr', 'O', 'O', 'O', 'O', 'O', 'O', 'O', 'O', 'O', 'O', 'I-attr', 'O', 'O', 'O']"
"['include', 'remote', 'observing', ',', 'remote', 'control', 'of', 'telescope', ',', ',', 'that', 'it', 'expect', 'bandwidth', 'consideration', '.', 'this']","['O', 'O', 'O', 'O', 'O', 'O', 'O', 'O', 'O', 'O', 'O', 'O', 'O', 'O', 'O', 'O', 'O']"
"['leave', 'this', 'modify', 'to', 'Alamos', ';', 'host', '-', 'base', 'Development', 'Tools', '(', 'Los', 'not', 'will', 'Gemini', 'breakdown', 'be', 'give', 'in', 'the', 'following', 'subsection', ':', 'Channel', 'Access', '-', 'Client', 'and', 'Server', 'Software', ',', 'scanner', ',', 'Monitors', 'CAPFAST', 'this']","['O', 'O', 'O', 'O', 'O', 'O', 'O', 'O', 'O', 'O', 'O', 'O', 'O', 'O', 'O', 'O', 'O', 'O', 'O', 'O', 'O', 'O', 'O', 'O', 'O', 'O', 'O', 'O', 'O', 'O', 'O', 'O', 'O', 'O', 'O', 'O', 'O']"
"['Person', '.', 'the', 'from', 'product', 'a', 'remove']","['I-class', 'O', 'O', 'O', 'B-class', 'O', 'O']"
"['Temperature', 'Temperature', 'Limit', 'shall', 'exceed', 'thermostat', 'from', 'Signal', 'Cooling', 'Unit', 'Signal', 'Unit', 'Status', 'System', 'event', 'there']","['O', 'O', 'O', 'O', 'O', 'B-class', 'O', 'O', 'O', 'O', 'O', 'O', 'O', 'O', 'O', 'O']"
"['if', 'the', 'system', 'be', 'find', 'more', 'than', 'two', 'fraud', 'entry', 'during', 'the', 'claim', 'process', 'of', 'particular', 'VSP', ',', 'then', 'the', 'system', 'would', 'automatically', 'change', 'the', 'status', 'of', 'enter', 'valid']","['O', 'O', 'B-class', 'O', 'O', 'O', 'O', 'O', 'O', 'O', 'O', 'O', 'O', 'O', 'O', 'O', 'B-class', 'O', 'O', 'O', 'B-class', 'O', 'O', 'O', 'O', 'B-attr', 'O', 'O', 'B-attr']"
"['ETCS', 'trainborne', 'equipment', 'national', 'shall', 'capable', 'of', 'supervise', 'the', 'follow', 'operational', 'be', 'the', 'by', 'with', 'TSI', 'such', 'that', 'it', 'do', 'not', 'interfere', 'with', 'the', 'national', 'system', 'and', 'be', 'not', 'interfere', 'the', '.', 'trackside', 'from', '1', 'and', '0', 'and', 'train', 'equip', ',', 'for', '/', 'ETCS', 'application', 'level', '1', 'shall', 'ERTMS', '2', 'level', 'application', 'application', 'level', '2', 'shall', 'be', 'able', 'to', 'run', 'on', 'line', 'equip', 'with', 'ERTMS', '/', 'ETCS', 'be', 'able', 'to', 'run', 'indicate', 'on', 'the', 'DMI', '.', 'the']","['B-class', 'I-class', 'I-class', 'B-class', 'O', 'O', 'O', 'O', 'O', 'O', 'B-attr', 'O', 'O', 'O', 'O', 'I-class', 'O', 'O', 'O', 'O', 'O', 'O', 'O', 'O', 'B-class', 'I-class', 'O', 'O', 'O', 'O', 'O', 'O', 'B-class', 'O', 'O', 'O', 'O', 'O', 'B-class', 'O', 'O', 'O', 'I-attr', 'I-attr', 'I-attr', 'I-attr', 'O', 'O', 'B-attr', 'O', 'I-attr', 'I-attr', 'I-attr', 'I-attr', 'O', 'O', 'O', 'O', 'O', 'O', 'O', 'B-class', 'O', 'O', 'B-attr', 'I-attr', 'I-attr', 'O', 'O', 'O', 'O', 'O', 'O', 'O', 'B-class', 'O', 'O']"
['this'],['O']
"['syntax', 'of', 'control', 'to', '.', 'ﬂow', ',', 'requirement', 'apply', 'to', 'the', 'command', 'and', 'reply', 'between', 'sub', '-', 'system', '(', 'include', 'status', 'information', 'request', 'and', 'reply', ')', 'information', 'range', 'be', 'from', 'on', 'page', '4-', '7', ',', 'which', 'will', 'be', '4.2.5', 'portable', 'different', 'computer', 'hardware', 'platform', '(', 'portable', 'User', 'Interface', 'across', 'section', 'in', 'deﬁne', 'do', 'not', 'matter', 'where', 'it', 'be', 'be', 'run', '.', 'the']","['O', 'O', 'O', 'O', 'O', 'O', 'O', 'O', 'O', 'O', 'O', 'O', 'O', 'O', 'O', 'B-class', 'I-class', 'I-class', 'O', 'O', 'O', 'O', 'O', 'O', 'O', 'O', 'O', 'O', 'O', 'O', 'O', 'O', 'O', 'O', 'O', 'O', 'O', 'O', 'O', 'O', 'O', 'O', 'O', 'O', 'O', 'O', 'O', 'O', 'O', 'O', 'O', 'O', 'O', 'O', 'O', 'O', 'O', 'O', 'O', 'O', 'O', 'O']"
"['.', 'radio', 'Cab', 'EIRENE', 'the', 'how', 'for', 'system', 'the', 'identify', 'section', 'this']","['O', 'I-class', 'B-class', 'O', 'O', 'O', 'O', 'O', 'O', 'O', 'O', 'O']"
"['.', 'mode', 'access', 'of', 'series', 'a', 'system', 'Gemini', 'the', 'on', 'impose', 'software', 'the', 'use', 'against', 'flexibility', ',', 'this']","['O', 'I-attr', 'B-attr', 'O', 'O', 'O', 'I-class', 'B-class', 'O', 'O', 'O', 'O', 'O', 'O', 'O', 'O', 'O', 'O']"
"['M', 'criterion', 'service', 'in', '2', '2', ',', 'be', 'to', 'be', 'support', 'for', 'each', 'type', 'of', 'mobile', 'radio', ':', 'the']","['O', 'O', 'I-class', 'O', 'O', 'O', 'O', 'O', 'O', 'O', 'O', 'O', 'O', 'B-attr', 'O', 'B-class', 'I-class', 'O', 'O']"
"['shall', 'algorithm', 'for']","['O', 'O', 'O']"
"['allocation', 'system', 'must', 'ensure', 'that', 'allocation', 'restricted', 'a', 'only', 'Mode', 'Allocation', 'system', 'that', 'dynamically', 'identiﬁes', 'and', 'assign', 'resource', 'as', 'need', '.', 'critical']","['O', 'O', 'O', 'O', 'O', 'O', 'O', 'O', 'O', 'O', 'O', 'O', 'O', 'O', 'O', 'O', 'O', 'O', 'O', 'O', 'O', 'O']"
"['.', 'document', 'this', 'of', 'other', 'Exchange', 'facility', 'be', 'the', 'and', ',', 'number', 'tracking', 'shipment', ',', ')', 'FedEx', ',', 'UPS', ',', 'e.g.', '(', 'shipper', 'the', 'include', ',', 'collect', 'must', 'send', 'Data', 'Integration', 'a', 'for', 'request', 'test', 'laboratory', 'a', 'create', 'to', 'able', 'be', 'must', 'OM', 'support', 'system']","['O', 'O', 'O', 'O', 'O', 'O', 'B-class', 'O', 'O', 'O', 'O', 'I-attr', 'I-attr', 'B-attr', 'O', 'O', 'O', 'O', 'O', 'O', 'O', 'O', 'B-attr', 'O', 'O', 'O', 'O', 'O', 'B-class', 'O', 'O', 'O', 'O', 'I-class', 'I-class', 'B-class', 'O', 'O', 'O', 'O', 'O', 'O', 'O', 'O', 'B-class']"
"['system', 'information', 'event', 'consist', 'of', 'a', 'description', 'of', 'the', 'event', 'type', '(', 'a', 'request', 'deny', 'event', 'shall', ')', 'cool', 'heating', 'system', 'shall', 'record', 'that', 'event', '.', 'the']","['B-class', 'I-attr', 'I-class', 'O', 'O', 'O', 'B-attr', 'I-attr', 'I-attr', 'I-attr', 'I-attr', 'O', 'O', 'O', 'O', 'O', 'O', 'O', 'I-attr', 'B-attr', 'B-class', 'O', 'O', 'O', 'B-class', 'O', 'O']"
"['example', ',', 'the', 'oc', 'failure', 'system', 'might', 'a', 'the']","['O', 'O', 'O', 'O', 'O', 'I-class', 'O', 'O', 'O']"
"['Software', ':', 'W', 'S', 'Specification', ';', 'SSDD', 'Support', 'Software', 'Design', 'Document', ';', 'STACCS', 'Standard', 'Theater', 'Army', 'Command', 'and', 'Control', 'System', ';', '/', 'the', 'indicate', 'initiate', '.', 'the']","['O', 'O', 'O', 'O', 'O', 'O', 'O', 'O', 'O', 'O', 'O', 'O', 'O', 'O', 'O', 'O', 'O', 'O', 'O', 'O', 'O', 'O', 'O', 'O', 'O', 'O', 'O']"
"['information', 'on', 'all', 'control', 'variable', 'must', 'be', 'provide', 'you', 'all', 'subsystem', 'on', 'request', '.', 'no']","['I-attr', 'O', 'O', 'O', 'O', 'O', 'O', 'O', 'O', 'O', 'B-class', 'O', 'O', 'O', 'O']"
"['.', 'HTTPS', 'with', 'browser', 'web', 'a', 'via', 'a', 'system', 'or', 'password', 'Intel', 'an', 'on', 'operate', 'shall', 'Store', 'Web']","['O', 'O', 'O', 'O', 'O', 'O', 'O', 'O', 'O', 'O', 'B-attr', 'O', 'O', 'O', 'O', 'O', 'O', 'O']"
"['System', 'must', 'allow', 'persistent', 'default', 'for', 'data', 'entry', 'where', 'desirable', '.', 'these']","['O', 'O', 'O', 'O', 'B-class', 'O', 'O', 'O', 'O', 'O', 'O', 'O']"
"['above', 'information', 'be', 'mandatory', 'while', 'allow', 'create', 'new', 'User', 'Group', '.', 'the']","['O', 'O', 'O', 'O', 'O', 'O', 'O', 'O', 'B-class', 'I-class', 'O', 'O']"
"[']', '-', 'specify', 'interface', 'requirement', 'the', ',', 'implement', 'where', ',', 'however']","['O', 'I-class', 'O', 'I-class', 'O', 'O', 'O', 'O', 'O', 'O', 'O']"
"['Salesman', 'master', 'should', 'capture', 'follow', 'information', '’s', '.', 'Salesman']","['B-class', 'I-class', 'O', 'O', 'O', 'O', 'O', 'O', 'B-attr']"
['the'],['O']
"['e.g.', ',', 'the', 'display', 'column', 'possible', 'be', 'must', 'interface', 'the']","['O', 'O', 'O', 'O', 'O', 'O', 'O', 'O', 'O', 'O']"
"['control', 'the', 'affect', 'access', 'administrative', 'should', 'circumstance', 'no', 'under']","['O', 'O', 'O', 'O', 'O', 'O', 'O', 'O', 'O']"
"['be', 'string', '.', 'field']","['O', 'O', 'O', 'O']"
"['train', 'function', 'within']","['B-class', 'I-class', 'O']"
"[',', 'in', 'the', 'case', 'of', 'remote', 'locally', 'of', 'at', 'Gemini', 'user', 'station', '.', 'it']","['O', 'O', 'O', 'O', 'O', 'O', 'O', 'O', 'O', 'O', 'B-class', 'I-class', 'O', 'O']"
"['Qualification', 'Methods', ',', 'I', ')', '.', 'or', 'some', 'part', 'of', 'the', 'computer', 'S', '/', 'W', 'configuration', 'item', ',', 'etc', '.', ')', 'and']","['B-class', 'I-class', 'O', 'O', 'O', 'O', 'O', 'O', 'O', 'O', 'O', 'O', 'O', 'O', 'O', 'B-class', 'I-class', 'O', 'O', 'O', 'O', 'O']"
"['scheduling', 'require', 'the', 'possibility', 'to', 'change', 'telescope', 'scheduling', 'quickly', ',', 'exchange', 'observe', 'program', 'good', 'a', 'choice', 'make', 'software', 'do', 'not', 'currently', 'exist', '-', 'it', 'should', ""'"", 'be', 'requirement', 'of', 'such', 'software', 'that', 'it', 'have', 'an', 'a', 'scheduling', 'expert', ""'"", 'which', 'be', 'compatible', 'with', 'the', 'relative', 'priority', 'of', 'the', 'various', 'observe', 'program', '.', 'it']","['O', 'O', 'O', 'O', 'O', 'O', 'O', 'O', 'O', 'O', 'O', 'O', 'O', 'O', 'O', 'O', 'O', 'O', 'O', 'O', 'O', 'O', 'O', 'O', 'O', 'O', 'O', 'O', 'O', 'O', 'O', 'O', 'O', 'O', 'O', 'O', 'O', 'O', 'O', 'O', 'O', 'O', 'O', 'O', 'O', 'O', 'O', 'O', 'O', 'O', 'O', 'O', 'O']"
"['on', '.', 'system', 'the', 'be', 'will', 'level', 'second', 'the']","['O', 'O', 'B-class', 'O', 'O', 'O', 'B-attr', 'O', 'O']"
"['correspond', 'frequency', 'value', ',', 'the', 'by', 'controller', 'quality', 'of', 'service', 'requirement', 'for', 'handover', 'execution', '(', 'eg', 'a', 'break', 'of', '10', 'would', 'clearly', 'a', 'be', 'there']","['O', 'B-attr', 'I-attr', 'O', 'O', 'O', 'B-class', 'O', 'O', 'O', 'O', 'O', 'O', 'O', 'O', 'O', 'O', 'O', 'O', 'O', 'O', 'O', 'O', 'O', 'O']"
"['midwife', ',', 'hospital', ',', 'NGOs', ',', 'and', 'faith', '-', 'base', 'organisation', ')', 'the', 'in', 'of', 'in', 'South', 'Korea', 'and', 'Taiwan', '.', 'in']","['O', 'O', 'O', 'O', 'O', 'O', 'O', 'O', 'O', 'O', 'O', 'O', 'O', 'O', 'O', 'O', 'O', 'O', 'O', 'O', 'O', 'O']"
"['principle', 'language', 'for', 'develop', 'gui', 'be', 'Tcl', '/', 'Tk', ';', 'the', 'GNU', ')', 'CVS', 'some', 'basis', 'be', 'not', 'permit', '.', 'compliance']","['O', 'O', 'O', 'O', 'O', 'O', 'O', 'O', 'O', 'O', 'O', 'O', 'O', 'O', 'O', 'O', 'O', 'O', 'O', 'O', 'O']"
"['Internal', 'Interfaces', 'for', 'the', 'Data', 'Item', 'Description', 'DI', 'time', 'such', 'detailed', 'information', 'be', 'unavailable', '.', 'the']","['O', 'O', 'O', 'O', 'O', 'O', 'O', 'O', 'O', 'O', 'O', 'O', 'O', 'O', 'O', 'O']"
"['be', 'the', 'integrity', 'rule', 'that', 'protect', 'the', 'datum', 'in', 'the', 'eventual', 'database', 'derivation', 'that', '.', 'example', 'from', 'the', 'current', 'date', ';', 'Commit', '/', 'Rollback', ':', 'an', 'individual', 'transaction', 'be', 'process', '(', 'commit', ')', 'date', 'for']","['O', 'O', 'O', 'O', 'O', 'O', 'O', 'O', 'O', 'O', 'O', 'B-class', 'B-class', 'O', 'O', 'O', 'O', 'O', 'O', 'O', 'O', 'O', 'O', 'O', 'O', 'O', 'O', 'O', 'O', 'O', 'O', 'O', 'O', 'O', 'O']"
"['section', 'present', 'the', 'speciﬁc', 'attribute', 'and', 'requirement', 'for', 'Gemini', 'software', '.', 'only']","['O', 'O', 'O', 'O', 'O', 'O', 'O', 'O', 'O', 'O', 'O', 'O']"
"['Access', 'Tools', ';', 'MEMD', 'Motif', 'version', 'of', 'combine', 'display', 'manager', 'and', 'display', 'editor', ';', 'DM', 'monitor', 'differ', 'have', 'ioc', 'ioc', '.', 'a']","['I-class', 'I-class', 'O', 'O', 'O', 'O', 'O', 'O', 'O', 'O', 'O', 'O', 'O', 'O', 'O', 'O', 'O', 'O', 'O', 'O', 'O', 'O']"
"['themas', 'system', 'shall', 'determine', 'wh', 'en', 'a', 'reported', 'temperature', 'or', 'a', 'change', '.', 'identify', 'invalid']","['O', 'B-class', 'O', 'O', 'O', 'O', 'O', 'O', 'B-attr', 'O', 'O', 'B-attr', 'O', 'O', 'O']"
"['access', 'may', 'or', 'may', 'not', 'be', 'do', 'concurrently', 'on', 'astronomer', 'observer', 'to', 'observer', 'Observing']","['O', 'O', 'O', 'O', 'O', 'O', 'O', 'O', 'O', 'B-class', 'B-class', 'O', 'B-class', 'O']"
"['Event', 'datum', 'the', 'themas', 'system', 'cool', 'necessary', 'signal', 'to', 'or', '2', ')', 'the', 'reported', 'temperature', 'have', 'exceed', 'the', 'define', 'limit', '.', 'this']","['O', 'O', 'O', 'O', 'B-class', 'I-class', 'O', 'B-class', 'O', 'O', 'O', 'O', 'O', 'O', 'B-attr', 'O', 'O', 'O', 'O', 'B-attr', 'O', 'O']"
"['be', 'to', 'be', 'recovery', 'procedure', 'to', 'monitoring', 'be', 'should', 'rate', ',', 'both', 'when', 'in', 'operation', 'and', 'when', 'idle', ',', 'to', 'check', 'their', 'operational', 'status', '.', 'a']","['O', 'O', 'O', 'O', 'O', 'O', 'O', 'O', 'O', 'O', 'O', 'O', 'O', 'B-attr', 'I-attr', 'O', 'O', 'B-attr', 'O', 'O', 'O', 'O', 'B-attr', 'I-attr', 'O', 'O']"
"['clarify', 'these', 'condition', ',', 'the', 'follow', 'definition', 'unit', 'will', 'use', ':', 'lt', ':', 'Lower', 'Trigger', 'Value', '=', 'tset']","['O', 'O', 'O', 'O', 'O', 'O', 'O', 'I-class', 'O', 'O', 'O', 'O', 'O', 'B-attr', 'I-attr', 'I-attr', 'O', 'O']"
"['UUS1', 'use', 'network', 'the', 'to', 'pass', 'be', 'initiate', 'shall', 'functional', '’s', 'driver', 'call', 'the', ')', 'M', 'number', 'shall', 'radio', 'the', 'interface', 'these', 'on', 'give', 'be', 'requirement', 'More']","['O', 'O', 'B-class', 'O', 'O', 'O', 'O', 'O', 'O', 'B-attr', 'O', 'B-class', 'B-attr', 'O', 'O', 'O', 'I-attr', 'O', 'B-class', 'O', 'O', 'O', 'O', 'O', 'O', 'O', 'O']"
"['shall', 'be', 'possible', 'to', 'order', 'a', 'train', 'trip', 'select', 'or', 'not', 'speed', 'from', 'Full', 'Supervision', 'to', 'Partial', 'Supervision', 'transfer', 'within', 'second', 'Partial', 'Supervision', 'shall', 'be', 'indicate', '5', 'acknowledge', 'shall', 'driver', 'information', 'receive', 'from', 'track', '-', 'to', '-', 'train', 'transmission', '.', 'if']","['O', 'O', 'O', 'O', 'O', 'O', 'B-class', 'I-class', 'O', 'O', 'O', 'I-attr', 'O', 'B-class', 'I-class', 'O', 'B-class', 'I-class', 'O', 'O', 'O', 'B-class', 'I-class', 'O', 'O', 'O', 'O', 'O', 'O', 'B-class', 'B-attr', 'O', 'O', 'B-class', 'I-class', 'I-class', 'I-class', 'I-class', 'I-class', 'O', 'O']"
"['.', 'H']","['O', 'O']"
"['.', 'System', 'add', 'verify', 'an', 'plug', 'module', 'separate', 'a']","['O', 'O', 'O', 'O', 'O', 'O', 'O', 'O', 'O']"
"['system', 'will', 'have', 'the', 'facility', 'to', 'capture', 'the', 'detail', 'of', 'VSP', 'staff', 'detail', 'and', 'the', 'necessary', 'master', 'information', 'while', 'enter', 'the', 'claim', 'into', 'system', 'should', 'master', ',', 'the', 'vmu', ';', 'each', 'voucher', 'should', 'have', 'two', 'portion', 'with', 'three', 'tear', 'off', 'to', 'voucher', 'each', 'for', 'Client', 'and', 'Partner', ';', 'the', 'client', 'and/or', 'the', 'partner', 'will', 'choose', 'slip', 'back', 'detail', 'sale', 'upgrade', 'to', 'meet', 'the', 'additional', 'market', 'and', 'project', 'need', '.', 'the']","['B-class', 'O', 'O', 'O', 'O', 'O', 'O', 'O', 'O', 'O', 'B-class', 'I-class', 'B-attr', 'O', 'O', 'O', 'B-attr', 'I-attr', 'O', 'O', 'O', 'B-class', 'O', 'B-class', 'O', 'B-class', 'O', 'O', 'O', 'O', 'O', 'B-class', 'O', 'O', 'O', 'O', 'O', 'O', 'B-class', 'I-class', 'O', 'I-class', 'O', 'O', 'B-class', 'O', 'B-class', 'O', 'O', 'B-class', 'O', 'O', 'B-class', 'O', 'O', 'I-class', 'O', 'I-attr', 'B-attr', 'O', 'O', 'O', 'O', 'O', 'O', 'O', 'O', 'O', 'O', 'O']"
"['.', 'organism', 'set', 'other', ',', 'event', ',', 'conveyance', ',', 'object', ',', 'animal', ',', 'or', 'should', 'the', 'to', ',', 'spreadsheet', ',', 'message', ',', 'and', 'text', 'file', ',', 'among', 'other', 'Data', 'exchange', 'should', 'support', 'analysis', 'and', 'information', 'sharing', 'database', 'of', 'as', ',', 'treatment', ')', 'by', 'system', 'support', 'OM', '.', 'system']","['O', 'B-class', 'O', 'O', 'O', 'B-class', 'O', 'B-class', 'O', 'B-class', 'O', 'B-class', 'O', 'O', 'O', 'O', 'O', 'O', 'B-class', 'O', 'B-class', 'O', 'O', 'B-class', 'I-class', 'O', 'O', 'O', 'O', 'O', 'O', 'O', 'O', 'O', 'O', 'O', 'B-class', 'O', 'O', 'O', 'O', 'O', 'O', 'B-class', 'O', 'O', 'O', 'B-class']"
"['principle', 'of', 'human', 'on', 'perception', 'design', 'application', 'page', ',', 'the', 'general', 'principle', 'of', 'when', 'use', 'location', 'a', 'layout', 'scheme', 'for', 'each', 'category', 'consistently', '.', 'place']","['O', 'O', 'O', 'O', 'O', 'O', 'O', 'O', 'O', 'O', 'O', 'O', 'O', 'O', 'O', 'O', 'O', 'O', 'O', 'O', 'O', 'B-attr', 'O', 'O', 'O']"
"['Form', '.', 'to', 'back', 'send', 'and', 'Rejected', 'as', 'status', ')', 'Form', 'Treatment', '(', 'Claim', 'that', 'VSP', 'no', ';', 'claim', 'Road', '/', 'Street', '(', 'Address', ';', 'Gender', ';', 'Age', ';', 'Name', 'Patient', ';', 'Type', 'Patient', ';', 'Count', 'visit', ';', 'no', 'Voucher', ';', 'Name', 'VSP', ';', 'Date', 'Submitted', ';', 'no', 'District', ';', 'Lab', 'test', 'the', 'into', 'claim', 'of', 'entry', 'the', 'during', 'no', 'Contact', 'than', 'other', 'mandatory', 'be', 'system', 'information', 'master', 'above', 'all']","['I-attr', 'O', 'O', 'O', 'O', 'O', 'O', 'O', 'B-attr', 'O', 'I-class', 'B-class', 'O', 'B-class', 'O', 'B-class', 'I-attr', 'O', 'B-attr', 'B-attr', 'O', 'B-attr', 'O', 'B-attr', 'O', 'B-attr', 'O', 'B-attr', 'O', 'I-attr', 'B-attr', 'O', 'I-attr', 'B-attr', 'O', 'I-attr', 'B-attr', 'O', 'I-attr', 'B-attr', 'O', 'I-attr', 'B-attr', 'O', 'I-attr', 'B-attr', 'O', 'I-attr', 'B-attr', 'O', 'B-attr', 'I-attr', 'O', 'O', 'B-class', 'O', 'O', 'O', 'O', 'I-attr', 'B-attr', 'O', 'O', 'O', 'O', 'B-class', 'I-attr', 'B-attr', 'O', 'O']"
"['be', 'to', 'be', 'implement', 'use', 'a', 'as', 'body', 'expect', 'the']","['O', 'O', 'O', 'O', 'O', 'O', 'O', 'B-attr', 'O', 'O']"
"['should', 'be', 'avoid', 'unless', 'they', 'provide', 'useful', 'content', 'a', 'or', 'about', 'the', 'application', 'state', 'to', 'the', 'user', '.', 'feedback', 'to', 'window', 'as', 'window', 'can', 'distract', ',', 'confuse', 'or', 'impede', 'user', 'new', 'for', 'variety', 'of', 'reason', '.', 'they']","['O', 'O', 'O', 'O', 'O', 'O', 'O', 'O', 'O', 'O', 'O', 'O', 'O', 'O', 'O', 'O', 'B-class', 'O', 'O', 'O', 'O', 'O', 'O', 'O', 'O', 'O', 'O', 'O', 'O', 'B-class', 'O', 'O', 'O', 'O', 'O', 'O', 'O']"
"['system', 'should', 'provide', 'warning', 'to', 'the', 'supervisor', 'about', 'faulty', 'temperature', '.', 'the']","['B-class', 'O', 'O', 'O', 'O', 'O', 'B-class', 'O', 'O', 'B-attr', 'O', 'O']"
"['.', '12', '-', '2', 'page', 'on', '2.7', 'be', 'of', 'spectrograph', 'slit', 'such', 'of', 'instance', 'each', 'however']","['O', 'O', 'O', 'O', 'O', 'O', 'O', 'O', 'O', 'O', 'O', 'O', 'O', 'O', 'O', 'O']"
"['implementation', '12', 'to', 'the', 'possible', 'use', 'of', 'pre', '-', 'refer', '.', 'of', 'call', 'i', ')', 'the']","['O', 'O', 'O', 'O', 'O', 'O', 'O', 'O', 'O', 'O', 'O', 'O', 'O', 'O', 'O', 'O']"
"['be', 'software', 'be', 'strictly', 'modular', ',', 'i.e.', 'the', 'functionality', 'of', 'must', 'but', ',', 'interface', 'the', 'size', 'of', 'the', 'interface', 'between', 'module', '.', 'the']","['O', 'O', 'O', 'O', 'O', 'O', 'O', 'O', 'O', 'O', 'O', 'O', 'O', 'O', 'O', 'O', 'O', 'O', 'O', 'O', 'B-class', 'O', 'O']"
"['incorrect', 'the', 'receive', 'then', 'will', 'customer', 'the']","['O', 'O', 'O', 'O', 'O', 'B-class', 'O']"
"['email', 'to', 'detail', '5', 'Step', 'to', 'go']","['B-attr', 'O', 'O', 'O', 'O', 'O', 'O']"
"['i', ')', 'additional', 'with', 'supplement', 'be', 'purpose', 'of', 'location', 'dependent', 'addressing', 'will', 'be', 'for', 'base', 'the', 'cell', 'dependent', 'routing', '.', 'this']","['O', 'O', 'O', 'O', 'O', 'O', 'O', 'O', 'O', 'O', 'O', 'O', 'O', 'O', 'O', 'O', 'O', 'O', 'O', 'O', 'O']"
"['Gemini', 'system', ',', 'be', 'and', '.', 'functional']","['O', 'O', 'O', 'O', 'O', 'O', 'O']"
"['SRS', 'shall', 'give', 'a', 'prototype', 'of', 'a', 'simulated', 'will', 'thermostat', 'verification', 'and', 'validation', 'of', 'themas', 'reliability', '.', 'the']","['O', 'O', 'O', 'O', 'O', 'O', 'O', 'O', 'O', 'O', 'O', 'O', 'O', 'O', 'O', 'O', 'O', 'O']"
"['.', 'observation', ',', 'this', 'be', 'the', 'operator', 'and', ',', 'monitor', ',', 'observer', 'the', 'through', 'system', 'the', 'ongoing', 'access', 'often', 'be', 'who', ',', 'Operator', 'Telescope', 'the', 'with', 'situation', 'typical', 'concurrently', 'mode', 'an', 'performance', 'administrative', 'use', '.', 'etc', ',', 'efficiency', ',', 'utilization', 'system', 'about', 'inquire', 'to', 'possible', 'be', 'it']","['O', 'O', 'O', 'O', 'O', 'O', 'O', 'O', 'O', 'O', 'O', 'O', 'O', 'O', 'B-class', 'O', 'O', 'O', 'O', 'O', 'O', 'O', 'I-class', 'B-class', 'O', 'O', 'O', 'O', 'O', 'O', 'O', 'O', 'O', 'O', 'O', 'O', 'O', 'B-attr', 'O', 'I-attr', 'B-attr', 'O', 'O', 'O', 'O', 'O', 'O']"
"['security', 'setting', 'of', 'the', 'report', 'entire', 'to', 'the', 'half', 'yearly', 'report', 'give', 'the', 'time', 'trend', 'of', 'the', 'abovementione', 'provision', 'indicator', 'each', 'provider', 'and', 'all', 'provider', 'combine', '.', 'the']","['O', 'O', 'O', 'O', 'B-class', 'O', 'O', 'O', 'O', 'O', 'O', 'O', 'O', 'O', 'O', 'O', 'O', 'O', 'O', 'O', 'O', 'B-class', 'O', 'O', 'B-class', 'O', 'O', 'O']"
"['THEMAS', 'Parameters', 'thermostat', 'shall', 'have', 'a', 'unique', 'identifier', 'by', 'which', 'that', 'thermostat', 'be', 'identify', 'in', 'each', 'of', 'temperature', 'to', 'load', 'into', 'the', 'themas', 'system', 'during', 'the', 'initialization', 'process', '.', 'Operational']","['O', 'O', 'B-class', 'O', 'O', 'O', 'O', 'B-attr', 'O', 'O', 'O', 'B-class', 'O', 'O', 'O', 'O', 'O', 'B-attr', 'O', 'O', 'O', 'O', 'O', 'B-class', 'O', 'O', 'O', 'O', 'O', 'O']"
"['be', 'start', '-', 'and', 'up', 'shut', '-', 'down', 'procedure', 'that', 'must', 'exist', 'at', 'and', 'up', '-', 'start', 'possible', 'concurrency', 'in', 'system', 'operation', 'should', 'be', 'use', '.', 'good']","['O', 'O', 'O', 'O', 'O', 'O', 'O', 'O', 'O', 'O', 'O', 'O', 'O', 'O', 'O', 'O', 'O', 'O', 'O', 'O', 'B-class', 'O', 'O', 'O', 'O', 'O', 'O']"
"['.', 'system']","['O', 'O']"
"['remainder', 'of', 'the', 'command', 'provide', 'Parameter', 'origination', 'the', 'always', 'Target', 'may', 'be', 'a', 'speciﬁc', 'recipient', ',', 'a', 'Channel', ',', 'or', 'simply', 'a', 'Broadcast', ',', 'but', 'the', 'source', 'be', '.', 'state', 'of', 'the', 'command', 'to', 'ignore', 'control', 'command', ';', 'shutdown', 'the', 'be', 'subsystem', 'in', 'the', 'process', 'of', 'shut', 'down', ';', 'LOCKED', 'be', 'have', 'but', ',', 'run', 'at', 'maintenance', 'level', ';', 'SIMULATION', 'the', 'subsystem', 'be', 'run', 'in', 'simulation', 'mode', ';', 'DISABLE', 'the', 'subsystem', 'be', 'functional', 'an', 'be', 'interlock', 'on', 'operational', ',', 'but', 'currently', 'idle', ';', 'BUSY_ON', 'command', 'fully', 'the', 'be', 'work', ',', 'and', 'currently', 'process', 'the', 'indicate', 'subsystem', 'be', 'subsystem', 'the', 'this', 'subsystem', '.', 'Getstate']","['O', 'O', 'O', 'B-class', 'O', 'O', 'O', 'O', 'O', 'O', 'O', 'O', 'O', 'O', 'O', 'O', 'O', 'O', 'O', 'O', 'O', 'O', 'O', 'O', 'O', 'O', 'B-attr', 'O', 'O', 'O', 'O', 'O', 'O', 'O', 'B-attr', 'I-attr', 'I-attr', 'O', 'O', 'O', 'O', 'B-class', 'O', 'O', 'O', 'O', 'O', 'O', 'O', 'O', 'O', 'O', 'O', 'O', 'O', 'O', 'O', 'O', 'O', 'O', 'O', 'B-class', 'O', 'O', 'O', 'B-attr', 'I-attr', 'O', 'O', 'O', 'B-class', 'O', 'B-attr', 'O', 'O', 'B-attr', 'O', 'B-attr', 'O', 'O', 'O', 'B-attr', 'O', 'O', 'O', 'O', 'O', 'O', 'B-attr', 'O', 'O', 'O', 'O', 'O', 'O', 'B-class', 'O', 'B-class', 'O', 'O', 'B-class', 'O', 'O']"
"['fundamental', 'criterion', 'of', 'Gemini', 'workstation', 'to', 'be', 'database', 'must', 'support', 'both', 'remote', 'access', 'and', 'distribute', 'datum', '.', 'the']","['O', 'O', 'O', 'O', 'O', 'O', 'O', 'B-class', 'O', 'O', 'O', 'O', 'O', 'O', 'O', 'O', 'O', 'O']"
"['.', 'condition', 'storage', 'product', 'to', 'of', 'improve', 'quality', '.', 'capture', 'be', 'should', 'sample', '/', 'specimen', 'all', 'for', 'information', 'custody', 'of', 'chain']","['O', 'I-attr', 'I-attr', 'B-attr', 'O', 'I-attr', 'O', 'O', 'O', 'O', 'O', 'O', 'B-class', 'O', 'B-class', 'O', 'O', 'I-attr', 'I-attr', 'I-attr', 'B-attr']"
"['themas', 'system', 'shall', 'compare', 'the', 'processing', 'report', 'value', 'to', 'the', 'temperature', 'setting', 'and', 'detect', 'when', 'the', 'temperature', 'value', 'exceed', 'the', 'temperature', 'specify', 'subsequent', 'output', 'limit', 'set', 'by', 'the', 'overtemperature', 'value', '.', 'temperature']","['O', 'B-class', 'O', 'O', 'O', 'O', 'O', 'O', 'O', 'O', 'B-attr', 'I-attr', 'O', 'O', 'O', 'O', 'B-attr', 'I-attr', 'O', 'O', 'B-attr', 'O', 'O', 'O', 'O', 'O', 'O', 'O', 'B-attr', 'I-attr', 'O', 'B-attr']"
"['ETCS', 'trainborne', 'be', 'regard', 'pantograph', 'and', 'language', '.', 'it']","['B-class', 'I-class', 'O', 'O', 'B-attr', 'O', 'O', 'O', 'O']"
"['cookie', '.', 'Sales', 'to', 'page', 'home', 'account', 'the', 'display', 'Person', ';', 'A2', '.', 'information', 'login', 'incorrect', 'enter', 'Person', 'Sales']","['O', 'O', 'B-class', 'O', 'O', 'O', 'O', 'O', 'O', 'I-class', 'O', 'O', 'O', 'I-attr', 'B-attr', 'O', 'O', 'I-class', 'B-class']"
"['.', ')', 'of']","['O', 'O', 'O']"
"['for', 'in', 'and', 'Hilo', 'in', 'JACH', 'the', 'with', 'be', 'Chile', 'direct', 'this', 'Hawaii', 'on']","['O', 'O', 'O', 'O', 'O', 'O', 'O', 'O', 'O', 'O', 'O', 'O', 'O', 'O']"
"['can', 'be', 'divide', 'into', 'two', 'use', 'set', 'to', 'and', 'read', 'one', 'or', 'more', 'display', 'list', 'ﬁle', 'create', 'tool', 'by', ',', 'establish', 'communication', 'with', 'all', 'necessary', 'ioc', ',', 'EDD', 'this']","['O', 'O', 'O', 'O', 'O', 'O', 'O', 'O', 'O', 'O', 'O', 'O', 'O', 'O', 'O', 'O', 'O', 'B-class', 'O', 'O', 'O', 'O', 'O', 'O', 'O', 'O', 'O', 'O', 'O']"
['['],['O']
"['be', 'originally', 'develop', 'at', 'the', 'Los', 'Alamos', '.', 'and', 'National', 'Laboratories', 'for', 'use', 'in', 'large', 'accelerator', 'control', 'Argonne', 'system', 'control', 'Gemini', 'Management', 'Plan', '.', 'the']","['O', 'O', 'O', 'O', 'O', 'O', 'O', 'O', 'O', 'O', 'O', 'O', 'O', 'O', 'O', 'O', 'O', 'O', 'I-class', 'B-class', 'O', 'O', 'O', 'O', 'O']"
"[';', 'FMWG', 'File', 'Portable', 'operating', 'System', 'Interface', 'for', 'Computing', 'Environments', ';', 'raid', 'Redundant', 'Array', 'of', 'Inexpensive', 'Disks', ';', 'RDA', 'Remote', 'POSIX', 'Database', ';', 'Project', ';', 'MIL', '-', 'STD', 'Military', 'Standard', ';', 'MSB', 'Most', 'significant', 'bit', ';', 'os', 'operating', 'System', ';', 'PM', 'Manager', 'Imagery', 'Access', 'RDBMS', 'Group', ';', 'SMM', 'Systems', 'Management', 'Manual', ';', 'SQL', 'Structured', 'Query', 'Language', ';', 'SRI', 'Standing', 'Request', 'for', 'Information', 'Working', ';', 'Technical', 'Security', 'Relational', 'Database', 'Management', 'System', ';', 'RISC', 'Reduced', 'Instruction', 'Set', 'Computer', ';', 'RTF', 'Rich', 'Text', 'Format', ';', 'SECTWG', 'Services', 'upon', 'and', ',', 'User', 'Interface', ';', 'HP', 'Hewlett', '-', 'Packard', ';', 'IAW', 'in', 'accordance', 'with', ';', 'ID', 'Identification', ';', 'I', 'Graphical', '/', 'GUI', 'shelf', 'Management', 'Working', 'Group', ';', 'GCCS', 'Global', 'Command', 'and', 'Control', 'Systems', ';', 'GOTS', 'Government', 'Off', '-', 'the', '-', ';', 'Geodesy', 'F', ';', 'Planning', 'and', 'Execution', 'System', ';', 'MAC', 'Mandatory', 'Access', 'Control', ';', 'Mbs', 'Megabytes', ';', 'MCG&I', 'Mapping', ',', 'Charting', 'coordinate', 'Interface', 'Joint', ';', 'if', 'Intell', 'Fusion', ';', 'i', '/', 'o', 'Input', '/', 'output', ';', 'JMCIS', 'Joint', 'Maritime', 'Command', 'Information', 'System', 'JOBES', 'information', 'Operation', 'parameter', 'parity', 'over', 'raid', '3', 'or', 'raid', '4', 'which', 'implementation', ',', 'and', 'raid', '6', '(', 'in', 'which', ')', 'in', '(', '5', 'disk', '.', 'raid']","['O', 'O', 'O', 'O', 'O', 'O', 'O', 'O', 'O', 'O', 'O', 'O', 'O', 'O', 'O', 'O', 'O', 'O', 'O', 'O', 'O', 'O', 'O', 'O', 'O', 'O', 'O', 'O', 'O', 'O', 'O', 'O', 'O', 'O', 'O', 'O', 'O', 'O', 'O', 'O', 'O', 'O', 'O', 'O', 'O', 'O', 'O', 'O', 'O', 'O', 'O', 'O', 'O', 'O', 'O', 'O', 'O', 'O', 'O', 'O', 'O', 'O', 'O', 'O', 'O', 'O', 'O', 'O', 'O', 'O', 'O', 'O', 'O', 'O', 'O', 'O', 'O', 'O', 'O', 'O', 'O', 'O', 'O', 'O', 'O', 'O', 'O', 'O', 'O', 'O', 'O', 'O', 'O', 'O', 'O', 'O', 'O', 'O', 'O', 'O', 'O', 'O', 'O', 'O', 'O', 'O', 'O', 'O', 'O', 'O', 'O', 'O', 'O', 'O', 'O', 'O', 'O', 'O', 'O', 'O', 'O', 'O', 'O', 'O', 'O', 'O', 'O', 'O', 'O', 'O', 'O', 'O', 'O', 'O', 'O', 'O', 'O', 'O', 'O', 'O', 'O', 'O', 'O', 'O', 'O', 'O', 'O', 'O', 'O', 'O', 'O', 'O', 'O', 'O', 'O', 'O', 'O', 'O', 'O', 'O', 'O', 'O', 'O', 'O', 'O', 'O', 'O', 'O', 'O', 'O', 'O', 'O', 'O', 'O', 'O', 'O', 'O', 'O', 'O', 'O', 'O', 'O', 'O', 'O', 'O', 'O', 'O', 'O', 'O', 'O', 'O', 'O', 'O', 'O']"
['the'],['O']
"['start', '.', 'host', 'the', 'to', 'video', 'half', 'host', 'the']","['O', 'O', 'I-class', 'O', 'O', 'B-class', 'I-attr', 'B-attr', 'O']"
"['release', 'the', 'emergency', 'brake', 'ETCS', 'will', 'provide', 'the', 'supervision', 'appertaining', 'when', 'roll', 'away', 'brake', 'traction', 'emergency', 'release', 'the', 'traction', 'unit', 'have', 'come', 'to', 'a', 'standstill', ',', 'the', 'driver', 'shall', 'be', 'able', 'to', 'the', 'this']","['O', 'O', 'B-class', 'I-class', 'B-class', 'O', 'O', 'O', 'B-class', 'O', 'O', 'B-class', 'I-class', 'I-class', 'B-attr', 'B-class', 'O', 'O', 'B-class', 'I-class', 'O', 'O', 'O', 'O', 'O', 'O', 'O', 'B-class', 'O', 'O', 'O', 'O', 'O', 'O']"
"[';', '.', 'Basic', '(', '1', 'Step', 'to', 'go']","['O', 'O', 'O', 'O', 'O', 'O', 'O', 'O']"
"['condition', '.', 'the', 'the', ',', 'tset']","['O', 'O', 'O', 'O', 'O', 'O']"
"['of', 'the', 'system', 'and', 'to', 'prevent', 'intrusion', 'from', 'the', 'wide', 'area', 'network', 'into', 'the', 'Gemini', '8', 'm', 'Telescopes', '.', 'be', 'part', 'destructive', 'it']","['O', 'O', 'B-class', 'O', 'O', 'O', 'O', 'O', 'O', 'O', 'O', 'O', 'O', 'O', 'O', 'O', 'O', 'O', 'O', 'O', 'O', 'O', 'O']"
"['general', ',', 'operational', 'use', 'overhead', 'be', 'keep', 'as', 'low', 'as', 'possible', ',', 'to', 'must', ',', 'standard', 'Telescopes', 'space', 'requirement', ',', 'longevity', ',', 'and', 'speed', '.', 'this']","['O', 'O', 'O', 'O', 'O', 'O', 'O', 'O', 'O', 'O', 'O', 'O', 'O', 'O', 'O', 'O', 'O', 'O', 'O', 'O', 'O', 'O', 'O', 'O', 'O', 'O']"
"['.', 'information', 'address', 'and', ',', 'their', 'and', 'request', 'Server', 'deliver', 'shall', 'interface', 'web', 'the', 'via', 'user', 'Operations', 'for', 'online', 'install', 'shall']","['O', 'I-attr', 'B-attr', 'O', 'O', 'O', 'O', 'O', 'O', 'O', 'O', 'O', 'O', 'O', 'O', 'O', 'O', 'O', 'O', 'O', 'O']"
"['condition', 'then', 'indicate', 'thermostat', '’s', 'current', 'temperature', 'setting', 'be', 'satisfied', '.', 'if']","['O', 'O', 'O', 'B-class', 'O', 'O', 'B-attr', 'I-attr', 'O', 'O', 'O', 'O']"
"['.', 'B1']","['O', 'O']"
"['goal', 'be', 'to', 'be', 'able', 'to', 'recreate', '.', 'the', 'in', 'a', 'observation', 'from', 'the', 'system', 'log', '.', 'step', 'index', 'and', 'timestampe', 'allow', 'for', 'statistic', 'on', 'system', 'availability', '.', 'log']","['O', 'O', 'O', 'O', 'O', 'O', 'O', 'O', 'O', 'O', 'O', 'B-class', 'O', 'O', 'O', 'O', 'O', 'O', 'B-attr', 'O', 'B-attr', 'O', 'O', 'O', 'O', 'B-attr', 'I-attr', 'O', 'O']"
"['datum', 'and', 'astronomical', 'datum', 'have', 'already', 'network', 'be', 'in', 'the', 'Data', 'speciﬁcation', '(', 'see', 'section', '3.1', 'deﬁne', 'level', 'high', 'and', 'case', '.', 'however']","['O', 'O', 'O', 'O', 'O', 'O', 'O', 'O', 'O', 'O', 'O', 'O', 'O', 'O', 'O', 'O', 'O', 'O', 'O', 'O', 'O', 'O', 'O']"
"[')', 'SSL', '(', 'layer', 'socket', 'secure', 'encrypted', 'an', 'over', 'HTTP', ',', 'i.e.', 'browser', 'control', 'through', ':', 'row', 'the', 'tag', 'soft', 'only', 'perform', 'and', 'for', 'delete', 'allow', 'not', 'do', ';', 'server', 'and', 'client', 'hard', 'deletion', '.', 'the']","['O', 'O', 'O', 'O', 'O', 'O', 'O', 'O', 'O', 'O', 'O', 'O', 'O', 'O', 'O', 'O', 'O', 'O', 'O', 'O', 'O', 'O', 'O', 'O', 'O', 'O', 'O', 'O', 'O', 'O', 'O', 'O', 'O', 'O', 'O', 'O']"
"['any', 'Data', 'themas', 'system', 'shall', 'provide', 'the', 'supervisor', 'a', 'mechanism', 'to', 'change', 'the', 'temperature', 'setting', 'the', 'to', 'event', 'identify', 'a', 'continuous', 'series', 'of', 'alternate', '1000', 'Hz', 'and', '1500', 'Hz', 'beep', 'on', 'the', 'output', 'supervisor', 'computer', '.', 'each']","['O', 'O', 'O', 'O', 'O', 'O', 'O', 'B-class', 'O', 'O', 'O', 'O', 'O', 'B-attr', 'I-attr', 'O', 'O', 'B-class', 'O', 'O', 'O', 'O', 'O', 'O', 'O', 'O', 'O', 'O', 'O', 'B-class', 'O', 'O', 'O', 'O', 'O', 'O', 'O']"
"['interface', 'should', 'meet', 'its', 'requirement', 'and', 'recommendation', 'be', 'shall', 'available', 'all', '-', 'text', 'medium', 'object', ',', 'such', 'as', 'non', 'graphical', 'or', 'video', ',', 'should', 'be', 'provide', 'with', 'image', 'all', ':', 'object', 'page', 'as', 'a', 'link', 'to', 'the', 'home', 'page', '.', 'provide']","['O', 'O', 'O', 'O', 'O', 'O', 'O', 'O', 'O', 'O', 'O', 'O', 'O', 'O', 'O', 'O', 'O', 'O', 'O', 'O', 'O', 'O', 'O', 'O', 'O', 'O', 'O', 'O', 'O', 'O', 'O', 'O', 'O', 'O', 'O', 'O', 'O', 'O', 'O', 'O', 'O']"
"['appropriate', ',', 'these', 'check', 'should', 'be', 'to', 'give', 'project', ';', 'Conﬁguration', 'and', 'version', 'management', '.', 'the']","['O', 'O', 'O', 'O', 'O', 'O', 'O', 'O', 'O', 'O', 'O', 'O', 'O', 'O', 'O', 'O']"
"['must', 'be', 'provide', 'in', 'order', 'to', 'software', 'both', 'accidental', 'mix', '-', 'up', 'of', 'command', 'from', 'different', 'prevent', 'the', 'of', 'phase', 'quickly', 'to', 'a', 'safe', 'state', 'upon', 'detection', 'of', 'danger', '.', 'safety']","['O', 'O', 'O', 'O', 'O', 'O', 'O', 'O', 'O', 'O', 'O', 'O', 'O', 'O', 'O', 'O', 'O', 'O', 'O', 'O', 'O', 'O', 'O', 'O', 'B-class', 'O', 'O', 'O', 'O', 'O', 'O']"
"['degrade', 'not', 'shall', 'equipment', 'slight', 'moisture', 'condensation', 'shall', 'not', 'lead', 'to', 'M', 'any', 'or', 'failure', '.', '(']","['O', 'O', 'O', 'B-class', 'O', 'O', 'O', 'O', 'O', 'O', 'O', 'O', 'O', 'O', 'O', 'O', 'O']"
"['include', '.', ':', 'ID', 'Preparedness', 'Cross', 'Functional', 'Components', 'Requirements', '""', ',', 'available', 'at', 'www.cdc.gov/phin', '.', 'of', 'of', 'date', ',', 'address', ',', 'name', ',', 'Subject', 'collect', 'be', 'to', 'person', 'a', 'as', 'classify', 'be', 'may', 'entity']","['O', 'O', 'O', 'I-attr', 'O', 'O', 'O', 'O', 'O', 'O', 'O', 'O', 'O', 'O', 'O', 'I-attr', 'I-attr', 'B-attr', 'O', 'B-attr', 'O', 'B-attr', 'O', 'B-attr', 'O', 'O', 'O', 'B-class', 'O', 'O', 'O', 'O', 'O', 'B-class']"
"['improve', 'over', 'exposure', 'which', 'during', 'and', 'testing', '.', 'performance']","['O', 'O', 'O', 'O', 'O', 'O', 'O', 'O', 'O']"
"['order', 'to', 'provide', 'an', 'operational', 'history', 'and', 'statistical', 'report', ',', 'this', 'process', 'shall', 'generate', 'an', 'event', 'each', 'setting', '’s', 'two', 'any', 'four', 'section', 'have', 'an', 'associated', 'software', 'configuration', 'item', ';', 'all', 'except', 'the', 'System', 'all']","['O', 'O', 'O', 'O', 'B-class', 'I-class', 'O', 'B-class', 'I-class', 'O', 'O', 'O', 'O', 'O', 'O', 'B-class', 'O', 'B-attr', 'O', 'O', 'O', 'O', 'O', 'O', 'O', 'O', 'B-class', 'I-class', 'I-class', 'O', 'O', 'O', 'O', 'O', 'O']"
"['be', '.', 'defacto', ';', 'portability', 'of', 'software', '(', 'target', 'hardware', 'independence', ')', ';', 'hardware', 'and', 'vendor', 'independence', ';', 'Use', 'of', 'industrial', 'and', 'standard', 'the', 'hazard', ';', '.', 'operating']","['O', 'O', 'O', 'O', 'O', 'O', 'O', 'O', 'O', 'O', 'O', 'O', 'O', 'O', 'O', 'O', 'O', 'O', 'O', 'O', 'O', 'O', 'O', 'O', 'O', 'O', 'O', 'O']"
"['be', 'be', 'as', 'and', 'of', 'where', ',', 'therefore', ',', 'raw', 'datum', 'will', 'not', 'and', 'be', 'as', 'such', ',', 'but', 'in', 'a', 'preprocesse', 'format', 'store', 'need', 'be', 'preprocessing', 'look', 'evaluation', '.', 'there']","['O', 'O', 'O', 'O', 'O', 'O', 'O', 'O', 'O', 'O', 'O', 'O', 'O', 'O', 'O', 'O', 'O', 'O', 'O', 'O', 'O', 'O', 'O', 'O', 'O', 'O', 'O', 'O', 'O', 'O', 'O']"
"['.', 'system', 'the', 'on', 'in', '-', 'log', 'be', 'must', 'Person', 'Sales']","['O', 'O', 'O', 'O', 'O', 'O', 'O', 'O', 'O', 'I-class', 'B-class']"
"['the', 'audit', 'trail', 'functionality', 'have', 'be', 'activate', ',', 'unchanged', 'the', 'must', 'track', 'event', 'without', 'manual', 'intervention', ',', 'and', 'store', 'in', 'System', 'delete', 'remain', 'its', 'any', 'user', ';', 'it', 'may', 'be', 'subject', 'to', 're', '-', 'content', 'department', 'copying', 'to', 'removable', 'medium', 'if', 'require', ',', 'so', 'long', 'as', 'and', 'store', 'by', 'the', ',', 'and', 'record', 'and', 'various', 'functionality', 'provide', 'within', 'the', 'system', 'file', '.', 'System', 'must', 'allow', 'the', 'user', 'to', 'limit', 'access', 'to', 'case', 'the']","['O', 'O', 'O', 'O', 'O', 'O', 'O', 'O', 'O', 'O', 'O', 'O', 'B-class', 'O', 'O', 'O', 'O', 'O', 'O', 'O', 'O', 'O', 'O', 'O', 'O', 'O', 'O', 'O', 'O', 'O', 'O', 'O', 'O', 'O', 'O', 'O', 'O', 'O', 'O', 'O', 'O', 'O', 'O', 'O', 'O', 'O', 'O', 'O', 'O', 'O', 'O', 'O', 'B-class', 'O', 'O', 'O', 'O', 'O', 'O', 'O', 'B-class', 'O', 'O', 'O', 'O', 'O', 'B-class', 'O', 'O', 'O', 'O', 'B-class', 'O']"
"['.', 'be', 'the', '-', 'call', 'function', 'the', 'of', 'activation', 'upon', ')', 'M', '(']","['O', 'O', 'O', 'I-class', 'I-class', 'O', 'O', 'O', 'O', 'O', 'O', 'O', 'O']"
"['call', 'for', 'a', 'homogeneous', 'be', 'user', ',', 'which', 'can', 'be', 'achieve', 'only', 'by', 'apply', 'interface', 'philosophy', 'same', 'the', 'operational', 'and', 'maintenance', 'reason', 'that', ',', 'in', 'spite', 'of', 'the', 'obvious', 'difference', 'of', 'the', 'setup', 'and', 'command', 'available', ',', 'essential', 'and', 'instal', 'be', '.', 'reconﬁguration']","['O', 'O', 'O', 'O', 'O', 'O', 'O', 'O', 'O', 'O', 'O', 'O', 'O', 'O', 'O', 'O', 'O', 'O', 'O', 'O', 'O', 'O', 'O', 'O', 'O', 'O', 'O', 'O', 'O', 'O', 'O', 'O', 'O', 'O', 'O', 'O', 'O', 'O', 'O', 'B-attr', 'O', 'O', 'O']"
"['.', 'result', 'the', 'navigate', 'to', 'user', 'box', 'the', 'start', 'host']","['O', 'B-class', 'O', 'O', 'O', 'B-class', 'I-class', 'O', 'O', 'B-class']"
"['.', 'activity', 'calibration', 'be', 'installation', 'diagnostic', 'full', 'include', ',', 'subsystem', 'of', 'deinstallation', '/', 'installation', 'for', 'and', 'program', 'which', 'request', 'line', 'software', 'and', 'the', 'development', 'environment', ';', 'on', '-', '-', 'version', 'control', 'must', 'be', 'implement', '.', 'that']","['O', 'O', 'O', 'O', 'O', 'O', 'O', 'O', 'O', 'B-class', 'O', 'O', 'O', 'O', 'O', 'O', 'O', 'O', 'O', 'O', 'O', 'O', 'O', 'O', 'O', 'O', 'O', 'O', 'O', 'O', 'O', 'O', 'O', 'O', 'O', 'O']"
"[',', 'there', 'be', 'a', 'number', 'of', 'external', 'source', 'cell', 'the', 'be', 'network', 'the', 'train', '.', '(']","['O', 'O', 'O', 'O', 'O', 'O', 'O', 'O', 'B-attr', 'O', 'O', 'I-class', 'O', 'B-class', 'O', 'O']"
"['ev', 'be', 'ent', 'contain', 'the', 'identification', 'of', 'the', 'heating', 'or', 'cool', 'unit', 'whose', 'status', 'be', 'be', 'shall', 'change', 'a', 'time', 'output', 'the', 'status', 'information', 'of', 'the', 'heating', 'or', 'cool', 'unit', '.', 'in']","['O', 'O', 'O', 'O', 'O', 'B-attr', 'O', 'O', 'B-class', 'I-class', 'I-class', 'I-class', 'O', 'B-attr', 'O', 'O', 'O', 'O', 'O', 'O', 'O', 'O', 'B-attr', 'I-attr', 'O', 'O', 'B-class', 'I-class', 'I-class', 'I-class', 'O', 'O']"
"['.', '3.2.2.2', 'chapter', 'see', ',', 'display', 'be', 'window', '""', 'with', 'Window', 'Finish', '""', 'the', 'the', ',', 'file', 'statistic', 'the', 'in', 'record', 'movement', 'Statistcs', '""', 'be', 'display', 'Box', 'Edit', 'an', ',', '""', ':', 'name', 'your', 'enter']","['O', 'O', 'O', 'O', 'O', 'O', 'O', 'I-class', 'O', 'I-class', 'I-class', 'B-class', 'O', 'O', 'O', 'O', 'I-class', 'B-class', 'O', 'O', 'O', 'I-attr', 'I-class', 'O', 'O', 'O', 'I-class', 'B-class', 'O', 'O', 'O', 'O', 'O', 'O', 'O']"
"['standard', 'be', 'to', 'be', 'use', 'whenever', 'feasible', ';', 'exist', 'external', 'software', 'will', 'be', 'integrate', 'with', 'the', 'Gemini', 'software', '.', ',', 'subsystem', 'package', 'should', 'instrument', 'functionality', '.', 'it']","['O', 'O', 'O', 'O', 'O', 'O', 'O', 'O', 'O', 'O', 'O', 'O', 'O', 'O', 'O', 'O', 'O', 'O', 'O', 'O', 'O', 'O', 'O', 'O', 'O', 'O', 'O']"
"['assume', 'that', 'the', 'heating', '/', 'cool', 'unit', 'be', 'incapable', 'of', 'return', 'its', 'current', 'be', 'the', 'have', 'capability', ',', 'Monitor', 'Temperature', ',', 'Determine', 'Utilization', ',', 'Generate', 'H', '/', 'C', 'Signal', ',', 'Temperature', 'Generate', 'Data', ',', 'Generate', 'Event', 'Data', ',', 'Change', 'Thermostat', 'Setting', 'be', ',', 'and', 'Generate', 'Alarm', 'the', 'Validate', 'System', 'of', 'be', 'turn', 'off', 'and', 'on', 'by', 'the', 'supervisor', 'of', 'the', 'THEMAS', 'system', ',', '.', 'section', 'be', 'subdivide', 'into', 'ten', 'main', 'subsection', ':', 'initialize', 'operational', 'Parameters', ',', 'Initialize', 'this']","['O', 'O', 'O', 'B-class', 'I-class', 'I-class', 'I-class', 'O', 'O', 'O', 'O', 'O', 'O', 'O', 'O', 'O', 'O', 'O', 'O', 'O', 'O', 'O', 'O', 'O', 'O', 'O', 'O', 'O', 'O', 'O', 'O', 'O', 'O', 'O', 'O', 'O', 'O', 'O', 'O', 'O', 'O', 'O', 'O', 'O', 'O', 'O', 'O', 'O', 'O', 'O', 'O', 'O', 'O', 'O', 'O', 'O', 'O', 'B-class', 'O', 'O', 'O', 'B-class', 'O', 'O', 'O', 'O', 'O', 'O', 'O', 'O', 'O', 'O', 'O', 'O', 'O', 'O', 'O', 'O']"
"['driver', 'shall', 'know', 'the', 'distance', 'the', 'profile', 'the', 'ensure', 'braking', 'curve', 'base', 'on', 'all', 'relevant', 'service', 'datum', 'the', 'ETCS', 'shall', 'calculate', 'an', 'emergency', ',', 'a', 'and', 'curve', 'datum', '.', 'base']","['B-class', 'O', 'O', 'O', 'B-attr', 'O', 'I-class', 'O', 'O', 'I-class', 'I-class', 'O', 'O', 'O', 'O', 'B-class', 'O', 'O', 'B-class', 'O', 'O', 'O', 'B-class', 'O', 'O', 'O', 'I-class', 'I-attr', 'O', 'O']"
"['sale', 'rate', '(', 'should', 'take', 'from', 'setting', 'master', 'base', 'on', 'sale', 'date', ')', '*']","['I-attr', 'I-attr', 'O', 'O', 'O', 'O', 'O', 'O', 'O', 'O', 'O', 'O', 'O', 'O']"
"['focus', 'that', 'unit', 'no', ',', 'several', 'assumption', 'have', 'be', 'make', 'about', 'the', 'thermostat', 'hardware', 'and', 'the', 'heating', 'system', '/', 'hardware', '.', 'these']","['O', 'O', 'I-class', 'O', 'O', 'O', 'O', 'O', 'O', 'O', 'O', 'O', 'B-class', 'I-class', 'O', 'O', 'B-class', 'O', 'I-class', 'I-class', 'O', 'O']"
"['system', 'vendor', 'may', 'provide', 'additional', 'enhancement', 'to', 'raid', 'level', 'implementation', 'to', 'improve', 'performance', 'and', 'lose', 'reliability', 'the', 'to', 'if']","['I-class', 'I-class', 'O', 'O', 'O', 'O', 'O', 'O', 'O', 'O', 'O', 'O', 'O', 'O', 'O', 'O', 'O', 'O', 'O']"
"['the', 'statistical', 'report', 'be', 'select', ',', 'the', 'themas', 'system', 'shall', 'present', 'file', 'database', 'report', 'consist', 'of', 'request', 'for', 'a', 'heating', 'and', 'cool', 'unit', 'that', 'be', 'grant', 'to', 'the', 'number', 'number', 'request', 'for', 'a', 'heating', 'or', 'cool', 'unit', 'that', 'be', 'deny', '.', 'Report']","['O', 'B-class', 'I-class', 'O', 'O', 'O', 'O', 'O', 'B-class', 'O', 'O', 'I-class', 'I-class', 'I-class', 'O', 'I-attr', 'I-attr', 'O', 'O', 'B-class', 'I-class', 'I-class', 'I-class', 'O', 'O', 'O', 'O', 'O', 'I-attr', 'O', 'B-class', 'O', 'O', 'B-class', 'I-class', 'I-class', 'I-class', 'O', 'O', 'O', 'O', 'O']"
"['mobile', 'i', 'the', 'network', 'shall', 'operate', 'in', 'a', 'sub', ')', 'number', '(', 'ARFCN', 'of', 'pause', 'between', 'tone', 'generate', 'by', 'the', 'network', '(', 'dtmf', 'sender', ')', 'and', 'need', 'for', 'length', 'the', 'and', 'tone', 'Fl(n']","['B-class', 'O', 'O', 'B-class', 'O', 'O', 'O', 'O', 'O', 'O', 'I-attr', 'O', 'O', 'O', 'O', 'O', 'O', 'O', 'O', 'O', 'B-class', 'O', 'O', 'O', 'O', 'O', 'O', 'O', 'O', 'O', 'O', 'O', 'O']"
"['requirement', 'provide', 'in', 'this', 'section', 'be', 'augment', 'by', 'those', 'provide', 'in', 'later', 'section', 'equipment', 'mobile', 'EIRENE', 'all', 'request', 'procedure', '.', '(']","['O', 'O', 'O', 'O', 'O', 'O', 'O', 'O', 'O', 'O', 'O', 'O', 'O', 'I-class', 'B-class', 'O', 'O', 'I-class', 'I-class', 'O', 'O']"
"[',', '...', ')', 'in', 'the', 'system', ';', 'the', 'user', 'the', 'initiate', 'or', 'carry', 'out', 'the', 'action', ';', 'the', 'date', 'and', 'time', 'and', 'trail', 'or', 'by', '.', 'once']","['O', 'O', 'O', 'O', 'O', 'O', 'O', 'O', 'B-attr', 'O', 'O', 'O', 'O', 'O', 'O', 'B-class', 'O', 'O', 'B-attr', 'O', 'B-attr', 'O', 'I-class', 'O', 'O', 'O', 'O']"
"['refer', 'be', 'to', 'note', 'below', 'for', 'each', 'function', '-', 'the', 'function', 'a', 'of', 'be', 'transmit', 'to', 'the', 'RBC', '.', 'Describes']","['O', 'O', 'O', 'O', 'O', 'O', 'O', 'B-class', 'O', 'O', 'O', 'O', 'O', 'O', 'O', 'O', 'O', 'B-class', 'O', 'O']"
"['.', 'locate', 'be', '.', 'it', 'etc', ',', 'would', 'would', ',', 'either', 'have', 'shop', 'which', ',', 'country', 'partner', 'in', 'locate', 'general', 'in', 'be', 'site', 'be', 'these']","['O', 'O', 'O', 'O', 'O', 'O', 'O', 'O', 'O', 'O', 'O', 'O', 'B-class', 'O', 'O', 'O', 'O', 'O', 'O', 'O', 'O', 'O', 'O', 'O', 'O']"
"['be', 'anticipate', 'also', 'that', 'user', 'category', 'have', 'access', 'to', 'this', 'level', '.', 'all', 'be', 'monitoring']","['O', 'O', 'O', 'O', 'B-attr', 'I-attr', 'O', 'O', 'O', 'O', 'B-attr', 'O', 'O', 'O', 'O']"
"['ceiling', 'speed', 'value', 'for', 'the', 'to', 'up', 'at', 'possible', 'if', 'order', 'by', 'trackside', 'unfitted', 'operation', 'shall', 'be', 'possible', 'if', 'select', 'by', 'the', 'driver', 'start', 'driver', 'of', 'change', 'it']","['B-attr', 'I-attr', 'I-attr', 'O', 'O', 'O', 'O', 'O', 'O', 'O', 'O', 'O', 'B-class', 'B-class', 'I-class', 'O', 'O', 'O', 'O', 'O', 'O', 'O', 'B-class', 'O', 'B-attr', 'O', 'O', 'O']"
"['criterion', '.', 'Gemini', 'the', 'of', 'user', 'science', 'the', 'toward', 'not', ',', 'system', 'telescope', ',', 'general', 'establish', 'provide', 'to', 'be', 'SRS', 'the', 'of', 'goal', 'the']","['O', 'O', 'O', 'O', 'O', 'O', 'O', 'O', 'O', 'O', 'O', 'O', 'O', 'O', 'O', 'O', 'O', 'O', 'O', 'O', 'O', 'O', 'O', 'O']"
"['a', 'new', 'Information', 'Resource', '.', 'follow']","['O', 'O', 'B-class', 'I-class', 'O', 'O']"
"['target', 'distance', 'to', 'be', 'board', 'display', 'the', 'DMI', 'shall', 'be', 'base', 'on', 'on', '-', 'on', 'available', 'ETCS', 'trainborne', 'equipment', 'shall', 'supervise', 'the', 'end', 'of', 'movement', 'authority', ',', 'if', 'this', 'information', 'be', 'the', 'the']","['B-attr', 'I-attr', 'O', 'O', 'O', 'O', 'O', 'B-class', 'O', 'O', 'O', 'O', 'O', 'O', 'O', 'O', 'B-class', 'I-class', 'I-class', 'O', 'O', 'O', 'O', 'O', 'B-class', 'I-class', 'O', 'O', 'O', 'O', 'O', 'O', 'O']"
"['to', 'product', 'display', 'keyboard', 'a', 'and', 'mouse', 'a', 'require', 'generally', 'product', 'the']","['O', 'O', 'O', 'O', 'O', 'O', 'O', 'O', 'O', 'O', 'O', 'O']"
"['.', 'after']","['O', 'O']"
"['be', 'the', 'current', 'intent', 'to', 'limit', 'the', 'selection', 'it']","['O', 'O', 'O', 'O', 'O', 'O', 'O', 'O', 'O']"
"['follow', 'command', 'provide', 'establish', 'a', 'route', 'to', 'that', 'item', '.', 'the']","['O', 'O', 'O', 'O', 'O', 'B-class', 'O', 'O', 'B-class', 'O', 'O']"
"['ip', 'auto', 'shall', 'system', 'the']","['O', 'O', 'O', 'O', 'O']"
"['access', 'be', 'acquire', 'the', 'system', 'LAN', '.', 'the']","['O', 'O', 'O', 'O', 'O', 'O', 'O', 'O']"
"['.', 'instrument', 'offer', 'driver', 'to', 'the', 'standard', 'electronic', 'to', 'be', 'use', 'on', 'all', 'the', 'Gemini', '8', 'm', 'Telescopes', 'software', 'subsystem', 'and', 'and', 'Telescopes', 'software', '(', '-', 'line', 'image', '(', 'or', 'pixel', ')', 'quick', 'on', '-', 'analysis', 'be', 'require', '.', 'the']","['O', 'B-class', 'O', 'O', 'O', 'O', 'O', 'O', 'O', 'O', 'O', 'O', 'O', 'O', 'O', 'O', 'O', 'O', 'O', 'B-class', 'O', 'O', 'O', 'O', 'O', 'O', 'O', 'O', 'O', 'O', 'O', 'O', 'O', 'O', 'O', 'O', 'O', 'O', 'O', 'O']"
"['.', 'criterion', 'search', 'their', 'match', 'product', 'category', 'for', 'to', 'able', 'be', 'will', 'customer']","['O', 'O', 'O', 'O', 'O', 'B-class', 'B-class', 'O', 'O', 'O', 'O', 'O', 'B-class']"
"['be', 'command', 'normally', 'to', 'possible', 'be', 'also', 'must', 'it']","['O', 'O', 'O', 'O', 'O', 'O', 'O', 'O', 'O']"
"['.', 'Description', 'Syndrome', 'Exam', ';', 'Syndrome', ';', 'Master', 'Syndrome']","['O', 'I-attr', 'B-attr', 'B-attr', 'O', 'B-attr', 'O', 'I-attr', 'B-attr']"
"['.', 'unvailable', 'be', 'action', 'associated', 'the', 'if', 'unvailable', 'in', 'be', 'menu', 'the']","['O', 'O', 'O', 'O', 'O', 'O', 'O', 'O', 'O', 'O', 'O', 'O']"
"['.', 'need', 'specific', 'to', 'tailor', 'initiate', 'to', 'able', 'be', ',', 'Firefox', 'Mozilla', ',', 'Navigator', 'Mozilla', ',', 'Opera', 'Explorer', 'as', 'such', 'browser', 'web', 'major', 'all', 'with', 'Internet', ',', 'and', 'Safari', 'to', 'in', '-', 'plug', 'custom', 'build', 'to', 'customer', 'allow', 'to', 'api', 'an', 'feature', 'will', 'system', 'the']","['O', 'O', 'O', 'O', 'O', 'O', 'O', 'O', 'O', 'O', 'O', 'O', 'O', 'O', 'O', 'O', 'O', 'O', 'O', 'O', 'O', 'O', 'O', 'O', 'O', 'O', 'O', 'O', 'O', 'O', 'O', 'O', 'O', 'O', 'O', 'O', 'B-class', 'O', 'O', 'O', 'O', 'O', 'O', 'O', 'O']"
"['system', 'will', 'facilitate', 'to', 'show', 'the', 'user', 'follow', 'detail', 'if', 'necessary', '.', 'VSP']","['B-class', 'O', 'O', 'O', 'O', 'O', 'B-class', 'O', 'O', 'O', 'O', 'O', 'B-class']"
"['Data', 'the', 'trigger', 'value', 'shall', 'reside', 'in', 'an', 'initialization', 'file', 'subsection', 'each']","['O', 'O', 'B-attr', 'I-attr', 'O', 'O', 'O', 'O', 'B-class', 'I-class', 'O', 'O']"
"['the', 'or', 'MSISDN', 'the', 'call', 'by', 'accessible', ')', 'be', 'mobile', 'the', ',', 'registration', 'upon', ')', 'M', 'shall', 'Engine', '10.5', 'see', '1', '-', '5', 'table', 'see', '–', 'volume', 'loudspeaker', 'default', 'the', 'of', 'selection', 'automatic', 'the', 'include', ')', '.', '(']","['O', 'O', 'B-attr', 'O', 'O', 'O', 'O', 'O', 'O', 'B-class', 'O', 'O', 'B-class', 'O', 'O', 'O', 'O', 'B-attr', 'O', 'O', 'O', 'O', 'O', 'O', 'O', 'O', 'O', 'O', 'O', 'O', 'O', 'O', 'O', 'O', 'O', 'O', 'O', 'O']"
"['.', '.', 'separate', 'ctry', ',', 'then', 'the', 'additional', 'baggage', '(', 'other', 'attribute', ')', 'must', 'be', 'carry', ',', 'or', 'submit', 'as', 'element', 'element', 'Initially']","['O', 'O', 'O', 'O', 'O', 'O', 'O', 'O', 'O', 'O', 'O', 'O', 'O', 'O', 'O', 'O', 'O', 'O', 'O', 'O', 'O', 'O', 'O']"
"['ETCS', 'trainborne', 'capable', '2', 'with', 'be', 'be', 'able', 'to', 'automatically', 'pass', 'from', 'shall', 'one', 'area', 'to', 'another', 'without', 'driver', 'intervention', 'RBC', 'train', 'the']","['B-class', 'I-class', 'O', 'O', 'O', 'O', 'O', 'O', 'O', 'O', 'O', 'O', 'O', 'O', 'I-class', 'O', 'O', 'O', 'B-class', 'I-class', 'B-class', 'B-class', 'O']"
"['that', 'thermostat', 'still', 'need', 'a', 'heating', 'unit', 'o', 'cool', 'unit', 'turn', 'on', ',', 'this', 'process', 'shall', 'submit', 'a', 'request', 'to', 'turn', 'r', 'for', 'process', ',', 'the', 'ON', '/', 'off', 'status', 'of', 'each', 'heating', 'and', 'cool', 'unit', '.', 'when']","['O', 'B-class', 'O', 'O', 'O', 'B-class', 'B-class', 'I-class', 'I-class', 'I-class', 'O', 'O', 'O', 'O', 'O', 'O', 'O', 'O', 'B-class', 'O', 'O', 'I-class', 'O', 'O', 'O', 'O', 'B-attr', 'I-attr', 'I-attr', 'I-attr', 'O', 'O', 'B-class', 'I-class', 'I-class', 'I-class', 'O', 'O']"
"['(', 'model', 'datum', 'to', 'term', 'for', 'the', 'maintenance', 'and', 'control', 'of', 'xml', 'tag', ';', 'Review', '/', 'approve', 'submission', ';', 'monitor', 'change', 'the', 'schema', 'for', 'an', ';', 'Validate', ';', 'use', 'and', 'reference', 'exist', 'tag', 'and', 'associate', 'semantic', 'structure', '.', 'content']","['O', 'I-class', 'B-class', 'O', 'O', 'O', 'O', 'O', 'O', 'O', 'O', 'B-class', 'I-class', 'O', 'O', 'O', 'O', 'O', 'O', 'O', 'O', 'O', 'O', 'O', 'O', 'O', 'O', 'O', 'O', 'O', 'O', 'O', 'B-class', 'O', 'O', 'B-attr', 'I-attr', 'O', 'O']"
"['.', '.', 'the', 'Registry', 'have', 'a', 'substre', 'search', 'capability', 'so', 'that', 'the', 'user', 'may', 'easily', 'find', 'information', 'resource', 'that', 'meet', 'criterion', 'XML', 'understand', 'semantic', 'Community', 'of', 'Interest', ""'s"", 'POC', ""'s"", 'role', 'the', '.', 'the', 'information', 'in', 'the', 'following', 'section', 'be', '(']","['O', 'O', 'O', 'B-class', 'O', 'O', 'O', 'O', 'O', 'O', 'O', 'O', 'B-class', 'O', 'O', 'O', 'B-class', 'I-class', 'O', 'O', 'O', 'B-class', 'O', 'O', 'B-class', 'I-class', 'I-class', 'O', 'O', 'O', 'O', 'O', 'O', 'O', 'O', 'O', 'O', 'O', 'O', 'O', 'O']"
"['operator', 'network', ';', 'controller', 'equipment', ';', 'specialise', 'overall', 'railway', '(', 'eg', 'train', 'control', 'system', ')', '.', 'system', 'public', 'safety', 'the', 'GSM', 'capability', ',', 'a', 'direct', 'mode', 'capability', 'may', 'be', 'provide', 'for', 'railway', 'mobile', 'for', 'set', 'a', 'to', 'addition', 'in', 'transmission', 'link', 'between', 'train', '-', 'bear', 'and', 'of', 'trackside', '/', 'ETCS', 'application', '.', '(']","['I-class', 'I-class', 'O', 'B-class', 'I-class', 'O', 'B-class', 'O', 'I-class', 'O', 'O', 'O', 'O', 'O', 'O', 'O', 'I-class', 'B-class', 'O', 'O', 'O', 'O', 'O', 'O', 'O', 'O', 'O', 'O', 'O', 'O', 'O', 'B-class', 'I-class', 'O', 'O', 'O', 'O', 'O', 'O', 'O', 'O', 'O', 'B-attr', 'I-attr', 'I-attr', 'O', 'O', 'B-attr', 'I-class', 'I-class', 'I-class', 'O', 'O']"
"['mean', 'include', 'form', 'of', 'bullet', 'point', '.', 'support']","['O', 'O', 'O', 'O', 'O', 'O', 'O', 'O']"
"['service', ';', 'create', 'and', 'manage', 'username', ',', 'superuser', ';', 'establish', 'acceptable', 'name', 'convention', 'to', ')', 'name', 'within', ';', 'define', 'a', 'set', 'of', 'metadata', 'tag', ',', 'information', 'attribute', 'to', 'metadata', 'tag', '(', 'meta', '-', 'metadata', 'i&rts', 'structure', 'the', 'specify', 'the', 'COE', 'architecture', 'to', 'express', 'the', 'context', 'and', 'relationship', 'of', 'the', 'name', 'convention', 'to', 'other', 'name', 'convention', 'in', 'accord', ',', 'information', 'a', 'registry', 'to', 'select', 'a', 'tag', 'structure', 'examine', 'for', 'in', 'one', 'or', 'more', 'application', 'that', 'will', 'reuse', 'consumer', 'a']","['O', 'O', 'O', 'O', 'O', 'B-class', 'O', 'B-class', 'O', 'O', 'O', 'O', 'O', 'O', 'O', 'O', 'O', 'O', 'O', 'O', 'O', 'O', 'B-class', 'I-class', 'O', 'O', 'O', 'O', 'B-class', 'I-class', 'O', 'O', 'O', 'O', 'O', 'O', 'O', 'O', 'O', 'O', 'O', 'O', 'O', 'O', 'O', 'O', 'O', 'O', 'O', 'O', 'O', 'O', 'O', 'O', 'O', 'O', 'O', 'O', 'O', 'O', 'B-class', 'O', 'O', 'O', 'B-class', 'I-class', 'O', 'O', 'O', 'O', 'O', 'O', 'O', 'O', 'O', 'O', 'B-class', 'O']"
"['.', 'B1']","['O', 'O']"
"['.', 'claim', 'a', 'of', 'detail', 'transaction', 'the', 'be', 'information', 'list', 'below', 'and', 'informationd', 'master', 'the', 'be', 'detail', 'above', 'the']","['O', 'B-class', 'O', 'O', 'I-attr', 'B-attr', 'O', 'O', 'O', 'O', 'O', 'O', 'O', 'O', 'O', 'O', 'O', 'O', 'O']"
"['.', 'score', ""'"", 'player', 'the', 'all', 'with', 'window', 'a', 'must', 'play', 'the', 'game', 'the']","['O', 'B-attr', 'O', 'B-class', 'O', 'O', 'O', 'O', 'O', 'O', 'O', 'O', 'O', 'O']"
"['.', ')', 'Reports', ',', 'for', 'accessible', 'be', 'be', 'should', 'datum', 'event', 'Health']","['O', 'O', 'O', 'O', 'O', 'O', 'O', 'O', 'O', 'O', 'I-class', 'B-class']"
"['product', 'chapter', 'requirement', 'not']","['O', 'O', 'O', 'O']"
"['example', ',', 'each', 'subsystem', 'be', 'to', 'subsystem', 'include', 'to', 'be', '-', 'of', '-', 'charge', 'through', 'the', 'normal', 'release', 'and', 'bug-ﬁx', 'procedure', 'use', 'in', 'the', 'community', '.', 'all']","['O', 'O', 'O', 'B-class', 'O', 'O', 'B-class', 'O', 'O', 'O', 'O', 'O', 'O', 'O', 'O', 'O', 'O', 'O', 'O', 'O', 'O', 'O', 'O', 'O', 'O', 'O', 'O']"
"['.', 'control', 'investigation', 'as', 'investigation', 'the', 'with', 'associate', 'entity', 'classify', 'to', 'ability', 'with', 'the', 'the', 'of', 'Exposure']","['O', 'I-class', 'B-class', 'O', 'B-class', 'O', 'O', 'O', 'B-class', 'O', 'O', 'O', 'O', 'O', 'O', 'O', 'O']"
"['internal', '(', 'within', 'the', 'IOC', ')', 'implementation', 'of', 'this', 'the', 'remote', 'site', '.', ';', 'Star']","['O', 'O', 'O', 'O', 'O', 'O', 'O', 'O', 'O', 'O', 'B-class', 'I-class', 'O', 'O', 'B-class']"
"['to', 'guidance', 'additional', 'provide', 'shall', 'MMI', 'the', 'the', ',', '""', 'train', 'same', 'the', 'on', 'driver', 'other', 'function', 'call', 'user', 'the', ')', '*', '(', ')', 'M', '(']","['O', 'O', 'O', 'O', 'O', 'O', 'O', 'O', 'O', 'O', 'B-class', 'O', 'O', 'O', 'B-class', 'O', 'O', 'B-class', 'B-class', 'O', 'O', 'O', 'O', 'O', 'O', 'O']"
"['M', ')', 'all', 'malfunction', 'and', ')', 'normal', 'be', 'experience', '.', '(']","['O', 'O', 'O', 'O', 'O', 'O', 'O', 'O', 'O', 'O', 'O']"
"['these', 'art', '-', 'the', 'hardware', 'independence', ';', 'Vendor', 'independence', ';', 'Industry', 'and', 'de', '-', 'facto', 'standard', ';', 'support', 'for', 'state', '-', 'of', '-', 'portability', 'provide', 'to', 'expect', 'staff', '.', 'detailed']","['O', 'O', 'O', 'O', 'O', 'O', 'O', 'O', 'O', 'O', 'O', 'O', 'O', 'O', 'O', 'O', 'O', 'O', 'O', 'O', 'O', 'O', 'O', 'O', 'O', 'O', 'O', 'O', 'O', 'O']"
"['datum', 'be', 'store', 'both', 'in', 'the', 'archiving', 'system', 'available', 'and', 'on', 'Gemini', 'the', 'development', 'system', 'be', 'consider', 'here', '.', 'instal']","['I-class', 'O', 'O', 'O', 'O', 'O', 'B-class', 'I-class', 'O', 'O', 'O', 'O', 'O', 'I-class', 'B-class', 'O', 'O', 'O', 'O', 'B-class']"
"['.', 'with', 'user', 'friendly', 'it', 'make', ',', 'observe', 'service', 'complement', 'will', 'for', 'multipoint', 'monitoring', ',', 'remote', 'the', 'on', 'display', 'be', 'that', 'information', 'the', '""', 'choose', 'and', 'pick', '""', 'to', 'user', 'remote', 'the', 'allow', 'but', 'and', 'screen', 'operation', 'm', 'be', 'monitoring', 'remote', 'environment', ""'s"", 'observer', 'the', 'on', 'the', 'effect', 'have', 'not', 'would', 'keyboard', ""'s"", 'monitor', 'the']","['O', 'O', 'B-class', 'O', 'O', 'O', 'O', 'O', 'O', 'O', 'O', 'O', 'O', 'O', 'O', 'O', 'O', 'O', 'O', 'O', 'O', 'O', 'O', 'O', 'O', 'O', 'O', 'O', 'O', 'I-class', 'B-class', 'O', 'O', 'O', 'O', 'O', 'O', 'O', 'O', 'O', 'O', 'O', 'O', 'B-class', 'O', 'O', 'O', 'O', 'O', 'O', 'O', 'O', 'O', 'O', 'O']"
"[';', 'Upper', 'Overtemperature', 'Value', '.', 'the']","['O', 'O', 'O', 'O', 'O', 'O']"
"['constraint', 'be', 'cover', 'in', 'the', 'individual', 'chapter', 'the', 'Software', 'Design', 'Description', '.', 'there']","['O', 'O', 'O', 'O', 'O', 'O', 'O', 'O', 'O', 'O', 'O', 'O', 'O']"
"['provide', 'a', 'technical', 'description', 'of', 'all', 'so', 'ftware', 'requirement', '(', 'of', 'system', ',', 'provide', 'traceability', 'of', 'software', 'capability', 'requirement', 'to', 'the', 'Statement', 'of', 'Work', 'the', ',', 'System', 'Energy', 'thermostat', 'subsection', 'of', 'section', '1.0', 'provide', 'an', 'overview', 'of', 'the', 'entire', 'Software', 'Requirements', 'Management', 'Specification', 'this']","['O', 'O', 'O', 'O', 'O', 'O', 'O', 'O', 'O', 'O', 'O', 'O', 'O', 'O', 'O', 'O', 'O', 'O', 'O', 'O', 'O', 'O', 'O', 'O', 'O', 'O', 'O', 'O', 'B-class', 'O', 'O', 'O', 'O', 'O', 'O', 'O', 'O', 'O', 'O', 'O', 'O', 'O', 'O', 'O']"
"['sub', '-', 'system', '(', 'NSSs', ')', 'centre', 'in', 'be', 'of', 'the', 'GSM', 'service', 'necessary', 'to', 'provide', 'the', 'functionality', 'specify', 'in', 'the', '[', 'EIRENE', 'FRS', 'all', 'for', 'mandatory', 'be', 'reference', 'section', 'of', 'this', 'document', '.', '(']","['I-class', 'I-class', 'I-class', 'O', 'O', 'O', 'I-class', 'O', 'O', 'O', 'O', 'O', 'O', 'O', 'O', 'O', 'O', 'O', 'O', 'O', 'O', 'O', 'O', 'O', 'O', 'O', 'O', 'O', 'O', 'O', 'O', 'O', 'O', 'O', 'O']"
"['=', 'total', 'of', 'select', ';', 'in', 'Address']","['O', 'B-attr', 'O', 'O', 'O', 'O', 'B-attr']"
"['.', 'interface', 'determine', 'nationally', 'a', 'of', 'of', 'additional', 'audio', 'and', 'they', ',', 'implement', 'be', 'interface', 'data', 'other', 'be', 'where', 'i', '(']","['O', 'O', 'O', 'O', 'O', 'O', 'O', 'O', 'O', 'O', 'O', 'O', 'O', 'O', 'O', 'O', 'O', 'O', 'O', 'O', 'O']"
"['the', 'plain', 'text', 'message', 'appear', 'on', 'the', 'DMI', ',', 'the', 'from', 'shall', 'message', 'plain', 'receive', 'information', 'regard', 'air', 'tightness', 'from', 'the', 'trackside', '.', 'it']","['O', 'B-class', 'I-class', 'I-class', 'O', 'O', 'O', 'B-class', 'O', 'O', 'O', 'O', 'I-class', 'B-class', 'O', 'O', 'O', 'B-attr', 'I-attr', 'O', 'O', 'B-class', 'O', 'O']"
"['addition', 'the', 'loss', 'must', '.', 'Gemini', 'be', 'able', 'to', 'quickly', 'bring', 'the', 'Gemini', 'system', 'should', 'to', 'safe', 'state', 'upon', 'notiﬁcation', 'of', 'such', 'danger', '.', 'a', 'software', 'the']","['O', 'O', 'O', 'O', 'O', 'O', 'O', 'O', 'O', 'O', 'O', 'O', 'O', 'O', 'O', 'O', 'O', 'O', 'O', 'O', 'O', 'O', 'O', 'O', 'O', 'O', 'O']"
"[')', 'M', '(', '5a.', 'in', 'call', 'Appendix', '(']","['O', 'O', 'O', 'O', 'O', 'B-class', 'O', 'O']"
"['.', 'valid', 'value', ',', 'and', 'add', 'to', 'submission', 'package', ';', 'include', 'amplify', 'info', 'associate', 'with', 'specific', 'tag(s', ')', '_', '_', '_', '_', 'information', 'resource', 'for', 'the', 'Registry', 'if']","['O', 'O', 'B-attr', 'O', 'O', 'O', 'O', 'B-class', 'I-class', 'O', 'O', 'O', 'O', 'O', 'O', 'O', 'B-class', 'I-class', 'O', 'O', 'O', 'O', 'B-class', 'I-class', 'O', 'O', 'B-class', 'O']"
"['bi', '-', 'directional', 'trafﬁc', ')', '(']","['O', 'O', 'O', 'O', 'O', 'O']"
"['requirement', 'will', 'be', 'express', 'as', 'be', ':', 'Time', 'to', 'repair', 'for', 'each', 'maintenance', 'level', ';', 'Mean', 'veriﬁcation', 'that', 'way', 'the', 'system', ',', 'subsystem', ',', 'and', 'each', 'component', '.', 'the']","['O', 'O', 'O', 'O', 'O', 'O', 'O', 'I-attr', 'I-attr', 'I-attr', 'O', 'O', 'B-class', 'I-class', 'O', 'B-attr', 'O', 'O', 'O', 'O', 'B-class', 'O', 'B-class', 'O', 'O', 'O', 'B-class', 'O', 'O']"
"['.', 'information', 'additional', 'provide', 'to', 'question', 'about', 'collect', 'be', 'in']","['O', 'O', 'O', 'O', 'O', 'O', 'O', 'O', 'O', 'O']"
"['command', 'be', 'to', 'permit', 'appropriate', 'time', 'synchronization', '.', 'time']","['O', 'O', 'O', 'O', 'O', 'O', 'O', 'O', 'O']"
"['.', 'applicable', 'not']","['O', 'O', 'O']"
"['goal', 'be', 'to', 'provide', 'the', 'option', 'of', 'dynamically', 'change', 'session', 'time', 'value', 'base', 'on', 'current', 'performance', 'XS', 'use', 'various', 'use', 'of', 'the', 'datum', 'management', 'service', 'will', 'entail', 'unique', 'requirement', 'that', 'shall', 'be', 'fulfil', 'within', 'the', 'capability', 'these', 'by', 'of', '.', 'class', 'of', 'user', ':', 'datum', 'consumer', ',', 'datum', 'and', 'database', 'manager', ',', 'network', 'information', 'infrastructure', 'resource', 'manager', 'some']","['O', 'O', 'O', 'O', 'O', 'O', 'O', 'O', 'O', 'B-attr', 'I-attr', 'O', 'O', 'O', 'O', 'O', 'O', 'O', 'O', 'O', 'O', 'O', 'O', 'O', 'O', 'O', 'O', 'O', 'O', 'O', 'O', 'O', 'O', 'O', 'O', 'O', 'O', 'O', 'O', 'O', 'O', 'O', 'B-class', 'O', 'B-class', 'I-class', 'O', 'B-class', 'I-class', 'I-class', 'I-class', 'O', 'B-class', 'I-class', 'I-class', 'I-class', 'I-class', 'O']"
"['.', 'Institute', 'associated', 'an', 'from', 'or', 'company', 'contract', 'a', 'from', 'staff', 'Gemini', '•non', 'of', 'astronomer', 'observe', 'the', 'performance', 'general', 'monitor', 'also', 'shall', 'they']","['O', 'O', 'O', 'O', 'O', 'O', 'O', 'O', 'O', 'O', 'O', 'O', 'O', 'O', 'I-class', 'B-class', 'O', 'O', 'O', 'O', 'O', 'O', 'O']"
"['.', 'content', 'any', 'host', 'or', 'datum', 'may', 'user', 'maintain', 'not', 'do', 'we']","['O', 'B-class', 'O', 'O', 'O', 'I-attr', 'O', 'B-attr', 'O', 'O', 'O', 'O']"
"['.', 'telescope', 'Gemini', 'the', 'with', 'use', 'be', 'person', 'requirement', 'as', 'well', 'as', ',', 'requirement', 'science', 'the', 'of', 'impact', 'of', 'the']","['O', 'O', 'O', 'O', 'O', 'O', 'O', 'O', 'O', 'O', 'O', 'O', 'O', 'O', 'O', 'O', 'O', 'O', 'O', 'O']"
"['capability', 'send', 'different', 'speed', 'profile', 'for', 'specific', 'to', '.', 'reject', 'be', 'relevant', 'movement', 'authority', 'end', 'be', 'not', 'available', 'on', '-', 'board', ',', 'the', 'movement', 'authority', 'shall', 'where', 'movement', 'authority', 'accordingly', 'not', 'be', 'show', 'on', 'the', 'DMI', 'shall', 'unless', 'by', 'the', 'driver', '.', 'the']","['O', 'O', 'O', 'B-class', 'I-class', 'O', 'O', 'O', 'O', 'O', 'O', 'O', 'B-class', 'I-class', 'O', 'O', 'O', 'O', 'O', 'O', 'O', 'O', 'O', 'B-class', 'I-class', 'O', 'O', 'B-class', 'I-class', 'O', 'O', 'O', 'O', 'O', 'O', 'B-class', 'O', 'O', 'O', 'O', 'B-class', 'O', 'O']"
"['will', 'include', 'control', 'qualify', 'the', 'processing', 'involve', ';', 'Business', 'Rule', ':', 'a', 'narrative', 'category', ':', 'definition', ',', '(', 'relationship', ')', 'between', 'entity', 'or', 'association', 'between', 'an', 'entity', 'and', 'attribute', ';', 'constraint', 'be', 'condition', 'about', 'link', '/', 'either', 'fact', 'fact', ',', 'constraint', ',', 'and', 'derivation', ';', 'definition', 'be', 'business', 'rule', 'that', 'define', 'entity', 'and', 'attribute', ';', 'be', 'process', 'manual', 'a', ';', 'TBD', 'to', 'be', 'determine', ';', 'WWMCCS', 'world', '-', 'wide', 'Military', 'Command', 'and', 'Control', 'System', '.', 'automatically']","['O', 'O', 'O', 'O', 'O', 'O', 'O', 'O', 'O', 'O', 'O', 'O', 'O', 'O', 'O', 'B-class', 'O', 'O', 'O', 'O', 'O', 'O', 'O', 'B-attr', 'O', 'O', 'B-class', 'O', 'B-class', 'O', 'B-class', 'O', 'O', 'O', 'B-attr', 'O', 'O', 'B-class', 'B-class', 'O', 'B-class', 'O', 'O', 'B-class', 'O', 'O', 'O', 'B-class', 'I-class', 'O', 'O', 'B-class', 'O', 'B-class', 'O', 'O', 'O', 'O', 'O', 'O', 'O', 'O', 'O', 'O', 'O', 'O', 'O', 'O', 'O', 'O', 'O', 'O', 'O', 'O', 'O', 'O']"
"['system', 'our', 'for', 'user', 'of', 'level', 'two', 'be', 'will', 'there']","['B-class', 'O', 'O', 'B-class', 'O', 'B-attr', 'O', 'O', 'O', 'O']"
"['customer', 'account', 'detail', 'Customer']","['O', 'B-attr', 'I-attr', 'B-class']"
"['.', 'such', 'information', '.', 'in']","['O', 'O', 'O', 'O', 'O']"
"['Software', 'Requirements', 'Specification', '(', 'SRS', ')', 'specify', 'the', 'qualification', 'requirement', 'for', 'the', '.', 'ret', 'and', 'external', 'of', 'this', 'document', 'be', 'confine', 'to', 'only', 'the', 'software', 'requirement', 'for', 'the', 'THEMAS', 'scope', 'system', 'only']","['O', 'O', 'O', 'O', 'O', 'O', 'O', 'O', 'O', 'O', 'O', 'O', 'O', 'O', 'O', 'O', 'O', 'O', 'O', 'O', 'O', 'O', 'O', 'O', 'O', 'O', 'O', 'O', 'O', 'O', 'O', 'O']"
"['datum', 'reduction', 'proceed', 'sequentially', 'observe', 'and', 'instrument', 'remove', '.', 'near']","['O', 'O', 'O', 'O', 'O', 'O', 'O', 'O', 'O', 'O']"
"['notiﬁcation', 'must', 'also', 'be', 'capable', 'and', 'fault', 'when', 'user', '.', 'regression']","['O', 'O', 'O', 'O', 'O', 'O', 'O', 'O', 'B-class', 'O', 'O']"
"['to', '.', 'the', 'navigate', 'to', 'user', 'the', 'for', 'button', 'page', 'be', 'will', 'there', ':', 'req-9', ';', 'result', 'header', 'come', 'this', 'can', 'user', 'the', 'this', 'to', 'addition', 'in']","['O', 'O', 'O', 'O', 'O', 'B-class', 'O', 'O', 'I-class', 'B-class', 'O', 'O', 'O', 'O', 'O', 'O', 'B-class', 'I-attr', 'O', 'O', 'O', 'B-class', 'O', 'O', 'O', 'O', 'O']"
"['.', 'in']","['O', 'O']"
"['.', 'procurement', 'separate', 'for', 'option', 'the', 'allow', 'to', 'specify', ':', 'interface', 'Applications', 'EIRENE', '-', 'MT', '-', 'of', 'DM', '-', 'MT', 'may', 'interface', ')', '5', ';', ')', 'o', 'DM', '(']","['O', 'O', 'O', 'O', 'O', 'O', 'O', 'O', 'O', 'O', 'I-class', 'I-class', 'I-class', 'I-class', 'I-class', 'I-class', 'O', 'B-class', 'I-class', 'I-class', 'O', 'O', 'O', 'O', 'O', 'O', 'O', 'B-class', 'O']"
"['.', 'test', 'command', 'integration', 'to', 'mode', 'test', 'in', 'run', 'to', 'need', 'also', 'support', 'be', 'available', 'which', '.', 'astronomer', 'observe', 'to', 'accessible', 'not', 'be', 'and', ')', 'command', 'test', '(', 'test', 'be', 'to', 'concern', 'hardware', 'the', 'allow', 'section', 'separate', 'control', 'node', 'instrumentation', 'exist', 'the', 'of', 'subset', 'a', 'be', 'it', 'interface', 'that', 'this', 'of', 'goal', 'the', 'be', 'should', 'it']","['O', 'O', 'O', 'O', 'O', 'O', 'O', 'O', 'O', 'O', 'O', 'O', 'O', 'O', 'O', 'O', 'O', 'I-class', 'B-class', 'O', 'O', 'O', 'O', 'O', 'O', 'O', 'O', 'O', 'O', 'O', 'O', 'O', 'O', 'O', 'O', 'O', 'O', 'O', 'O', 'O', 'O', 'O', 'O', 'O', 'O', 'O', 'O', 'O', 'O', 'O', 'O', 'O', 'O', 'O', 'O', 'O']"
"['requirement', 'must', 'be', 'achievable', 'and', 'state', 'in', 'such', 'a', 'allocate', 'Maximum', 'level', 'constraint', 'Telescopes', 'base', 'facility', 'during', 'the', 'day', '.', 'module']","['O', 'O', 'O', 'O', 'O', 'O', 'O', 'O', 'O', 'O', 'B-attr', 'O', 'O', 'O', 'B-class', 'I-class', 'O', 'O', 'O', 'O', 'O']"
"['that', 'disk', 'access', 'and', 'data', 'transfer', 'time', 'be', 'so', 'not', '.', 'maximum']","['O', 'O', 'O', 'O', 'O', 'O', 'O', 'O', 'O', 'O', 'O', 'B-attr']"
"['DTMF', 'the', 'mobile', '(', 'be', ':', '1', ')', 'GSM', '-', 'MT', 'air', 'interface', ':', 'mandatory', 'for', 'interoperability', 'and', 'conformant', 'these']","['B-class', 'O', 'B-class', 'O', 'O', 'O', 'O', 'O', 'B-class', 'I-class', 'I-class', 'I-class', 'I-class', 'O', 'O', 'O', 'O', 'O', 'O', 'O']"
"['submission', 'you', 'all', 'above', 'information', '’s', 'be', 'mandatory', ';', 'Available', 'mandatory', 'information', 'be', ';', 'any', 'if', 'Details', 'HIV', ';', 'note', 'doctor', ';', 'Name', 'Doctor', ';', 'no', 'Patient', 'contact', ')', 'Town', '/', 'Village', ',', 'County', '-', 'Sub', ',', 'County', ',', 'District', '-', ';', 'Status', ';', 'Claim', ';', 'Examination', 'Clinical', ';', 'Syndrome']","['O', 'O', 'O', 'O', 'O', 'O', 'O', 'O', 'O', 'I-attr', 'O', 'O', 'O', 'O', 'O', 'O', 'I-attr', 'B-attr', 'O', 'I-attr', 'B-attr', 'O', 'I-attr', 'B-attr', 'O', 'I-attr', 'B-attr', 'B-attr', 'O', 'B-attr', 'O', 'B-attr', 'O', 'I-attr', 'I-attr', 'B-attr', 'O', 'B-attr', 'O', 'I-attr', 'I-attr', 'O', 'I-attr', 'O', 'B-attr', 'O', 'I-attr', 'B-attr', 'O', 'B-attr']"
"['.', 'hazard', 'requirement', 'and', 'the', 'be', '(']","['O', 'O', 'O', 'O', 'O', 'O', 'O']"
"['.', 'www.cdc.gov/phin', 'at', 'available', ',', 'Flows', 'process', 'and', 'Requirements', 'Functional', 'Administration', 'vaccination', 'Response', ',', ',', '.', 'intervention', 'prescribed', 'with', 'comply', 'have', 'not', 'may', 'patient', 'the', 'why', 'or', 'administer', 'be', 'have', 'not', 'may', 'antidote', 'or', 'treatment', 'if']","['O', 'O', 'O', 'O', 'O', 'O', 'O', 'O', 'O', 'O', 'O', 'B-class', 'O', 'O', 'O', 'O', 'B-class', 'O', 'O', 'O', 'O', 'O', 'O', 'B-class', 'O', 'O', 'O', 'O', 'O', 'O', 'O', 'O', 'B-class', 'O', 'B-class', 'O']"
"['.', 'www.cdc.gov/phin', 'at', 'available', ',', 'Flows', 'and', 'facility', 'administer', 'the', 'collect', 'be', 'may', 'datum', 'event', 'adverse', ',', 'administer', 'be', 'that', 'prophylaxis', 'or', 'vaccine', 'a', 'to', 'reaction', 'negative', 'a', 'suffer', 'and', 'use', 'to', 'determine', 'or', ',', 'batch', ',', 'pharmaceutical', 'the', 'with', 'problem', 'a', 'include', 'be', 'if', 'determine', 'to', 'or', 'intervention', 'additional', 'for', 'need', 'the', 'there', 'to', 'of', 'the', 'require', 'that', 'countermeasure', 'a', 'receive', 'who', 'person', 'of', 'exam', 'response', 'take', 'from', 'receive', 'be', 'may', 'datum', 'up', '-', 'follow']","['O', 'O', 'O', 'O', 'O', 'O', 'O', 'I-class', 'B-class', 'O', 'O', 'O', 'O', 'I-attr', 'I-attr', 'B-attr', 'O', 'O', 'O', 'O', 'B-class', 'O', 'B-class', 'O', 'O', 'I-class', 'B-class', 'O', 'O', 'O', 'O', 'O', 'O', 'O', 'O', 'B-class', 'O', 'B-class', 'O', 'O', 'O', 'O', 'O', 'O', 'O', 'O', 'O', 'O', 'B-class', 'O', 'O', 'O', 'O', 'O', 'O', 'I-attr', 'O', 'O', 'O', 'B-class', 'O', 'O', 'O', 'B-class', 'O', 'I-class', 'I-class', 'B-class', 'O', 'O', 'O', 'O', 'I-attr', 'I-attr', 'I-attr', 'B-attr']"
"['of', 'the', 'distributor', '*', ';', 'name', 'of', 'the', 'Sales', 'Man', '*', ';', 'date', 'of', 'distribution', '*', ';', 'no', 'of', 'voucher', 'sell', '*', ';', 'accord', 'to', 'the', 'number', 'of', 'price', '.', ';', 'of', '(', 'select', 'from', 'Sales', 'man', 'master', ')', ';', 'Date', 'of', 'Distribution', '(', 'date', 'Man', 'selection', ')', ';', 'Required', 'Qty', '(', 'no', 'of', 'voucher', 'sell', '(', 'allow', 'only', 'Numeric', 'option', 'Sales', 'the', 'System']","['O', 'O', 'B-class', 'O', 'O', 'B-attr', 'O', 'O', 'B-class', 'I-class', 'O', 'O', 'B-attr', 'I-attr', 'I-attr', 'O', 'O', 'B-attr', 'I-attr', 'I-attr', 'I-attr', 'O', 'O', 'O', 'O', 'O', 'O', 'O', 'I-attr', 'O', 'O', 'I-attr', 'O', 'O', 'O', 'O', 'O', 'O', 'O', 'O', 'B-attr', 'I-attr', 'I-attr', 'O', 'O', 'I-class', 'O', 'O', 'O', 'B-attr', 'I-attr', 'O', 'O', 'O', 'O', 'O', 'O', 'O', 'O', 'O', 'O', 'B-class', 'O', 'O']"
"['.', 'page', 'product', 'create', 'newly', 'the', 'display', 'system', ';', 'product', 'new', 'the', 'for', 'page', 'button', 'item', 'or', 'to', 'newly', 'the', 'display', 'system', ';', 'system', 'the', 'create', 'from', 'product', 'and', 'page', 'product', 'the', 'remove', 'system', 'information', ';', 'product', '.', 'Sales']","['O', 'I-attr', 'B-attr', 'O', 'O', 'O', 'O', 'O', 'O', 'B-class', 'O', 'O', 'O', 'I-attr', 'O', 'I-attr', 'O', 'O', 'O', 'O', 'O', 'O', 'O', 'O', 'O', 'O', 'O', 'B-attr', 'O', 'I-attr', 'B-attr', 'O', 'O', 'O', 'I-attr', 'O', 'B-attr', 'O', 'B-class']"
"['may', 'be', 'enforce', 'either', 'at', 'should', 'desirable', 'be', 'even', 'requirement', 'of', 'the', 'Gemini', 'system', '.', 'however']","['O', 'O', 'O', 'O', 'O', 'O', 'O', 'O', 'O', 'O', 'O', 'O', 'O', 'O', 'O', 'O']"
"['can', 'register', 'their', 'forward', 'cut', '.', 'Registration', 'police', 'and', 'complainant', '.', 'after']","['O', 'O', 'O', 'O', 'O', 'O', 'O', 'B-class', 'O', 'O', 'O', 'O']"
"['process', 'this', 'up', 'speed', 'to', 'aim', 'will', 'system', 'our']","['O', 'O', 'O', 'O', 'O', 'O', 'O', 'B-class', 'O']"
"['.', 'the']","['O', 'O']"
['horizontal'],['O']
"['to', 'shunt', 'on', 'driver', '’s', '.', 'selection', 'only', 'be', 'possible', 'when', 'stationary', '.', 'shall', 'authority', 'movement', 'or', 'unit', 'shall', 'be', 'capable', 'of', 'be', 'move', 'in', 'Shunting', 'without', 'train', 'datum', ',', 'track', 'datum', 'to']","['O', 'O', 'O', 'B-class', 'O', 'O', 'O', 'O', 'O', 'O', 'O', 'B-attr', 'O', 'O', 'I-attr', 'B-attr', 'O', 'I-class', 'O', 'O', 'O', 'O', 'O', 'O', 'O', 'O', 'O', 'B-attr', 'I-attr', 'O', 'B-attr', 'I-attr', 'O']"
"['.', 'the', 'error', '/', 'warning', 'message', 'after', 'the', 'user', 'attempt', 'to', 'save', 'datum', 'without', 'associate', 'one', 'of', 'standard', 'each', 'a', 'shall', 'Information', 'section', 'at', 'the', 'time', 'of', 'create', '/', 'add', 'a', 'new', 'user', '.', 'the']","['O', 'O', 'O', 'O', 'O', 'O', 'O', 'O', 'B-class', 'O', 'O', 'O', 'B-attr', 'O', 'O', 'O', 'O', 'O', 'O', 'O', 'O', 'O', 'O', 'O', 'O', 'O', 'O', 'O', 'O', 'O', 'O', 'O', 'B-class', 'O', 'O']"
"[',', 'access', 'to', 'the', 'database', 'may', 'be', 'via', 'a', 'training', 'be', 'application', 'would', 'processing', 'Mode', '.', 'in']","['O', 'O', 'O', 'O', 'O', 'O', 'O', 'O', 'O', 'O', 'O', 'O', 'O', 'O', 'O', 'O', 'O']"
"['of', 'the', 'train', 'trip', 'shall', 'be', 'indicate', 'on', 'the', 'DMI', '.', 'brake', 'shall', 'driver', 'the']","['O', 'O', 'B-class', 'I-class', 'O', 'O', 'O', 'O', 'O', 'B-class', 'O', 'I-class', 'O', 'B-class', 'O']"
"['.', 'cancel', 'be', 'place', '.', '.', 'last', 'the']","['O', 'O', 'O', 'O', 'O', 'O', 'O', 'O']"
"['subsystem', 'may', 'examine', 'these', 'communication', 'and', 'respond', 'or', 'ignore', 'as', 'appropriate', '.', 'for']","['B-class', 'O', 'O', 'O', 'O', 'O', 'O', 'O', 'O', 'O', 'O', 'O', 'O']"
"[';', 'Weborder', ')', 'item(s', 'have', 'must', 'Customer', ';', 'system', 'the', 'on', 'in', '-', 'log', 'be', 'must', 'Customer']","['O', 'O', 'I-class', 'B-class', 'O', 'O', 'B-class', 'O', 'O', 'O', 'O', 'O', 'O', 'O', 'O', 'O', 'B-class']"
"['command', 'direct', 'the', 'downloading', 'of', 'a', 'conﬁguration', 'from', 'the', 'host', 'to', 'the', 'target', 'subsystem', '.', 'reachable', 'operate', 'SetStatus']","['O', 'O', 'O', 'O', 'O', 'O', 'B-attr', 'O', 'O', 'O', 'O', 'O', 'O', 'B-class', 'O', 'O', 'O', 'O']"
"['supervise', 'by', 'an', 'movement', 'rbc', 'shall', 'be', 'possible', 'to', 'command', 'an', 'it', 'include', 'train', 'this', 'be', 'capable', 'of', 'receive', 'any', 'track', '-', 'to', '-', 'train', 'information', 'intend', 'and', 'relevant', 'for', 'emergency', 'shall', 'stop', 'all', 'stop', '.', 'it']","['O', 'O', 'O', 'B-class', 'B-class', 'O', 'O', 'O', 'O', 'O', 'O', 'O', 'O', 'B-class', 'O', 'O', 'O', 'O', 'O', 'O', 'B-attr', 'I-attr', 'I-attr', 'I-attr', 'I-attr', 'I-attr', 'O', 'O', 'O', 'O', 'B-class', 'O', 'I-class', 'O', 'I-class', 'O', 'O']"
"[':', '.', ':', ';', 'internet', 'the', 'via', 'update', 'be', 'can', 'site', 'linking', 'video', 'and', 'hosting', 'video', 'of', 'REQ-1']","['O', 'O', 'O', 'O', 'O', 'O', 'O', 'O', 'O', 'O', 'I-class', 'I-class', 'I-class', 'I-class', 'I-class', 'B-class', 'O', 'O']"
"['=', 'name', 'item', ';', 'select', ')', 'or', 'alphabetic', '(', 'character', '10', 'maximum', 'to', 'alphanumeric', '4', 'item', 'maximum', ';', 'item', 'select', 'the', 'identify', 'uniquely', 'that', ';', 'ID', 'ID', 'Item', ';', 'string', 'alphabetic', 'character', '50', '=', 'minimum', ';', 'Company', 'minimum', ';', 'Company', 'Co', 'Tool', 'of', '/customer', '4', 'employee', 'of', 'ID', 'User']","['O', 'I-attr', 'B-attr', 'O', 'O', 'O', 'O', 'O', 'O', 'O', 'O', 'O', 'O', 'O', 'O', 'B-class', 'O', 'O', 'B-class', 'O', 'O', 'O', 'O', 'O', 'O', 'O', 'I-attr', 'B-attr', 'O', 'O', 'O', 'O', 'O', 'O', 'O', 'O', 'O', 'O', 'O', 'O', 'O', 'O', 'O', 'B-class', 'O', 'B-class', 'O', 'I-attr', 'B-attr']"
"['.', 'testing', 'laboratory', 'for', 'collect', 'be', 'that', 'sample', '/', 'specimen', 'the', 'about', 'datum', 'store', 'to', 'able', 'must', ',', 'radioactive', ',', 'the', 'about', 'information', 'include', 'should', 'datum', 'sample', 'environmental']","['O', 'O', 'O', 'O', 'O', 'O', 'O', 'B-class', 'O', 'B-class', 'O', 'O', 'B-attr', 'O', 'O', 'O', 'O', 'O', 'O', 'O', 'O', 'O', 'O', 'O', 'O', 'I-class', 'I-class', 'B-class']"
"['user', 'interface', 'to', 'on', 'meet', 'requirement', 'and', 'recommendation', '.', 'software']","['O', 'O', 'O', 'O', 'O', 'O', 'O', 'O', 'O', 'O']"
"[')', ')', ',', 'July', '9070', 'IEC', '/', 'ISO', ';', '–', 'Standard', 'Formal', 'Military', '-', 'MIL', ';', '1993', ',', 'June', '2', 'STD-6040', 'Public', 'Identifier', '.', ',', 'Macintosh', 'the', 'for', 'Developers', 'Application', ',', 'Tools', 'Power', 'platform', '-', 'cross', '""', ',', 'Steve', ',', 'Petrucci']","['O', 'O', 'O', 'O', 'O', 'O', 'O', 'O', 'O', 'O', 'O', 'O', 'O', 'O', 'O', 'O', 'O', 'O', 'O', 'O', 'O', 'O', 'O', 'O', 'O', 'O', 'O', 'O', 'O', 'O', 'O', 'O', 'O', 'O', 'O', 'O', 'O', 'O', 'O', 'O', 'O']"
"['incorporate', 'other', 'interface', 'to', 'communication', ':', 'other', 'to', 'Correlation', ';', 'MCG', '&', 'I', ';', 'Alerts', ';', 'on', '-', 'line', 'help', '.', 'it']","['O', 'O', 'O', 'O', 'O', 'O', 'O', 'O', 'O', 'O', 'O', 'O', 'O', 'O', 'O', 'O', 'O', 'O', 'O', 'O', 'O', 'O']"
"['.', 'area', 'preparedness', 'other', 'and', ',', ')', 'EED', '(', 'detection', 'event', 'early', ',', 'surveillance', 'support', 'system', 'with', 'guide', 'exchange', 'to', 'able', 'for', 'message', 'exchange', 'to', 'able', 'be', 'should', 'OM', 'support', 'system']","['O', 'O', 'O', 'O', 'O', 'O', 'O', 'O', 'O', 'O', 'O', 'O', 'O', 'O', 'O', 'B-class', 'O', 'O', 'O', 'O', 'O', 'O', 'B-class', 'O', 'O', 'O', 'O', 'O', 'O', 'O', 'B-class']"
"['should', 'greatly', 'simplify', 'the', 'or', 'principle', 'in', 'station', 'and', 'deﬁnition', 'of', 'what', 'a', 'give', 'user', 'can', 'actually', 'do', '.', 'access']","['O', 'O', 'O', 'O', 'O', 'O', 'O', 'I-class', 'O', 'O', 'O', 'O', 'O', 'O', 'B-class', 'O', 'O', 'O', 'O', 'O']"
"['requirement', 'for', 'this', 'program', 'and', 'some', 'measure', '.', 'of', 'be', 'detail', 'below', '.', 'the']","['O', 'O', 'O', 'O', 'O', 'O', 'O', 'O', 'O', 'O', 'O', 'O', 'O', 'O']"
"['.', 'event', 'health', 'particular', 'each', 'to', 'unique', 'information', 'capture', 'to', 'add', 'be', 'may', 'type', 'and', 'structured', 'of', 'unauthorized', 'continue', 'for', 'establish', 'be', 'must', 'plan', 'a']","['O', 'I-class', 'B-class', 'O', 'O', 'O', 'O', 'O', 'O', 'O', 'O', 'O', 'O', 'I-attr', 'O', 'O', 'O', 'O', 'O', 'O', 'O', 'O', 'O', 'O', 'O']"
"['the', 'advent', 'of', 'future', 'work', 'package', 'require', 'internal', 'work', 'keep', 'subsystem', 'at', 'minimum', 'target', 'subsystem', '.', 'this']","['O', 'O', 'O', 'O', 'O', 'O', 'O', 'O', 'O', 'O', 'B-class', 'O', 'O', 'O', 'B-class', 'O', 'O']"
"['be', 'recognize', 'that', 'this', 'hierarchy', 'may', 'need', 'to', 'be', 'violate', 'for', '(', 'in', 'general', '.', 'ISO', 'network']","['O', 'O', 'O', 'O', 'O', 'O', 'O', 'O', 'O', 'O', 'O', 'O', 'O', 'O', 'O', 'O', 'O']"
"['i', ')', 'an', 'additional', 'option', 'be', 'available', 'to', 'reduce', 'be', 'to', 'need', 'will', 'user', ')', '.', '300ms']","['O', 'O', 'O', 'O', 'O', 'O', 'O', 'O', 'O', 'O', 'O', 'O', 'O', 'O', 'O', 'O', 'O']"
"['interface', 'to', 'the', 'sgsn', 'via', 'the', 'active', 'Gn', ',', 'to', 'the', 'HLR', 'via', 'the', 'gx', 'interface', 'information', 'nss', 'carry', 'radio', 'bearer', 'for', 'ERTMS', '/', 'ETCS', '.', 'the']","['O', 'O', 'O', 'B-class', 'O', 'O', 'I-class', 'O', 'O', 'O', 'O', 'B-class', 'O', 'O', 'O', 'O', 'I-attr', 'B-class', 'O', 'B-class', 'I-class', 'O', 'O', 'O', 'O', 'O', 'O']"
"['.', 'type', 'contact', 'the', 'identify', 'also', 'should', 'and', 'record', 'contact', ')', ',', 'associate', 'be', 'may', 'subject', 'investigation', 'each']","['O', 'I-attr', 'B-attr', 'O', 'O', 'O', 'O', 'O', 'I-class', 'B-class', 'O', 'O', 'O', 'O', 'O', 'I-class', 'B-class', 'O']"
"['Monitor', 'Temperature', 'and', 'Initialize', 'System', 'function', 'help', 'the', 'determine', 'utilization', 'the', 'of', 'System', 'into', 'heating', '/', 'cool', 'unit', 'and', 'send', 'out', 'either', 'unit', 'unavailable', 'or', 'heating', '/', 'the', 'cool', 'need', '.', 'the']","['B-class', 'I-class', 'I-class', 'I-class', 'I-class', 'I-class', 'O', 'O', 'O', 'B-attr', 'O', 'O', 'B-class', 'O', 'B-class', 'I-class', 'I-class', 'I-class', 'O', 'O', 'O', 'O', 'B-attr', 'I-attr', 'O', 'B-attr', 'I-attr', 'O', 'I-attr', 'I-attr', 'O', 'O']"
"['shunt', 'Entry', 'Data', 'Train', 'during', 'a', 'journey', 'or', 'a', 'train', 'running', 'number', 'shall', 'be', 'possible', 'follow']","['B-class', 'I-class', 'I-class', 'B-class', 'O', 'O', 'B-class', 'O', 'O', 'B-attr', 'I-attr', 'I-attr', 'O', 'O', 'O', 'O']"
"['same', 'situation', 'might', 'also', 'occur', 'with', 'need', 'other', ',', 'where', 'speciﬁc', 'observer', 'support', 'software', 'have', 'to', 'instrument', 'processing', 'image', 'the', 'same', 'algorithm', 'use', 'for', 'full', 'off', '-', 'line', 'reduction', '—', 'in', 'general', 'due', 'to', 'the', 'time', 'critical', 'nature', 'of', 'be', 'as', 'foresee', 'on', 'as', 'a', 'subset', 'of', 'the', 'development', 'for', 'the', 'see', 'off', 'line', 'datum', 'reduction', 'system', ',', 'to', 'avoid', 'as', '-', 'be', 'shall', 'development', '-', 'line', 'use', '.', 'in']","['O', 'O', 'O', 'O', 'O', 'O', 'O', 'O', 'O', 'O', 'O', 'B-class', 'I-class', 'I-class', 'O', 'O', 'B-class', 'O', 'O', 'O', 'O', 'O', 'O', 'O', 'O', 'O', 'O', 'O', 'O', 'O', 'O', 'O', 'O', 'O', 'O', 'O', 'O', 'O', 'O', 'O', 'O', 'O', 'O', 'O', 'O', 'O', 'O', 'O', 'O', 'O', 'O', 'O', 'B-class', 'I-class', 'I-class', 'I-class', 'I-class', 'O', 'O', 'O', 'O', 'I-class', 'O', 'O', 'O', 'O', 'O', 'O', 'O', 'O']"
"['.', 'validate', 'system', 'shall', 'be', 'to', 'able', 'be', 'shall', 'system', 'the']","['O', 'O', 'O', 'O', 'O', 'O', 'O', 'O', 'O', 'O', 'O']"
"['another', 'example', ',', 'a', 'critical', 'system', 'testing', 'a', 'broadcast', 'might', '.', 'any']","['O', 'O', 'O', 'O', 'O', 'O', 'O', 'O', 'O', 'O', 'O', 'O']"
"['level', 'for', 'which', 'it', 'be', 'not', 'equip', ',', 'ETCS', 'shall', 'initiate', 'a', 'brake', 'application', '.', 'or', 'one', 'than', 'more', 'ETCS', 'shall', 'initiate', 'a', 'brake', 'application', 'the', 'during']","['B-attr', 'O', 'O', 'O', 'O', 'O', 'O', 'O', 'B-class', 'O', 'O', 'O', 'B-class', 'I-class', 'O', 'O', 'O', 'O', 'O', 'B-class', 'O', 'O', 'O', 'B-class', 'I-class', 'O', 'O']"
"['result', 'handset', '.', '5A-3', 'subject', 'party', 'the', 'either', 'requirement', 'by', 'terminate', 'and', 'be', 'able', '.', 'shall', 'call', ')', 'M', '(']","['O', 'O', 'O', 'O', 'O', 'O', 'O', 'O', 'O', 'O', 'O', 'O', 'O', 'O', 'O', 'O', 'B-class', 'O', 'O', 'O']"
"['be', 'constraint', ':', 'package', ',', 'off', '-', 'the', '-', 'shelf', 'public', 'commercial', 'general', 'of', 'number', 'operating', 'level', '.', 'hardware']","['O', 'O', 'O', 'O', 'O', 'O', 'O', 'O', 'O', 'O', 'O', 'O', 'O', 'O', 'O', 'B-attr', 'I-attr', 'O', 'O']"
"['Package', 'be', 'to', 'compress', 'etc', 'instruction', 'and', 'code', ',', 'datum', 'type', 'specify', 'and', 'other', 'related', 'information', 'specify', 'in', 'Appendix', 'A', 'within', 'a', 'combination', 'of', 'status', ',', ',', 'resource', 'tool', 'for', 'submission', 'to', 'xml', 'Registry', ';', 'Submit', 'prescribe', 'metadata', 'relate', 'to', 'information', 'resource', 'type', ',', 'information', 'association', ';', 'site', 'specify', ',', 'there', 'be', 'a', 'need', ',', 'for', 'environment', 'example', 'to', 'be', 'able', 'to', 'reset', 'session', 'time', ',', 'communication', 'degraded', 'a', 'object', 'name', 'and', 'include', 'address', '(', 'protocol', '/', 'host', '/', 'port', ')', 'and', 'instance', 'name', ';', 'in', '-', 'out', 'value', 'if', 'time', '-', 'out', 'value', 'shall', 'be', 'user', 'definable', 'and', 'be', 'able', 'to', 'be', 'reset', 'prior', 'to', 'initialization', 'session', 'qualified', 'the', 'minimum', 'the', 'datum', 'management', 'service', 'be', 'be', 'access', 'by', 'user', 'affect', 'by', 'the', 'communication', 'degradation', '.', 'at']","['B-class', 'O', 'O', 'B-attr', 'O', 'B-attr', 'O', 'I-attr', 'O', 'B-attr', 'I-attr', 'O', 'O', 'O', 'O', 'O', 'O', 'O', 'O', 'O', 'O', 'O', 'O', 'O', 'B-attr', 'O', 'O', 'I-attr', 'B-attr', 'I-attr', 'I-attr', 'O', 'B-class', 'I-class', 'O', 'O', 'O', 'B-class', 'O', 'O', 'B-attr', 'I-attr', 'I-attr', 'O', 'B-attr', 'I-attr', 'O', 'O', 'O', 'O', 'O', 'O', 'O', 'O', 'O', 'O', 'O', 'O', 'O', 'O', 'O', 'O', 'O', 'B-attr', 'I-attr', 'O', 'O', 'O', 'O', 'O', 'O', 'O', 'O', 'B-attr', 'O', 'O', 'O', 'O', 'O', 'O', 'O', 'O', 'B-attr', 'I-attr', 'O', 'O', 'I-attr', 'I-attr', 'I-attr', 'O', 'I-attr', 'I-attr', 'I-attr', 'I-attr', 'O', 'O', 'B-class', 'O', 'O', 'O', 'O', 'O', 'O', 'O', 'O', 'O', 'O', 'B-attr', 'O', 'O', 'O', 'O', 'O', 'O', 'O', 'O', 'O', 'O', 'O', 'B-class', 'O', 'O', 'O', 'O', 'O', 'O', 'O']"
"['.', 'year', 'two', 'or', 'one', 'as', 'long', 'as', 'be', 'can', 'instrument', 'visitor', 'same', 'the', 'of', 'use', 'successive', 'between', 'not', 'do', 'standard', 'internal', 'difﬁculty', 'the']","['O', 'O', 'O', 'O', 'O', 'O', 'O', 'O', 'O', 'O', 'I-class', 'B-class', 'O', 'O', 'O', 'O', 'O', 'O', 'O', 'O', 'O', 'O', 'O', 'O']"
['reversing'],['B-class']
"['define', 'information', 'as', 'specify', 'in', 'paragraph', '3.4', 'of', 'the', '(', 'be', 'SRS', 'XS', 'XS', 'architecture', '.', 'at']","['O', 'O', 'O', 'O', 'O', 'O', 'O', 'O', 'O', 'O', 'O', 'O', 'O', 'O', 'O', 'O', 'O']"
"['shall', 'be', 'show', 'on', 'the', 'DMI', 'the', 'ETCS', 'on', '-', 'board', 'shall', 'shall', 'the', 'be', 'to', 'on', 'board', 'shall', 'be', 'capable', 'of', 'the']","['O', 'O', 'O', 'O', 'O', 'B-class', 'O', 'B-class', 'O', 'O', 'O', 'O', 'O', 'O', 'O', 'O', 'B-class', 'I-class', 'O', 'O', 'O', 'O', 'O']"
"['Temperatures', 'Trigger', 'value', 'Overtemp', 'value', 'the']","['O', 'O', 'O', 'O', 'O', 'O']"
"['.', '3.2.1.1', 'chapter', 'above', 'see']","['O', 'O', 'O', 'O', 'O']"
"['specification', 'be', 'divide', 'into', 'the', 'fail', 'which', 'be', 'to', '8', 'cover', 'controller', 'equipment', '.', 'section']","['O', 'O', 'O', 'O', 'O', 'B-attr', 'O', 'O', 'O', 'O', 'O', 'O', 'O', 'O', 'O']"
"['the', 'police', 'personnel', 'at', 'the', 'cutting', 'edge', 'to', 'which', 'turn', 'can', 'improve', 'the', 'outcome', 'in', 'the', 'in', 'value', 'provide', 'that', 'key', 'guide', 'principle', 'behind', 'the', 'functional', 'design', 'of', 'CCTNS', 'V1.0', 'be', 'to', 'focus', 'on', 'the', 'critical', 'functionality', '.', 'area', 'to', 'interface', 'support', 'to', 'capability', 'have', 'should', 'system', 'the']","['O', 'O', 'O', 'O', 'O', 'O', 'O', 'O', 'O', 'O', 'O', 'O', 'O', 'O', 'O', 'O', 'O', 'O', 'O', 'O', 'O', 'O', 'O', 'O', 'O', 'O', 'O', 'O', 'O', 'O', 'O', 'O', 'O', 'O', 'O', 'O', 'O', 'O', 'O', 'O', 'O', 'O', 'O', 'O', 'O', 'O', 'O', 'O']"
"['e.g.', 'the', 'capture', 'of', 'voucher', 'number', ',', 'clinical', 'information', ',', 'diagnosis', 'detail', ',', 'see', ';', 'no', 'Voucher', '-', 'generate', 'number', 'as', 'Distribution', 'Invoice', 'no', '.', 'suppose']","['O', 'O', 'O', 'O', 'B-attr', 'I-attr', 'O', 'B-attr', 'I-attr', 'O', 'B-attr', 'I-attr', 'O', 'O', 'O', 'I-attr', 'B-attr', 'O', 'O', 'O', 'O', 'B-attr', 'I-attr', 'I-attr', 'O', 'O']"
"['be', 'two', 'event', 'that', 'a', 'shall', 'in', 'an', 'alarm', 'condition', ':', '1', ')', 'an', 'invalid', 'temperature', 'value', 'be', 'report', 'result', 'Unit', 'when', 'themas', 'output', 'a', 'continuous', 'series', 'of', 'alternate', '500', 'Hz', 'and', '700', 'Hz', 'beep', 'on', 'shall', 'the', '’s', 'computer', '.', 'each']","['O', 'O', 'B-class', 'O', 'O', 'O', 'O', 'O', 'O', 'O', 'O', 'O', 'O', 'O', 'O', 'B-attr', 'I-attr', 'O', 'O', 'O', 'O', 'O', 'O', 'O', 'O', 'O', 'O', 'O', 'O', 'O', 'O', 'O', 'O', 'O', 'B-class', 'O', 'O', 'O', 'O', 'O', 'O', 'O']"
"['society', 'and', 'technical', 'association', 'specification', 'be', 'std', 'Work', 'of', 'Statement', 'event', 'of', 'conflict', 'between', 'the', 'document', 'reference', 'and', 'the', 'content', 'of', 'this', 'SRS', ',', 'the', 'content', 'of', 'this', 'document', 'shall', 'overrule', 'all', 'other', ',', 'with', 'the', 'exception', 'of', 'the', 'the', 'THEMAS', 'detail', '.', 'this']","['O', 'O', 'O', 'O', 'O', 'O', 'O', 'O', 'O', 'O', 'O', 'O', 'O', 'O', 'O', 'O', 'O', 'O', 'O', 'O', 'O', 'O', 'O', 'O', 'O', 'O', 'O', 'O', 'O', 'O', 'O', 'O', 'O', 'O', 'O', 'O', 'O', 'O', 'O', 'O', 'O', 'O', 'O', 'O']"
"['hazard', 'as', ':', 'hazard', ':', 'something', 'that', 'could', 'a', 'cause', ',', 'injury', ',', 'illness', ',', 'or', 'damage', '/', 'death', 'deﬁne', 'project', 'Gemini', 'expression', 'of', 'the', 'possibility', 'of', 'a', 'mishap', 'in', 'term', 'of', 'hazard', 'severity', 'and', 'hazard', 'probability', '.', 'in']","['O', 'O', 'O', 'O', 'O', 'O', 'O', 'O', 'O', 'O', 'O', 'O', 'O', 'O', 'O', 'O', 'O', 'O', 'O', 'O', 'O', 'O', 'O', 'O', 'O', 'O', 'O', 'O', 'O', 'O', 'O', 'O', 'O', 'O', 'O', 'O', 'O', 'O', 'O']"
"['Development', 'if', 'only', 'standard', 'code', 'accept', 'follow', 'to', 'environment', 'code', 'exist', 'adjust', 'to', 'require', 'be', 'shall', 'Team', 'source', 'source', 'production', 'to', 'allow', 'must', 'Team', 'project', 'the']","['B-class', 'O', 'O', 'O', 'O', 'O', 'O', 'O', 'I-class', 'O', 'O', 'O', 'O', 'O', 'O', 'O', 'I-class', 'O', 'O', 'B-class', 'O', 'O', 'O', 'I-class', 'B-class', 'O']"
"['.', 'enclosure', 'the', 'with', 'collocate', 'control', 'facility', 'be', 'this']","['O', 'O', 'O', 'O', 'O', 'O', 'B-class', 'O', 'O']"
"['Standard', 'Instrument', 'Controller', 'export', 'work', 'be', 'task', 'with', 'lay', 'the', 'Internals', 'ground', 'work', 'package', 'datum', ';', 'user', 'large', 'datum', 'set', ';', 'simultaneous', 'local', 'and', 'remote', 'monitoring', 'and', 'intervention', ';', 'Ease', 'of', 'use', 'for', 'one', '-', 'time', 'for', 'of', 'all', 'Gemini', 'device', ',', 'and', 'driver', 'support', 'for', 'three', 'VME', ',', 'I', 'o']","['O', 'O', 'O', 'O', 'O', 'O', 'O', 'O', 'O', 'O', 'O', 'O', 'O', 'O', 'O', 'O', 'I-class', 'O', 'O', 'O', 'O', 'O', 'O', 'O', 'O', 'O', 'O', 'O', 'O', 'O', 'O', 'O', 'O', 'B-class', 'I-class', 'I-class', 'O', 'O', 'O', 'O', 'O', 'O', 'O', 'O', 'O', 'O', 'O', 'O', 'O', 'O', 'O']"
"['.', 'component', 'XS', 'the', 'with', 'associate', 'note', 'applicable', 'the', 'contain', 'Shared', 'System', 'Data', '(', '-', '100', '-', 'A1', '-', 'ACCS', '1996', 'July', '11', ',', '1.0', 'Version', 'DOCUMENT', 'CAPSTONE', ',', ')', 'SHADE', 'Environment', 'ASRD', 'model', 'physical', 'to', 'compliance', 'level', 'requirement', 'describe', 'in', 'the', 'adhere', 'i&rts', 'in', 'the', 'fix', '(', 'static', ')', 'mode', ';', 'shall', 'sponsor', 'COE']","['O', 'O', 'O', 'O', 'O', 'O', 'O', 'O', 'O', 'O', 'O', 'O', 'O', 'O', 'O', 'O', 'O', 'O', 'O', 'O', 'O', 'O', 'O', 'O', 'O', 'O', 'O', 'O', 'O', 'O', 'O', 'O', 'O', 'O', 'O', 'O', 'O', 'O', 'O', 'O', 'O', 'O', 'O', 'O', 'O', 'O', 'O', 'O', 'O', 'O', 'O', 'O', 'O', 'O', 'O']"
"['.', 'telescope', 'the', 'the', 'have', 'to', 'guarantee', 'system', 'the', 'of', 'user', 'end', 'the', 'be', 'astronomer', 'Observing', 'definition']","['O', 'O', 'O', 'O', 'O', 'O', 'O', 'B-class', 'O', 'O', 'I-class', 'B-class', 'O', 'O', 'I-class', 'B-class', 'O']"
"['.', '""', 'continuation', 'determine', 'action', 'the', 'of', 'requirement']","['O', 'O', 'O', 'O', 'O', 'O', 'O', 'O']"
"['cart', 'the', 'from', 'product', 'remove', 'or', 'to', 'add', 'shopping', 'confirmation', 'will', 'allow', 'priority', 'medium', 'a', 'be', 'this']","['I-class', 'O', 'O', 'B-class', 'O', 'O', 'O', 'O', 'B-class', 'I-class', 'O', 'O', 'O', 'O', 'O', 'O', 'O']"
"['.', 'software', 'the', 'build', 'to', 'guide', 'as', 'manager', 'project', 'and', 'system', 'the', 'of', 'developer', 'the', 'for', 'intend', 'be', 'product', 'to', 'get', 'their', 'also']","['O', 'B-class', 'O', 'O', 'O', 'O', 'O', 'I-class', 'B-class', 'O', 'B-class', 'O', 'O', 'B-class', 'O', 'O', 'O', 'O', 'B-class', 'O', 'O', 'O', 'O']"
"['after', 'review', 'the', 'tag', 'in', 'the', 'Registry', ',', 'and', ',', 'Programming', ';', 'Developer', ""'s"", 'role', '.', 'developer']","['O', 'O', 'O', 'B-class', 'O', 'O', 'B-class', 'O', 'O', 'O', 'O', 'O', 'O', 'O', 'O', 'O', 'O']"
"['a', 'request', 'to', 'turn', 'on', 'a', 'heating', 'or', 'cool', 'unit', 'be', 'receive', 'of', ',', 'system', 'shall', 'determine', 'if', 'the', 'request', 'can', 'be', 'honor', '.', 'if']","['O', 'B-class', 'O', 'O', 'O', 'O', 'B-class', 'I-class', 'I-class', 'I-class', 'O', 'O', 'I-attr', 'O', 'B-class', 'O', 'O', 'O', 'O', 'B-class', 'O', 'O', 'O', 'O', 'O']"
"['other', 'word', ',', 'it', 'require', 'a', 'computer', 'executable', 'observe', 'program', 'speciﬁed', 'system', 'from', 'with', '(', 'such', 'as', 'adaptive', 'optic', ')', 'and', 'in', 'observation', 'certain', '(', 'such', 'as', 'commission', 'and', 'test', 'period', ')', 'phase', 'of', 'kind', 'certain', 'in', 'some', 'case', ',', 'not', 'the', 'most', 'efﬁcient', 'way', 'to', 'achieve', 'this', ',', 'although', 'it', 'will', 'be', 'necessary', 'for', '.', 'program', 'service']","['O', 'O', 'O', 'O', 'O', 'O', 'O', 'O', 'O', 'O', 'O', 'B-class', 'O', 'O', 'O', 'O', 'O', 'O', 'O', 'O', 'O', 'O', 'O', 'O', 'O', 'O', 'O', 'O', 'O', 'O', 'O', 'O', 'O', 'O', 'O', 'O', 'O', 'O', 'O', 'O', 'O', 'O', 'O', 'O', 'O', 'O', 'O', 'O', 'O', 'O', 'O', 'O', 'O', 'O', 'O', 'O', 'O', 'O']"
"['should', 'be', 'conﬁne', 'to', 'the', 'operational', ',', 'aim', 'should', 'to', 'be', 'identical', 'in', 'the', 'upper', 'layer', '(', 'even', 'if', 'hardware', 'should', 'differ', ')', ';', 'addition', 'of', 'new', 'instrument', 'operational', 'maintain', 'procedure', 'should', 'there', 'must', 'be', 'easy', 'procedure', 'to', 'reconﬁgure', 'the', ';', 'system', 'subsystem', 'be', 'modiﬁed', 'or', 'remove', ';', 'the', 'number', 'when', 'procedure', 'appropriate', 'with', 'not', 'affect', 'the', 'bulk', 'of', 'the', 'exist', 'software', ';', '.switche', 'to', 'different', 'conﬁguration', 'must', 'be', 'possible', 'at', 'any', 'time', 'and', 'be', 'must', 'telescope', 'tool', 'for', 'diagnostic', 'and', 'test', 'use', '.', 'it']","['O', 'O', 'O', 'O', 'O', 'O', 'O', 'O', 'O', 'O', 'O', 'O', 'O', 'O', 'O', 'O', 'O', 'O', 'O', 'O', 'O', 'O', 'O', 'O', 'O', 'O', 'O', 'O', 'O', 'O', 'O', 'O', 'O', 'O', 'O', 'O', 'O', 'O', 'O', 'O', 'O', 'B-class', 'B-class', 'O', 'O', 'O', 'O', 'O', 'O', 'O', 'O', 'O', 'O', 'O', 'O', 'O', 'O', 'O', 'O', 'O', 'O', 'O', 'O', 'O', 'O', 'O', 'O', 'O', 'O', 'O', 'O', 'O', 'O', 'O', 'O', 'O', 'O', 'O', 'O', 'O', 'O', 'O', 'O', 'O', 'O']"
"['also', 'define', 'an', 'interface', 'to', 'ISO', 'transaction', 'low', 'to', 'RDA', 'data', '.', 'storage']","['O', 'O', 'O', 'O', 'O', 'O', 'O', 'O', 'O', 'O', 'O', 'O', 'B-class']"
"['experience', 'with', 'confidence', 'development', 'show', ',', 'that', 'financing', 'input', ',', 'e.g.', 'facility', 'and', 'equipment', 'aid', ',', 'have', 'team', 'be', 'will', 'help', 'they', 'to', 'test', 'every', 'module', 'in', 'the', 'will', 'system', 'overall', 'testing', 'of', 'the', 'system', ',', 'so', 'that', 'the', 'testing', 'and', 'provider', 'do', 'result', 'pre', '-', 'define', 'input', 'by', 'sell', 'voucher', 'for', 'std', 'service', 'than', 'at', 'price', 'to', 'patient', '.', 'these']","['O', 'O', 'O', 'O', 'O', 'O', 'O', 'O', 'O', 'O', 'O', 'O', 'O', 'O', 'O', 'O', 'O', 'O', 'O', 'O', 'O', 'O', 'O', 'O', 'O', 'O', 'O', 'O', 'O', 'O', 'O', 'O', 'O', 'O', 'O', 'O', 'O', 'O', 'O', 'O', 'O', 'I-class', 'O', 'O', 'O', 'O', 'O', 'O', 'O', 'O', 'B-class', 'O', 'O', 'O', 'O', 'O', 'O', 'O', 'O', 'O', 'O']"
"['.', 'observer', 'B.Science', ';', 'observe', 'interactive', 'include', 'may', 'plan', 'science', 'datum', 'acquisition', 'and', 'validate', 'need', 'the', 'to', 'function', 'be', 'plan', 'science', 'the', 'that', 'ensure', 'the', 'as', 'as', ',', 'astronomer', 'the', 'for', 'collect', 'be', 'integrity', 'datum', 'the', 'well', 'as', 'good', 'datum', 'Gemini', 'the', 'of', 'control', 'functional', 'level', '-', 'high', 'for', 'responsible', 'be', 'administrator']","['O', 'I-class', 'B-class', 'O', 'O', 'O', 'O', 'O', 'O', 'O', 'O', 'O', 'O', 'O', 'O', 'O', 'O', 'O', 'O', 'O', 'O', 'O', 'O', 'O', 'O', 'O', 'O', 'O', 'B-class', 'O', 'O', 'O', 'O', 'O', 'O', 'O', 'O', 'O', 'O', 'O', 'O', 'O', 'O', 'O', 'O', 'O', 'O', 'O', 'O', 'O', 'O', 'B-class']"
"['.', 'internet', 'the', 'on', 'video', 'for', 'site', '2', 'be', ',', 'Alan', 'search', 'time', 'of', 'period', 'spend', 'regularly', 'would', 'people', 'these']","['O', 'B-class', 'O', 'O', 'B-class', 'O', 'I-class', 'O', 'O', 'O', 'O', 'O', 'O', 'O', 'O', 'O', 'O', 'O', 'B-class', 'O']"
"['Project', 'Team', 'project', 'when', 'stakeholder', 'project', 'by', 'functionality', 'new', 'new', 'of', 'user', 'the', 'to', 'adjustment', 'reasonable', 'permit', 'must', 'interface', 'functionality', 'prior', 'to', 'standard', 'those', 'follow', 'and', 'application', 'the', 'for', 'standard', 'code', 'define', 'shall', 'Team', 'Development', 'the']","['B-class', 'I-class', 'B-class', 'O', 'I-class', 'B-class', 'O', 'B-attr', 'O', 'O', 'O', 'B-class', 'O', 'O', 'O', 'O', 'O', 'O', 'I-class', 'O', 'O', 'O', 'O', 'O', 'O', 'O', 'O', 'O', 'O', 'O', 'O', 'O', 'O', 'I-class', 'B-class', 'O']"
"['ceiling', 'speed', 'a', 'driver', 'acknowledgement', 'shall', 'be', 'request', '.', 'the']","['B-attr', 'I-attr', 'O', 'B-class', 'I-class', 'O', 'O', 'O', 'O', 'O']"
"['.', 'visit', 'up', '-', 'follow', 'schedule', 'to', 'make', 'call', 'or', 'symptom', 'monitor', 'to', 'need', 'make', 'to', 'communication', 'person', 'a', 'if', ',', 'example', 'for']","['O', 'I-class', 'I-class', 'I-class', 'B-class', 'O', 'O', 'O', 'B-class', 'O', 'B-class', 'O', 'O', 'O', 'O', 'O', 'O', 'B-class', 'O', 'O', 'O', 'O', 'O']"
"['.', 'possible', 'project', 'of', 'goal', 'the', 'suit', 'well', 'it', 'if', 'technology', 'their', 'to', 'establish', 'a', 'much', 'be', 'it']","['O', 'O', 'O', 'O', 'O', 'O', 'O', 'O', 'O', 'O', 'O', 'O', 'O', 'O', 'O', 'O', 'O', 'O']"
"['.', 'game', 'current', 'the', 'save']","['O', 'B-class', 'O', 'O', 'O']"
"['.', 'applicable', 'not']","['O', 'O', 'O']"
"['.', 'System', 'Weborder', ';', 'Person', 'Sales']","['O', 'O', 'O', 'O', 'I-class', 'B-class']"
"['procedure', 'load', 'the', 'maximum', 'number', 'of', 'concurrently', 'unit', 'allow', '.', 'Initialization']","['O', 'O', 'O', 'B-attr', 'I-attr', 'I-attr', 'I-attr', 'I-attr', 'O', 'O', 'O']"
"['number', 'of', 'roll', 'and', 'must', 'the', 'this', 'failure', 'be', 'attribute', 'to', 'any', 'component', 'of', 'System', 'the', 'other', 'than', 'the', 'workstation', '.', 'unplanned']","['O', 'O', 'O', 'O', 'O', 'O', 'O', 'O', 'O', 'O', 'O', 'O', 'O', 'O', 'O', 'O', 'O', 'O', 'O', 'O', 'O', 'O']"
"['.', 'advisability', 'ensure', 'to', 'be', 'privilege', 'have', 'can', 'individual', 'one', 'than', 'more', 'suggest']","['O', 'O', 'O', 'O', 'O', 'B-attr', 'O', 'O', 'O', 'O', 'O', 'O', 'O']"
"['.', 'site', 'satellite', 'a', 'just', 'will']","['O', 'O', 'O', 'O', 'O', 'O']"
"['.', 'Administrator', 'instal', ')', 'the']","['O', 'B-class', 'O', 'O', 'O']"
"['be', 'a', 'deliberate', 'design', 'decision', '.', 'this']","['O', 'O', 'O', 'O', 'O', 'O', 'O']"
"['simultaneously', 'mode', 'several', 'through', 'system', 'the', 'access', 'be', 'to', 'user', 'single', 'a', 'for', 'possible', 'entirely', 'be', 'it']","['O', 'B-attr', 'O', 'O', 'O', 'O', 'O', 'O', 'O', 'B-class', 'O', 'O', 'O', 'O', 'O', 'O', 'O']"
"['3', 'C', '’s', '(', 'Core', '-', '.', 'Configuration', 'customization', ')', 'form', 'the', 'guide', 'principle', 'for', 'the', '-', 'not', 'the', 'specific', 'Authentication', 'Service', 'to', 'ensure', 'single', '-', 'sign', 'on', 'for', 'the', 'end', '-', 'user', 'the']","['O', 'O', 'O', 'O', 'O', 'O', 'O', 'O', 'O', 'O', 'O', 'O', 'O', 'O', 'O', 'O', 'O', 'O', 'O', 'O', 'O', 'O', 'O', 'O', 'O', 'O', 'O', 'O', 'O', 'O', 'O', 'O', 'O', 'O']"
"['.', 'window', 'main', '’s', 'program', 'the', 'on', 'tab', 'a', 'in', 'link', 'web', 'website', 'as', 'be', 'will', 'search', 'this', 'of', 'result', 'the']","['O', 'I-attr', 'B-attr', 'O', 'B-class', 'O', 'O', 'B-class', 'O', 'O', 'I-class', 'B-class', 'I-class', 'O', 'O', 'O', 'B-class', 'O', 'O', 'O', 'O']"
"['follow', 'definition', 'shall', 'apply', 'for', 'the', 'ETCS', 'application', 'level', 'control', 'speed', 'system', 'fit', 'train', 'information', 'via', 'intermittent', 'transmission', 'medium', 'to', ',', 'balise', '.', 'this']","['O', 'O', 'O', 'O', 'O', 'O', 'B-class', 'B-attr', 'I-attr', 'I-class', 'B-attr', 'I-class', 'O', 'I-attr', 'I-attr', 'O', 'B-class', 'I-class', 'I-class', 'I-attr', 'O', 'O', 'O', 'O']"
"['m', 'access', 'in', 'software', ',', 'once', 'implement', '.', 'also']","['O', 'O', 'O', 'O', 'O', 'O', 'O', 'O', 'O']"
"['.', 'basis', 'need', 'as', 'an', 'on', 'handle', 'be', 'would', 'these', 'of', 'a', 'less', 'establish', 'well', 'not', 'probably', 'be', 'it', 'reason', 'these', 'for']","['O', 'O', 'O', 'O', 'O', 'O', 'O', 'O', 'O', 'O', 'O', 'O', 'O', 'O', 'O', 'O', 'O', 'O', 'O', 'O', 'O', 'O']"
"[')', 'call', 'setup', 'time', 'requirement', 'be', 'dependent', 'i', 'unit', 'and', 'follow', 'shall', 'output', 'a', 'request', 'to', 'turn', 'off', 'both', 'the', 'heating', 'unit', 'and', 'the', 'module', 'cool', 'condition']","['O', 'B-attr', 'I-attr', 'I-attr', 'O', 'O', 'O', 'O', 'I-class', 'O', 'O', 'O', 'O', 'O', 'B-class', 'O', 'O', 'O', 'O', 'O', 'B-class', 'I-class', 'O', 'O', 'O', 'B-class', 'O']"
"['the', 'within', 'available', 'be', 'that', 'content', 'same', 'that', 'contain', 'will', 'window', 'up', '-', 'pop', 'topic', 'Help', 'of', 'at', '""', 'Help', '[', 'online', 'the', 'create', 'to', 'use', 'be', 'will', '8', 'version', 'RoboHelp']","['O', 'O', 'O', 'O', 'O', 'B-attr', 'O', 'O', 'O', 'O', 'I-class', 'I-class', 'I-class', 'I-class', 'I-class', 'B-class', 'O', 'O', 'O', 'O', 'O', 'O', 'O', 'O', 'O', 'O', 'O', 'O', 'O', 'O', 'O']"
"['submit', 'defect', 'or', 'enhancement', 'request', 'category', '-', 'wise', ',', 'status', '-', 'wise', ',', 'and', 'age-', 'wise', '.', 'support', 'module', 'as', 'information', 'the', 'search', 'functionality', ',', 'police', 'personnel', 'can', 'use']","['O', 'O', 'O', 'O', 'O', 'B-attr', 'O', 'O', 'O', 'B-attr', 'O', 'O', 'O', 'O', 'B-attr', 'O', 'O', 'O', 'O', 'O', 'O', 'O', 'O', 'O', 'O', 'O', 'O', 'O', 'O']"
"['.', '8', 'see', ',', 'through', 'bar', 'menu', 'a', ';', '3.2.1.1', 'chapter', 'see', ',', 'board', 'a', ':', 'part', 'follow', 'the', 'provide', 'shall', 'window', 'main', 'the']","['O', 'O', 'O', 'O', 'O', 'I-class', 'B-class', 'O', 'O', 'O', 'O', 'O', 'O', 'B-class', 'O', 'O', 'O', 'O', 'O', 'O', 'O', 'I-class', 'B-class', 'O']"
"['be', 'the', 'most', 'common', 'the', 'mean', 'command', 'transfer', 'from', 'the', 'Observatory', 'Control', 'System', 'to', 'of', 'specify', 'directly', 'may', '.', 'there']","['O', 'O', 'O', 'O', 'O', 'O', 'O', 'O', 'O', 'O', 'B-class', 'I-class', 'I-class', 'O', 'O', 'O', 'O', 'O', 'O', 'O']"
"['of', 'other', 'specification', 'may', 'be', 'obtain', 'from', 'Barry', 'Scott', 'Institute', ',', 'project', 'Manager', '.', 'this']","['O', 'O', 'O', 'O', 'O', 'O', 'O', 'O', 'O', 'O', 'O', 'O', 'O', 'O', 'O']"
"['.', 'board', 'the', 'of', 'bottom', 'the', 'at', 'move', 'square', 'can', 'contain', '20', '.', '""', 'ok', '""', 'label', 'the', 'with', 'pushbutton', 'a', 'and']","['O', 'O', 'O', 'O', 'O', 'O', 'O', 'O', 'O', 'O', 'O', 'O', 'O', 'O', 'O', 'O', 'B-attr', 'O', 'O', 'B-class', 'O', 'O']"
"['.', 'build', 'can', 'be', 'deploy', 'system', '[', 'the', 'of', 'integration', 'weekly', 'perform', 'system', 'shall', 'Development', 'the']","['O', 'O', 'O', 'O', 'O', 'O', 'O', 'O', 'O', 'O', 'O', 'O', 'O', 'O', 'B-class', 'O']"
"['.', 'the', 'telescope', 'of', 'control', 'direct', 'of', 'capability', 'the', 'have', 'may', ',', 'observer', 'the', 'restrict', 'to', 'not', 'send', 'to', 'able', 'be', 'not', 'shall', 'they']","['O', 'O', 'O', 'O', 'O', 'O', 'O', 'O', 'O', 'O', 'O', 'O', 'B-class', 'O', 'O', 'O', 'O', 'O', 'O', 'O', 'O', 'O', 'O', 'O']"
"['system', 'should', 'be', 'develop', 'system', 'to', 'deploy', 'in', 'a', '3', '-', 'tier', 'datacenter', 'architecture', 'be', 'and', ')', 'SOA', 'be', 'design', 'in', 'manner', 'that', 'operational', 'datum', 'be', 'should', 'not', 'in', 'case', 'of', 'any', 'failure', 'of', 'equipment', 'or', 'lose', 'communication', 'system', 'interface', 'extension', '.', 'the']","['O', 'O', 'O', 'O', 'O', 'O', 'O', 'O', 'O', 'O', 'O', 'O', 'O', 'O', 'O', 'O', 'O', 'O', 'O', 'O', 'O', 'O', 'O', 'O', 'O', 'O', 'O', 'O', 'O', 'O', 'O', 'O', 'O', 'O', 'O', 'O', 'O', 'O', 'O', 'O', 'O', 'O', 'O']"
"['and', 'datum', 'train', 'the', 'driver', 'shall', 'be', 'able', 'to', 'use', 'the', 'reversing', 'function', 'without', 'need', 'to', 're', '-', 'confirm', 'MA', 'target', 'old', 'the', '-', 'operative', 'revocation', 'of', 'the', 'MA', 'co', 'shall', 'possible', 'to', 'a', 'new', 'target', 'location', 'be', 'the']","['O', 'I-attr', 'B-attr', 'O', 'B-class', 'O', 'O', 'O', 'O', 'O', 'O', 'B-class', 'I-class', 'O', 'O', 'O', 'O', 'O', 'O', 'B-class', 'B-attr', 'O', 'O', 'I-class', 'I-class', 'I-class', 'O', 'O', 'B-class', 'B-class', 'O', 'O', 'O', 'O', 'B-attr', 'I-attr', 'I-attr', 'O', 'O']"
"['.', 'applicable', 'not']","['O', 'O', 'O']"
"['.', 'B.Monitoring', ';', 'instrument', 'and', 'telescope', 'read', 'of', 'direct', 'no', 'with', 'sequencer', 'the', 'through', 'be', 'system', 'the', 'to', 'control', '.', 'it']","['O', 'O', 'O', 'O', 'O', 'O', 'O', 'O', 'O', 'O', 'O', 'O', 'O', 'O', 'O', 'O', 'O', 'O', 'O', 'O', 'O']"
"['M', ')', 'this', 'the', 'subsection', 'the', 'core', 'environmental', 'and', 'physical', 'requirement', 'for', 'define', 'frequency', '60950', '(', ')', ';', 'test', 'require', 'to', 'validate', 'compliance', 'with', 'EIRENE', 'specification', '.', 'any']","['O', 'O', 'O', 'O', 'O', 'O', 'O', 'O', 'O', 'O', 'O', 'O', 'O', 'O', 'O', 'O', 'O', 'O', 'O', 'O', 'O', 'O', 'O', 'O', 'O', 'O', 'O', 'O']"
"['?', 'matter', 'it', 'do', 'or', ',', 'public', 'or', 'private', 'be', 'connection', 'bandwidth', 'high', 'remote', 'operation', 'facility', 'and', 'these']","['O', 'O', 'O', 'O', 'O', 'O', 'O', 'O', 'O', 'O', 'O', 'O', 'O', 'O', 'O', 'O', 'O', 'O']"
"['.', 'market', 'selling', 'high', 'a', 'to', 'the', 'with']","['O', 'O', 'O', 'O', 'O', 'O', 'O', 'O']"
"['of', 'information', 'be', 'similar', 'across', 'setlogge']","['O', 'O', 'O', 'O', 'O', 'O']"
"['command', 'be', 'process', 'by', 'the', 'IOC', 'subsystem', '.', 'IOC']","['O', 'O', 'O', 'O', 'O', 'B-class', 'I-class', 'O', 'O']"
"['.', 'standard', 'Gemini', 'that', 'the', 'adhere', 'equipment', 'visitor', 'the', 'if', 'simple', 'make', 'be', 'to', ':', 'the', 'Gemini', 'as', 'time', 'over', 'evolve', 'will', 'standard', 'Gemini', 'the', ';', 'instrument', 'visitor', 'some', 'for', 'effective', 'cost', 'prove', 'not', 'may', 'standard', 'and', 'instrumentation', 'and/or', 'expensive', 'interface', 'stable', ',', 'live', 'long', 'via', 'instrument', 'visitor', '.', 'to', 'make', 'be', 'will', 'which', 'facility', 'Gemini', 'of', 'subset', 'available', 'visitor']","['O', 'O', 'O', 'O', 'O', 'O', 'I-class', 'B-class', 'O', 'O', 'O', 'O', 'O', 'O', 'O', 'O', 'O', 'O', 'O', 'O', 'O', 'O', 'O', 'O', 'O', 'O', 'I-class', 'B-class', 'O', 'O', 'O', 'O', 'O', 'O', 'O', 'O', 'O', 'I-class', 'O', 'O', 'O', 'O', 'O', 'O', 'O', 'O', 'I-class', 'B-class', 'O', 'O', 'O', 'O', 'O', 'O', 'O', 'O', 'O', 'O', 'O', 'O']"
"['System', 'must', 'be', 'able', 'to', 'retrieve', 'and', '.', 'display', '20', 'second', 'the', 'case', 'which', 'have', 'not', 'be', 'within', 'access', 'use', 'with', 'rapid', 'retrieval', 'of', 'frequently', '-', 'use', 'case', ',', 'recent', 'on', 'understanding', 'that', 'frequency', 'of', 'use', 'be', 'typically', 'correlate', 'the', 'for', 'within', 'previous', 'case', 'where', 'case', 'use', 'infrequently', 'be', 'store', 'on', 'for', 'slow', 'than', 'more', 'active', 'record', '.', 'the']","['O', 'O', 'O', 'O', 'O', 'O', 'O', 'O', 'O', 'O', 'O', 'O', 'O', 'O', 'O', 'O', 'O', 'O', 'O', 'O', 'O', 'O', 'O', 'O', 'O', 'O', 'O', 'B-class', 'O', 'O', 'O', 'O', 'O', 'O', 'O', 'O', 'O', 'O', 'O', 'O', 'O', 'O', 'O', 'B-class', 'O', 'B-class', 'O', 'O', 'O', 'O', 'O', 'O', 'O', 'O', 'O', 'O', 'O', 'O', 'O']"
"['.', 'cart', 'shopping', 'the', 'within', 'purchase', 'for', 'product', 'store', 'also', 'Server', 'be', 'to', 'order', 'the', 'if']","['O', 'I-class', 'B-class', 'O', 'O', 'O', 'O', 'B-class', 'O', 'O', 'O', 'O', 'O', 'B-class', 'O', 'O']"
"['the', 'intervention', '.', 'if']","['O', 'B-class', 'O', 'O']"
"['use', 'of', 'this', 'feature', 'would', ',', 'however', ',', 'be', 'discourage', 'for', 'queue', 'the', 'the', 'to', 'and', 'interaction', 'during', 'the', 'observation', '.', 'the']","['O', 'O', 'O', 'O', 'O', 'O', 'O', 'O', 'O', 'O', 'O', 'O', 'O', 'O', 'O', 'O', 'O', 'O', 'O', 'B-class', 'O', 'O']"
"['A&G', 'might', 'be', 'transmit', 'Zernickes', 'to', 'the', 'PMCS', ',', 'which', 'be', 'receive', 'Shack-', ',', 'the', 'multiple', ',', 'interfere', 'with', 'the', ""'"", 'normal', ""'"", 'command', 'stream', 'from', ';', 'some', 'command', 'and', 'datum', 'signal', 'be', 'simply', 'broadcast', 'Broadcast', ')', 'say', '(', 'or', 'both', '!', 'finally']","['O', 'O', 'O', 'O', 'O', 'O', 'O', 'O', 'O', 'O', 'O', 'O', 'O', 'O', 'O', 'O', 'O', 'O', 'O', 'O', 'O', 'O', 'O', 'O', 'O', 'O', 'O', 'O', 'O', 'O', 'O', 'O', 'O', 'O', 'O', 'O', 'O', 'O', 'O', 'O', 'O', 'O', 'O']"
"['.', 'date', 'and', 'length', ',', 'name', 'video', ',', 'full', 'the', 'the', 'website', 'by', 'and', '.', 'user']","['O', 'B-attr', 'O', 'B-attr', 'O', 'I-attr', 'I-attr', 'O', 'B-attr', 'O', 'O', 'B-attr', 'O', 'O', 'O', 'B-class']"
"['setting', 'temperature', 'setting', 'as', 'an', 'invalid', 'temperature', 'and', 'shall', 'output', 'an', 'invalid', 'temperature', 'status', '.', '.', ',', 'the', 'themas', 'system', 'shall', 'realize', 'the', 'value', 'for', 'that', 'thermostat', '’s', 'temperature', 'otherwise']","['I-attr', 'B-attr', 'I-attr', 'O', 'O', 'O', 'O', 'O', 'O', 'O', 'O', 'B-class', 'I-class', 'I-class', 'O', 'O', 'O', 'O', 'O', 'B-class', 'O', 'O', 'O', 'O', 'O', 'O', 'B-class', 'O', 'B-attr', 'O']"
"['.', 'event', 'an', 'during', 'change', 'definition', 'case', 'the', 'if', 'automatically', 'or', 'manually', 'either', 'diagnosis', 'case', 'the', 'to', 'questionnaire', 'response', '.', 'contact', 'be', 'may', 'investigator', 'the', 'that', 'so', ',', 'information', 'contact', 'and', ',', 'address', ',', 'name', 'their', 'include', ',', 'investigator', 'to', 'the', 'answer', 'or', 'investigation', 'and', 'case', 'the', 'report', 'jurisdiction', 'the', 'and', 'event', 'the', 'investigate', 'jurisdiction', 'the', 'both']","['O', 'B-class', 'O', 'O', 'O', 'I-class', 'B-class', 'O', 'O', 'O', 'O', 'O', 'O', 'I-class', 'B-class', 'O', 'O', 'B-attr', 'I-attr', 'O', 'O', 'O', 'O', 'B-class', 'O', 'O', 'O', 'O', 'I-attr', 'B-attr', 'O', 'O', 'B-attr', 'O', 'B-attr', 'O', 'O', 'O', 'B-class', 'O', 'O', 'O', 'O', 'B-class', 'O', 'B-class', 'O', 'O', 'O', 'O', 'O', 'B-class', 'O', 'O', 'O', 'O', 'O']"
"['role', 'ultimate', 'authority', 'to', 'mediate', 'any', 'unresolved', 'dispute', 'within', 'all', 'coi', ';', 'the', 'COE', 'Data', 'Engineering', 'Team', ""'s"", '.', ';', 'validity', 'lack', 'attribute', ';', 'sri', ':', 'a', 'stand', 'request', 'spatial', 'for', '(', 'SRI', ')', 'be', 'a', 'capability', 'in', 'Information', 'by', 'define', 'be', ')', ',', 'extent', ',', 'topology', 'and', 'geometry', '.', 'support']","['O', 'O', 'O', 'O', 'O', 'O', 'O', 'O', 'O', 'O', 'O', 'O', 'O', 'O', 'O', 'O', 'O', 'O', 'O', 'O', 'O', 'O', 'I-attr', 'O', 'O', 'O', 'O', 'B-class', 'I-class', 'B-attr', 'I-class', 'O', 'O', 'O', 'O', 'O', 'O', 'O', 'I-class', 'O', 'O', 'O', 'I-attr', 'O', 'B-attr', 'O', 'B-attr', 'O', 'B-attr', 'O', 'O']"
"['(', 'ﬂexible', 'be', 'a', 'superset', 'of', 'queue', 'scheduling', ',', 'with', 'scheduling', 'instrument', 'and', 'mode', 'support', 'the', 'decision', 'make', 'process', 'by', 'present', 'appropriate', 'information', '.', 'flexible']","['O', 'O', 'O', 'O', 'O', 'O', 'O', 'O', 'O', 'O', 'O', 'B-class', 'O', 'I-attr', 'O', 'O', 'O', 'O', 'O', 'O', 'O', 'O', 'O', 'O', 'O']"
"['.', 'detail', 'order', 'specific', 'the', 'will', 'medium', '.', 'interface', 'be', 'this']","['O', 'I-attr', 'B-attr', 'O', 'O', 'O', 'O', 'O', 'O', 'O', 'O']"
"['this', 'case', 'this', 'process', 'shall', 'output', 'the', '.', 'T', 'od', 'clarify', 'these', 'condition', ',', 'the', 'follow', 'definition', 'will', 'be', 'use', ':', 'LO', ':', 'if']","['O', 'O', 'O', 'O', 'O', 'O', 'O', 'O', 'O', 'O', 'O', 'O', 'O', 'O', 'O', 'O', 'O', 'O', 'O', 'O', 'O', 'O', 'O', 'O']"
"['EIRENE', ',', 'the', 'primary', 'mean', 'of', 'determine', 'the', 'location', 'of', 'from', 'information', ';', 'balise', 'location', 'information', 'may', 'be', 'derive', ':', '(', 'a', 'i', 'on', '-', 'train', 'location', 'system', ';', 'trackside', ')', 'accurate', 'train', 'the', 'information', 'from', 'external', 'system', 'to', 'provide', 'a', 'great', 'degree', 'of', 'accuracy', '.', '(']","['O', 'O', 'O', 'O', 'O', 'O', 'O', 'O', 'B-attr', 'O', 'O', 'B-attr', 'O', 'I-class', 'B-attr', 'I-attr', 'O', 'O', 'O', 'O', 'O', 'O', 'O', 'B-class', 'I-class', 'I-class', 'I-class', 'I-class', 'O', 'B-class', 'O', 'O', 'B-class', 'O', 'O', 'O', 'O', 'B-class', 'O', 'O', 'O', 'O', 'O', 'O', 'O', 'O', 'O']"
"['identifier', 'shall', 'be', 'read', 'from', 'thermostat', 'at', 'each', 'thermostat', 't', 'he', 'heat', 'and', 'cool', 'unit', 'that', 'be', 'define', 'as', 'part', 'of', 'the', 'control', 'THEMAS', '.', 'the']","['B-attr', 'O', 'O', 'O', 'O', 'B-class', 'O', 'O', 'B-class', 'B-class', 'I-class', 'I-class', 'I-class', 'I-class', 'I-class', 'O', 'O', 'O', 'O', 'O', 'O', 'O', 'O', 'O', 'O', 'O']"
"['interface', 'should', 'be', 'design', 'input', 'hide', '.', 'the', 'be', 'do', 'by', 'place', 'important', 'information', 'at', 'the', 'page', 'top', 'provide', 'link', 'to', 'information', 'that', 'be', 'far', 'down', 'and', ',', 'window', 'primary', 'be', 'use', ',', 'a', 'navigation', 'option', 'to', 'skip', 'screen', 'it', 'be', 'offer', '.', 'avoid']","['O', 'O', 'O', 'O', 'O', 'O', 'O', 'O', 'O', 'O', 'O', 'O', 'O', 'O', 'O', 'O', 'O', 'O', 'O', 'O', 'O', 'O', 'O', 'O', 'O', 'O', 'O', 'O', 'O', 'O', 'O', 'O', 'O', 'O', 'O', 'O', 'O', 'O', 'O', 'O', 'O', 'O', 'O', 'O']"
"['acknowledgement', 'be', 'specify', 'the', 'on', 'shall', 'the', '.', 'shall', 'have', 'the', 'capability', 'of', 'be', 'train', 'supervised', 'a', 'ceiling', 'speed', '.', 'this']","['O', 'O', 'O', 'O', 'O', 'O', 'O', 'O', 'O', 'O', 'O', 'O', 'O', 'O', 'B-class', 'O', 'O', 'B-attr', 'I-attr', 'O', 'O']"
"['of', 'provide', 'or', 'more', 'to', 'the', 'user', '’s', 'goal', 'that', 'be', 'infer', 'relevant', 'from', 'behaviour', 'observe', ',', 'recommend', 'information', 'that', 'be', 'potentially', 'the', 'like', ',', 'goal', 'the', 'content', 'and', 'the', 'navigation', 'of', 'a', 'user', 'adapt', 'interface', 'individual', 'user', 'or', 'user', 'group', 'can', 'be', 'a', 'to', 'useful', ':', 'user', 'place', 'consistently', 'on', 'the', 'page', 'or', 'in', 'the', 'adaptation', 'frameset', 'the', 'page', 'of', 'the', 'application', '.', 'Individualization']","['O', 'O', 'O', 'O', 'O', 'O', 'B-class', 'O', 'O', 'O', 'O', 'O', 'O', 'O', 'O', 'O', 'O', 'O', 'O', 'O', 'O', 'O', 'O', 'O', 'O', 'O', 'O', 'O', 'O', 'O', 'O', 'O', 'O', 'O', 'O', 'O', 'O', 'B-class', 'O', 'B-class', 'I-class', 'O', 'O', 'O', 'O', 'O', 'O', 'O', 'O', 'O', 'O', 'O', 'O', 'O', 'O', 'O', 'O', 'O', 'O', 'O', 'O', 'O', 'O', 'O', 'O']"
"['parameter', 'the']","['O', 'O']"
"['interface', 'to', 'the', 'be', 'array', 'use', 'all', 'for', 'maintenance', 'and', 'repair', '.', 'it']","['O', 'O', 'O', 'O', 'O', 'O', 'O', 'O', 'O', 'O', 'O', 'O', 'O']"
"['.', 'F.Administrative', ';', 'observation', 'ongoing', 'be', 'access', '.', 'no']","['O', 'O', 'O', 'O', 'O', 'O', 'O', 'O', 'O']"
"['.', 'associate', 'be', 'it', 'which', 'with', 'shall', 'be', '.', 'M', '.', 'provide', 'be', 'to', 'range', 'adjustment', 'volume', '(']","['O', 'O', 'O', 'O', 'O', 'O', 'O', 'O', 'O', 'O', 'O', 'O', 'O', 'O', 'O', 'O', 'O', 'O']"
"[',', 'in', 'the', 'case', 'of', 'an', 'instrument', 'failure', ',', 'it', 'to', 'the', 'in', 'automatically', 'error', 'persist', 'and', 'be', 'then', 'automatically', 'clear', '.', 'the', 'the']","['O', 'O', 'O', 'O', 'O', 'O', 'B-class', 'O', 'O', 'O', 'O', 'O', 'O', 'O', 'O', 'O', 'O', 'O', 'O', 'O', 'O', 'O', 'O', 'O']"
"['shall', 'be', 'show', 'point', 'train', 'next', 'to', 'receive', 'a', 'warning', 'and', 'without', 'intervention', 'of', 'ETCS', '.', 'the']","['O', 'O', 'O', 'B-class', 'B-class', 'O', 'O', 'O', 'O', 'O', 'O', 'O', 'O', 'O', 'B-class', 'O', 'O']"
"['.', 'page', 'home', 'the', 'display', 'be', ')', 'in', 'the', '.', 'system', 'the', 'on', 'in', '-', 'log', 'be', 'must', 'customer', 'the']","['O', 'O', 'O', 'O', 'O', 'O', 'I-class', 'O', 'O', 'O', 'O', 'O', 'O', 'O', 'O', 'O', 'O', 'O', 'B-class', 'O']"
"['shall', 'more', 'XS', '.', 'mission', ')', 'and', 'require', 'access', 'to', 'few', 'datum', 'management', 'administrative', 'capability', 'than', 'need', 'in', 'a', 'fixed', 'environment', 'the']","['O', 'O', 'O', 'O', 'O', 'O', 'O', 'O', 'O', 'O', 'O', 'O', 'O', 'O', 'O', 'O', 'O', 'O', 'O', 'O', 'O', 'O']"
"['.', 'VSP', 'the', 'Activate', '-', 'in', 'alter', ';', 'Code', ';', 'Name', 'Generic', ';', ')', 'provision', 'VSP', 'all', 'for', 'price', 'drug', 'standard', 'a', 'be', ')', 'can', '(', 'will', 'there', '(', 'Master', 'Drugs']","['O', 'B-class', 'O', 'O', 'O', 'O', 'O', 'O', 'B-attr', 'O', 'I-attr', 'B-attr', 'O', 'O', 'O', 'B-class', 'O', 'O', 'I-attr', 'B-attr', 'O', 'O', 'O', 'O', 'O', 'O', 'O', 'O', 'O', 'I-attr', 'B-attr']"
"['.', 'so', 'do', 'to', 'permission', 'all']","['O', 'O', 'O', 'O', 'O', 'O']"
"['must', 'also', 'be', 'possible', 'to', 'to', 'Gemini', 'the', 'of', 'information', 'be', 'available', 'to', 'the', 'Gemini', '8', 'm', 'Telescopes', 'software', 'and', 'be', 'capable', 'of', 'be', 'available', 'to', 'all', 'user', 'all', 'restrict', 'telescope', 'parameter', '.', 'one']","['O', 'O', 'O', 'O', 'O', 'O', 'O', 'O', 'O', 'O', 'O', 'O', 'O', 'O', 'O', 'O', 'O', 'O', 'O', 'O', 'O', 'O', 'O', 'O', 'O', 'O', 'O', 'O', 'O', 'O', 'B-attr', 'I-attr', 'O', 'O']"
"['to', 'confirmation', 'email', 'customer']","['O', 'O', 'O', 'B-class']"
"['.', 'asction', ""'"", 'user', 'the', 'the']","['O', 'B-class', 'O', 'B-class', 'O', 'O']"
"['perspective', 'general', 'more', 'a', 'from', 'system', 'Gemini', 'the', 'of', 'control', '.', 'datum', 'control', 'design', 'this']","['O', 'O', 'O', 'O', 'O', 'O', 'O', 'O', 'O', 'O', 'O', 'O', 'O', 'O', 'O']"
"['store', 'the', 'of', 'encryption', 'selective', 'support', 'should', 'datum', 'the', 'network', 'and', 'and', 'security', 'of', 'standard', 'high', 'ensure', 'should', 'system', 'the']","['O', 'O', 'O', 'O', 'O', 'O', 'O', 'O', 'O', 'O', 'O', 'O', 'O', 'O', 'O', 'O', 'O', 'O', 'O', 'O']"
"[')', 'the', 'UIC', 'frequency', 'band', 'for', 'GSM', 'M', '515', ']', '(', 'base', 'station', 'transmit', ')', '.', 'the']","['O', 'O', 'O', 'B-attr', 'I-attr', 'O', 'B-class', 'O', 'O', 'O', 'O', 'O', 'O', 'O', 'O', 'O', 'O']"
"['Package', 'by', 'description', 'baseline', 'command', 'description', 'that', 'need', 'to', 'be', 'implement', 'include', 'determine', 'be', 'call', 'deconstruct', '/', 'route', 'command', 'string', '.', 'the']","['I-class', 'O', 'I-class', 'B-attr', 'I-attr', 'I-attr', 'O', 'O', 'O', 'O', 'O', 'O', 'O', 'O', 'O', 'O', 'O', 'O', 'O', 'O', 'O', 'O']"
"['use', 'of', 'concurrency', 'occur', 'when', 'use', 'the', 'Sequencer', ';', 'many', 'up', 'different', ':', 'minute', '.', 'this']","['O', 'O', 'O', 'O', 'O', 'O', 'O', 'O', 'O', 'O', 'O', 'O', 'O', 'O', 'O', 'O']"
"['to', 'Hilo', 'or', 'even', 'to', 'extent', 'the']","['O', 'O', 'O', 'O', 'O', 'O', 'O']"
"['.', 'system', 'visitor', 'the', 'implication', 'several', 'have', 'observer', 'the', 'by', 'bring', 'instrument', 'for', 'instrumentation', 'it', 'be', 'subset', 'a', 'case', 'this', 'in']","['O', 'B-class', 'O', 'O', 'O', 'O', 'O', 'B-class', 'O', 'O', 'O', 'B-class', 'O', 'O', 'O', 'O', 'O', 'O', 'O', 'O', 'O']"
"['relationship', ':', 'provide', 'the', 'capability', 'to', 'view', 'an', 'a', 'Information', 'view', 'capability', 'view', 'a', 'complex', 'Container', 'Tag', '’s', 'parent', '/', 'child', 'relationship', ';', 'Data', 'type', 'information', ':', 'provide', 'the', 'to', 'document', 'resource', 'version', 'amplify', 'information', ':', 'provide', 'the', 'capability', 'to', 'view', 'other', 'information', 'resource', 'such', 'as', 'ERwin', 'model', ',', 'dtd', ';', '’s', 'set', 'relate', ';', 'reference', 'set', ':', 'provide', 'the', 'capability', 'to', 'view', 'text', 'relate', 'to', 'the', 'domai', 'value', 'or', 'the', 'reference', 'specification', 'reference', 'tag', 'shall', 'include', 'test', ',', 'demonstration', ',', 'analysis', 'software', ',', 'inspection', '(', 'T', ',', 'D', ',', 'A', 'and', 'the', 'to', 'apply', 'Software', 'will', 'be', 'qualified', 'through', 'formal', 'validation', 'test', 'of', 'the', 'SRS', 'level', 'requirement', '.', 'the']","['I-attr', 'O', 'O', 'O', 'O', 'O', 'O', 'O', 'O', 'B-class', 'O', 'O', 'O', 'O', 'O', 'B-class', 'I-class', 'O', 'B-attr', 'I-attr', 'I-attr', 'I-attr', 'O', 'B-attr', 'I-attr', 'I-attr', 'O', 'O', 'O', 'O', 'B-class', 'I-class', 'B-attr', 'O', 'O', 'O', 'O', 'O', 'O', 'O', 'O', 'O', 'B-class', 'I-class', 'O', 'O', 'B-class', 'I-class', 'O', 'B-class', 'O', 'O', 'O', 'O', 'O', 'B-attr', 'I-attr', 'O', 'O', 'O', 'O', 'O', 'O', 'O', 'O', 'O', 'O', 'O', 'O', 'O', 'O', 'O', 'I-class', 'O', 'B-class', 'O', 'O', 'B-class', 'O', 'B-class', 'O', 'B-class', 'O', 'O', 'B-class', 'O', 'O', 'O', 'O', 'O', 'O', 'O', 'O', 'O', 'O', 'O', 'O', 'O', 'O', 'O', 'O', 'O', 'O', 'O', 'O', 'O', 'O', 'O', 'O', 'O']"
"['Reports', 'an', 'associated', 'hardware', 'configuration', 'item', '.', 'the']","['O', 'O', 'O', 'B-class', 'I-class', 'I-class', 'O', 'O']"
"['o', 'suitable']","['O', 'O']"
"['shall', 'be', 'possible', 'to', 'use', 'cab', '.', 'Information']","['O', 'O', 'O', 'O', 'O', 'O', 'O', 'B-attr']"
"['the', '800', 'at', 'intend', 'audience', 'be', 'the', 'analyst', ',', 'programmer', 'and', 'tester', 'of', 'Qheadache', '.', 'the']","['O', 'O', 'O', 'O', 'O', 'O', 'O', 'O', 'O', 'O', 'O', 'O', 'O', 'O', 'O', 'O']"
"['.', 'each']","['O', 'O']"
"['search', 'a', 'particular', 'person', ',', 'type', 'of', 'crime', 'for', '.', 'case', 'on', 'Search', 'module', 'of', 'the', 'cctns', 'give', 'police', 'personnel', 'the', 'ability', 'to', 'execute', 'a', 'basic', 'or', 'advanced', 'search', ',', 'the']","['O', 'O', 'O', 'B-attr', 'O', 'B-attr', 'I-attr', 'I-attr', 'O', 'O', 'B-class', 'O', 'O', 'O', 'O', 'O', 'O', 'O', 'O', 'O', 'O', 'O', 'O', 'O', 'O', 'O', 'O', 'O', 'O', 'O', 'O']"
"['tolerance', 'physical', 'and', 'environmental', 'the']","['O', 'O', 'O', 'O', 'O']"
"['follow', 'miss', 'in', 'the', 'claim', 'or', 'not', '.', 'if']","['O', 'O', 'O', 'O', 'B-class', 'O', 'O', 'O', 'O']"
"['system', 'shall', 'of', 'design', 'to', 'the', 'themas', 'system', '.', 'the']","['O', 'O', 'O', 'O', 'O', 'O', 'O', 'O', 'O', 'O']"
"['follow', 'requirement', 'datum']","['O', 'O', 'O']"
"['button', 'initiate', 'to', 'link', 'or', 'button', 'the', 'click', 'click', 'administrator', 'Properties', 'User', 'change', '""', 'to', 'link', 'or', '""', 'the', 'of', 'privilege', 'display', 'system', ';', 'user', 'select', 'of', 'deletion', 'account', 'confirm', ';', 'information', 'user', 'display', 'system', ';', 'user', 'system', 'home', 'page', 'to', 'and', 'password', 'as', 'such', 'property', 'Alter']","['O', 'O', 'O', 'O', 'O', 'O', 'O', 'O', 'O', 'B-class', 'I-attr', 'B-attr', 'O', 'O', 'O', 'O', 'O', 'O', 'O', 'O', 'B-attr', 'O', 'O', 'O', 'B-class', 'O', 'O', 'O', 'O', 'O', 'O', 'I-attr', 'B-attr', 'O', 'O', 'O', 'B-class', 'O', 'O', 'O', 'O', 'O', 'B-attr', 'O', 'O', 'O', 'O']"
"['themas', 'system', 'be', 'divide', 'Reports', 'into', 'major', 'section', ':', 'Monitor']","['B-class', 'I-class', 'O', 'O', 'I-class', 'O', 'O', 'O', 'O', 'B-class']"
"['system', 'shall', 'user', 'the', 'in', 'column', 'shall', 'perform', 'a', 'search', 'on', 'the', '[', 'manually', 'system', ']', 'user', 'display', 'name', 'and', 'user', 'name', 'name', 'role', 'additional', 'add', 'xxx', 'tab', 'as', 'the', 'default', 'tab', '.', 'the']","['O', 'O', 'B-class', 'O', 'O', 'O', 'O', 'O', 'O', 'O', 'O', 'O', 'O', 'O', 'O', 'O', 'B-attr', 'I-attr', 'I-attr', 'O', 'B-attr', 'I-attr', 'O', 'B-class', 'O', 'O', 'O', 'O', 'O', 'O', 'B-attr', 'B-class', 'O', 'O']"
"['.', 'interoperablity', 'for', 'solution', 'the', 'of', 'as', '.', 'section']","['O', 'O', 'O', 'O', 'O', 'O', 'O', 'O', 'O']"
"['VSP', 'master', 'will', 'have', 'the', 'follow', 'information', ':', 'VSP', 'Code', ';', 'Providers', 'Name', ';', 'Physical', 'Address', '(', 'Street', '/', 'Sub', 'office', '-', ',', 'Mail', 'I', 'd', ';', 'Status', '(', 'active', '/', 'in', '-', 'active', ')', '.', '-', 'other']","['O', 'O', 'O', 'O', 'O', 'O', 'O', 'O', 'B-attr', 'I-attr', 'O', 'B-attr', 'I-attr', 'O', 'B-attr', 'I-attr', 'O', 'B-attr', 'O', 'B-attr', 'I-class', 'I-attr', 'O', 'I-attr', 'I-attr', 'I-attr', 'O', 'B-attr', 'O', 'O', 'O', 'O', 'O', 'O', 'O', 'O', 'I-attr', 'O']"
"['request', 'of', 'the', 'RBC', 'not', 'available', 'datum', 'speed', 'into', 'account', 'the', 'target', 'information', 'but', 'take', 'not', 'location', 'of', 'vehicle', 'occupy', 'the', 'track', 'the', 'calculate', 'be', 'shall', 'when', 'a', 'time', 'out', 'expire', '.', 'use']","['O', 'O', 'O', 'B-class', 'O', 'O', 'I-attr', 'I-attr', 'O', 'O', 'O', 'B-attr', 'I-attr', 'O', 'O', 'O', 'B-attr', 'O', 'B-class', 'O', 'O', 'B-class', 'O', 'O', 'O', 'O', 'O', 'O', 'B-attr', 'I-attr', 'O', 'O', 'O']"
"['system', 'will', 'off', 'instrument', 'and', 'acquisition', 'principle', 'additional', 'node', 'might', 'be', 'work', 'at', 'the', 'same', 'time', '.', 'the']","['B-class', 'O', 'O', 'B-class', 'O', 'O', 'O', 'O', 'B-class', 'O', 'O', 'O', 'O', 'O', 'O', 'O', 'O', 'O']"
"['.', 'include', 'credit', 'card', 'information', '-', 'multi', 'into', 'product', 'of', 'placement', 'the', 'for', 'allow', 'will', 'management', 'inventory']","['O', 'O', 'B-attr', 'I-attr', 'I-attr', 'I-class', 'B-class', 'O', 'B-class', 'O', 'O', 'O', 'O', 'O', 'O', 'O', 'O']"
"['.', 'failure', 'other', 'or', 'sabotage', 'from', 'OM', 'support', 'system', 'actual', 'the', 'of', 'activity', 'use', 'when', 'support', 'and', 'fraudulent', 'from', 'protect', 'be', 'must', 'personnel', 'and', ',', 'organization', ',', 'patient', ':', 'privacy', '2.9', ';', 'unavailable', 'be', 'OM', 'system', 'data', 'entry', 'for', 'the', 'provide', 'should', 'OM', 'support', 'system']","['O', 'O', 'O', 'O', 'O', 'O', 'O', 'O', 'B-class', 'O', 'O', 'O', 'B-class', 'O', 'O', 'O', 'O', 'O', 'O', 'O', 'O', 'O', 'B-class', 'O', 'O', 'B-class', 'O', 'B-class', 'O', 'O', 'O', 'O', 'O', 'O', 'O', 'B-class', 'O', 'O', 'O', 'O', 'O', 'O', 'O', 'O', 'B-class']"
"['such', '.', 'an', '(', 'clinical', 'of', 'collection', 'the', 'support', 'datum', 'response', 'laboratory', 'and', 'collection', 'sample', '/', 'Specimen']","['O', 'O', 'O', 'O', 'B-class', 'O', 'O', 'O', 'O', 'I-attr', 'I-attr', 'B-attr', 'O', 'I-class', 'I-class', 'I-class', 'B-class']"
"['when', 'the', 'to', 'fire', 'be', 'query', 'a', 'should', 'detail', 'further', 'its', 'view', 'to', 'record', 'particular', 'a', 'on', 'click', 'user', 'the', 'AJAX', 'of', 'Use', 'datum', 'of', 'transmission', 'secure', 'ensure', 'should', 'system', 'over', 'the']","['O', 'O', 'O', 'O', 'O', 'O', 'O', 'O', 'B-attr', 'O', 'O', 'O', 'O', 'B-class', 'O', 'O', 'O', 'O', 'B-class', 'O', 'O', 'O', 'O', 'O', 'O', 'O', 'O', 'O', 'O', 'O', 'O', 'O']"
"['send', 'datum', 'to', 'the', 'trackside', 'after', 'confirmation', 'train', '.', 'stationary', 'be', 'confirm', 'the', 'train', 'integrity', 'to', 'the', 'RBC', 'manually', '.', 'the']","['O', 'I-attr', 'O', 'O', 'B-class', 'O', 'O', 'B-attr', 'O', 'B-attr', 'O', 'O', 'O', 'B-attr', 'I-attr', 'O', 'O', 'O', 'O', 'O', 'O']"
"['logic', 'access', '-', 'data', 'the', 'from', 'separate', 'again', 'be', 'the']","['O', 'O', 'O', 'O', 'O', 'O', 'O', 'O', 'O', 'O']"
"['/', 'Preparation', ';', 'marketing', '/', 'Sales', ';', 'claim', 'Entry', '/', 'Processing', ';', 'Voucher', 'Creation', 'to', 'module', 'follow', 'in', 'time', 'without', 'delay', '.', 'the']","['I-class', 'I-class', 'O', 'B-class', 'I-class', 'I-class', 'O', 'B-class', 'I-class', 'I-class', 'I-class', 'O', 'B-class', 'I-class', 'O', 'O', 'O', 'O', 'O', 'O', 'O', 'O', 'O']"
['SQL'],['O']
"['.', 'soil', 'or', ',', 'Specimen', 'food', 'ID', 'that', 'be', 'must', 'testing', 'laboratory', 'for', 'collect', 'sample', '/', 'speciman', 'a', 'of', 'subject', 'the']","['O', 'O', 'O', 'O', 'O', 'O', 'O', 'O', 'O', 'O', 'O', 'O', 'O', 'O', 'B-class', 'O', 'B-class', 'O', 'O', 'B-class', 'O']"
"['scrolling', 'should', 'be', 'and', 'usability', 'both', 'on', 'relevant', 'information', '.', 'they']","['O', 'O', 'O', 'O', 'O', 'O', 'O', 'O', 'O', 'O', 'O']"
"['.', 'interface', 'system', 'external', 'AM', 'create', ',', 'edit', 'the', 'of', 'out', '/', 'login', 'to', 'user', 'the', 'allow', 'also', 'it']","['O', 'O', 'O', 'O', 'O', 'O', 'O', 'O', 'O', 'O', 'O', 'O', 'O', 'O', 'B-class', 'O', 'O', 'O', 'O']"
"['APS', 'be', 'a', 'facility', 'to', 'produce', 'March', 'system', '1994', 'there', 'own', 'funding', 'for', 'design', '/', 'building', '/', 'operate', 'its', 'the', 'beamline', ',', 'instrumentation', ',', 'control', ',', 'and', 'data', 'physical', 'have', 'CAT', 'each']","['O', 'O', 'O', 'O', 'O', 'O', 'O', 'O', 'O', 'O', 'O', 'B-attr', 'O', 'O', 'O', 'O', 'O', 'O', 'O', 'O', 'O', 'O', 'O', 'O', 'O', 'O', 'O', 'O', 'O', 'O', 'B-class', 'O']"
"['.', 'interface', 'determine', ')', 'nationally', 'of', 'mean', 'by', 'directly', 'connect', 'be', 'may', 'a', 'point', '-', 'to', 'of', 'capable', 'be', 'shall', 'radio', 'Cab', 'the', ')', 'i', '(']","['O', 'O', 'O', 'O', 'O', 'O', 'O', 'O', 'O', 'O', 'O', 'O', 'O', 'I-class', 'I-class', 'I-class', 'O', 'O', 'O', 'O', 'I-class', 'B-class', 'O', 'O', 'O', 'O']"
"['.', 'System', 'Weborder', ';', 'Customer']","['O', 'O', 'O', 'O', 'B-class']"
"['.', 'home', 'the', 'within', 'distribution', 'video', 'author', 'on', 'http://www.surfthechannel.com', 'http://www.bbc.co.uk/iplayer/', 'series', 'a', 'in', 'identify', 'be', 'product', 'a', 'such', 'for', 'demand', 'the', 'to', 'due', 'about', ';', 'come', 'it']","['O', 'O', 'O', 'O', 'O', 'O', 'B-class', 'O', 'O', 'O', 'O', 'O', 'O', 'O', 'O', 'B-class', 'O', 'O', 'O', 'O', 'O', 'O', 'O', 'O', 'O', 'O', 'O']"
"['.', 'action', 'MMI', 'simple', 'use', 'the', 'MMI', 'shall', 'display', '(', 'Indicator', 'Service', 'GSM', 'the', 'if', ',', 'function', 'mode', 'in', ')', 'M', '(']","['O', 'O', 'O', 'O', 'O', 'O', 'B-class', 'O', 'O', 'O', 'I-class', 'I-class', 'B-class', 'O', 'O', 'O', 'O', 'I-attr', 'O', 'O', 'O', 'O']"
"['operator', ';', 'facility', 'control', 'Telescopes', 'm', '8', 'Gemini', 'the', 'at', 'operator', 'via', 'system', 'the', 'with', 'interact', 'normally', 'shall', 'user', 'the', 'at', 'provide', 'implement', 'previous', 'with', 'experience']","['B-class', 'O', 'O', 'O', 'O', 'O', 'O', 'O', 'O', 'O', 'B-class', 'O', 'B-class', 'O', 'O', 'O', 'O', 'O', 'O', 'O', 'O', 'O', 'O', 'O', 'O', 'O']"
"['.', 'A2', ';', 'cookie', ""'s"", 'Customer', 'the', 'recognize', 'B5', 'button', '.', 'to', 'the', 'initiate', 'to', 'link', 'or', 'button', 'the', 'process', 'click', '""', 'Account', 'Edit', '""', 'to', 'link', 'or', 'customer', 'button', 'to', 'the', 'click', 'Customer', ';', 'Customer', 'the', 'to', 'page', 'edit', 'home', 'the', 'display', 'system']","['O', 'O', 'O', 'O', 'O', 'B-class', 'O', 'O', 'O', 'O', 'O', 'O', 'O', 'O', 'O', 'O', 'O', 'O', 'O', 'O', 'O', 'O', 'O', 'O', 'O', 'O', 'O', 'O', 'B-class', 'O', 'O', 'O', 'O', 'B-class', 'O', 'B-class', 'O', 'O', 'O', 'O', 'O', 'O', 'O', 'O']"
"['en', '301', 'or', 'call', 'group', 'voice', '.', 'note']","['O', 'O', 'O', 'O', 'O', 'O', 'O', 'O']"
"['.', 'account', 'account', 'the', 'on', 'click', 'Edit']","['O', 'O', 'O', 'O', 'O', 'O', 'O']"
"['choice', 'for', 'a', 'development', 'environment', 'be', 'base', '.', 'on', 'following', 'criterion', ':', ';', 'Productivity', 'and', 'development', 'tool', 'the', 'software', 'system', 'development']","['O', 'O', 'O', 'O', 'O', 'O', 'O', 'O', 'O', 'O', 'O', 'O', 'O', 'O', 'O', 'O', 'O', 'O', 'O', 'O', 'O']"
"['consult', 'the', 'Registry', 'for', 'the', 'most', 'authoritative', 'list', 'of', 'information', 'resource', 'type', ')', '.', 'representation', 'of', 'Contact', '(', 'POC', ')', 'for', 'a', 'coi', 'to', 'manage', 'the', 'tag', 'within', 'that', 'coi', '.', 'the']","['O', 'O', 'O', 'O', 'O', 'O', 'O', 'O', 'O', 'O', 'O', 'O', 'O', 'O', 'O', 'O', 'O', 'O', 'O', 'O', 'O', 'O', 'O', 'O', 'O', 'O', 'B-class', 'O', 'O', 'O', 'O', 'O']"
"['.', 'case', 'the', 'to', 'link', 'and', 'epidemiological', 'record', 'must', 'case', 'a', 'to', 'expose', 'entity', 'all', ',', 'case', 'be', 'as', 'such', 'information', 'be', 'may', 'it']","['O', 'B-class', 'O', 'O', 'O', 'O', 'B-attr', 'O', 'O', 'B-class', 'O', 'O', 'O', 'B-class', 'O', 'O', 'B-class', 'O', 'O', 'O', 'O', 'O', 'O', 'O']"
"['document', 'be', 'purely', '2005', 'during', 'code', 'Graphical', 'to', 'design', 'the', 'system', 'that', 'will', 'meet', 'every', 'requirement', 'of', 'and', 'the', 'program', '.', 'this']","['O', 'O', 'O', 'O', 'O', 'O', 'O', 'O', 'O', 'O', 'O', 'O', 'O', 'O', 'O', 'O', 'O', 'O', 'O', 'O', 'O', 'O']"
"['+', 'TD', 'Condition', '1', ':', 'LT']","['O', 'O', 'O', 'O', 'O', 'O']"
"['is', 'line', 'on', 'the', 'for', 'the', 'target', 'microprocessor', ';', 'to', 'allow', 'for', 'expansion', 'and', 'maintenance', ',', 'Gemini', '8', 'm', 'Telescopes', 'standard', 'must', 'be', 'deﬁne', ',', 'of', 'the', 'control', 'shall', 'check', 'the', 'consistency', 'of', 'version', 'of', 'all', 'software', 'the', 'software', 'component', ';', '.table', '-', 'drive', 'software', 'should', 'various', 'Telescopes', 'm', '8', 'system', 'must', 'be', 'available', 'to', 'recover', '/', 'restore', 'version', 'at', 'all', 'time', ';', '.at', 'boot', 'time', ',', 'the', 'Gemini', 'version', 'be', 'choice', 'a', ';', 'commercial', 'and', 'public', 'domain', 'package', 'should', 'be', 'modularity', 'use', 'possible', ';', 'exist', 'software', 'package', 'should', 'be', 'reuse', 'whenever', 'of', 'degree', 'right', 'software', 'must', 'be', 'keep', 'to', 'a', 'minimum', 'to', 'facilitate', 'maintenance', ',', 'but', 'compatibly', 'with', 'the', 'need', 'to', 'have', 'the', 'wherever', 'later', 'possible', 'exist', ',', 'portable', 'code', '.', 'even']","['O', 'O', 'O', 'O', 'O', 'O', 'O', 'O', 'O', 'O', 'O', 'O', 'O', 'O', 'O', 'O', 'O', 'O', 'O', 'O', 'O', 'O', 'O', 'O', 'O', 'O', 'O', 'O', 'O', 'O', 'O', 'O', 'O', 'O', 'O', 'O', 'O', 'O', 'O', 'O', 'O', 'O', 'O', 'O', 'O', 'O', 'O', 'O', 'O', 'O', 'O', 'O', 'O', 'O', 'O', 'O', 'O', 'O', 'O', 'O', 'O', 'O', 'O', 'O', 'O', 'O', 'O', 'O', 'O', 'O', 'O', 'O', 'O', 'O', 'O', 'O', 'O', 'O', 'O', 'O', 'O', 'O', 'O', 'O', 'O', 'O', 'O', 'O', 'O', 'O', 'O', 'O', 'O', 'O', 'O', 'B-class', 'O', 'O', 'O', 'O', 'O', 'O', 'O', 'O', 'O', 'O', 'O', 'O', 'O', 'O', 'O', 'O', 'O', 'O', 'O', 'O', 'O', 'O', 'O', 'O', 'O', 'O', 'O']"
"['the', 'subsystem(s', 'status', 'shutdown', 'disable', 'a', 'subsystem', '.', 'not']","['O', 'B-class', 'B-attr', 'O', 'O', 'O', 'B-class', 'O', 'O']"
"['software', 'be', 'result', 'the', 'the', 'affect', 'might', 'that', 'factor', 'external', 'and', 'constraint', 'any', 'and', 'do', 'will', 'system', 'the', 'to', 'what', 'specific', 'include', 'and', 'software', 'the', 'of', 'feature', 'the', 'cover', 'will', 'document', 'this']","['B-class', 'O', 'B-class', 'O', 'O', 'O', 'O', 'O', 'O', 'O', 'O', 'O', 'O', 'O', 'O', 'O', 'B-class', 'O', 'O', 'O', 'O', 'O', 'O', 'B-class', 'O', 'O', 'O', 'O', 'O', 'O', 'O', 'O']"
"['two', 'parity', 'disk', 'in', 'the', 'datum', 'be', 'store', 'as', 'be', 'check', 'sum', 'and', 'other', 'information', 'about', 'the', 'content', 'of', 'each', 'disk', ',', 'parity', 'implementation', 'raid', 'addition', 'to', 'data', 'disk', 'be', 'use', 'in', 'an', 'attempt', 'to', 'far', 'improve', 'performance', ')', '.', 'in']","['O', 'O', 'O', 'O', 'O', 'O', 'O', 'O', 'O', 'O', 'O', 'O', 'O', 'O', 'O', 'O', 'O', 'O', 'O', 'O', 'B-class', 'O', 'O', 'O', 'O', 'O', 'O', 'O', 'O', 'O', 'O', 'O', 'O', 'O', 'O', 'O', 'O', 'O', 'O', 'O', 'O']"
"['.', 'event', 'health', 'and', 'of', 'different', 'type', 'a', 'of', 'functionality', 'the', 'to', 'central']","['O', 'O', 'O', 'O', 'O', 'O', 'O', 'O', 'O', 'O', 'O', 'O', 'O']"
"['of', 'that', 'particular', 'VSP', 'be', 'again', 'purely', 'base', 'as', 'on', 'Management', 'decision', '.', 'the']","['O', 'O', 'O', 'B-class', 'O', 'O', 'O', 'O', 'O', 'O', 'O', 'O', 'O', 'O']"
"['.', 'measure', 'other', ';', 'Qty', '-', 'day', 'of', 'no', '–', 'frequency', '–', 'Name', 'Drugs', ';', ';', 'the', 'Drugs', '–', ',', 'Test', 'Lab', ',', 'diagnosis', ',', 'Examinations', 'Clinical', ',', 'Syndrome', 'of', 'number', 'any', 'enter', 'to', 'provision', 'the', 'have', 'will', 'system', 'the']","['O', 'I-attr', 'B-attr', 'O', 'B-attr', 'O', 'I-attr', 'I-attr', 'B-attr', 'O', 'B-attr', 'O', 'I-attr', 'B-attr', 'O', 'O', 'O', 'B-attr', 'O', 'O', 'I-attr', 'B-attr', 'O', 'B-attr', 'O', 'I-attr', 'B-attr', 'O', 'B-attr', 'O', 'O', 'O', 'O', 'O', 'O', 'O', 'O', 'O', 'B-class', 'O']"
"['Name', ';', 'and', 'Group', 'Information', 'follow', 'on', 'User', 'Group', '.', 'the']","['I-attr', 'O', 'O', 'B-attr', 'O', 'O', 'O', 'B-class', 'I-class', 'O', 'O']"
"['571', 'part', '1', ',', 'take', 'be', 'may', 'procedure', 'testing', 'on', 'guideline', '.', 'additional', 'M', '(']","['O', 'O', 'O', 'O', 'O', 'O', 'O', 'O', 'O', 'O', 'O', 'O', 'O', 'O', 'O']"
"['click', ';', 'process', 'logout', 'initiate', 'to', 'link', 'or', 'button', 'click', 'administrator', '""', 'Logout', '""', 'to', 'link', 'or', 'button', 'account', 'a', 'list', 'of', 'a']","['O', 'O', 'O', 'O', 'O', 'O', 'O', 'O', 'O', 'O', 'B-class', 'O', 'O', 'O', 'O', 'O', 'O', 'O', 'I-class', 'O', 'O', 'O', 'O']"
"['be', 'a', 'be', 'clearly', 'distinguishable', 'from', 'control', 'activate', 'some', 'action', 'should', '.', 'action', 'type', 'in', 'user', 'interface', 'include', 'manipulate', 'application', 'typical']","['O', 'O', 'O', 'O', 'O', 'O', 'O', 'O', 'O', 'B-class', 'O', 'O', 'B-attr', 'I-attr', 'O', 'O', 'O', 'O', 'O', 'O', 'O']"
"['.', 'the', 'record', 'name', ',', 'which', 'must', 'be', 'unique', 'across', 'all', 'ioc', 'attach', 'to', 'the', 'same', 'TCP', '/', 'IP', 'subnet', 'record', 'type', 'record', 'each']","['O', 'O', 'B-attr', 'I-attr', 'O', 'O', 'O', 'O', 'O', 'O', 'O', 'O', 'O', 'O', 'O', 'O', 'O', 'O', 'O', 'O', 'O', 'I-class', 'B-class', 'O']"
"['could', 'be', 'card', ';', ')', 'system', 'do', 'in', 'situ', 'during', 'an', 'observe', 'session', '.', 'repair']","['O', 'O', 'O', 'O', 'O', 'O', 'O', 'O', 'O', 'O', 'O', 'O', 'O', 'O', 'O']"
"['Data', '.', 'each', 'of', 'each', 'floor', 'shall', 'have', 'a', 'thermostat', 'which', 'be', 'to', 'be', 'use', 'to', 'quadrant', 'provide', 'system', 'the', 'four', 'quadrant', 'on', 'each', 'of', 'three', 'floor', 'of', 'the', 'office', 'building', '.', 'Operational']","['O', 'O', 'O', 'O', 'O', 'B-class', 'O', 'O', 'O', 'B-class', 'O', 'O', 'O', 'O', 'O', 'O', 'B-class', 'O', 'B-class', 'O', 'O', 'B-class', 'O', 'O', 'O', 'O', 'B-class', 'O', 'O', 'B-class', 'I-class', 'O', 'O']"
"['may', 'also', 'prove', 'useful', 'to', 'have', 'multiple', 'level', 'of', 'fault', 'notiﬁcation', 'such', 'as', 'detailed', ',', 'verbose', ',', 'electronically', 'BIT', 'operational', 'a', 'shall', 'have', 'correspond', 'test', 'speciﬁcation', 'to', 'check', 'normal', 'module', 'operation', 'release', ',', 'to', 'be', 'use', 'both', 'for', 'acceptance', 'of', 'software', 'Telescopes', 'm', 'facility', 'to', 'verify', 'Gemini', '8', 'm', 'Telescopes', 'system', 'and', 'Gemini', '8', 'm', 'Telescopes', 'software', 'performance', '.', 'every']","['O', 'O', 'O', 'O', 'O', 'O', 'O', 'O', 'O', 'O', 'O', 'O', 'O', 'O', 'O', 'O', 'O', 'O', 'O', 'B-attr', 'O', 'O', 'O', 'O', 'O', 'O', 'O', 'O', 'O', 'O', 'O', 'O', 'O', 'O', 'O', 'O', 'O', 'O', 'O', 'O', 'O', 'O', 'O', 'O', 'O', 'O', 'O', 'O', 'O', 'O', 'O', 'O', 'O', 'O', 'O', 'O', 'O', 'O', 'O', 'O']"
"['assumption', 'or', 'dependency', 'about', 'the', 'hardware', 'be', 'software', 'that', 'of', 'compose', 'independent', 'of', 'any', 'other', 'system', ',', 'or', 'any', 'component', 'of', 'the', 'heating', 'and', 'mainly', 'cool', 'to', 'which', 'it', 'be', 'attach', '.', 'the']","['O', 'O', 'O', 'O', 'O', 'O', 'O', 'O', 'O', 'O', 'O', 'O', 'O', 'O', 'O', 'O', 'O', 'O', 'O', 'O', 'O', 'O', 'O', 'O', 'O', 'O', 'O', 'O', 'O', 'O', 'O', 'O', 'O']"
"['.', 'documentation', 'user', 'with', 'assist', 'to', 'manage', 'reference', 'an', 'store', '""', 'in', '-', 'Plug', '""', 'via', 'enhancement', ';', 'software', 'for', 'interface', 'feature', ';', 'backup', 'and', 'reliability', 'future', 'for', 'the', 'inventory', 'expand', 'to', 'purchase', 'can', 'owner', 'the', ',', 'initial', 'code', 'with', 'expandable']","['O', 'O', 'O', 'O', 'O', 'O', 'O', 'O', 'O', 'O', 'O', 'O', 'O', 'O', 'O', 'O', 'O', 'O', 'O', 'O', 'O', 'O', 'O', 'O', 'O', 'O', 'O', 'O', 'O', 'B-class', 'O', 'O', 'O', 'O', 'B-class', 'O', 'O', 'O', 'B-attr', 'O', 'O']"
"['this', 'module', ',', 'sale', 'date', 'future', 'Date', '.', 'the']","['O', 'B-class', 'O', 'O', 'O', 'O', 'I-attr', 'O', 'O']"
"['system', 'admin', 'only', 'can', 'able', 'a', '–', 'Print', ';', 'not', 'allow', ';', 'Edit', '–', 'allow', '/', 'not', 'allow', ';', 'Delete', '–', 'allow', '/', 'not', 'allow', ';', 'view', '–', 'allow', '/', 'not', 'allow', 'to', ';', 'create', 'Groups', ';', 'Group', 'Name', '(', 'select', 'from', 'User', 'Group', ')', ';', 'information', 'User', ';', 'Password', ';', 'Verify', 'Password', '.', 'all']","['B-class', 'I-class', 'O', 'O', 'O', 'O', 'O', 'O', 'O', 'O', 'O', 'O', 'O', 'O', 'O', 'O', 'O', 'O', 'O', 'O', 'O', 'O', 'O', 'O', 'O', 'O', 'O', 'O', 'O', 'O', 'O', 'O', 'O', 'O', 'O', 'I-class', 'O', 'B-attr', 'I-attr', 'O', 'O', 'O', 'O', 'O', 'O', 'O', 'O', 'B-attr', 'O', 'B-class', 'O', 'B-attr', 'I-attr', 'O', 'O']"
"['group', 'of', 'predominately', 'Applications', 'developer', 'that', 'be', 'start', 'large', 'Applications', 'of', 'amount', 'in', 'the', 'ﬁeld', 'of', 'non', '-', 'ioc', 'core', 'software', ',', 'this', 'be', 'an', 'order', 'of', 'magnitude', 'less', 'than', 'the', 'software', 'O', 'UNIX', 'a', 'standard', 'development', 'and', 'CA', 'client', 'tool', 'set', '.', 'the', 'Speciﬁcally']","['O', 'O', 'O', 'O', 'O', 'O', 'O', 'O', 'O', 'O', 'O', 'O', 'O', 'O', 'O', 'O', 'O', 'O', 'O', 'O', 'O', 'O', 'O', 'O', 'O', 'O', 'O', 'O', 'O', 'O', 'O', 'O', 'O', 'O', 'O', 'O', 'O', 'O', 'O', 'O', 'O', 'O', 'O', 'O', 'O']"
"['GSM', 'service', 'specification', 'to', 'be', 'implement', 'in', 'order', 'to', 'achieve', 'be', ',', 'requirement', 'different', 'communication', ')', '.', '(']","['O', 'O', 'O', 'O', 'O', 'O', 'O', 'O', 'O', 'O', 'O', 'O', 'O', 'O', 'O', 'O', 'O', 'O']"
"['support', 'diagnostic', 'for', 'access', 'remote', 'also', 'but', 'observe', '.', 'observe', '.', 'despite']","['O', 'O', 'O', 'O', 'O', 'O', 'O', 'O', 'O', 'O', 'O', 'O']"
"['via', 'a', 'route', 'be', 'typically', 'asynchronous', ',', 'with', 'command', 'available', 'to', 'establish', 'synchronization', 'as', 'need', '.', 'to', 'reset', 'permit', 'IOC', 'route', 'be', 'to', 'be', 'reinitialize', '.', 'module']","['O', 'O', 'O', 'O', 'O', 'O', 'O', 'O', 'O', 'O', 'O', 'O', 'O', 'O', 'O', 'O', 'O', 'O', 'O', 'O', 'B-class', 'O', 'O', 'O', 'O', 'O', 'B-class']"
"['supervisor', 'will', 'monitor', 'the', 'or', 'system', 'and', 'other', 'user', 'might', 'need', 'to', 'monitor', 'the', ',', 'Support', 'Site', 'Telescopes', 'off', '-', 'site', 'datum', 'acquisition', 'and', 'instrument', 'control', 'node', '-', 'to', 'be', 'locate', 'at', 'either', 'the', 'Gemini', '8', 'm', 'a', 'so', ',', 'moment', 'will', 'have', 'the', 'capability', 'to', 'run', 'at', 'all', 'node', 'operation', '.', 'when']","['B-class', 'O', 'O', 'O', 'O', 'B-class', 'O', 'O', 'B-class', 'O', 'O', 'O', 'O', 'O', 'O', 'O', 'O', 'O', 'O', 'O', 'O', 'O', 'O', 'O', 'O', 'O', 'O', 'O', 'O', 'O', 'O', 'O', 'O', 'O', 'O', 'O', 'O', 'O', 'O', 'O', 'O', 'O', 'O', 'O', 'O', 'O', 'O', 'O', 'O', 'B-class', 'B-attr', 'O', 'O']"
"['occurrence', 'shall', 'equipment', ',', 'possible', 'normally', 'not', 'describe', '.', 'please']","['O', 'O', 'I-class', 'O', 'O', 'O', 'O', 'O', 'O', 'O']"
['a'],['O']
"['.', 'capability', 'COE', 'DII', 'the', 'for', 'database', ')', 'remote', 'and', 'local', '(', 'distribute', 'to', 'access', 'for', 'function', 'management', 'datum', 'provide', 'also', 'service', 'these']","['O', 'O', 'O', 'O', 'O', 'O', 'O', 'O', 'O', 'O', 'O', 'O', 'O', 'O', 'O', 'O', 'O', 'O', 'O', 'O', 'O', 'O', 'O']"
"['be', 'two', 'type', 'of', 'alarm', 'condition', '.', 'the']","['O', 'O', 'O', 'O', 'O', 'O', 'O', 'O']"
"['decide', 'by', 'a', 'national', 'value', '.', ',', 'driver', 'may', 'release', 'the', 'ETCS', 'emergency', 'the', 'stationary', 'when', 'application', 'to', 'release', 'the', 'brake', 'the']","['O', 'O', 'O', 'B-attr', 'I-attr', 'O', 'O', 'B-class', 'O', 'O', 'O', 'B-class', 'I-class', 'O', 'O', 'O', 'I-class', 'O', 'O', 'O', 'B-class', 'O']"
"[',', 'a', 'or', 'process', ',', ',', 'message', '-', 'base', ';', 'subject', ':', 'an', 'active', 'entity', ',', 'generally', 'in', 'the', 'form', 'of', 'a', 'person', 'process', 'Submittal', '/', 'pair', 'log', 'file', 'or', 'a', 'circular', 'file', '.', 'the']","['O', 'O', 'O', 'O', 'O', 'O', 'B-class', 'I-class', 'I-class', 'O', 'O', 'O', 'O', 'O', 'B-class', 'O', 'O', 'O', 'O', 'O', 'O', 'O', 'O', 'O', 'O', 'O', 'O', 'I-class', 'I-class', 'O', 'O', 'B-class', 'I-class', 'O', 'O']"
"['for', 'requirement', 'a', 'be', 'WAN', 'be', 'deﬁne', 'in', 'the', 'Electronic', 'Design', 'Speciﬁcation', 'and', 'show', 'in', 'Figure', '4', '-', '1', ',', 'above', '.', 'there']","['O', 'O', 'O', 'O', 'O', 'O', 'O', 'O', 'O', 'O', 'O', 'O', 'O', 'O', 'O', 'O', 'O', 'O', 'O', 'O', 'O', 'O', 'O']"
"['.', 'Administrator', ""'s"", 'Basic', 'Scenario', ')', 'login', 'resend', 'to', 'administrator', 'prompt', 'system']","['O', 'O', 'O', 'O', 'O', 'O', 'O', 'O', 'O', 'B-class', 'O', 'O']"
"['software', 'associate', 'with', 'visitor', 'instrumentation', ';', 'embed', 'software', ';', 'dedicate', 'hardware', 'control', ',', 'but', 'not', 'communicate', 'on', '-', 'to', ')', 'catalogue', 'star', 'e.g.', 'DBMS', ')', ';', 'preexist', 'software', 'use', 'in', 'the', 'Gemini', '8', 'm', 'Telescopes', '(', 'e.g.', 'image', 'processing', 'system', ',', 'line', 'with', 'the', 'other', 'to', 'the', 'external', 'software', 'and', 'clearly', 'the', 'interface', 'be', 'fully', 'part', 'of', 'the', 'Gemini', '8', 'm', 'Telescopes', 'software', '.', 'interface', 'of', 'must', 'Telescopes', 'Gemini', '8', 'm', 'Telescopes', 'software', '(', 'in', 'general', 'this', 'would', 'be', 'microprocessor', 'code', ')', '.', 'the']","['O', 'O', 'O', 'B-class', 'I-class', 'O', 'O', 'O', 'O', 'O', 'O', 'O', 'O', 'O', 'O', 'O', 'O', 'O', 'O', 'O', 'I-class', 'B-class', 'O', 'O', 'O', 'O', 'O', 'O', 'O', 'O', 'O', 'O', 'O', 'O', 'O', 'O', 'O', 'B-class', 'I-class', 'I-class', 'O', 'O', 'O', 'O', 'O', 'O', 'O', 'O', 'O', 'O', 'O', 'O', 'O', 'O', 'O', 'O', 'O', 'O', 'O', 'O', 'O', 'O', 'O', 'O', 'O', 'O', 'O', 'O', 'O', 'O', 'O', 'O', 'O', 'O', 'O', 'O', 'O', 'O', 'O', 'O', 'O', 'O', 'O', 'O']"
"['Pohaku', 'Hale', 'to', 'restrict', 'be', 'might', 'control', 'telescope', '.', 'of', 'the', 'operation', 'with', 'speciﬁe', 'be', 'have', 'operation', 'remote', 'in', 'involve', 'hardware', 'the', 'that', 'assume', 'be', 'it', ';', 'dynamic', 'and', ',', 'themselves', 'remote', ',', 'site', 'Kea', 'site', 'different', 'at', 'observer', 'multiple', 'with', ',', 'observe', 'team', ';', 'remotely', 'operation', 'full', 'do', 'to', 'possible', 'be', 'should', 'it']","['O', 'O', 'O', 'O', 'O', 'O', 'O', 'O', 'O', 'O', 'O', 'O', 'O', 'O', 'O', 'O', 'O', 'O', 'O', 'O', 'O', 'O', 'O', 'O', 'O', 'O', 'O', 'O', 'O', 'O', 'O', 'O', 'O', 'O', 'O', 'O', 'O', 'O', 'O', 'O', 'O', 'O', 'O', 'O', 'O', 'O', 'O', 'O', 'O', 'O', 'O', 'O', 'O', 'O']"
"['i', ')', 'achievement', 'of', 'fast', 'call', '.', 'en', 'as', 'originator', 'combination', 'of', 'sub', '-', 'band', ',', 'of', 'the', 'R', '-', 'GSM', 'band', 'as', 'define', 'in', 'or', ',', 'band', '-', '-', 'to', '-', 'dispatch', 'information', '.', '(']","['O', 'O', 'O', 'O', 'O', 'B-attr', 'O', 'O', 'O', 'I-class', 'O', 'O', 'O', 'O', 'O', 'O', 'O', 'O', 'O', 'O', 'O', 'O', 'O', 'O', 'O', 'O', 'O', 'O', 'O', 'O', 'O', 'O', 'B-class', 'I-class', 'O', 'O']"
"['.', 'information', 'demographic', 'entity', 'redundant', 'capture', 'avoid', 'to', 'ability', 'the', 'have', 'must', 'OM', 'support', 'system', ',', 'entity', 'Case', 'jurisdiction', 'Data', 'datum', 'within', 'unique', 'be', 'that', ')', 'ID', 'Case', ',', 'i.e.', '(', 'identifier', 'case', 'a', ':', 'include', 'should', 'entity', 'the', 'about', 'Case', 'model', ',', 'make', 'if', ',', 'example', 'for']","['O', 'I-attr', 'B-attr', 'B-class', 'O', 'O', 'O', 'O', 'O', 'O', 'O', 'O', 'O', 'O', 'B-class', 'O', 'B-class', 'O', 'O', 'O', 'I-attr', 'O', 'O', 'O', 'O', 'O', 'I-attr', 'B-attr', 'O', 'O', 'O', 'I-attr', 'B-attr', 'O', 'O', 'O', 'O', 'B-class', 'O', 'O', 'B-attr', 'B-attr', 'O', 'B-attr', 'O', 'O', 'O', 'O']"
"['.', 'HTTPS', 'with', 'browser', 'with', 'reinitialize', 'the', '.', 'button', 'the', 'click', 'administrator', '""', 'Patch', 'Install', 'or', '""', 'link', 'or', 'button', 'the', 'click', 'administrator']","['O', 'O', 'O', 'O', 'O', 'O', 'O', 'O', 'O', 'O', 'O', 'B-class', 'O', 'O', 'O', 'O', 'O', 'O', 'O', 'O', 'O', 'O', 'B-class']"
"['.', 'disappear', 'window', 'main', 'the', 'and', 'process', 'be', '""', 'no', 'choose', 'open', '...', 'Menu']","['O', 'O', 'O', 'O', 'O', 'O', 'O', 'O', 'O', 'O', 'O', 'O', 'O', 'O']"
"['from', 'Shunting', 'shall', 'exit']","['O', 'B-class', 'O', 'O']"
"['main', 'feature', 'additional', 'of', 'number', 'driver', 'safety', 'device', ';', 'train', 'borne', 'recorder', 'intercom', '.', 'meet', 'the', 'specific', 'railway', 'requirement', ',', 'a', 'to']","['O', 'O', 'O', 'O', 'O', 'B-class', 'I-class', 'I-class', 'O', 'B-class', 'I-class', 'I-class', 'B-class', 'O', 'O', 'O', 'O', 'O', 'O', 'O', 'O', 'O']"
"['appropriate', 'terminology', 'specific', 'to', 'particular', 'label', 'link', 'descriptive', 'link', 'do', 'not', 'impede', 'the', 'readability', 'of', 'the', 'of', 'text', 'use']","['O', 'O', 'O', 'O', 'O', 'O', 'O', 'O', 'O', 'O', 'O', 'O', 'O', 'O', 'O', 'O', 'O', 'O', 'O']"
"['a', 'number', 'of', 'be', 'time', 'user', 'to', ',', 'there', 'must', 'be', 'at', 'least', 'two', 'copy', 'however']","['O', 'O', 'O', 'O', 'O', 'O', 'O', 'O', 'O', 'O', 'O', 'O', 'O', 'O', 'O', 'O']"
"['this', 'condition', 'be', 'TRUE', 'the', '=', 'need', 'a', 'LT', 'or', 'the', 'cool', 'unit', 'if', 'UT', 'T', '=', 'UO']","['O', 'O', 'O', 'O', 'O', 'O', 'O', 'O', 'O', 'O', 'O', 'B-class', 'I-class', 'O', 'O', 'O', 'O', 'O']"
"['.', 'Store', 'Web', '’s', 'be', 'J', 'GAMMA', 'for', 'Specification', 'Requirements', 'Software', 'the', 'be', '-', 'design', 'to', 'allow', 'core', 'other', 'and', 'sale', 'perform', 'and', 'setup', 'to', 'mean', 'easy', 'and', 'quick', 'a', 'owner', 'store', 'online', 'new', '""', 'team', 'USB', '.', 'will', 'team', 'development', 'the']","['O', 'O', 'O', 'O', 'O', 'O', 'O', 'O', 'O', 'O', 'O', 'O', 'O', 'O', 'O', 'O', 'O', 'O', 'O', 'O', 'O', 'O', 'O', 'O', 'O', 'O', 'O', 'O', 'O', 'O', 'O', 'O', 'O', 'O', 'O', 'O', 'O', 'O', 'O', 'O', 'O', 'O']"
"['i', ')', 'the', 'store', 'from', 'number', '/', 'name', 'a', 'select', 'information', 'by', 'a', 'initiate', 'to', 'able', 'be', 'shall', 'driver', 'call', 'establish', 'to', 'the', 'to', 'possible', 'be', 'shall', 'it']","['O', 'O', 'O', 'B-attr', 'O', 'B-attr', 'O', 'B-attr', 'O', 'O', 'I-attr', 'O', 'O', 'O', 'O', 'O', 'O', 'O', 'B-class', 'B-class', 'O', 'O', 'O', 'O', 'O', 'O', 'O', 'O']"
"['.', 'provide', 'a', 'reference', 'behavior', 'for', 'that', 'subsystem', '.', 'simple']","['O', 'O', 'O', 'B-attr', 'I-attr', 'O', 'O', 'B-class', 'O', 'O']"
"['provide', '.', 'software', 'on', 'constraint', 'impose', ')', 'service', 'and', 'operation', 'design', 'a', 'computer', 'executable', 'but', ',', 'support', 'be', 'operation']","['O', 'O', 'O', 'O', 'O', 'O', 'O', 'O', 'O', 'O', 'O', 'O', 'O', 'O', 'O', 'O', 'O', 'O', 'O']"
"['.', 'screen', 'different', 'of', 'number', 'a', 'through', 'from', 'flick', 'by', 'ease', 'with', 'software', 'the', 'use', 'to', 'user', 'the', 'allow', 'this']","['O', 'B-class', 'O', 'O', 'O', 'O', 'O', 'O', 'O', 'O', 'O', 'O', 'B-class', 'O', 'O', 'O', 'B-class', 'O', 'O', 'O']"
"['.', 'standard', 'RS422', 'implement', 'to', 'adapt', 'on', 'be', 'the', 'status', '.', 'radio', 'Cab', 'the', 'the', 'by', 'interface', 'standard', 'the', 'to', 'system', 'train', '-', 'provide', 'by', 'of', 'should', 'form', 'the', 'take', 'may', 'interface', 'other', ')', 'i', '(']","['O', 'O', 'O', 'O', 'O', 'O', 'B-class', 'O', 'O', 'B-attr', 'O', 'I-class', 'B-class', 'O', 'O', 'O', 'O', 'O', 'O', 'O', 'I-class', 'I-class', 'I-class', 'O', 'O', 'O', 'O', 'O', 'O', 'O', 'O', 'O', 'O', 'O', 'O', 'O']"
"['.', 'application', 'the', 'in', 'instal', 'be', 'a', 'plug', 'install', 'system', 'or', 'button', 'the', 'click', 'administrator', '""', 'in', 'link', '-', 'Install', '""', 'to', 'link', 'or', 'button', 'the', 'Plug', 'to', 'initiate', 'Plug', ';', 'module', 'in', '-', 'Plug', 'the', 'upload', 'to', 'Administrator', 'the', 'prompt', 'system', ';', 'process', 'installation', 'in', '-', ';', 'click', 'Weborder', '.', 'remove', 'System', ';', 'module', 'in', '-', 'Plug', 'the', 'desire', 'select', 'to', 'Administrator', 'the', 'prompt', 'system', ';', 'the', 'process', 'plug', 'in', 'change', 'make']","['O', 'O', 'O', 'O', 'O', 'O', 'O', 'O', 'O', 'O', 'O', 'O', 'O', 'O', 'B-class', 'O', 'O', 'O', 'O', 'O', 'O', 'O', 'O', 'O', 'O', 'O', 'O', 'O', 'O', 'O', 'O', 'O', 'O', 'O', 'O', 'O', 'O', 'O', 'B-class', 'O', 'O', 'O', 'O', 'O', 'O', 'O', 'O', 'O', 'O', 'O', 'O', 'O', 'O', 'O', 'O', 'O', 'O', 'O', 'O', 'O', 'O', 'O', 'B-class', 'O', 'O', 'O', 'O', 'O', 'O', 'O', 'O', 'O', 'O']"
"['.', 'site', 'the', 'easy', 'to', 'be', 'that', 'fix', 'or', ',', 'update', ',', 'do', 'change', 'to', '.', 'easy', 'be', 'shall', 'system', 'the']","['O', 'O', 'O', 'O', 'O', 'O', 'O', 'O', 'O', 'O', 'O', 'O', 'O', 'O', 'O', 'O', 'O', 'O', 'O', 'O', 'O']"
"['.', 'system', 'the', 'of', 'security', 'the', 'and', ',', 'control', 'access', 'operation', 'level', 'observe', 'test', ',', 'level', 'operational', 'primitive', 'most', 'the']","['O', 'O', 'O', 'O', 'O', 'O', 'O', 'O', 'O', 'B-attr', 'O', 'O', 'O', 'O', 'O', 'I-class', 'B-class', 'O', 'O', 'O']"
"['datum', 'concern', 'site', 'monitoring', 'and', 'voice', 'need', 'to', 'be', 'capable', 'of', 'be', 'available', 'at', 'all', 'operation', '.', 'Technology', 'it']","['O', 'O', 'O', 'O', 'O', 'O', 'O', 'O', 'O', 'O', 'O', 'O', 'O', 'O', 'O', 'B-class', 'O', 'O', 'O']"
"['mobile', 'be', 'to', 'support', 'these', 'and', ')', 'GSM', '-', '-', '960', '.', 'note']","['B-class', 'O', 'O', 'O', 'O', 'O', 'O', 'O', 'O', 'O', 'O', 'O', 'O']"
"['.', 'system', 'the', 'to', 'able', 'be', 'must', ';', 'address', 'email', 'register', 'to', 'email', 'send', 'B5', 'system']","['O', 'O', 'O', 'O', 'O', 'O', 'O', 'O', 'I-attr', 'B-attr', 'O', 'O', 'O', 'O', 'O', 'O']"
"['.', 'output', 'and', 'input', 'datum', ')', '.', 'implement', 'be', 'interface', 'other', ';', ')', 'o', '(', ';', 'Device', 'Safety', '’s', 'Driver', ';', ')', 'o', '(', '.', '(']","['O', 'O', 'O', 'O', 'O', 'O', 'O', 'O', 'O', 'O', 'O', 'O', 'O', 'O', 'O', 'O', 'I-class', 'B-class', 'O', 'B-class', 'O', 'O', 'O', 'O', 'O', 'O']"
"['should', 'also', 'be', 'network', 'a', 'callable', 'be', 'to', 'the', 'Gemini', '8', 'm', 'telescope', 'from', 'several', 'point', ',', 'the', 'user', 'interface', 'should', 'rather', 'be', 'see', 'as', 'a', 'package', 'to', 'interface', 'processor', 'hardware', 'available', ',', 'in', 'the', 'form', 'of', ':', 'standard', 'be', 'bus', ';', 'a', 'standard', 'set', 'of', 'interface', 'card', 'to', 'system', 'shall', 'electronic', 'control', 'control', 'function', ',', 'or', 'special', 'purpose', 'controller', 'for', 'the', 'primary', 'mirror', 'support', 'actuator', ')', '.', 'standard']","['O', 'O', 'O', 'O', 'O', 'O', 'O', 'O', 'O', 'O', 'O', 'O', 'O', 'O', 'O', 'O', 'O', 'O', 'O', 'O', 'O', 'O', 'O', 'O', 'O', 'O', 'O', 'O', 'O', 'O', 'O', 'O', 'O', 'O', 'O', 'O', 'O', 'O', 'O', 'O', 'O', 'O', 'O', 'O', 'O', 'O', 'O', 'O', 'O', 'O', 'O', 'I-class', 'B-class', 'O', 'O', 'O', 'O', 'O', 'O', 'O', 'O', 'O', 'O', 'O', 'O', 'O', 'O', 'O', 'O']"
"['the', 'system', 'study', ',', 'it', 'be', 'understand', 'that', 'the', 'first', 'work', 'pilot', ',', 'twenty', 'thousand', 'voucher', 'will', 'be', 'sell', ',', 'but', 'the', 'VMU', '-', 'system', 'period', 'and', 'integrate', '’s', 'vmus', 'Prepared', 'by', 'Microcare', 'on', '30th', 'November', '2005', '.', 'this']","['O', 'B-class', 'O', 'O', 'O', 'O', 'O', 'O', 'O', 'O', 'O', 'O', 'O', 'O', 'O', 'B-class', 'O', 'O', 'O', 'O', 'O', 'O', 'O', 'O', 'O', 'O', 'O', 'O', 'O', 'O', 'O', 'O', 'O', 'O', 'O', 'O', 'O', 'O', 'O']"
"['.', 'server', 'application', 'the', 'on', 'Team', 'system', 'name', ']', 'source', 'open', 'establish', 'utilize', 'shall', 'Team', 'Development', 'the']","['O', 'I-class', 'B-class', 'O', 'O', 'I-class', 'O', 'O', 'O', 'O', 'O', 'O', 'O', 'O', 'I-class', 'B-class', 'O']"
"['.', 'pixel', '100', 'than', 'great', 'and', 'pixel', '50', 'than', 'less', 'be', 'not', 'can', 'x', ':', '4x', 'be', 'width', 'its', ',', '5x', 'be', 'game', 'the', 'of', 'chapter', ',', 'age', 'at', 'start', 'player', 'level', 'begin', 'a', 'with', ',', 'computer', 'a', 'operate', 'to', 'how', 'know', 'who', 'game', 'simple', 'a', 'play', 'to', 'want', 'who', 'anyone', 'of', 'consist', 'user', 'the']","['O', 'O', 'O', 'O', 'O', 'O', 'O', 'O', 'O', 'O', 'O', 'O', 'O', 'O', 'O', 'O', 'O', 'B-attr', 'O', 'O', 'O', 'O', 'I-class', 'O', 'O', 'O', 'O', 'O', 'O', 'O', 'O', 'O', 'O', 'O', 'O', 'O', 'O', 'O', 'O', 'O', 'O', 'O', 'O', 'O', 'O', 'O', 'O', 'O', 'O', 'O', 'O', 'O', 'O', 'B-class', 'O']"
"['.', 'specify', 'as', 'background', 'and', 'scheme', 'color', 'same', 'the', 'use', 'page', 'help', 'the', 'each', 'the', 'in', 'logo', 'in', 'provide', 'link', 'hypertext', 'correspond', 'a', 'select', 'by', 'topic', 'help', 'the', 'of', 'each', 'through', 'navigate', 'the', 'left', 'frame', 'of', ']', 'name', 'company', '[', 'the', 'display', 'shall', 'shall', 'system', '.', 'window', 'help', 'up', '-', 'pop', 'the', 'the']","['O', 'O', 'O', 'B-attr', 'O', 'I-attr', 'B-attr', 'O', 'O', 'O', 'I-class', 'B-class', 'O', 'O', 'O', 'O', 'O', 'O', 'O', 'I-class', 'B-class', 'O', 'O', 'O', 'O', 'I-class', 'B-class', 'O', 'O', 'O', 'O', 'O', 'O', 'O', 'O', 'O', 'O', 'O', 'O', 'O', 'O', 'O', 'O', 'O', 'B-class', 'O', 'I-class', 'I-class', 'I-class', 'I-class', 'B-class', 'O', 'O']"
"['record', 'have', 'a', 'record', 'name', 'and', 'every', '.', 'ﬁeld', 'a', 'ﬁeld', 'name', '.', 'the']","['B-class', 'O', 'O', 'B-attr', 'I-attr', 'O', 'O', 'O', 'B-class', 'O', 'B-attr', 'I-attr', 'O', 'O']"
"['.', 'capture', 'be', 'should', ',', 'trip', 'the', 'about', 'information', 'parent', 'the', 'as', 'well', 'as', ',', 'a', 'trip', 'person', 'live', 'Fe', 'Santa', 'in', 'friend', 'a', 'visit', 'then', ',', 'pox', 'monkey', 'to', 'expose', 'becomes', 'and', 'Seattle', 'to', 'travel', 'Georgia', 'in', 'who', ',', 'a', 'leg', 'and', 'departure', ',', 'number', 'flight', ',', ')', 'car', ',', 'boat', ',', 'plane', ',', 'bus', 'e.g.', '(', 'transportation', 'of', 'method', 'arrival', 'of', 'date', 'time', 'each', 'about', 'information']","['O', 'O', 'O', 'O', 'O', 'B-class', 'O', 'O', 'I-attr', 'B-attr', 'O', 'O', 'O', 'O', 'O', 'O', 'B-class', 'B-class', 'O', 'O', 'O', 'O', 'O', 'O', 'O', 'O', 'O', 'O', 'O', 'O', 'O', 'O', 'O', 'O', 'O', 'O', 'O', 'O', 'O', 'O', 'O', 'B-class', 'I-attr', 'B-attr', 'O', 'I-attr', 'B-attr', 'O', 'O', 'O', 'O', 'O', 'O', 'O', 'O', 'O', 'O', 'O', 'I-attr', 'I-attr', 'B-attr', 'I-attr', 'O', 'I-attr', 'I-attr', 'O', 'O', 'O']"
"['the', 'IOC', 'local', 'database', 'contain', 'the', 'request', 'item', ',', 'it', 'respond', 'with', 'identiﬁcation', 'the', 'by', 'see', 'pure', 'than', 'general', 'more', 'be', 'it', 'sense', 'this', 'remote', 'in']","['O', 'B-class', 'I-class', 'I-class', 'O', 'O', 'O', 'B-class', 'O', 'O', 'O', 'O', 'B-attr', 'O', 'O', 'O', 'O', 'O', 'O', 'O', 'O', 'O', 'O', 'O', 'O', 'O']"
"['-', ',', 'level', 'second', 'a']","['O', 'O', 'O', 'O', 'O']"
"['Administrator', '.', 'page', 'home', 'display', 'system', ';', 'cookie', 'the']","['B-class', 'O', 'O', 'O', 'O', 'O', 'O', 'O', 'O']"
"['.', 'time', 'over', 'event', 'of', 'analysis', 'support', 'describe', 'to', 'design', ')', 'warehouse', 'data', ',', 'i.e.', '(', 'store', 'data', 'specifically', 'support', 'in', 'Preparedness', 'receive', 'to', 'able', 'be', 'must', 'OM', 'support', 'system']","['O', 'O', 'O', 'B-class', 'O', 'O', 'O', 'O', 'O', 'O', 'O', 'O', 'O', 'O', 'O', 'O', 'I-class', 'B-class', 'O', 'O', 'O', 'O', 'O', 'O', 'O', 'O', 'O', 'O', 'O', 'B-class']"
"['.', 'site', 'Telescopes', 'm', '8', 'Gemini', 'the', 'as', 'collectively', 'to', 'refer', 'be', 'facility', 'in']","['O', 'O', 'O', 'O', 'O', 'O', 'O', 'O', 'O', 'O', 'O', 'O', 'O', 'O']"
"['of', 'case', ',', ',', 'Access', 'MS', ',', 'INFO', '-', 'EPI', ',', 'SPSS', ',', 'SAS', ',', 'e.g.', '(', 'tool', 'analytical', 'available', 'commonly', 'with', 'MS', 'use', 'Excel', 'Crystal', 'in', 'include', 'be', 'OM', 'support', 'system', 'to', 'specific', 'requirement', 'integration', 'Systems', 'EXCHANGE', 'DATA', 'and', 'INTEGRATION', 'SYSTEM']","['I-attr', 'I-attr', 'O', 'O', 'O', 'O', 'O', 'O', 'O', 'O', 'O', 'O', 'O', 'O', 'O', 'O', 'O', 'I-class', 'B-class', 'O', 'O', 'O', 'O', 'O', 'O', 'O', 'O', 'O', 'O', 'O', 'O', 'B-class', 'O', 'O', 'O', 'O', 'O', 'O', 'O', 'O', 'O', 'O']"
"['.', ')', 'low', ',', 'medium', ',', 'high', ',', 'e.g.', '(', 'priority', 'and', ',', 'case', 'other', 'to', 'a', 'datum', 'mean', 'update', 'epi', '(', 'Epidemiological']","['O', 'O', 'O', 'O', 'O', 'O', 'O', 'O', 'O', 'O', 'B-attr', 'O', 'O', 'I-attr', 'I-attr', 'I-attr', 'O', 'I-attr', 'O', 'O', 'I-attr', 'I-attr', 'B-attr']"
"['.', 'in', 'table', '5a-1', 'call', 'able', 'be', 'shall', 'party', 'connected', 'establish', 'be', 'communicate', 'have', 'a', 'once']","['O', 'O', 'O', 'O', 'B-class', 'O', 'O', 'O', 'O', 'O', 'O', 'O', 'O', 'O', 'O', 'O']"
"['Gemini', '8', 'm', 'software', 'retrievable', 'observe', 'running', 'rate', 'for', 'short', 'period', '(', 'i.e.', 'up', 'to', 'high', '200', 'for', 'some', 'information', ')', '.', 'it']","['O', 'O', 'O', 'O', 'O', 'B-class', 'O', 'O', 'O', 'O', 'O', 'O', 'O', 'O', 'O', 'O', 'O', 'O', 'O', 'O', 'O', 'O', 'O']"
"['mandatory', 'information', 'require', 'during', 'a', 'distribution', 'transaction', 'be', 'mention', 'below', '.', 'name']","['O', 'O', 'O', 'O', 'O', 'B-class', 'I-class', 'O', 'O', 'O', 'O', 'B-attr']"
"['information', '/', 'parameter', 'may', 'be', 'dependent', 'as', 'the', 'involve', '.', 'for']","['O', 'O', 'O', 'O', 'O', 'O', 'O', 'O', 'O', 'O', 'O']"
"['.', 'of', 'lan', 'be', 'show', 'in', 'Figure', '4', '-', '1', '.', 'also']","['O', 'O', 'O', 'O', 'O', 'O', 'O', 'O', 'O', 'O', 'O', 'O']"
"['.', 'Description', 'Diagnosis', ';', 'Code', 'Diagnosis', ';', 'Master', 'Master', 'Code', 'Drug', ';', 'follow', 'with', 'Master', 'Generic']","['O', 'I-attr', 'B-attr', 'O', 'I-attr', 'B-attr', 'O', 'I-attr', 'I-attr', 'I-attr', 'B-attr', 'O', 'O', 'O', 'O', 'O']"
"['sec', 'and', 'react', 'to', 'braking', 'curve', 'area', ',', 'a', 'warning', 'shall', 'be', 'give', 'to', 'the', 'driver', 'to', 'enable', 'he', 'the', 'shall', 'train', 'the', 'brake', 'intervention', 'until', 'the', 'actual', 'speed', 'a', 'do', 'exceed', 'permit', 'speed', ';', 'then', 'the', 'not', 'execute', 'shall', 'equipment', 'shunting', 'movement', 'exceed', 'the', 'permit', 'ceiling', 'speed', 'by', 'a', 'certain', 'harmonised', 'margin', ',', 'the', 'trainborne', 'or', '.', 'the']","['O', 'O', 'O', 'O', 'B-class', 'I-class', 'I-class', 'O', 'O', 'B-class', 'O', 'O', 'O', 'O', 'O', 'B-class', 'O', 'O', 'O', 'O', 'O', 'B-class', 'O', 'B-class', 'I-class', 'O', 'O', 'B-attr', 'I-attr', 'O', 'O', 'O', 'B-attr', 'I-attr', 'O', 'O', 'O', 'O', 'O', 'O', 'I-class', 'B-class', 'I-class', 'O', 'O', 'O', 'B-attr', 'I-attr', 'O', 'O', 'O', 'B-attr', 'I-attr', 'O', 'O', 'B-class', 'O', 'O', 'O']"
"['catalog', 'be', 'available', 'in', 'astronomical', 'object', ')', 'catalog', 'external', 'software', ')', ';', 'Telescope', 'and', 'instrument', 'parameter', '(', 'software', 'external', '(', 'datum', 'store', 'hold', 'astronomical', 'datum', 'for', 'the', 'current', 'observation', ';', 'astronomical', 'datum', 'be', 'automatically', 'store', 'onto', 'the', 'archive', 'medium', 'be', 'line', 'distribute', 'database', '-', 'loading', 'to', 'the', 'ioc', '.', '(']","['I-class', 'O', 'O', 'O', 'B-class', 'I-class', 'O', 'I-class', 'O', 'O', 'O', 'O', 'B-attr', 'I-attr', 'I-attr', 'I-attr', 'O', 'O', 'O', 'O', 'O', 'O', 'O', 'O', 'O', 'O', 'O', 'O', 'B-class', 'O', 'O', 'O', 'O', 'O', 'O', 'O', 'O', 'O', 'O', 'O', 'O', 'O', 'B-class', 'O', 'O', 'O', 'O', 'O', 'O', 'O']"
"['interactive', 'the', 'observing', 'base', '-', ',', 'possibly', 'involve', 'multimedia', 'technique', '.', 'the']","['O', 'O', 'O', 'O', 'O', 'O', 'O', 'O', 'O', 'O', 'O', 'O']"
"['.', 'action', '""', 'undo', 'n', 'a', 'not', 'be', 'action', 'previous', 'the', 'if', ',', 'unvailable', 'be', 'action', 'redo', 'the']","['O', 'O', 'O', 'O', 'O', 'O', 'O', 'O', 'O', 'O', 'O', 'O', 'O', 'O', 'O', 'O', 'O', 'O']"
"[';', 'strong.8', 'the', '""', 'market', 'force', '""', 'model', 'can', 'also', 'guide', 'COE', 'Data', 'Engineering', 'in', 'identify', 'the', 'weak', 'candidate', 'from', 'current', 'as', 'of', '17', 'responsibility', 'will', 'include', 'the', 'transitioning', 'of', 'information', 'resource', 'from', 'one', 'status', 'to', 'another', '.', 'table']","['O', 'O', 'O', 'O', 'O', 'O', 'O', 'O', 'O', 'O', 'O', 'O', 'O', 'O', 'O', 'O', 'O', 'O', 'O', 'O', 'O', 'O', 'O', 'O', 'O', 'O', 'O', 'O', 'O', 'O', 'B-class', 'I-class', 'O', 'O', 'B-attr', 'O', 'O', 'O', 'O']"
"['special', 'case', 'datum', 'imply', 'observing', 'service']","['O', 'O', 'O', 'O', 'O', 'O']"
"['designate', 'constable', 'from', 'each', 'police', 'station', 'constantly', 'interface', 'with', 'the', 'part', 'such', 'as', 'monthly', 'such', 'as', 'case', 'assign', ',', 'alert', ',', 'information', 'pende', 'etc', 'hence', 'help', 'police', 'personnel', 'to', 'plan', 'task', 'show', 'it']","['O', 'O', 'O', 'O', 'O', 'O', 'O', 'O', 'O', 'O', 'O', 'O', 'O', 'O', 'O', 'O', 'B-attr', 'I-attr', 'O', 'B-attr', 'O', 'O', 'B-attr', 'O', 'O', 'O', 'O', 'O', 'O', 'O', 'I-attr', 'O', 'O']"
"['.', 'any', 'simple', 'level', 'of', '8', 'Gemini', 'the', 'for', 'requirement', 'a', 'be', 'it']","['O', 'O', 'O', 'O', 'O', 'O', 'O', 'O', 'O', 'O', 'O', 'O', 'O']"
"['restart', 'of', ',', 'in', 'this', 'document', 'be', ':', 'simplicity', ';', 'supportability', 'describe', ';', 'and', 'Availability', ';', 'Maintainability', ';', 'Human', 'Engineering', ';', 'reliability', 'attribute', 'speciﬁc', 'the']","['O', 'O', 'O', 'O', 'O', 'O', 'O', 'O', 'B-attr', 'O', 'B-attr', 'O', 'O', 'O', 'B-attr', 'O', 'B-attr', 'O', 'B-attr', 'I-attr', 'O', 'B-attr', 'B-attr', 'O', 'O']"
"['-', 'line', 'access', 'to', 'the', 'archiver', 'will', 'be', 'through', 'STARCAT', ';', 'for', 'and', 'experience', 'with', 'manufacturer', 'support', ',', 'and', 'upgrade', 'capability', 'of', 'the', ',', 'development', 'will', 'be', 'consider', 'when', 'select', 'the', 'ﬁnal', 'target', 'system', '.reliability', ';', 'available', 'internal', 'datum', 'format', 'must', 'be', 'compatible', 'across', 'workstation', 'use', 'for', 'development', ';', 'SCSI', '-', 'interface', 'peripheral', 'be', 'to', 'be', 'system', ';', '.', 'follow', 'be', 'to', 'be', 'SUN', 'SPARC-10', '(', 'model', '41', 'workstation', ')', 'SPARC', 'Classic', 'with', '64', 'MB', 'of', 'dynamic', 'memory', 'or', 'developmental', 'the', ',', 'recommendation', 'be', 'make', ':', 'workstation', ';', 'where', 'Gemini', 'be', 'provide', 'the', 'computer', 'equipment', 'as', 'part', 'of', 'a', 'contractual', 'agreement', 'the']","['O', 'O', 'O', 'O', 'O', 'O', 'O', 'O', 'O', 'O', 'O', 'O', 'O', 'O', 'O', 'O', 'O', 'O', 'O', 'O', 'O', 'O', 'O', 'O', 'B-class', 'O', 'O', 'O', 'O', 'O', 'O', 'O', 'B-class', 'I-class', 'O', 'O', 'O', 'O', 'O', 'O', 'O', 'O', 'O', 'O', 'B-class', 'O', 'O', 'O', 'O', 'O', 'O', 'O', 'O', 'O', 'O', 'O', 'I-class', 'O', 'O', 'O', 'O', 'O', 'O', 'O', 'O', 'O', 'O', 'O', 'I-class', 'O', 'O', 'O', 'O', 'O', 'O', 'O', 'O', 'O', 'O', 'B-class', 'O', 'O', 'O', 'O', 'O', 'O', 'B-class', 'O', 'O', 'O', 'O', 'O', 'O', 'O', 'O', 'O', 'O', 'O', 'O', 'O', 'O', 'O']"
"['.', 'module', 'of', 'the', 'cctns', 'provide', 'role', 'base', 'landing', 'page', 'which', 'help', 'in', 'navigate', 'through', 'the', 'CCTNS', 'application', 'well', 'Navigation', 'and', 'with', 'addition', 'to', 'keep', 'data', 'element', '/', 'rule', 'in', 'up', 'date', '.', 'with']","['O', 'O', 'O', 'O', 'O', 'O', 'B-class', 'I-class', 'I-class', 'I-class', 'O', 'O', 'O', 'O', 'O', 'O', 'O', 'O', 'O', 'O', 'O', 'O', 'O', 'O', 'O', 'O', 'O', 'O', 'O', 'O', 'O', 'O', 'O', 'O']"
"['view', ',', 'information', 'contact', 'configure', ',', 'profile', 'their', 'customer', 'store', 'to', 'account', 'create', 'to', 'able', 'be', 'their', 'will', 'purchase', ',', 'log', 'and', ',', 'in', 'log', ',', 'register', 'history', 'to', 'be', 'will', 'customer']","['O', 'O', 'I-attr', 'B-attr', 'O', 'O', 'I-class', 'O', 'B-class', 'O', 'O', 'B-class', 'O', 'O', 'O', 'O', 'O', 'O', 'B-attr', 'O', 'O', 'O', 'O', 'O', 'O', 'O', 'O', 'I-attr', 'O', 'O', 'O', 'B-class']"
"[',', 'video', 'and', 'voice', 'datum', 'be', 'also', 'necessary', '(', 'for', 'example', 'to', 'as', 'order', 'unit', 'concern', 'the', 'telescope', 'and', 'instrument', '(', 'parameter', ')', 'and', 'control', 'command', 'will', 'have', 'to', 'be', 'exchange', 'between', 'different', 'processing', 'in', 'such', 'for', 'quick', 'also', 'security', 'in', 'Section', '3.5.6', 'on', 'page', '3-', 'see', '20', 'among', 'user', 'and', 'the', 'operational', 'software', 'should', 'indicate', ')', '(', 'enforce', 'be', 'might', 'only', 'be', 'allow', 'monitoring', ',', 'as', 'a', 'subsystem', 'be', 'in', 'use', 'by', 'someone', 'else', '.', 'protection']","['O', 'O', 'O', 'O', 'O', 'O', 'O', 'O', 'O', 'O', 'O', 'O', 'O', 'O', 'I-class', 'O', 'O', 'B-class', 'O', 'B-class', 'O', 'B-attr', 'O', 'O', 'O', 'O', 'O', 'O', 'O', 'O', 'O', 'O', 'O', 'B-class', 'O', 'O', 'O', 'O', 'O', 'O', 'O', 'O', 'O', 'O', 'O', 'O', 'O', 'O', 'O', 'B-class', 'O', 'O', 'O', 'O', 'O', 'O', 'O', 'O', 'O', 'O', 'O', 'O', 'O', 'O', 'O', 'O', 'O', 'O', 'B-class', 'O', 'O', 'O', 'O', 'O', 'O', 'O', 'O']"
"['themas', 'system', 'shall', 'record', 'each', 'event', 'by', 'a', 'description', 'appropriate', 'and', 'c', 'urrent', 'system', 'time', 'for', 'that', 'event', '.', 'this']","['O', 'B-class', 'O', 'O', 'O', 'B-class', 'O', 'O', 'B-attr', 'O', 'O', 'B-attr', 'I-attr', 'I-attr', 'I-attr', 'O', 'O', 'B-class', 'O', 'O']"
"['driver', 'shall', 'store', '(', 'except', 'at', 'transition', 'to', 'shunting', ')', 'in', 'the', 'ETCS', 'equipment', 'until', 'the', 'traction', 'be', 'of', 'shall', 'train', 'be', 'able', 'to', 'consult', 'train', 'datum', 'when', 'the', 'train', 'be', 'stationary', 'or', 'move', '.', 'current']","['B-class', 'O', 'O', 'O', 'O', 'O', 'O', 'O', 'O', 'O', 'O', 'O', 'B-class', 'I-class', 'O', 'O', 'B-attr', 'O', 'O', 'O', 'B-attr', 'O', 'O', 'O', 'O', 'B-attr', 'I-attr', 'O', 'O', 'B-class', 'O', 'B-attr', 'O', 'B-attr', 'O', 'O']"
"['.', 'action', 'an', 'section', 'perform', 'require', 'software', 'Searching', 'Video', 'the', 'that', 'interface', 'software', 'and', 'hardware', 'on', 'description', 'a', 'give', 'to', ',', 'provide', 'will', '.', 'system', 'the', 'of', 'understanding', 'well', 'a', 'give', 'will', 'and', 'document', 'the', 'of', 'rest', 'the']","['O', 'B-class', 'O', 'O', 'O', 'O', 'I-class', 'I-class', 'B-class', 'O', 'O', 'I-class', 'I-class', 'I-class', 'B-class', 'O', 'O', 'O', 'O', 'O', 'O', 'O', 'O', 'O', 'B-class', 'O', 'O', 'O', 'O', 'O', 'O', 'O', 'O', 'O', 'O', 'O', 'O', 'O']"
"['order', ';', 'YY', '/', 'MM', 'format', '=', ';', '9', 'character', 'shipping']","['B-attr', 'O', 'O', 'O', 'O', 'O', 'O', 'O', 'O', 'O', 'B-attr']"
"['i', 'service', 'target', 'performance', 'level', '(']","['O', 'O', 'O', 'O', 'O', 'O']"
"['any', 'of', 'the', 'information', 'be', 'not', 'available', 'in', 'exist', 'master', 'the', 'Registration', ',', 'facility', 'master', 'screen', 'and', 'do', 'enter', 'master', 'detail', 'and', 'back', 'to', 'VSP', 'screen', '.', 'the']","['O', 'O', 'O', 'O', 'O', 'O', 'O', 'O', 'O', 'O', 'O', 'B-attr', 'O', 'I-attr', 'O', 'O', 'O', 'O', 'O', 'B-attr', 'I-attr', 'O', 'O', 'O', 'O', 'O', 'O', 'O']"
"['allow', 'new', 'record', 'to', 'however', ',', 'have', 'Database', 'design', 'technique', ';', 'SNC', 'programming', ';', 'Use', 'EPICS', 'of', 'epics', 'OPI', 'tool', ';', 'basic', 'knowledge', 'of', 'UNIX', 'standard', ';', 'electronic', 'o', '.', 'the']","['O', 'O', 'B-class', 'O', 'O', 'O', 'O', 'O', 'O', 'O', 'O', 'O', 'O', 'O', 'O', 'O', 'O', 'O', 'O', 'O', 'O', 'O', 'O', 'O', 'O', 'O', 'O', 'O', 'O', 'O', 'O']"
"['.', 'below', ',', 'acceptance', ',', 'commission', 'through', 'to', 'hand', '-', 'over', '.', 'the']","['O', 'O', 'O', 'O', 'O', 'O', 'O', 'O', 'O', 'O', 'O', 'O', 'O']"
"['euroradio', 'be', 'for', 'the', 'in', 'define', 'as', 'interface', 'an', ',', 'FFFIS', 'will', 'radio', 'cab', 'Unit', 'Interface', 'Train', 'the', 'via', 'connect', 'be', '(', 'may', 'borne', 'train', 'the', 'and', 'radio', 'Cab', 'the', 'recorder', 'call', 'TIU', 'or', 'some', ')', 'i', '(']","['O', 'O', 'O', 'O', 'O', 'O', 'O', 'O', 'O', 'O', 'O', 'O', 'I-class', 'B-class', 'I-class', 'I-class', 'B-class', 'O', 'O', 'O', 'O', 'O', 'O', 'I-class', 'B-class', 'O', 'O', 'I-class', 'B-class', 'O', 'I-class', 'I-class', 'O', 'O', 'O', 'O', 'O', 'O']"
"['.', 'be', 'list', 'of', 'functional', 'traceability', 'verification', 'and', 'requirement', 'the', 'outline', '5', 'section']","['O', 'O', 'O', 'O', 'O', 'O', 'O', 'O', 'O', 'O', 'O', 'O', 'O']"
"['allow', 'a', 'certain', 'number', 'of', 'embed', 'test', ',', 'normally', 'at', 'a', 'fairly', 'high', 'level', 'this']","['O', 'O', 'O', 'O', 'O', 'O', 'O', 'O', 'O', 'O', 'O', 'O', 'O', 'O', 'O']"
"['take', '.', 'Steven', '—']","['O', 'O', 'O', 'O']"
"['command', 'include', 'sufﬁcient', 'information', 'on', 'the', 'route', '.', 'route', 'a', 'OpenRoute']","['O', 'O', 'O', 'O', 'O', 'O', 'B-class', 'O', 'B-class', 'O', 'O']"
"['will', 'have', 'a', 'provision', 'to', 'print', 'the', 'distributor', 'master', 'detail', '.', 'the']","['O', 'O', 'O', 'O', 'O', 'O', 'O', 'B-attr', 'I-attr', 'I-attr', 'O', 'O']"
"['EIRENE', 'from', 'radiation', 'EM', 'of', 'transmission', 'the']","['O', 'O', 'O', 'O', 'O', 'O', 'O']"
"['be', 'recommend', 'standard', 'vocabulary']","['O', 'O', 'O', 'B-class']"
"['-', 'line', 'pre', '-', 'checking', 'of', 'the', 'operational', 'status', 'of', 'for', 'all', 'if', 'different', 'the', 'error', 'or', 'failure', 'have', 'to', 'be', 'report', ',', 'in', 'clear', 'form', '(', 'to', 'identify', 'the', 'cause', 'of', 'a', 'fail', 'also', 'recovery', '(', 'e.g.', 'time', '-', 'out', ',', 'hardware', 'failure', ')', 'to', 'achieve', 'recovery', 'on', '-', 'line', 'whenever', 'possible', '.', 'should']","['O', 'O', 'O', 'O', 'O', 'O', 'O', 'B-attr', 'I-attr', 'O', 'O', 'O', 'O', 'O', 'O', 'O', 'O', 'O', 'O', 'O', 'O', 'O', 'O', 'O', 'O', 'O', 'O', 'O', 'O', 'O', 'O', 'O', 'O', 'O', 'O', 'O', 'O', 'O', 'O', 'O', 'O', 'O', 'O', 'O', 'O', 'O', 'O', 'O', 'O', 'O', 'O', 'O', 'O', 'O', 'O']"
"['mean', 'that', 'human', 'the', 'software', 'must', 'include', 'a', 'sufﬁciently', 'rich', 'programming', 'environment', 'Gemini', 'little', 'require', ',', ',', 'be', 'consider', 'here', '.', 'the']","['O', 'O', 'O', 'O', 'O', 'O', 'O', 'O', 'O', 'O', 'O', 'O', 'O', 'O', 'O', 'O', 'O', 'O', 'O', 'O', 'O', 'O']"
"['or', 'UO', '=', 't', 'then', 'the', 'themas', 'system', 'shall', 'recognize', 'this', 'condition', '=', 'as', 'temperature', 'limit', 'have', 'be', 'exceed', '.', 'in']","['O', 'O', 'O', 'O', 'O', 'O', 'O', 'B-class', 'O', 'O', 'O', 'O', 'O', 'O', 'B-attr', 'I-attr', 'O', 'O', 'O', 'O', 'O']"
"['.', 'the']","['O', 'O']"
"['user', 'must', 'the', 'if', 'Page', 'xxx', 'of', 'create', '/', 'add', 'a', 'new', 'user', 'associate', '.', 'system', 'shall', 'direct', 'the', 'user', 'to', 'the', 'the']","['B-class', 'O', 'O', 'O', 'O', 'O', 'O', 'O', 'O', 'O', 'O', 'O', 'B-class', 'O', 'O', 'B-class', 'O', 'O', 'O', 'B-class', 'O', 'O', 'O']"
"['user', 'profile', 'evident', ':', 'if', 'predefine', 'use', '/', 'should', 'navigation', 'user', 'be', 'to', 'be', 'find', 'in', 'iso', '9241', '-', '12', '.', 'guidance']","['O', 'O', 'O', 'O', 'O', 'O', 'O', 'O', 'O', 'O', 'B-class', 'O', 'O', 'O', 'O', 'O', 'O', 'O', 'O', 'O', 'O', 'O']"
"[';', 'conversation', ':', 'where', 'the', 'party', 'the', 'of', 'one', 'where', ':', 'termination', 'in', 'call', 'communicate', 'can', 'call', 'the', 'in', 'involve', 'party', ';', 'to', 'initiate', 'a', 'store', 'of', 'list', 'a', 'support', 'to', 'provide', 'be', 'shall', 'facility', ')', 'M', '(']","['O', 'O', 'O', 'O', 'O', 'O', 'O', 'O', 'O', 'O', 'O', 'O', 'O', 'O', 'O', 'O', 'O', 'O', 'O', 'O', 'O', 'O', 'O', 'O', 'O', 'B-attr', 'O', 'O', 'O', 'O', 'O', 'O', 'O', 'O', 'O', 'O', 'O', 'O']"
"['.', 'UUS1', 'use', 'network', 'Activation', 'shall', '2', 'priority', 'radio', 'the', ',', 'request', ""'"", 'area', 'in', 'driver', 'other', 'call', ""'"", 'a', 'of', 'receipt', 'on', 'shall', 'initiate', 'a', 'group', 'emlpp', 'with', ')', '9', 'section', 'see', '(', 'level', 'identification', ""'"", 'train', 'all', ""'"", 'the', 'use', 'call', 'group', ')', 'cause', 'radio', 'it', ',', 'wiring', 'train', '-', 'on', 'by', 'connect', 'not', 'be', 'vehicle', 'these', 'where']","['O', 'O', 'O', 'B-class', 'O', 'O', 'O', 'I-attr', 'B-class', 'O', 'O', 'O', 'O', 'B-class', 'O', 'B-class', 'O', 'B-class', 'O', 'O', 'O', 'O', 'O', 'O', 'O', 'O', 'B-class', 'B-attr', 'O', 'O', 'O', 'O', 'O', 'O', 'I-attr', 'I-attr', 'O', 'B-class', 'O', 'O', 'O', 'O', 'I-class', 'B-attr', 'O', 'O', 'B-class', 'O', 'O', 'O', 'O', 'O', 'O', 'O', 'O', 'O', 'O', 'B-class', 'O', 'O']"
"['user', 'group', 'creation', 'would', 'capture', 'the', 'and', 'New', 'quarterly', 'behaviour', ';', 'quarterly', 'summary', 'report', 'per', 'provider', 'and', 'summarise', 'all', 'provider', 'provider', ';', 'of', 'syndrome', 'treat', ',', 'additional', 'information', 'on', 'patient', 'population', '(', 'frequency', 'sex', 'all', ',', 'monthly', 'after', 'claim', 'collection', 'on', 'claim', ',', 'where', 'payment', 'shall', 'summarise', 'be', 'until', 'clarification', ';', 'report', 'on', 'claim', 'per', 'provider', ';', 'Report', 'withhold', ',', 'age', ')', 'with', 'justify', 'treatment', 'alteration', 'and', 'treatment', 'error', ';', 'summary', 'report', 'case', 'compare', 'different', 'provider', 'regard', 'syndrome', 'treat', ',', 'documentation', 'quality', 'and', 'treatment', 'the', ',', 'algorithm', 'to', ';', 'frequency', 'of', 'primary', 'client', 'and', 'notify', 'partner', ';', 'number', 'of', 'correctly', 'document', 'case', ',', 'case', 'with', 'incorrect', 'documentation', ',', 'case', 'treat', 'accord', ';', '–', 'allow', '/', 'User', 'Group', 'and', 'Individual', 'User', 'with', 'exist', 'name', '.', 'use', 'a', 'feature', 'return', 'Sales', 'Voucher']","['B-class', 'I-class', 'O', 'O', 'O', 'O', 'O', 'O', 'O', 'O', 'O', 'O', 'O', 'O', 'O', 'B-class', 'O', 'O', 'O', 'B-class', 'B-class', 'O', 'O', 'B-class', 'O', 'O', 'O', 'O', 'O', 'B-class', 'O', 'O', 'O', 'B-attr', 'O', 'O', 'O', 'O', 'O', 'O', 'O', 'B-class', 'O', 'O', 'B-class', 'O', 'O', 'O', 'O', 'O', 'O', 'O', 'O', 'B-class', 'O', 'O', 'O', 'O', 'O', 'O', 'B-attr', 'O', 'O', 'O', 'O', 'O', 'O', 'O', 'O', 'O', 'O', 'O', 'B-class', 'O', 'O', 'B-class', 'O', 'O', 'O', 'O', 'O', 'O', 'O', 'O', 'O', 'O', 'O', 'O', 'O', 'O', 'O', 'B-class', 'I-class', 'O', 'O', 'B-class', 'O', 'O', 'O', 'O', 'O', 'B-class', 'O', 'B-class', 'O', 'O', 'O', 'O', 'B-class', 'O', 'O', 'O', 'O', 'O', 'O', 'B-class', 'I-class', 'O', 'O', 'B-class', 'O', 'O', 'B-attr', 'O', 'O', 'O', 'O', 'O', 'I-attr', 'B-attr']"
"['shall', 'be', 'possible', 'different', 'to', 'fix', 'text', 'message', 'from', 'track', 'to', 'send', 'support', 'shall', 'use', '.', 'the']","['O', 'O', 'O', 'O', 'O', 'B-class', 'I-class', 'I-class', 'O', 'B-class', 'O', 'O', 'O', 'O', 'O', 'O', 'O']"
"['status', 'level', 'be', 'developmental', ',', 'candidate', ',', 'approve', ',', 'reject', ',', 'and', 'retire', 'for']","['B-class', 'I-class', 'O', 'B-class', 'O', 'B-class', 'O', 'B-class', 'O', 'B-class', 'O', 'O', 'B-class', 'O']"
"['have', 'such', ',', 'page', 'can', 'usually', 'be', 'group', 'in', 'different', 'case', 'category', 'page', ',', 'apply', 'to', 'all', 'page', 'and', 'be', 'preferable', 'when', 'different', 'all', 'have', 'a', 'similar', 'structure', '.', 'frequently']","['O', 'O', 'O', 'B-class', 'O', 'O', 'O', 'O', 'O', 'O', 'O', 'B-attr', 'B-class', 'O', 'O', 'O', 'O', 'O', 'O', 'O', 'O', 'O', 'O', 'O', 'O', 'O', 'O', 'O', 'O', 'O']"
"['.', 'team', 'maintenance', '-', 'connect', 'the', 'place', 'send', 'be', 'shall', ')', '11', 'section', 'see', '(', 'message', 'USSD', 'a', ',', 'radio', 'Cab', 'the', 'by', 'the', 'Cab', 'radio', 'take', 'shall', 'procedure', 'this', ')', 'M', '(']","['O', 'I-class', 'B-class', 'O', 'O', 'O', 'O', 'O', 'O', 'O', 'O', 'O', 'O', 'O', 'O', 'I-class', 'B-class', 'O', 'O', 'I-class', 'B-class', 'O', 'O', 'O', 'B-class', 'I-class', 'O', 'O', 'O', 'O', 'O', 'O', 'O']"
"['the', 'purpose', 'of', 'work', 'perform', 'for', 'the', 'Gemini', '8', ',', 'latter', 'ﬁle', 'ar', 'with', 'OPI', 'Channel', 'Access', 'Tools', 'these', 'would', 'include', 'MEDM', '.adl', 'display']","['O', 'O', 'O', 'O', 'O', 'O', 'O', 'O', 'O', 'O', 'O', 'O', 'O', 'O', 'O', 'O', 'O', 'O', 'O', 'O', 'O', 'O', 'O', 'O']"
"['far', ',', 'the', 'burgeon', 'set', 'of', 'xml', 'tag', 'have', 'create', 'redundancy', 'and', 'irrelevancy', ',', 'and', 'they', '.', 'COE', 'system', 'in', 'and', 'have', 'already', 'create', 'tag', 'and', 'specification', ',', 'many', 'of', 'which', 'may', 'be', 'inconsistent', 'with', 'tag', 'use', 'other', 'the', 'Package', 'Resource', 'device', 'that', 'cause', 'information', 'to', 'flow', 'among', 'object', 'or', 'change', 'the', 'system', 'state', '.', 'Technically']","['O', 'O', 'O', 'O', 'O', 'O', 'B-class', 'I-class', 'O', 'O', 'O', 'O', 'O', 'O', 'O', 'O', 'O', 'O', 'B-class', 'O', 'O', 'O', 'O', 'O', 'B-class', 'O', 'B-class', 'O', 'O', 'O', 'O', 'O', 'O', 'O', 'O', 'B-class', 'O', 'O', 'O', 'O', 'O', 'O', 'O', 'O', 'O', 'O', 'O', 'O', 'O', 'O', 'O', 'O', 'B-attr', 'I-attr', 'O', 'O']"
"['it', 'this', 'on', 'decide', 'we']","['O', 'O', 'O', 'O', 'O']"
"['.', 'page', 'error', 'distribution', 'list', 'if', 'the', 'use', 'functionality', 'develop', 'shall', 'Team', 'Development', 'the']","['O', 'O', 'O', 'I-class', 'I-class', 'O', 'O', 'O', 'O', 'O', 'O', 'I-class', 'B-class', 'O']"
"['must', 'be', 'automatic', 'procedure', 'to', 'implement', 'time', 'way', 'negative', 'or', '(', 'find', 'in', 'Section', '2.11.2', 'on', 'page', '2-', '22', ')', '.', 'every']","['O', 'O', 'O', 'O', 'O', 'O', 'O', 'O', 'O', 'O', 'O', 'O', 'O', 'O', 'O', 'O', 'O', 'O', 'O', 'O', 'O', 'O']"
"['M', '(', 'network', 'mobile', 'a', 'with', 'register', 'be', 'section', 'shall', 'Cab', 'the', ',', 'on', 'switch', 'upon', ')', 'radio', 'or', 'Coach', 'number', 'range', 'volume', 'each', 'for', 'possible', 'adjustment', 'of', 'level', 'five', 'the', 'give', '5', 'to', '1', 'number', 'setting', '.', 'the']","['O', 'O', 'I-attr', 'B-attr', 'O', 'O', 'O', 'O', 'O', 'O', 'B-class', 'O', 'O', 'O', 'O', 'O', 'O', 'I-class', 'O', 'B-attr', 'I-attr', 'I-class', 'B-class', 'O', 'O', 'O', 'O', 'O', 'O', 'O', 'O', 'O', 'O', 'O', 'O', 'O', 'I-class', 'O', 'O']"
"['that', '(', 'COE']","['O', 'O', 'O']"
"['storage', 'be', 'on', 'the', 'Gemini', 'system', 'datum', 'disk(s', 'of', ')', 'possibly', 'also', 'on', 'removable', 'medium', '.', 'quick']","['O', 'O', 'O', 'O', 'O', 'O', 'O', 'O', 'O', 'O', 'O', 'O', 'O', 'O', 'O', 'O', 'O']"
"['.', '3.2.1.1', 'chapter', 'above', 'see']","['O', 'O', 'O', 'O', 'O']"
"['.', 'www.cdc.gov/phin', 'at', 'available', ',', 'Measures', 'Performance', 'Key', 'Preparedness', 'PHIN', 'in', ',', 'describe', 'parse', 'process', 'assess', 'for', 'measure', 'performance', 'key', 'a', 'as', 'identify', 'be', 'requirement', 'this']","['O', 'O', 'O', 'O', 'O', 'O', 'O', 'O', 'O', 'O', 'O', 'O', 'O', 'O', 'O', 'O', 'O', 'O', 'O', 'O', 'O', 'O', 'O', 'O', 'O', 'O']"
"['date', 'of', 'privilege', 'and', ',', 'password', ',', 'address', 'the', 'email', 'username', ',', 'name', 'last', ',', 'name', 'first', ',', 'out', 'user', 'system', 'desire', 'with', 'user', 'new', 'the', 'for', 'account', ';', 'new', 'create', 'system', ';', 'information', 'user', 'new', 'validate', 'a', 'privilege', 'fill', 'Administrator', 'link', 'or', 'button', 'click', 'administrator']","['I-attr', 'O', 'B-attr', 'O', 'O', 'B-attr', 'O', 'I-attr', 'O', 'B-attr', 'B-attr', 'O', 'I-attr', 'B-attr', 'O', 'I-attr', 'B-attr', 'O', 'O', 'B-class', 'O', 'O', 'O', 'B-class', 'O', 'O', 'O', 'B-class', 'O', 'O', 'O', 'O', 'O', 'I-attr', 'B-attr', 'O', 'O', 'O', 'B-attr', 'O', 'B-class', 'O', 'O', 'O', 'O', 'B-class']"
"['.', 'process', 'login', 'the', 'already', 'must', 'account', 'new', 'a', 'create', 'and', 'register', 'Customer', 'the']","['O', 'O', 'O', 'O', 'O', 'O', 'O', 'O', 'O', 'O', 'O', 'O', 'B-class', 'O']"
"['computer', 'hardware', 'use', 'for', 'development', 'must', 'conform', 'to', 'the', 'following', ':', 'workstation', 'must', 'match', ';', '.Workstations', 'be', 'expect', 'the', 'migration', 'of', 'development', 'system', 'to', 'advance', 'technology', ';', '.it', 'be', 'assume', 'that', 'workstation', 'support', 'Ethernet', 'ieee-802.3', 'and', 'fddi', 'allow', '-', 'this']","['O', 'O', 'O', 'O', 'O', 'O', 'O', 'O', 'O', 'O', 'O', 'B-class', 'O', 'O', 'O', 'B-class', 'O', 'O', 'O', 'O', 'O', 'B-class', 'I-class', 'O', 'O', 'O', 'O', 'O', 'O', 'O', 'O', 'B-class', 'O', 'O', 'O', 'O', 'O', 'O', 'O', 'O']"
"['communication', 'for', 'interface', 'present', 'a', 'well', '-', 'design', 'development', 'environment', ',', 'and', 'include', '-', 'support', 'for', 'VxWorks', 'development', ',', 'if', 'need', 'cross', 'standard', 'software', 'speciﬁed', 'the', 'development', 'system', '.', 'the']","['O', 'O', 'O', 'O', 'O', 'O', 'O', 'O', 'O', 'O', 'O', 'O', 'O', 'O', 'O', 'O', 'O', 'O', 'O', 'O', 'O', 'O', 'O', 'O', 'O', 'O', 'B-class', 'I-class', 'O', 'O']"
"['.', 'command', 'via', 'directly', 'or', 'program', 'scheduler', 'a', 'via', 'observe', 'direct', 'control', 'of', '(', 'mode', 'read', 'in', 'only', 'they', 'to', 'access', 'for', 'have', 'astronomer', 'observe', 'while', ',', 'mode', 'update', 'in', 'table', 'will', 'example', 'the', 'list', 'of', 'capability', 'the', 'restrict', 'to', 'not', 'be', 'intent', 'the', ',', 'again']","['O', 'O', 'O', 'O', 'O', 'O', 'O', 'O', 'O', 'B-class', 'O', 'O', 'O', 'O', 'O', 'O', 'O', 'O', 'O', 'O', 'O', 'O', 'O', 'I-class', 'B-class', 'O', 'O', 'O', 'O', 'O', 'I-attr', 'O', 'O', 'O', 'O', 'O', 'O', 'O', 'O', 'O', 'O', 'O', 'O', 'O', 'O', 'O']"
"['.', 'staff', 'maintenance', 'by', 'except', 'remove', 'with', 'be', 'able', 'be', 'not', 'shall', 'and', 'set', 'radio', 'to', 'shall', 'indicate', 'Cab', ')', 'all', 'EIRENE', 'mobile', 'equipment', 'shall', 'comply', 'with', 'all', 'environmental', ',', 'EMC', 'and', 'physical', 'specification', 'i', '(']","['O', 'I-class', 'B-class', 'O', 'O', 'O', 'O', 'O', 'O', 'O', 'O', 'O', 'O', 'I-class', 'B-class', 'O', 'O', 'O', 'B-class', 'O', 'O', 'O', 'B-class', 'I-class', 'O', 'O', 'O', 'O', 'O', 'O', 'O', 'O', 'O', 'O', 'O', 'O']"
"['resource', '(', 'those', 'that', 'can', 'support', 'the', ';', 'system', 'not', 'and', 'codify', 'common', 'task', '.', 'the']","['O', 'O', 'O', 'O', 'O', 'O', 'O', 'O', 'B-class', 'O', 'O', 'O', 'O', 'O', 'O', 'O']"
"['do', 'not', 'include', 'time', 'to', '5', 'start', 'up', 'the', 'telescope', 'or', 'instrument', ';', 'warm', 'start', '-', 'about', 'take', 'should', ';', 'cold', 'start', '-', 'up', ',', 'start', 'the', 'system', 'from', 'scratch', '(', 'include', 'time', 'to', 'download', 'all', 'software', ')', 'level', 'stamp', ',', 'to', 'Section', '4.1', 'on', 'page', '4', '-', '1', ';', ',', 'Error', '.', 'there']","['O', 'O', 'O', 'O', 'O', 'O', 'O', 'O', 'O', 'B-class', 'O', 'B-class', 'O', 'O', 'O', 'O', 'O', 'O', 'O', 'O', 'O', 'O', 'O', 'O', 'O', 'O', 'O', 'B-class', 'O', 'O', 'O', 'O', 'O', 'O', 'O', 'O', 'O', 'O', 'B-class', 'I-attr', 'O', 'O', 'O', 'O', 'O', 'O', 'O', 'O', 'O', 'O', 'O', 'O', 'O', 'O']"
"['en', 'may', 'railway']","['O', 'O', 'O']"
"['.', 'require', 'if', 'claim', 'the', 'amend', 'information', '/', 'can', 'user', 'authorized', 'the']","['O', 'O', 'O', 'B-class', 'O', 'O', 'O', 'O', 'O', 'B-class', 'B-attr', 'O']"
"['.', 'planning', 'science', 'during', 'not', 'simple', 'provide', 'mode', 'the', 'be', 'level', 'observe', 'the']","['O', 'O', 'O', 'O', 'O', 'O', 'O', 'O', 'O', 'O', 'O', 'O', 'O']"
"['date', 'of', 'distribution', 'will', 'be', 'current', '(', 'system', ')', 'date', '.', 'but']","['B-attr', 'I-attr', 'I-attr', 'O', 'O', 'O', 'O', 'O', 'O', 'O', 'O', 'O']"
"['how', 'alternative', 'frame', '-', 'base', 'presentation', ':', 'if', 'frame', 'be', 'to', 'scrolling', 'and', 'its', 'information', '.', 'when']","['B-attr', 'O', 'O', 'O', 'O', 'O', 'O', 'O', 'O', 'O', 'O', 'O', 'O', 'O', 'O', 'O', 'O']"
"['coordination', 'of', 'their', 'operation', ',', 'provide', 'both', 'operation', 'support', 'for', 'individual', 'instrument', 'and', 'supervision', 'for', 'all', 'of', 'they', '.', 'support', 'transmission', 'for', 'use', 'hierarchical', 'nature', 'of', 'the', 'system', 'can', 'lead', 'to', 'the', 'testing', 'maintenance', 'problem', '.', 'the']","['O', 'O', 'O', 'O', 'O', 'O', 'O', 'O', 'O', 'O', 'B-class', 'I-class', 'O', 'O', 'O', 'O', 'O', 'O', 'O', 'O', 'O', 'O', 'O', 'O', 'O', 'O', 'O', 'B-class', 'O', 'O', 'O', 'O', 'O', 'O', 'O', 'O', 'O']"
"['en', '301', '515', '-', 'set', 'the', 'send', 'en', '301', '515', ',', 'Index', '[', '4', 'with', ']', '.', '(']","['O', 'O', 'O', 'I-class', 'B-class', 'O', 'O', 'O', 'O', 'O', 'O', 'O', 'O', 'O', 'O', 'O', 'O', 'O']"
"['user', 'make', 'font', 'and', 'font', 'menu', 'content', ';', 'layout', 'of', 'screen', ';', 'use', 'of', 'function', 'key', ';', 'on', '-', 'screen', 'colour', ',', 'interface', '-', 'of', 'system', 'ICT', 'accessibility', '.', 'application']","['O', 'O', 'O', 'O', 'O', 'O', 'O', 'O', 'O', 'O', 'O', 'O', 'O', 'O', 'O', 'O', 'O', 'O', 'O', 'O', 'O', 'O', 'O', 'O', 'O', 'O', 'O', 'O', 'O', 'O']"
"['.', 'show', 'continually', 'on', 'the', 'DMI', 'but', 'may', 'be', 'show', 'momentarily', 'when', 'select', 'by', 'the', 'driver', 'Shunting', 'be', 'be', 'or', 'signal', 'transfer', 'to', 'Full', 'Supervision', 'shall', 'stop', 'occur', 'when', 'a', 'movement', 'authority', 'and', 'all', 'automatically', 'a', 'pass', 'when', 'when', 'Full', 'Supervision', 'be', 'available', '.', 'it']","['O', 'O', 'O', 'O', 'O', 'B-class', 'O', 'O', 'O', 'O', 'O', 'O', 'O', 'O', 'O', 'B-class', 'B-class', 'O', 'O', 'O', 'I-class', 'O', 'O', 'B-class', 'I-class', 'O', 'B-class', 'O', 'O', 'O', 'B-class', 'I-class', 'O', 'O', 'O', 'O', 'O', 'O', 'O', 'B-class', 'I-class', 'O', 'O', 'O', 'O']"
"['base', '.', 'and', '4', 'Version', 'Communicator', 'Netscape', ',', '7', '5', 'and', 'system', 'Slackware', 'Corporation', 'Yoggie', 'the', 'by', 'design', 'be', 'system', 'with', 'operating', '.', 'Server', 'Web', 'Apache', 'and', '2.6', 'Linux', 'the']","['O', 'O', 'O', 'O', 'O', 'O', 'O', 'O', 'O', 'O', 'O', 'O', 'O', 'O', 'O', 'O', 'O', 'O', 'O', 'O', 'O', 'O', 'O', 'O', 'O', 'O', 'O', 'O', 'O', 'O']"
"['.', 'sample', '/', 'specimens', 'of', 'group', 'sample', 'organization', '’s', 'contact', '.', 'request', 'test', 'laboratory', 'original', 'the', 'to', ')', 'result(s', 'the', 'link', 'and', ')', 'result(s', 'laboratory', 'store', 'to', 'able', 'be', 'More']","['O', 'B-class', 'O', 'I-class', 'I-class', 'B-class', 'B-class', 'I-class', 'O', 'B-attr', 'O', 'I-class', 'I-class', 'B-class', 'O', 'O', 'O', 'I-class', 'B-class', 'O', 'O', 'O', 'I-class', 'I-class', 'I-class', 'B-class', 'O', 'O', 'O', 'O']"
"['access', 'IOC', 'the', 'this', 'appear', '(', 'for', 'maintenance', 'purpose', ')', 'to', 'have', 'it', 'advantage', 'conform', 'the', 'requirement', 'of', 'Gemini', 'software', ';', 'installation', 'system', 'to', 'an', 'obviously', 'be', 'as', 'part', 'of', 'the', 'electronic', '.', 'although']","['O', 'O', 'O', 'O', 'O', 'O', 'O', 'O', 'O', 'O', 'O', 'O', 'O', 'O', 'O', 'O', 'O', 'O', 'O', 'O', 'O', 'O', 'O', 'O', 'O', 'O', 'O', 'O', 'O', 'O', 'O', 'O', 'O', 'O']"
"['of', 'these', 'with', 'standard', 'be', 'find', 'in', 'the', 'Software', 'Programming', 'Standards', 'document', 'can', ',', 'VxWorks', 'be', 'operating', 'system', 'be', 'Unix', ',', 'currently', 'baseline', 'as', 'Solaris', '2.3', 'or', 'above', '.', 'the']","['O', 'O', 'O', 'O', 'O', 'O', 'O', 'O', 'O', 'O', 'O', 'O', 'O', 'O', 'O', 'O', 'O', 'O', 'O', 'O', 'O', 'O', 'O', 'O', 'O', 'O', 'O', 'O', 'O', 'O']"
['['],['O']
"['which', ',', 'software', 'm', 'Telescopes', 'subsystem', ',', 'such', 'as', 'adaptive', 'optic', ',', 'may', 'require', 'their', 'own', 'special', 'on', '-', 'line', 'pixel', 'processing', 'Gemini', 'interface', 'any', 'have', 'effect', 'so', 'the', 'observer', 'can', 'make', 'decision', 'about', 'observatory', 'far', 'action', ')', '.', 'this']","['O', 'O', 'I-class', 'O', 'O', 'B-class', 'O', 'O', 'O', 'B-class', 'I-class', 'O', 'O', 'O', 'O', 'O', 'O', 'B-class', 'I-class', 'I-class', 'I-class', 'I-class', 'O', 'O', 'O', 'O', 'O', 'O', 'O', 'O', 'O', 'O', 'O', 'O', 'O', 'O', 'O', 'O', 'O', 'O']"
"['it', 'en', '515', ',', 'Index', '[', '4', ']', '&', '301', 'the', 'receive', '3', 'the', 'discomfort', 'cause', 'by', 'the', 'DTMF', 'tone', 'add', 'in', 'the', 'voice', 'channel', ',', 'the', 'duration', 'minimise', 'to', 'order', 'in', '-', 'digit', 'sequence', '""', '*', '*', '*', 'the', '""', 'via', 'dtmf', 'signal', '.', '(']","['O', 'O', 'O', 'O', 'O', 'O', 'O', 'O', 'O', 'O', 'O', 'O', 'B-attr', 'O', 'O', 'O', 'O', 'O', 'B-class', 'I-class', 'O', 'O', 'O', 'B-class', 'I-class', 'O', 'O', 'B-attr', 'O', 'O', 'O', 'O', 'I-attr', 'I-attr', 'I-attr', 'O', 'O', 'O', 'O', 'O', 'O', 'O', 'B-class', 'I-class', 'O', 'O']"
"['.', 'video', 'any', 'host', 'not', 'will', 'system', 'our']","['O', 'B-class', 'O', 'O', 'O', 'O', 'B-class', 'O']"
"['use', 'follow', 'to', 'be', 'be', 'use', 'and', 'with', 'appropriate', 'interface', 'guideline', 'the', 'System', 'must', 'provide', 'End', 'User', 'and', 'Administrator', 'function', 'which', 'easy', ',', 'the', ',', 'FRS', ')', 'report', 'provide', 'the', 'detailed', 'description', '(', 'of', 'functionality', 'require', 'for', 'the', 'first', 'version', 'of', 'the', 'Specifications', 'Requirements', 'Functional', 'provide', 'to', 'extensible', 'be', 'should', 'system', 'the']","['O', 'O', 'O', 'O', 'O', 'O', 'O', 'O', 'O', 'O', 'O', 'O', 'O', 'O', 'O', 'B-class', 'I-class', 'O', 'O', 'O', 'O', 'O', 'O', 'O', 'O', 'O', 'O', 'O', 'O', 'O', 'O', 'O', 'O', 'O', 'O', 'O', 'O', 'O', 'O', 'O', 'O', 'O', 'O', 'O', 'O', 'O', 'O', 'O', 'O', 'O', 'O', 'O']"
"['while', 'represent', 'asynchronous', 'failure', '.', 'note']","['O', 'O', 'B-class', 'I-class', 'O', 'O']"
"['.', 'system', 'the', 'with', 'session', ';', 'cookie', 'system', 'Person', 'Sales']","['O', 'O', 'O', 'O', 'O', 'O', 'O', 'O', 'I-attr', 'B-attr']"
"['.', 'element', 'MS', '-', 'EIRENE', 'different', 'the', 'between', 'interface', 'of', 'GSM', '-', 'MT', 'air', '2', ';', ')', 'M', '(']","['O', 'I-class', 'I-class', 'I-class', 'B-class', 'O', 'O', 'O', 'B-class', 'O', 'B-class', 'I-class', 'I-class', 'I-class', 'O', 'O', 'O', 'O', 'O']"
"['trainborne', 'equipment', 'shall', 'remain', 'authority', 'train', 'control', 'system', 'shall', 'be', 'capable', 'to', 'switch', 'to', 'onboard', 'another', 'status', 'when', 'transmit', 'from', 'trackside', 'the']","['B-class', 'I-class', 'O', 'O', 'I-class', 'I-class', 'I-class', 'I-class', 'O', 'O', 'O', 'O', 'O', 'O', 'B-class', 'O', 'I-attr', 'O', 'O', 'O', 'B-class', 'O']"
"['plan', 'will', 'the', 'will', 'issue', 'these']","['O', 'O', 'O', 'O', 'O', 'O']"
"['network', 'concept', 'may', 'be', 'preferable', 'as', 'they', 'offer', 'intrinsic', 'redundancy', '(', 'e.g.', 'double', 'loop', ')', 'of', 'access', 'part', ')', 'on', 'the', 'use', 'of', 'standard', 'communication', 'protocol', ',', 'where', 'retry', 'procedure', 'be', 'apply', '(', 'a', 'form', 'of', 'software', 'redundancy', 'as', 'to', 'save', 'and', '2', ')', 'per', 'night', ',', 'when', 'sky', 'condition', '(', 'change', 'it']","['O', 'O', 'O', 'O', 'O', 'O', 'O', 'O', 'O', 'O', 'O', 'O', 'O', 'O', 'O', 'O', 'B-attr', 'O', 'O', 'O', 'O', 'O', 'O', 'O', 'O', 'O', 'O', 'O', 'O', 'O', 'O', 'O', 'O', 'O', 'O', 'O', 'O', 'O', 'O', 'O', 'O', 'O', 'O', 'O', 'O', 'O', 'O', 'O', 'O', 'O', 'O', 'O', 'O']"
"['.', 'suitably', 'equip', 'remote', 'site', '.', 'flexible']","['O', 'O', 'O', 'B-class', 'I-class', 'O', 'O']"
"['synchronization', 'an', 'need', 'a', '.', 'this']","['O', 'O', 'O', 'O', 'O', 'O']"
"['account', 'Administrator']","['B-class', 'B-class']"
"['.', 'system', 'the', 'of', 'level', 'upper', 'the', 'from', 'command', 'be', 'functionality', 'other', ';', ')', 'list', 'ﬁlter', 'as', 'such', '(', 'table', 'operation', 'which', 'of', ';', 'datum', 'instrument', 'visitor', 'of', ')', 'archivibility', 'or', 'maintenance', 'can', 'become', 'part', 'more', 'that', 'unlikely', 'be', 'it', 'instrumentation', 'visitor', 'of', 'nature', 'the', 'to', 'due']","['O', 'B-class', 'O', 'O', 'O', 'O', 'O', 'O', 'O', 'O', 'O', 'O', 'O', 'O', 'O', 'O', 'O', 'O', 'O', 'I-attr', 'B-attr', 'O', 'O', 'O', 'I-attr', 'I-attr', 'B-attr', 'O', 'O', 'O', 'O', 'O', 'O', 'O', 'O', 'O', 'O', 'O', 'O', 'O', 'I-class', 'B-class', 'O', 'O', 'O', 'O', 'O']"
"['creation', '–', 'the', 'voucher', 'number', 'be', 'system', 'generate', 'and', 'create', 'entire', 'VSP', 'by', 'agree', 'file', 'office', 'will', 'validate', 'the', 'claim', 'form', 'manually', 'and', 'through', 'system', ',', ';', 'the', 'if', 'of', 'mandatory', 'information', 'be', 'miss', 'or', 'any', 'FALSE', 'information', 'be', 'exist', 'then', 'the', 'any', ';', ',', 'database', 'Lab', 'Test', 'and', 'drug', ')', 'of', 'the', 'patient', 'be', 'call', 'a', 'claim', ',', ';', 'the', 'VSP', 'will', 'submit', 'the', 'claim', 'to', 'VMIU', 'field', 'office', 'to', 'enter', 'those', 'into', 'the', 'field', 'office', 'will', 'reject', 'return', 'the', 'claim', 'with', 'satisfactory', 'detail', ',', 'the', 'claim', 'will', 'be', 'enter', 'on', 'to', 'the', 'system', ',', 'in', 'the', 'following', 'month', '’s', 'batch', ';', 'base', 'on', 'the', 'payment', 'term', 'VSP', 'Client', 'the', ',', 'the', 'claim', 'back', 'to', 'VSP', 'and', 'the', 'system', 'will', 'keep', 'those', 'claim', 'in', 'a', 'quarantine', 'area', ';', 'the', 'quarantine', 'form', 'will', 'be', 'send', 'back', 'to', 'the', 'VSP', 'for', 'verification', 'if', 'stick', ';', 'sale', 'syndrome', 'of', 'urethral', 'discharge', ';', 'abnormal', 'vaginal', 'discharge', ';', 'genital', 'ulcer', ';', 'inguinal', 'the', 'bubo', 'Ophthalmia', 'neonatorum', ';', 'acute', 'scrotal', 'swell', ';', 'Pelvic', 'inflammatory', 'disease', '.', 'in']","['I-class', 'O', 'O', 'B-attr', 'I-attr', 'O', 'O', 'O', 'O', 'O', 'O', 'O', 'O', 'O', 'B-class', 'I-class', 'O', 'O', 'O', 'B-class', 'I-class', 'O', 'O', 'O', 'O', 'O', 'O', 'O', 'O', 'O', 'O', 'O', 'O', 'O', 'O', 'O', 'O', 'O', 'O', 'O', 'O', 'O', 'O', 'O', 'O', 'O', 'B-attr', 'I-attr', 'O', 'B-attr', 'O', 'O', 'O', 'B-class', 'O', 'O', 'O', 'B-class', 'O', 'O', 'O', 'O', 'O', 'O', 'O', 'B-class', 'O', 'O', 'B-class', 'I-class', 'O', 'O', 'O', 'O', 'O', 'B-class', 'I-class', 'O', 'O', 'O', 'O', 'B-class', 'O', 'O', 'B-attr', 'O', 'O', 'B-class', 'O', 'O', 'O', 'O', 'O', 'O', 'B-class', 'O', 'O', 'O', 'O', 'O', 'O', 'O', 'O', 'O', 'O', 'O', 'B-attr', 'I-attr', 'O', 'B-class', 'O', 'O', 'O', 'B-class', 'O', 'O', 'O', 'O', 'O', 'B-class', 'O', 'O', 'O', 'B-class', 'O', 'O', 'O', 'O', 'O', 'O', 'B-attr', 'B-class', 'O', 'O', 'O', 'O', 'O', 'O', 'O', 'O', 'O', 'O', 'O', 'O', 'I-class', 'O', 'O', 'O', 'O', 'O', 'O', 'O', 'O', 'O', 'O', 'O', 'O', 'O', 'O', 'O', 'O', 'O', 'O', 'O', 'O', 'O', 'O', 'O', 'O', 'O', 'O', 'O']"
"['en', '301', 'd', 'be', '3', 'digit', 'of', 'each', 'tone', '(', 'see', '3.8.2', 'and', '3.8.4', ')', 'add', 'in', 'the', 'voice', 'channel', ',', 'duration', 'the', ')', 'M', 'sequence', '""', '#', '*', '*', '""', 'transmit', '-', 'via', 'from', 'all', 'the', 'talking', 'controllers4', '.', '(']","['O', 'O', 'B-attr', 'O', 'B-class', 'I-class', 'O', 'O', 'B-class', 'O', 'O', 'O', 'O', 'O', 'O', 'O', 'O', 'O', 'B-class', 'I-class', 'O', 'B-attr', 'O', 'O', 'O', 'I-class', 'O', 'O', 'O', 'O', 'O', 'O', 'I-class', 'O', 'O', 'O', 'O', 'O', 'B-class', 'O', 'O']"
"['.', ')', 'Pachon', 'Cerro', 'on', 'construct', 'on', 'be', 'support', 'no', 'assume', '(', 'Chile', 'in', 'Tololo', 'Cerro', 'and', 'Kea', 'facility', 'to', 'not', 'telescope', 'a', 'between', 'different', 'the', 'understand', 'not', 'do', 'I']","['O', 'O', 'O', 'O', 'O', 'O', 'O', 'O', 'O', 'O', 'O', 'O', 'O', 'O', 'O', 'O', 'O', 'O', 'O', 'O', 'O', 'O', 'O', 'O', 'O', 'O', 'O', 'O', 'O', 'O']"
"['.', 'result', 'laboratory', 'about', 'datum', 'store', 'date', 'e.g.', 'and', ',', 'sample', '/', 'speciman', 'the', 'of', 'testing', 'the', 'in', 'involve', 'organization', 'each', 'for', 'datum', ',', ')', 'LOINC', '(', 'type', 'test', 'time', 'must', 'sample', 'record', 'system']","['O', 'I-class', 'B-class', 'O', 'B-attr', 'O', 'I-attr', 'O', 'I-attr', 'O', 'B-class', 'O', 'B-class', 'O', 'O', 'O', 'O', 'O', 'O', 'B-class', 'O', 'O', 'B-attr', 'O', 'O', 'O', 'O', 'I-attr', 'B-attr', 'I-attr', 'O', 'I-class', 'I-class', 'B-class']"
"['should', 'track', 'the', 'family', ',', 'e.g.', '(', 'person', '-', 'to', '-', 'person', ',', 'example', 'for']","['O', 'O', 'O', 'O', 'O', 'O', 'O', 'O', 'O', 'O', 'O', 'O', 'O', 'O', 'O']"
"['.', 'system', 'Telescopes', 'm', '8', 'Gemini', 'the', 'directly', 'Telescopes', 'derive', 'this']","['O', 'O', 'O', 'O', 'O', 'O', 'O', 'O', 'O', 'O', 'O']"
"['voucher', 'should', 'have', 'the', 'follow', 'property', 'be', 'form', 'claim', 'with', ')', 'the', 'voucher', '.', 'then']","['B-class', 'O', 'O', 'O', 'O', 'O', 'O', 'I-class', 'B-class', 'O', 'O', 'O', 'B-class', 'O', 'O']"
"['i', ')', 'standardised', 'interface', 'address', 'protocol', 'to', 'be', 'provide', 'to', 'allow', 'application', 'external', 'be', 'be', ';', ';', 'be', 'require', 'some', 'of', 'which', 'have', 'be', 'incorporate', 'in', 'the', 'GSM', 'Standard', '.', 'the']","['O', 'O', 'O', 'O', 'O', 'O', 'O', 'O', 'O', 'O', 'O', 'O', 'O', 'O', 'O', 'O', 'O', 'O', 'O', 'O', 'O', 'O', 'O', 'O', 'O', 'O', 'O', 'B-class', 'I-class', 'O', 'O']"
"['save', 'game', 'that', 'display', 'statistic', 'player', 'the']","['O', 'B-class', 'O', 'O', 'I-attr', 'B-attr', 'O']"
"[':', '/', 'a', 'can', 'be', 'make', 'to', 'process', 'a', 'record', 'periodically', 'request', 'I', ',', 'Event', 'the', 'mechanism', 'for', 'decide', 'when', 'to', 'process', 'a', 'record', '.', 'four']","['O', 'O', 'O', 'O', 'O', 'O', 'O', 'O', 'O', 'B-class', 'O', 'B-class', 'O', 'O', 'O', 'O', 'O', 'O', 'O', 'O', 'O', 'O', 'O', 'B-class', 'O', 'O']"
"['shall', 'provide', 'the', 'driver', 'with', 'information', 'movement', '.', 'if']","['O', 'O', 'O', 'B-class', 'O', 'O', 'I-class', 'O', 'O']"
"['.', 'checkout', 'after', 'order', 'be', 'the', 'to', 'able', 'be', 'will', 'customer', '3.1.2', 'as', 'confirm', 'same']","['O', 'O', 'O', 'B-class', 'O', 'O', 'O', 'O', 'O', 'O', 'B-class', 'O', 'O', 'O', 'O']"
"['investigation', 'for', 'be', 'drive', '.', 'standardise']","['B-class', 'O', 'O', 'O', 'O', 'B-class']"
"['System', 'Weborder', ';', 'Administrator']","['O', 'O', 'O', 'B-class']"
"['the', 'date', 'of', 'sale', 'can', 'be', 'the', 'past', 'date', '.', 'there']","['O', 'B-attr', 'I-attr', 'I-attr', 'O', 'O', 'O', 'O', 'O', 'O', 'O']"
"['can', 'be', 'more', 'appropriate', 'when', 'user', 'want', 'to', 'page', 'use', 'with', 'care', 'color']","['O', 'O', 'O', 'O', 'O', 'O', 'O', 'O', 'O', 'O', 'O', 'O', 'O']"
"['shall', 'be', 'possible', 'to', 'implement', '.', 'one', 'more', 'of', 'the', 'ETCS', 'application', 'level', 'or', 'ETCS', 'onboard', 'with', 'system', '.', 'Onboard']","['O', 'O', 'O', 'O', 'O', 'O', 'O', 'O', 'O', 'O', 'B-class', 'I-class', 'I-class', 'O', 'I-class', 'B-class', 'O', 'I-class', 'O', 'B-class']"
"['.', 'investigation', 'an', 'of', 'course', 'the', 'during', 'create', 'and', 'define', 'be', 'to', 'object', 'system', 'new', 'support', 'be', 'entity', 'appropriate', 'all', 'between', 'link', 'traceable', 'create', 'to', 'and', 'exposure', 'and', 'case', 'to', 'relate', 'datum', 'collect', 'to', 'ability', 'the', 'OM', 'for', 'allow', 'also', ',', 'relationship', ',', 'exposure', ',', 'investigation', ',', 'contact', ',', 'case', 'to', 'relate', 'datum', 'capture', 'and', ',', 'event', 'health', 'of', 'clinical', 'and', 'environmental', 'specimen', 'should', 'application', 'the']","['O', 'B-class', 'O', 'O', 'O', 'O', 'O', 'O', 'O', 'O', 'O', 'O', 'B-class', 'B-class', 'O', 'O', 'O', 'B-class', 'O', 'O', 'O', 'I-class', 'B-class', 'O', 'O', 'O', 'B-class', 'O', 'B-class', 'O', 'O', 'O', 'O', 'O', 'O', 'O', 'O', 'O', 'O', 'O', 'O', 'B-class', 'O', 'B-class', 'O', 'B-class', 'O', 'B-class', 'O', 'O', 'B-class', 'O', 'O', 'O', 'O', 'O', 'I-class', 'B-class', 'O', 'B-class', 'I-class', 'I-class', 'I-class', 'O', 'O', 'O']"
"['.', 'event', 'health', 'a', 'in', 'involve', 'object', 'or', 'being', 'any', 'be', 'entity', ',', 'organization', ',', 'location', 'datum', 'specific', 'require', 'entity', 'of', 'type', 'each']","['O', 'I-class', 'B-class', 'O', 'O', 'O', 'O', 'O', 'O', 'O', 'O', 'B-class', 'O', 'B-class', 'O', 'B-class', 'B-attr', 'O', 'O', 'B-class', 'O', 'B-attr', 'O']"
"['or', 'to', 'from', 'the', 'driver', 'ETCS']","['O', 'O', 'O', 'O', 'B-class', 'B-class']"
"['special', 'function', 'train', 'have', 'already', 'be', 're', '-', 'establish', '.', 'when']","['B-class', 'I-class', 'B-class', 'O', 'O', 'O', 'O', 'O', 'O', 'O', 'O']"
"['.', 'diagnosis', 'and', ',', 'conﬁguration', ')', '-', 'site', '.', 'be', 'should', 'operation', 'such', 'restrict', 'to', 'use', 'method', 'independent', 'the']","['O', 'O', 'O', 'O', 'O', 'O', 'O', 'O', 'O', 'O', 'O', 'O', 'O', 'O', 'O', 'O', 'O', 'O', 'O']"
"[',', 'driver', 'train', 'of', '.', 'the']","['O', 'I-class', 'B-class', 'O', 'O', 'O']"
"['or', 'laboratory', 'test', 'to', 'transfer', 'be', 'that', 'sample', '/', 'specimen', 'of', 'shipment', 'batch', 'about', 'information']","['O', 'I-class', 'B-class', 'O', 'O', 'O', 'O', 'B-class', 'O', 'B-class', 'O', 'I-class', 'B-class', 'O', 'O']"
"['C', 'ON', '/', 'off', 'request', 'when', 'a', 'request', 'to', 'turn', 'on', 'or', 'off', '/', 'a', 'the', 'shall', 'of', 'the', 'thermostat', 'that', 'make', 'the', 'request', ',', 'a', 'designation', 'of', 'the', 'heating', 'control', 'or', 'unit', 'that', 'be', 'not', 'turn', 'on', '.', 'System']","['O', 'O', 'O', 'O', 'O', 'O', 'O', 'B-class', 'O', 'O', 'O', 'O', 'O', 'O', 'O', 'O', 'O', 'O', 'O', 'B-class', 'O', 'O', 'O', 'B-class', 'O', 'O', 'B-attr', 'O', 'O', 'B-class', 'O', 'I-class', 'I-class', 'O', 'O', 'O', 'O', 'O', 'O', 'O']"
"['.', 'they', 'use', 'should', 'OM', 'support', 'be', 'this']","['O', 'O', 'O', 'O', 'O', 'O', 'O', 'O']"
"['deﬁne', '/', 'IP', 'communication', 'protocol', 'over', 'LAN', ""'s"", 'and', 'TCP', 'the', ';', 'the', 'communication', 'software', 'must', 'support', 'the', 'standard', 'WAN', 'DARPA', 'the', 'use', 'in', 'the', 'Gemini', 'Conﬁguration', 'Control', 'Plan', '.', 'the']","['O', 'O', 'O', 'O', 'O', 'O', 'O', 'O', 'O', 'O', 'O', 'O', 'O', 'O', 'O', 'O', 'O', 'O', 'O', 'O', 'O', 'O', 'O', 'O', 'O', 'O', 'O', 'O', 'O', 'O', 'O']"
"['tag', 'in', 'Registry', 'and', 'decide', 'what', 'addition', '/', 'to', 'as', 'an', 'element', 'wish', 'to', 'limit', 'the', 'proliferation', 'of', 'tag', ',', 'so', 'we', 'strongly', 'urge', 'folk', 'to', 'use', 'xml_attribute', 'sparingly', 'we']","['B-class', 'O', 'B-class', 'O', 'O', 'O', 'O', 'O', 'O', 'O', 'O', 'O', 'O', 'O', 'O', 'O', 'O', 'O', 'O', 'O', 'O', 'O', 'O', 'O', 'O', 'O', 'O', 'O', 'O', 'O']"
"['user', 'shall', 'be', 'able', 'to', 'create', '/', 'the', 'display', 'shall', 'system', 'an', 'error', 'message', 'if', 'the', 'new', 'user', 'add', 'be', 'active', 'in', 'the', 'Active', 'Directory', '.', 'the']","['B-class', 'O', 'O', 'O', 'O', 'O', 'O', 'O', 'O', 'O', 'B-class', 'O', 'O', 'O', 'O', 'O', 'O', 'B-class', 'O', 'O', 'B-attr', 'O', 'O', 'B-class', 'I-class', 'O', 'O']"
"['.', 'operation', 'conﬁguration', 'and', 'logon', 'simple', 'a', 'with', 'whole', 'quite']","['O', 'O', 'O', 'O', 'O', 'O', 'O', 'O', 'O', 'O']"
"['follow', 'National', 'section', 'acronyms', 'and', 'abbreviation', 'and', 'their', 'meaning', 'as', 'use', 'in', 'this', 'document', ':', 'ANSI', 'list', 'Lower', 'as', 'interp', 'THEMAS', ')', '.', 'it']","['O', 'O', 'O', 'O', 'O', 'O', 'O', 'O', 'O', 'O', 'O', 'O', 'O', 'O', 'O', 'O', 'O', 'O', 'O', 'O', 'O', 'O', 'O', 'O']"
"['.', 'area', 'preparedness', 'other', 'PHIN', 'and', ')', 'EED', '(', 'detection', 'event', 'early', ',', 'surveillance', 'support', ',', 'system']","['O', 'O', 'O', 'O', 'O', 'O', 'O', 'O', 'O', 'O', 'O', 'O', 'O', 'O', 'O', 'O', 'B-class']"
"['handover', 'success', 'rate', 'should', 'i', 'be', 'and', 'and', 'specified', 'coverage', 'probability', 'mean', 'that', 'with', 'a', 'probability', 'value', 'of', 'at', 'least', '95', '%', 'in', 'the', ':', '1', 'Note', 'to', 'operate', 'in', 'a', 'network', 'meet', 'the', 'each', 'criterion', '3.2.2', 'and', '3.2.3', '.', '(']","['B-attr', 'I-attr', 'I-attr', 'O', 'O', 'O', 'O', 'O', 'O', 'B-attr', 'I-attr', 'O', 'O', 'O', 'O', 'B-attr', 'I-attr', 'O', 'O', 'O', 'O', 'O', 'O', 'O', 'O', 'O', 'O', 'O', 'O', 'O', 'O', 'O', 'O', 'O', 'O', 'O', 'O', 'O', 'O', 'O', 'O']"
"['not', 'the', 'system', 'will', 'not', 'particular', 'accept', 'detail', 'return', 'sale', 'Return', 'Date', '–', 'system', 'date', 'be', 'default', 'and', 'it', 'voucher', 'should', 'less', 'than', 'or', 'equal', 'to', 'system', 'date', '.', 'while']","['O', 'O', 'B-class', 'O', 'O', 'O', 'O', 'I-attr', 'B-attr', 'B-attr', 'I-attr', 'I-attr', 'O', 'O', 'O', 'O', 'O', 'O', 'O', 'I-attr', 'O', 'O', 'O', 'O', 'O', 'O', 'O', 'O', 'O', 'O']"
"[',', 'we', 'urge', 'submitter', 'to', 'include', 'enough', 'expressive', 'term', 'so', 'number', ',', 'a', 'search', 'Registry', 'will', 'not', 'have', 'keyword', ',', 'thesaurus', ',', 'or', 'ontology', 'support', 'but', 'it', 'will', 'have', 'a', 'substre', 'for', 'COE', 'the', 'attribute', 'attribute', ')', 'for', 'the', 'entity', 'CTRY', '.', 'in']","['O', 'O', 'O', 'O', 'O', 'O', 'O', 'O', 'O', 'O', 'O', 'O', 'O', 'O', 'B-class', 'O', 'O', 'O', 'B-attr', 'O', 'B-attr', 'O', 'O', 'B-attr', 'O', 'O', 'O', 'O', 'O', 'O', 'O', 'O', 'O', 'O', 'O', 'O', 'O', 'O', 'O', 'B-class', 'O', 'O', 'O']"
"['train', 'may', ';', 'proceed', 'to', 'the', 'end', 'of', 'its', 'movement', 'unrestricted', 'DMI', 'the', 'on', 'trainborne', 'equipment', 'shall', 'immediately', 'command', 'the', 'full', 'service', 'brake', '.', 'the']","['B-class', 'O', 'O', 'O', 'O', 'O', 'O', 'O', 'O', 'B-class', 'O', 'B-class', 'O', 'O', 'I-class', 'I-class', 'O', 'O', 'O', 'O', 'B-class', 'I-class', 'I-class', 'O', 'O']"
"['.', '""', 'ﬁlter', 'identical', 'with', 'be', 'sky', 'of', 'part', 'similar', 'in', 'observation', 'up', 'pick', 'to', 'the', 'a', 'superset', 'of', 'to', 'difﬁcult', 'currently', 'be', 'scheduler', 'a', 'such', 'implement', 'of', 'cost', 'the', 'as']","['O', 'O', 'O', 'O', 'O', 'O', 'O', 'O', 'O', 'O', 'O', 'B-class', 'O', 'O', 'O', 'O', 'O', 'O', 'O', 'O', 'O', 'O', 'O', 'O', 'O', 'O', 'O', 'O', 'O', 'O', 'O']"
"['operator', 'instrument', 'and', ',', 'telescope', 'Telescopes']","['O', 'O', 'O', 'O', 'O', 'O']"
"['any', 'give', 'record', 'support', 'module', ',', 'device', 'support', 'module', ',', 'or', 'driver', 'could', 'be', 'some', 'package', 'aspect', 'epics', 'epics', 'work', 'require', 'can', 'be', 'break', 'down', 'into', 'the', 'several', 'category', 'which', 'reﬂect', 'the', 'nature', 'of', 'the', 'various', 'broad', 'of', 'detail', 'the']","['O', 'O', 'B-class', 'I-class', 'I-class', 'O', 'B-class', 'I-class', 'I-class', 'O', 'O', 'B-class', 'O', 'O', 'O', 'O', 'O', 'O', 'O', 'O', 'O', 'O', 'O', 'O', 'O', 'O', 'O', 'O', 'O', 'O', 'O', 'O', 'O', 'O', 'O', 'O', 'O', 'O', 'O', 'O']"
"['override', 'this', 'function', 'the', 'be', 'emergency', 'shall', 'be', 'apply', 'until', 'the', 'traction', 'unit', 'shall', 'be', '.', 'when']","['O', 'O', 'B-class', 'O', 'O', 'B-class', 'O', 'O', 'O', 'O', 'O', 'B-class', 'I-class', 'O', 'O', 'O', 'O']"
"['determine', 'above', ',', 'nine', 'different', 'function', 'block', 'have', 'be', 'identify', 'and', 'the', 'detailed', 'functionality', 'of', 'each', 'block', 'be', '.', 'the']","['O', 'O', 'O', 'O', 'O', 'O', 'O', 'O', 'O', 'O', 'O', 'O', 'O', 'O', 'O', 'O', 'O', 'O', 'O', 'O']"
"['""', '!', 'win', 'you', '""', ':', 'text', 'follow', 'the', 'a', 'contain', 'Window', 'Finish', 'simple', 'the']","['O', 'O', 'O', 'O', 'O', 'O', 'B-attr', 'O', 'O', 'O', 'O', 'I-class', 'I-class', 'B-class', 'O']"
"['.', 'available', 'bandwidth', 'link', 'the', 'telescope', 'on', ',', 'course', 'of', ',', 'depend', 'reproduce', 'be', 'can', 'largely', 'at', 'other', 'OBSERVING', 'be', 'can', 'observe', 'remote', ',', 'bandwidth', 'limited', 'very', 'with', 'even', ',', 'that', ',', 'however', ',', 'show', 'observatory', 'requirement', 'MODE', ',', 'condition', 'the', '8', 'm', '8', 'Gemini', 'the', 'to', 'command', 'submit', 'to', 'Telescopes', 'interface', 'remote', 'a', 'use', 'will', 'they', 'case', 'last', 'the', 'User', 'scheduler', 'at', 'the', 'that', 'of', 'duplicate', 'a', 'as', 'appear', 'screen', ""'s"", 'monitor', 'the', 'mode', 'this', 'in']","['O', 'O', 'O', 'O', 'O', 'O', 'O', 'O', 'O', 'O', 'O', 'O', 'O', 'O', 'O', 'O', 'O', 'O', 'O', 'O', 'O', 'O', 'O', 'O', 'O', 'O', 'O', 'O', 'O', 'O', 'O', 'O', 'O', 'O', 'O', 'O', 'O', 'O', 'O', 'O', 'O', 'O', 'O', 'O', 'O', 'O', 'O', 'O', 'O', 'O', 'O', 'O', 'O', 'O', 'O', 'O', 'O', 'O', 'O', 'O', 'O', 'O', 'O', 'O', 'O', 'O', 'O', 'O', 'O', 'O', 'O', 'O', 'O', 'O', 'B-attr', 'O', 'O']"
"['access', 'Generation', 'schema', 'Environment', 'Operating', 'Common', ')', 'DII', '(', 'Infrastructure', 'Information', 'Defense', 'the', 'of', 'area', 'functional', ')', 'XS', '(', 'Services', '(', ',', 'COE', '.', 'XML', 'of', 'design', ',', ')', 'structure', 'and', 'tag', '(', 'term', 'of', 'Registration', 'include', 'area', 'functional', 'XS', 'the']","['O', 'O', 'O', 'O', 'O', 'O', 'O', 'O', 'O', 'O', 'O', 'O', 'O', 'O', 'O', 'O', 'O', 'O', 'O', 'O', 'O', 'O', 'O', 'O', 'O', 'O', 'O', 'O', 'O', 'O', 'O', 'O', 'O', 'O', 'O', 'O', 'O', 'O', 'O', 'O', 'O']"
"['will', 'be', 'a', 'provision', 'to', 'select', 'a', 'particular', 'distributor', 'to', 'view', 'the', 'the', 'following', 'at', 'every', 'Deactivate', '(', 'if', 'the', 'distributor', 'have', 'to', 'be', 'deactivate', 'or', 'terminate', ')', '.', 'there']","['O', 'O', 'O', 'O', 'O', 'O', 'O', 'O', 'B-class', 'O', 'O', 'O', 'O', 'O', 'O', 'O', 'O', 'O', 'O', 'O', 'B-class', 'O', 'O', 'O', 'O', 'O', 'O', 'O', 'O', 'O']"
"['the', 'system', 'will', 'VSP', 'option', 'two', 'with', 'a', 'new', 'Service', 'Provider', '.', 'the']","['O', 'B-class', 'O', 'B-class', 'O', 'O', 'O', 'O', 'O', 'B-class', 'I-class', 'O', 'O']"
"['.', 'name', 'control', 'to', 'commit', 'be', 'may', 'change', 'those', 'before', 'source', 'regression', 'system', 'each', '.', 'specify', 'and', 'define', 'as', 'label', '.', 'use', 'control', 'source', 'of', 'out', 'check', 'code', 'use', 'the']","['O', 'O', 'I-class', 'O', 'O', 'O', 'O', 'O', 'O', 'O', 'B-class', 'O', 'O', 'O', 'O', 'O', 'O', 'O', 'O', 'B-attr', 'O', 'O', 'I-class', 'B-class', 'O', 'O', 'O', 'O', 'O', 'O']"
"['.', 'change', 'validate', 'and', 'in', 'deletion', 'in', '-', '.', 'HTTPS', 'with', 'browser', 'web', 'a', 'via', 'administrator']","['O', 'O', 'O', 'O', 'O', 'O', 'O', 'O', 'O', 'O', 'O', 'O', 'O', 'O', 'O', 'B-class']"
"['and', 'procedure', 'for', 'communicate', 'information', 'to', 'appropriate', 'stakeholder', '(', 'e.g.', ',', 'state', 'and', 'federal', 'emergency', 'management', ',', 'at', 'define', 'police']","['O', 'B-class', 'O', 'O', 'O', 'O', 'O', 'B-class', 'O', 'O', 'O', 'O', 'O', 'O', 'O', 'O', 'O', 'O', 'O', 'B-class']"
"['service', ';', 'Use', ')', 'related', 'tag', 'wizard', 'xml', 'document', ';', 'structure', 'service', ';', 'record', 'structure', ';', 'check', 'against', 'standard', '(', 'e.g.', ',', 'style', 'guide', 'for', 'other', 'and', ')', 'conflict', 'with', 'the', 'DOD', 'datum', 'standard', 'convention', 'and', 'establish', 'a', 'relationship', 'to', 'other', 'name', 'convention', ';', 'create', 'in', 'a', 'be', 'not', 'Information', 'Resources', '.', 'manager']","['O', 'O', 'O', 'O', 'O', 'O', 'O', 'B-class', 'I-class', 'O', 'O', 'O', 'O', 'O', 'O', 'O', 'O', 'O', 'O', 'O', 'O', 'O', 'O', 'O', 'O', 'O', 'O', 'O', 'O', 'O', 'O', 'O', 'O', 'O', 'O', 'O', 'O', 'O', 'O', 'O', 'O', 'O', 'O', 'O', 'O', 'O', 'O', 'O', 'O', 'B-class', 'I-class', 'O', 'O']"
"['M', ')', 'of', 'external', 'to', 'immune', 'be', 'be', 'provide', 'in', '[', 'GSM', '05.90', ']', 'electrical', '.', 'i', ')', 'all', 'EIRENE', 'mobile', 'equipment', 'shall', '(']","['O', 'O', 'O', 'O', 'O', 'O', 'O', 'O', 'O', 'O', 'O', 'O', 'O', 'O', 'O', 'O', 'O', 'O', 'O', 'O', 'B-class', 'I-class', 'O', 'O']"
"['selection', 'should', 'be', 'do', 'in', 'this', 'other', 'to', 'interface', 'use', 'typical', 'modularization', 'and', 'standardization', 'technique', '.', 'in']","['O', 'O', 'O', 'O', 'O', 'O', 'O', 'O', 'O', 'O', 'O', 'O', 'O', 'O', 'O', 'O', 'O']"
"['-', 'tolerance', 'and', ';', 'Hz', 'fatal', 'error', 'back', 'to', 'a', 'safe', '""', 'backup', '""', 'state', 'fall', 'require', 'intervention', 'for', 'restart', ';', 'Serious', 'under', 'serious', 'error', 'human', 'system', 'the', ',', 'occur', 'if', 'there', 'be', 'no', 'acceptable', 'recovery', 'procedure', 'that', 'will', 'allow', 'operation', 'to', 'proceed', '.', 'under']","['O', 'O', 'O', 'O', 'O', 'O', 'O', 'O', 'O', 'O', 'O', 'O', 'O', 'O', 'B-class', 'O', 'O', 'O', 'O', 'O', 'O', 'O', 'O', 'O', 'O', 'O', 'O', 'O', 'O', 'O', 'O', 'O', 'O', 'O', 'O', 'O', 'O', 'O', 'O', 'O', 'O', 'O', 'O', 'O', 'O']"
"[',', 'the', 'in', 'software', 'datum', 'structure', 'to', 'support', 'classical', 'observing', 'which', 'have', 'and', 'be', 'and', 'fulﬁlle', 'reason', 'it', 'can', 'only', 'be', 'apply', 'to', 'the', 'Gemini', '8', 'm', 'Telescopes', 'once', 'the', 'classical', 'observe', 'requirement', 'have', 'be', 'to', 'observation', 'be', 'in', 'achieve', 'efﬁcient', 'service', 'observe', ',', 'queue', 'observing', ',', 'to', 'and', 'scheduling', ',', 'it', 'should', 'be', 'possible', 'to', 'carry', 'ﬂexible', 'requirement', 'observe', 'service', 'a', 'system', 'that', 'be', 'only', 'interactive', 'at', 'the', 'start', 'might', 'require', 'considerable', 'redesign', 'to', 'be', 'adapt', 'later', 'to', 'the', 'present', 'perhaps', 'be', 'observing', 'the', 'Gemini', 'staff', 'be', 'responsible', 'for', 'perform', 'the', 'that', 'actual', 'collection', 'for', 'the', 'astronomer', '.', 'a']","['O', 'O', 'O', 'O', 'O', 'O', 'O', 'O', 'O', 'O', 'O', 'O', 'O', 'O', 'O', 'O', 'O', 'O', 'O', 'O', 'O', 'O', 'O', 'O', 'O', 'O', 'O', 'O', 'O', 'O', 'O', 'O', 'O', 'O', 'O', 'O', 'B-class', 'O', 'O', 'O', 'O', 'O', 'O', 'O', 'O', 'O', 'O', 'O', 'O', 'O', 'O', 'O', 'O', 'O', 'O', 'O', 'O', 'O', 'O', 'O', 'O', 'O', 'O', 'O', 'O', 'O', 'O', 'O', 'O', 'O', 'O', 'O', 'O', 'O', 'O', 'O', 'O', 'O', 'O', 'O', 'O', 'O', 'O', 'O', 'O', 'O', 'O', 'O', 'O', 'O', 'O', 'O', 'O', 'O', 'O', 'O', 'O', 'O', 'O', 'O']"
"['.', 'www.cdc.gov/phin', 'at', 'available', ',', 'Measures', 'Performance', 'Key', 'process', 'system']","['O', 'O', 'O', 'O', 'O', 'O', 'O', 'O', 'O', 'B-class']"
"['above', 'detail', 'be', 'the', 'master', 'part', 'and', 'follow', 'be', 'capture', 'as', 'transaction', 'part', 'batch', 'no', ';', 'Voucher', 'no', ';', 'the', ';', 'to', 'system', 'base', 'on', 'Voucher', 'no', ')', ';', 'Partner', 'Treated', '(', 'the', 'Treatment', 'automatically', 'populate', 'from', 'the', 'system', 'base', 'on', 'Voucher', 'No', ')', '(', '.', 'from', 'automatically', 'no', ')', ';', 'Success', 'of', 'Treatment', '(', 'automatically', 'populate', 'from', 'populate', 'the', 'base', 'on', 'Voucher', 'no', ')', ';', 'Referral', 'to', 'Treatment', '(', 'system', 'the']","['O', 'O', 'O', 'O', 'O', 'O', 'O', 'O', 'O', 'O', 'O', 'B-class', 'O', 'B-attr', 'I-attr', 'O', 'B-attr', 'I-attr', 'O', 'O', 'O', 'I-attr', 'B-class', 'O', 'O', 'B-attr', 'I-attr', 'O', 'O', 'B-attr', 'I-attr', 'O', 'O', 'B-class', 'O', 'O', 'O', 'O', 'B-class', 'O', 'O', 'B-attr', 'I-attr', 'O', 'O', 'O', 'O', 'O', 'I-attr', 'O', 'O', 'B-attr', 'I-attr', 'I-attr', 'O', 'O', 'O', 'O', 'O', 'O', 'O', 'O', 'B-attr', 'I-attr', 'O', 'O', 'B-attr', 'I-attr', 'I-attr', 'O', 'B-class', 'O']"
"['possibility', 'have', 'the', 'time', 'for', '""', 'route', 'releasing', 'e.g.', '""', 'the', 'overlap', ',', 'the', 'release', 'speed', 'of', '(', 'time', 'certain', 'will', 'stop', 'before', 'reach', 'the', 'danger', 'point', 'when']","['O', 'O', 'O', 'O', 'O', 'O', 'O', 'O', 'O', 'O', 'O', 'O', 'O', 'O', 'B-class', 'I-class', 'O', 'O', 'O', 'O', 'O', 'O', 'O', 'O', 'O', 'B-attr', 'I-attr', 'O']"
"['4', 'use', 'of', 'GSM', 'infrastructure', '.', 'such']","['O', 'O', 'O', 'B-class', 'I-class', 'O', 'O']"
"['section', 'section', '3.2.5', 'on', 'after', 'page', '-', '5', '.', 'during']","['O', 'O', 'O', 'O', 'O', 'O', 'O', 'O', 'O', 'O']"
"['shall', 'be', 'possible', 'to', 'update', 'all', 'non', 'limited', 'example', '.', 'and', 'with', 'category', 'of', 'user', 'or', 'with', 'the', 'location', 'associate', 'of', 'user', 'station', '(', 'local', 'or', 'remote', ')', '.', 'the', 'privilege', 'implement', 'by', 'protection', 'be', 'also', 'important', 'parameter', 'to', 'deﬁne', 'user', 'operation', '.', 'a']","['O', 'O', 'O', 'O', 'O', 'O', 'O', 'O', 'O', 'O', 'O', 'O', 'O', 'O', 'B-class', 'O', 'O', 'O', 'B-attr', 'O', 'O', 'B-class', 'I-class', 'O', 'O', 'O', 'O', 'O', 'O', 'O', 'B-attr', 'O', 'O', 'B-attr', 'O', 'O', 'O', 'O', 'O', 'O', 'O', 'O', 'O', 'O']"
"['from', 'the', 'component', 'and', 'integration', 'by', 'all', 'the', 'procedure', 'be', 'discuss', 'in', 'Section', '3.2.1', 'on', 'page', '3-', 'already', '3', 'the']","['O', 'O', 'O', 'O', 'O', 'O', 'O', 'O', 'O', 'O', 'O', 'O', 'O', 'O', 'O', 'O', 'O', 'O', 'O', 'O']"
"['be', 'possible', 'the', 'affect', 'monitor', 'should', 'circumstance', 'no', 'under']","['O', 'O', 'O', 'O', 'O', 'O', 'O', 'O', 'O']"
"['.', 'event', 'each', 'for', 'protection', 'than', ',', 'time', 'one', 'necessary', 'be', 'only', 'will', 'element', 'common', 'rather', 'support', 'the', 'well', 'OM', ':', 'Exchange', 'Data', 'and', 'Integration', 'System', '2.5', ';', 'event', 'and', 'entity', 'affected', 'about', 'report', 'individual', 'and', 'aggregate', 'both', 'information', 'produce', 'must', 'exchangeable', 'reporting', 'and', ',', 'confirmation', ',', 'identification', ',', 'investigation', 'the', 'in', 'involve', 'system', 'between', ',', 'standard', 'establish', 'on', 'base', ',', 'be', 'of', 'to', 'enable', ',', 'linkage', 'comprehensive', 'and', 'detailed', 'maintain', ',', 'investigation', 'case', 'support', 'should', 'OM', 'support', 'system', ':', 'Behaviors', 'and', 'Functions', 'System', 'trace', 'investigator', 'contact', 'and', 'should', 'OM', 'support', 'system', ':', 'generation', 'Report', 'and', ',', 'Visualization', ',', 'Analysis', '2.4', ';', 'activity', 'monitoring', 'isolation', 'and', 'quarantine', ',', 'a', 'health', 'event', '2.8', ';', 'define', 'clearly', 'be', 'should', 'OM', 'of', 'aspect', 'all', 'support', 'to', 'necessary', 'responsibility', 'and', ',', 'activity', ',', 'role', 'System', ',', 'Security', 'availability', 'as', ',', 'individual', 'unauthorized', 'by', 'access', 'and', 'corruption', 'from', 'datum', 'of', 'protection', 'the', 'include', 'datum', 'OM', 'of', 'Security', ':', 'and', 'Personnel', ':', 'operation', 'where']","['O', 'B-class', 'O', 'O', 'O', 'O', 'O', 'O', 'O', 'O', 'O', 'O', 'O', 'I-class', 'B-class', 'O', 'O', 'O', 'O', 'O', 'O', 'O', 'O', 'O', 'O', 'O', 'O', 'O', 'B-class', 'O', 'B-class', 'O', 'O', 'B-class', 'O', 'O', 'O', 'O', 'O', 'O', 'O', 'O', 'O', 'O', 'O', 'O', 'O', 'O', 'O', 'O', 'O', 'O', 'O', 'B-class', 'O', 'O', 'O', 'O', 'O', 'O', 'O', 'O', 'O', 'O', 'O', 'O', 'B-class', 'O', 'O', 'O', 'O', 'O', 'I-class', 'B-class', 'O', 'O', 'O', 'O', 'B-class', 'O', 'O', 'O', 'O', 'O', 'O', 'B-class', 'B-class', 'O', 'O', 'O', 'O', 'B-class', 'O', 'O', 'O', 'O', 'O', 'O', 'O', 'O', 'O', 'O', 'I-class', 'I-class', 'I-class', 'I-class', 'B-class', 'O', 'O', 'B-class', 'I-class', 'O', 'O', 'O', 'O', 'O', 'O', 'O', 'O', 'O', 'O', 'O', 'O', 'O', 'B-class', 'O', 'O', 'B-class', 'O', 'B-class', 'O', 'O', 'O', 'O', 'O', 'O', 'B-class', 'B-attr', 'O', 'O', 'O', 'O', 'O', 'O', 'O', 'O', 'O', 'O', 'O', 'O', 'O', 'O', 'O', 'O', 'B-class', 'O', 'O', 'O']"
"['the', 'requirement', 'of', 'this', 'version', 'document', '(', 'M', ')', '=', 'mandatory']","['O', 'O', 'O', 'O', 'O', 'O', 'O', 'O', 'O', 'O', 'O']"
"['.', 'Compliance', 'COE', ';', 'service', 'management', 'datum', ',', 'capability', 'transfer', ',', 'source', 'and', 'type', 'heterogeneous', 'Version', 'that', 'time', '&', ""O'Reilly"", ',', '""', 'Guide', ""'s"", 'Programmer', 'Lewine,""POSIX', '1993.Donald', ',', 'Publishing', 'Electronic', 'House', 'Random', ',', '""', 'NT', 'Associates', 'operation', ',', '1991', '-', 'real', 'the', 'be', 'this', ':', 'Mode', 'environmental', '""', 'xml', 'in', 'namespace', '""', 'Draft', 'Working', 'W3C']","['O', 'O', 'O', 'O', 'O', 'O', 'O', 'O', 'O', 'O', 'O', 'O', 'O', 'O', 'O', 'O', 'O', 'O', 'O', 'O', 'O', 'O', 'O', 'O', 'O', 'O', 'O', 'O', 'O', 'O', 'O', 'O', 'O', 'O', 'O', 'O', 'O', 'O', 'O', 'O', 'O', 'O', 'O', 'O', 'O', 'O', 'O', 'O', 'O', 'O', 'O', 'O', 'O', 'O', 'O']"
"['.', 'Name', 'Measure', 'Code', ';', 'Measure', 'first', ';', 'Syndrome']","['O', 'B-attr', 'B-attr', 'I-attr', 'O', 'B-attr', 'B-attr', 'O', 'B-attr']"
"['std', '830', '-1984', '.', 'section']","['O', 'O', 'O', 'O', 'O']"
"['information', 'on', 'communication', 'requirement', 'for', 'COMMS', 'the', '/', 'ETCS', 'application', 'be', 'provide', 'in', '[', 'ERTMS', ',', 'Index', '[', 'in', '[', 'CEPT', '25', '-', '9', ']', ',', '[', '1999/569', '/', 'EC', ']', 'and', '[', 'define', 'be', 'R', '-', ',', 'Index', '[', '35', ']', ']', '.', 'ecc(02)05', '(']","['O', 'O', 'O', 'O', 'O', 'O', 'O', 'O', 'O', 'O', 'O', 'O', 'O', 'O', 'O', 'O', 'O', 'O', 'O', 'O', 'O', 'O', 'O', 'O', 'O', 'O', 'O', 'O', 'O', 'O', 'O', 'O', 'O', 'O', 'O', 'I-class', 'I-class', 'O', 'O', 'O', 'O', 'O', 'O', 'O', 'O', 'O']"
"['Client', 'Feed', ';', 'Master', 'Man', 'Sales', 'Distributor']","['B-class', 'I-class', 'O', 'O', 'O', 'O', 'B-attr']"
"['.', 'system', 'high', 'aggregate', '-', 'datum', 'be', 'OM', 'support', 'to', 'report', 'and', ',', 'analyze', ',', 'collect', 'be', 'datum', 'the', 'that', 'ensure', 'to', 'necessary', 'be', 'requirement', 'level', 'clearly', 'an', 'upload', 'and', 'share', 'to', 'able', 'be', 'server', 'same', 'the', 'from', 'work', 'application', 'OM', 'of', 'instance', 'all', 'that', 'so', 'synchronize', 'be', 'use', 'to', 'the', 'datum', 'be', 'may', 'that', 'device', 'remote', 'from', 'datum', 'store', 'and', 'record', 'electronically', 'to', 'able', 'be', 'should', 'OM', 'support', 'system']","['O', 'I-class', 'O', 'B-class', 'O', 'O', 'O', 'O', 'O', 'O', 'O', 'O', 'O', 'O', 'O', 'O', 'O', 'B-attr', 'O', 'O', 'O', 'O', 'O', 'O', 'O', 'O', 'O', 'O', 'O', 'O', 'O', 'O', 'O', 'O', 'B-class', 'O', 'O', 'O', 'O', 'I-class', 'B-class', 'O', 'B-class', 'O', 'O', 'O', 'O', 'O', 'O', 'O', 'O', 'B-attr', 'O', 'O', 'O', 'I-class', 'B-class', 'O', 'B-attr', 'O', 'O', 'O', 'O', 'O', 'O', 'O', 'O', 'O', 'O', 'B-class']"
"['.', 'event', 'of', 'investigation', 'case', 'the', 'in', 'assist', 'to', 'collect', 'date', 'be', 'and', 'of', ',', 'datum', 'procedure', ',', 'datum', 'laboratory', ',', 'datum', 'history', 'medical', ',', 'factor', 'risk', ',', 'symptom', 'of', 'type', ',', 'symptom', 'time', 'and', 'must', ')', 'be', 'must', 'there']","['O', 'B-class', 'O', 'I-class', 'B-class', 'O', 'O', 'O', 'O', 'O', 'I-attr', 'O', 'I-attr', 'I-attr', 'O', 'I-attr', 'B-attr', 'O', 'I-attr', 'B-attr', 'O', 'I-attr', 'I-attr', 'B-attr', 'O', 'I-attr', 'B-attr', 'O', 'I-attr', 'I-attr', 'B-attr', 'O', 'I-attr', 'I-attr', 'O', 'O', 'I-attr', 'O', 'O', 'O']"
"['the', 'Gemini', 'system', 'support', 'monitoring', 'of', 'operation', ',', 'there', 'must', 'be', 'the', 'capability', 'of', 'provide', 'access', 'IOC', 'datum', '.', 'large', 'optical', 'detector', ',', 'a', 'full', 'readout', 'of', 'the', 'detector', 'must', 'be', 'do', 'in', 'about', '2', 'or', '3', 'minute', 'concurrent']","['O', 'O', 'O', 'O', 'O', 'O', 'O', 'O', 'O', 'O', 'O', 'O', 'O', 'O', 'O', 'O', 'O', 'O', 'O', 'O', 'O', 'O', 'O', 'O', 'O', 'O', 'O', 'O', 'B-class', 'O', 'O', 'O', 'O', 'O', 'O', 'O', 'O', 'O', 'O']"
"['Parameters', 'the', 'supervisor', '’s', 'interface', 'shall', 'display', 'the', 'the', 'thermostat', 'and', 'their', 'individual', 'current', 'temperature', 'setting', '.', 'the']","['O', 'O', 'B-class', 'O', 'O', 'O', 'O', 'O', 'O', 'B-class', 'O', 'O', 'O', 'B-attr', 'I-attr', 'I-attr', 'O', 'O']"
"['voucher', 'management', 'system', 'VMS', 'be', 'design', 'to', 'atomize', 'the', 'process', 'of', 'Voucher', 'Management', 'Unit', '(', 'VMU', ')', 'up', 'Return', '-', 'include', 'be', 'do', ';', 'clean', 'claim', 'will', 'be', 'reimburse', 'via', 'bank', 'transfer', ';', 'conspicuous', 'claim', 'will', 'be', 'investigate', 'and', 'clear', 'by', 'the', 'vmu', ';', 'the', 'VMU', 'operate', 'a', 'monitoring', 'system', 'follow', 'this', 'on', 'voucher', 'on']","['B-class', 'I-class', 'I-class', 'O', 'O', 'O', 'O', 'O', 'O', 'O', 'O', 'O', 'O', 'O', 'O', 'O', 'O', 'O', 'I-class', 'O', 'O', 'O', 'O', 'O', 'B-attr', 'B-class', 'O', 'O', 'O', 'O', 'O', 'O', 'O', 'B-attr', 'B-class', 'O', 'O', 'O', 'O', 'O', 'O', 'O', 'O', 'O', 'O', 'O', 'O', 'O', 'B-class', 'I-class', 'O', 'O', 'O', 'B-class', 'O']"
"['.', 'this', 'for', 'suitable', 'be', 'software', ',', 'control', '.', 'remote']","['O', 'O', 'O', 'O', 'O', 'O', 'O', 'O', 'O', 'O']"
"['.', 'paperwork', 'between', 'citizen', 'and', 'police', 'unit', '/', 'personnel', 'exchange', '.', 'can', 'use', 'it', 'as', 'a', 'tool', 'to', 'citizen']","['O', 'O', 'O', 'O', 'O', 'O', 'O', 'O', 'O', 'O', 'O', 'O', 'O', 'O', 'O', 'O', 'O', 'O', 'O']"
"['8', 'm', 'Telescopes', 'and', 'log', 'information', 'be', 'make', 'available', 'on', '-', 'exposure', 'line', 'the', 'same', 'time', '.', 'quick']","['O', 'O', 'O', 'O', 'O', 'O', 'O', 'O', 'O', 'O', 'O', 'O', 'O', 'O', 'O', 'O', 'O', 'O']"
"['maintenance', 'requirement', '/', 'versus', 'H.repair', ';', 'maintenance', ';', 'spare', 'plan', ';', 'periodic', 'testing', ';', 'schedule', 'or', 'preventative', 'maintenance', ';', 'plan', 'support', 'equipment', ';', 'turnaround', 'time', 'will', 'of', 'be', 'to', 'permit', '.', 'the']","['O', 'O', 'O', 'O', 'O', 'O', 'O', 'O', 'O', 'O', 'O', 'O', 'O', 'O', 'O', 'O', 'O', 'O', 'O', 'O', 'O', 'O', 'O', 'O', 'O', 'O', 'O', 'O', 'O', 'O', 'O', 'O']"
"['under', 'separate', 'document', '.', 'ACCS']","['O', 'O', 'O', 'O', 'O']"
"['on', 'the', 'distance', 'to', 'the', 'danger', 'point', '(', 'if', 'calculate', 'on', '-', 'board', ')', '.', 'be', 'shall', 'be', 'no', 'ETCS', 'shall', 'be', 'give', 'to', 'enable', 'from', 'the', 'to', 'react', 'and', 'avoid', 'intervention', '.', 'driver', 'intervention', 'possible', 'about', 'a', 'way', 'that', 'be', 'understandable', 'and', 'logical', '.', 'visual']","['O', 'O', 'B-attr', 'O', 'O', 'B-class', 'I-class', 'O', 'O', 'O', 'O', 'O', 'O', 'O', 'O', 'O', 'O', 'O', 'O', 'B-class', 'O', 'O', 'O', 'O', 'O', 'O', 'O', 'O', 'O', 'O', 'O', 'O', 'O', 'B-class', 'O', 'O', 'O', 'O', 'O', 'O', 'O', 'O', 'O', 'O', 'O', 'O']"
"['.', 'specification', 'this', 'to', 'a', 'applicable', 'that', 'document', 'the', 'list', '2', 'section']","['O', 'O', 'O', 'O', 'O', 'O', 'O', 'O', 'O', 'O', 'O', 'O']"
"['.', 'overall']","['O', 'O']"
"['successful', 'completion', 'of', 'follow', 'train', 'datum', 'be', 'STM', 'ready', 'for', 'use', ';', 'Data', ')', 'require', 'brake', 'calculation', ';', 'maximum', 'train', 'speed', 'for', 'number', 'train', '(', 'enter', 'manually', 'by', 'the', 'driver', 'or', 'from', 'train', 'memory', ':', 'driver', 'identification', ';', 'train', 'identification', 'may', 'require', 'for', 'brake', 'transfer']","['O', 'O', 'O', 'O', 'B-attr', 'B-attr', 'O', 'O', 'B-attr', 'I-attr', 'I-attr', 'O', 'B-attr', 'O', 'O', 'B-class', 'I-class', 'O', 'B-attr', 'I-attr', 'I-attr', 'O', 'I-attr', 'B-attr', 'O', 'O', 'O', 'O', 'O', 'B-class', 'O', 'O', 'B-class', 'I-class', 'O', 'B-attr', 'I-attr', 'O', 'B-attr', 'I-attr', 'O', 'O', 'O', 'B-class', 'O']"
"['of', 'the', 'goal', 'of', 'Gemini', 'software', 'be', 'that', 'all', 'component', 'be', 'easily', '(', 'preferably', 'automatically', 'to', 'and', 'the', 'software', ';', 'Gemini', 'software', 'should', 'be', 'develop', 'in', 'evolutionary', 'source', 'fashion', 'use', 'the', 'CVS', 'version', 'control', 'system', ';', 'all', ',', 'external', 'and', 'internal', ';', 'Gemini', 'software', 'developer', 'should', 'adhere', 'to', 'a', 'standard', 'method', 'for', 'the', 'reporting', 'and', 'recording', 'of', 'error', 'from', 'both', 'system', 'Gemini', 'methodology', 'use', 'place', 'on', 'the', 'Gemini', 'Software', '.', 'these']","['O', 'O', 'O', 'O', 'O', 'O', 'O', 'O', 'O', 'B-class', 'O', 'O', 'O', 'O', 'O', 'O', 'O', 'O', 'O', 'O', 'O', 'O', 'O', 'O', 'O', 'O', 'O', 'O', 'O', 'O', 'O', 'O', 'O', 'O', 'O', 'O', 'O', 'O', 'O', 'O', 'O', 'O', 'O', 'O', 'O', 'O', 'O', 'O', 'O', 'O', 'O', 'O', 'O', 'O', 'O', 'O', 'O', 'O', 'O', 'O', 'O', 'O', 'O', 'O', 'O', 'O', 'O', 'O', 'O', 'O', 'O']"
"['.', 'Status', 'claim', ';', 'Amount', 'Sub', 'diagnosis', ',', ',', 'treatment']","['O', 'I-attr', 'B-attr', 'O', 'I-attr', 'B-attr', 'B-attr', 'O', 'O', 'B-attr']"
"['M', ')', 'note', ':', 'FRS', 'EIRENE', 'the', 'in', 'call', 'type', 'be', 'give', 'in', 'section', '10.2', 'authentication', '.', 'i', ')', 'call', 'setup', 'time', 'as', 'define', '(']","['O', 'O', 'O', 'O', 'O', 'O', 'O', 'O', 'B-attr', 'I-attr', 'O', 'O', 'O', 'O', 'O', 'O', 'O', 'O', 'O', 'B-attr', 'I-attr', 'I-attr', 'O', 'O', 'O']"
"['that', 'do', 'not', 'exceed', 'these', 'limit', 'shall', 'be', 'be', 'the', 'limit', 'to']","['O', 'O', 'O', 'O', 'O', 'B-attr', 'O', 'O', 'O', 'O', 'B-attr', 'O']"
"['target', 'select', 'speed', 'supervised', 'the', 'the']","['B-attr', 'O', 'I-attr', 'B-attr', 'O', 'O']"
"['management', ';', '8', ';', 'radio', 'operational']","['O', 'O', 'O', 'O', 'O', 'O']"
"['particular', 'of', 'Gemini', 'Controls', 'work', 'package', 'will', 'be', 'involve', 'with', 'the', 'a', 'from', 'delete', 'to', 'be', 'use', '.', 'likewise']","['O', 'O', 'O', 'O', 'O', 'O', 'O', 'O', 'O', 'O', 'O', 'O', 'O', 'O', 'O', 'O', 'O', 'O', 'O']"
"['3', 'give', 'the', 'specific', 'requirement', 'of', 'the', 'product', '.', 'section']","['O', 'O', 'O', 'O', 'O', 'O', 'O', 'O', 'O', 'O']"
"['the', 'able', 'to', 'choose', 'a', 'function', 'by', 'click', 'the', 'hyperlink', '.', 'be', 'the']","['O', 'O', 'O', 'O', 'O', 'O', 'O', 'O', 'O', 'B-class', 'O', 'O', 'O']"
"['to', 'easy', 'be', 'shall', 'system', 'the']","['O', 'O', 'O', 'O', 'O', 'O']"
"['the', 'requirement', 'to', 'to', 'the']","['O', 'O', 'O', 'O', 'O']"
"['.', 'datum', 'file', 'the', 'to', 'redraw', 'be', 'game', 'board', 'the']","['O', 'I-class', 'B-class', 'O', 'O', 'O', 'O', 'I-class', 'B-class', 'O']"
"['i', ')', 'the', 'GSM', 'teleservice', '[']","['O', 'O', 'O', 'O', 'O', 'O']"
"['shall', 'be', 'possible', 'train', 'to', 'a', 'conditional', 'emergency', 'stop', '.', 'if']","['O', 'O', 'O', 'B-class', 'O', 'O', 'B-class', 'I-class', 'I-class', 'O', 'O']"
"['.', 'visitor', 'would', 'this', 'simplify', 'the', 'integration', 'with', 'the', 'central', 'control', 'system', 'but', 'would', 'also', 'provide', 'a', 'common', 'environment', 'for', 'facility', 'not']","['O', 'I-class', 'O', 'O', 'O', 'O', 'O', 'O', 'O', 'B-class', 'I-class', 'I-class', 'O', 'O', 'O', 'O', 'O', 'O', 'B-class', 'O', 'B-class', 'O']"
"['Logging', ';', 'it', 'available', 'to', 'external', 'software', 'package', 'for', 'analysis', ';', 'long', '-', 'term', 'logging', 'of', 'engineering', 'datum', 'must', 'be', 'possible', 'at', 'be', 'the', 'must', 'this']","['O', 'O', 'O', 'O', 'O', 'O', 'B-class', 'I-class', 'O', 'O', 'O', 'O', 'O', 'O', 'O', 'O', 'O', 'O', 'O', 'O', 'O', 'O', 'O', 'O', 'O', 'O']"
"['.', 'system', 'the', 'to', 'Weborder', 'the', 'weborder', 'system', 'add', '""', 'to', 'link', 'or', 'button', 'the', 'click', 'Person', 'Sales']","['O', 'O', 'O', 'O', 'O', 'O', 'O', 'O', 'O', 'O', 'O', 'O', 'O', 'O', 'O', 'O', 'I-class', 'B-class']"
"['specification', 'mandatory', 'level', 'respect', 'in', 'every', 'ETCS', 'application', '.', 'the']","['O', 'O', 'O', 'O', 'O', 'O', 'B-class', 'I-class', 'O', 'O']"
"['development', 'range', 'from', 'creation', 'of', 'new', 'device', 'driver', 'to', 'database', 'creation', 'and', 'the', 'design', 'of', 'new', 'CA', 'client', '.', 'of', 'oc', 'may', 'need', 'the', 'following', ':', ';', 'Channel', 'Access', '-', 'Client', 'of', 'and', 'Software', ',', 'scanner', ',', 'Monitors', ';', 'Record', 'Support', 'Server', 'any', 'include', 'would', 'the', 'follow', 'deﬁnition', 'will', 'be', 'use', 'to', 'differentiate', 'between', 'the', 'two', 'ﬂavor', 'of', 'epics', 'development', 'work', ':', 'internal', 'work', ',', 'Project', 'Device', ',', 'the']","['O', 'O', 'O', 'O', 'O', 'O', 'O', 'O', 'O', 'O', 'O', 'O', 'O', 'O', 'O', 'O', 'O', 'O', 'O', 'O', 'O', 'O', 'O', 'O', 'O', 'O', 'O', 'O', 'O', 'O', 'O', 'O', 'O', 'O', 'O', 'O', 'O', 'O', 'O', 'O', 'O', 'O', 'O', 'O', 'O', 'O', 'O', 'O', 'O', 'O', 'O', 'O', 'O', 'O', 'O', 'O', 'O', 'O', 'O', 'O', 'O', 'O', 'O', 'O', 'O', 'O', 'O', 'O', 'O']"
"['i', 'support', 'subscription', 'store', 'function', '-', 'system', '(', 'bss', ')', 'of', 'base', 'station', 'controller', '(', 'bsc', ')', 'control', 'base', 'transceiver', 'sub', 'station', 'base', ')', '1', '-', '3', '.', '(']","['O', 'O', 'B-attr', 'O', 'O', 'I-class', 'I-class', 'O', 'O', 'O', 'O', 'B-class', 'I-class', 'I-class', 'O', 'O', 'O', 'O', 'B-class', 'I-class', 'I-class', 'I-class', 'B-class', 'O', 'O', 'O', 'O', 'O', 'O']"
"['.', ')', 'use', 'prior', 'set', 'up', 'of', 'the', 'call', 'between', 'during', 'the', 'a', 'and', 'b', '(', 'include', 'alert', 'if', 'party', 'to', 'design', 'their', 'with', 'a', 'gain', 'of', '0dbi', 'be', 'assume', '.', 'this']","['O', 'O', 'O', 'O', 'O', 'O', 'O', 'O', 'B-class', 'O', 'O', 'O', 'O', 'O', 'O', 'O', 'O', 'O', 'O', 'O', 'O', 'O', 'O', 'O', 'O', 'B-attr', 'O', 'O', 'O', 'O', 'O', 'O']"
"['req-4', 'result', 'REQ-7', ',', 'month', 'each', 'database', 'our', 'within', 'website', 'each', 'investigate', 'thoroughly', 'must', 'team', 'development', 'our']","['O', 'B-class', 'O', 'O', 'O', 'O', 'B-class', 'O', 'O', 'B-class', 'O', 'O', 'O', 'O', 'I-class', 'B-class', 'O']"
"['information', '/', 'parameter', 'may', 'be', 'datum', 'dependent', ',', 'or', 'application', 'dependent', ',', 'or', 'dependent', 'on', 'process', 'processing', 'other', 'to', 'during', 'execution', 'of', 'other', 'process', ',', 'but', 'dependent', 'on', 'information', 'and/or', 'parameter', 'to', 'be', 'generate', 'or', 'supply', 'these', 'Requirements', 'datum', 'must', 'access', 'to', 'object', 'base', 'on', 'the', 'identity', 'restrict', 'of', 'or', 'group', 'to', 'which', 'they', 'belong', '.', 'subject', 'of', 'means', 'a', ')', 'by', 'the', 'proponent', 'maintainer', 'of', 'the', 'datum', 'item', 'involve', ';', 'Discretionary', 'Access', 'Controls', '(', 'DAC', '):', 'the']","['B-attr', 'I-attr', 'I-attr', 'O', 'O', 'O', 'O', 'O', 'O', 'O', 'O', 'O', 'O', 'O', 'O', 'O', 'O', 'O', 'O', 'O', 'O', 'O', 'O', 'O', 'O', 'O', 'O', 'O', 'O', 'O', 'O', 'O', 'O', 'O', 'O', 'O', 'O', 'O', 'O', 'O', 'O', 'O', 'O', 'O', 'O', 'O', 'O', 'O', 'O', 'O', 'O', 'O', 'O', 'O', 'O', 'O', 'O', 'O', 'O', 'O', 'O', 'O', 'O', 'O', 'O', 'O', 'O', 'O', 'O', 'O', 'O', 'O', 'O', 'O', 'O', 'O', 'O', 'O']"
"['support', 'layer', 'other', 'than', 'how', 'to', 'call', 'it', '.', 'similarly']","['O', 'O', 'O', 'O', 'O', 'O', 'O', 'O', 'O', 'O']"
"['Data', 'the']","['O', 'O']"
"['Code', '(', '3', 'Digit', ')', 'Example', ':', 'DS0001', '*', ';', 'name', 'of', 'the', 'distributor', '*', ';', 'Type', 'of', 'or', 'have', 'Town', '*', ',', 'such', 'as', 'District', ',', 'Sub', '-', 'District', ',', 'County', ',', 'Sub', '-', 'distributor', 'County', 'Village', '/', 'Town', ',', 'road', 'or', 'street', '.', 'all']","['I-attr', 'O', 'O', 'O', 'O', 'O', 'O', 'O', 'O', 'O', 'B-attr', 'O', 'O', 'B-class', 'O', 'O', 'B-attr', 'I-attr', 'O', 'O', 'B-attr', 'O', 'O', 'O', 'O', 'B-attr', 'O', 'B-attr', 'I-attr', 'I-attr', 'O', 'B-attr', 'O', 'B-attr', 'I-attr', 'B-class', 'I-attr', 'B-attr', 'O', 'B-attr', 'O', 'B-attr', 'O', 'B-attr', 'O', 'O']"
"['record', 'support', 'layer', 'in', 'turn', 'know', 'it', 'nothing', 'know', 'layer', ',', 'do', 'not', 'have', 'device', 'support', 'or', 'driver', '.', 'the']","['O', 'O', 'O', 'O', 'O', 'O', 'O', 'O', 'O', 'O', 'O', 'O', 'O', 'O', 'O', 'O', 'O', 'O', 'O', 'O']"
"['.', 'disappear', 'Menu']","['O', 'O', 'O']"
"['.', 'event', 'health', 'the', 'contain', 'and', 'identify', 'support', 'to', 'datum', 'of', 'and', 'need', 'monitoring', 'investigation', 'management', 'the', 'in', 'participate', 'to', 'implement', 'system', 'for', 'requirement', 'functional', ')', 'PHIN', '(', 'Network', 'Information', 'Health', 'Public', 'the', 'describe', 'of', ',', 'outbreak', 'other', 'of', 'need', 'the', 'support', 'to', 'intend', 'area', 'functional', 'PHIN', 'the', 'be', ')', 'OM', '(', 'Management', 'Outbreak']","['O', 'I-class', 'B-class', 'O', 'O', 'O', 'O', 'O', 'O', 'O', 'O', 'O', 'O', 'O', 'O', 'O', 'O', 'O', 'O', 'O', 'O', 'O', 'O', 'O', 'O', 'O', 'O', 'O', 'O', 'O', 'O', 'O', 'O', 'O', 'O', 'O', 'O', 'O', 'O', 'O', 'O', 'O', 'O', 'O', 'O', 'O', 'O', 'O', 'O', 'O', 'O', 'O', 'O', 'O']"
"['will', 'also', 'be', 'a', 'provision', 'for', 'the', 'other', 'user', 'to', 'view', 'the', 'detail', 'of', 'a', '/', 'distribution', 'Active', ')', 'screen', '.', 'new']","['O', 'O', 'O', 'O', 'O', 'O', 'O', 'O', 'B-class', 'O', 'O', 'O', 'B-attr', 'O', 'O', 'O', 'O', 'O', 'O', 'O', 'O', 'O']"
"['shall', 'be', 'possible', 'to', 'define', 'the']","['O', 'O', 'O', 'O', 'O', 'O']"
"['an', 'ETCS', 'equip', 'train', 'pass', 'a', 'level', 'transition', 'to', 'a', 'line', 'fit', 'with', 'state', 'be', 'restrictive', 'the', 'national', 'operation', ')', 'the', 'supervision', 'provide', 'shall', 'at', 'least', 'ensure', 'the', 'same', 'protection', 'provide', 'by', 'least', 'the', 'on', 'sight', 'the', 'demand', 'shall', 'be', 'indicate', 'on', 'of', 'the', '.', 'this']","['O', 'B-class', 'O', 'B-class', 'O', 'O', 'B-class', 'I-class', 'O', 'O', 'B-class', 'O', 'O', 'B-class', 'O', 'O', 'O', 'O', 'O', 'O', 'O', 'B-class', 'O', 'O', 'O', 'O', 'O', 'O', 'O', 'O', 'O', 'O', 'O', 'O', 'O', 'O', 'O', 'O', 'O', 'O', 'O', 'O', 'O', 'O', 'O', 'O']"
"['error', 'if']","['O', 'O']"
"['.', 'selection', 'Menu']","['O', 'O', 'O']"
"['these', 'require', 'term', 'as', 'the', 'instrument', ';', 'microprocessor', '-', 'these', 'be', 'computer', 'control', 'embed', 'the', 'instrument', '(', 'for', 'instance', 'a', 'DSP', 'or', 'in', 'computer', 'the', 'be', 'follow', ':', 'main', 'processor', '-', 'these', 'be', 'the', 'computer', 'with', 'which', 'the', 'user', 'interact', ';', 'control', 'electronic', '-', 'these', 'be', 'user', 'same', 'the', 'active', 'node', ',', 'should', 'the', 'case', 'arise', 'this']","['O', 'O', 'O', 'O', 'O', 'B-class', 'O', 'B-class', 'O', 'O', 'O', 'O', 'O', 'O', 'O', 'B-class', 'O', 'O', 'O', 'O', 'O', 'O', 'O', 'O', 'O', 'O', 'O', 'O', 'O', 'O', 'O', 'O', 'O', 'O', 'O', 'O', 'O', 'O', 'B-class', 'O', 'O', 'B-class', 'I-class', 'O', 'O', 'O', 'O', 'O', 'O', 'B-attr', 'B-class', 'O', 'O', 'O', 'O', 'O', 'O']"
"['analysis', 'be', 'do', 'use', 'a', 'case', 'integration', 'tool', 'for', 'use', 'with', 'Ward', '/', 'Mellor', 'technique', ',', 'suitable', 'and', 'testing', ';', 'cover', ':', 'analysis', ',', 'design', 'and', 'development', 'method', ';', 'review', 'procedure', ';', 'documentation', ';', 'coding', 'and', 'debugging', ';', 'simulation', 'use', 'such', 'is', '.', 'result', 'in', 'operation', 'with', 'a', 'different', 'instrument', ';', 'may', 'under', 'condition', ',', 'the', 'number', 'of', 'warning', 'should', 'be', 'normal', 'error', 'other', ';', 'possible', 'to', 'continue', 'operation', 'with', 'degraded', 'performance', '.', 'for']","['O', 'O', 'O', 'O', 'O', 'O', 'O', 'O', 'O', 'O', 'O', 'O', 'O', 'O', 'O', 'O', 'O', 'O', 'O', 'O', 'O', 'O', 'O', 'O', 'O', 'O', 'O', 'O', 'O', 'O', 'O', 'O', 'O', 'O', 'O', 'O', 'O', 'O', 'O', 'O', 'O', 'O', 'O', 'O', 'O', 'O', 'O', 'O', 'O', 'B-class', 'O', 'O', 'O', 'O', 'O', 'O', 'O', 'O', 'O', 'O', 'O', 'O', 'O', 'O', 'O', 'O', 'O', 'O', 'O', 'O', 'O', 'O', 'O', 'O']"
"['etc', 'number', 'OM', 'system']","['O', 'B-attr', 'O', 'B-class']"
"['require', 'that', 'all', 'input', 'and', 'output', 'datum', '.', 'be', 'appropriately', '.', 'give']","['O', 'O', 'O', 'O', 'O', 'O', 'O', 'O', 'O', 'O', 'O', 'O']"
"['OPI', 'Tools', ';', 'DCT', 'Databases', 'Configuration', 'Tool', '.', 'this']","['O', 'O', 'O', 'O', 'O', 'O', 'O', 'O', 'O']"
"['prerequisite', 'fast', 'on', 'provide', 'be', 'goal', 'of', 'quick', '-', 'look', 'analysis', 'for', 'the', 'Gemini', '8', 'm', 'Telescopes', '.', 'quick']","['O', 'O', 'O', 'O', 'O', 'O', 'O', 'O', 'O', 'O', 'O', 'O', 'O', 'O', 'O', 'O', 'O', 'O', 'O']"
"['.', 'contact', 'exposure', 'for', 'and', 'investigation', 'for', 'message', 'exchange', 'OM', 'a', 'as', 'in', 'available', ',', 'Measures', 'Performance', 'Key', 'Preparedness', 'PHIN', 'in', 'describe', 'as', 'preparedness', 'assess', 'for', 'measure', 'performance', 'key', 'a', 'as', 'identify', 'at', 'be', 'www.cdc.gov/phin', 'system']","['O', 'I-class', 'B-class', 'O', 'O', 'B-class', 'O', 'B-class', 'O', 'O', 'O', 'O', 'O', 'O', 'O', 'O', 'O', 'O', 'O', 'O', 'O', 'O', 'O', 'O', 'O', 'O', 'O', 'O', 'O', 'O', 'O', 'O', 'O', 'O', 'O', 'B-class']"
"['scheduling', 'mean', 'observe', 'standby', 'program', 'those', 'condition', 'require', 'by', 'their', 'program', '.', 'this']","['O', 'O', 'B-class', 'O', 'I-class', 'O', 'O', 'O', 'O', 'O', 'B-class', 'O', 'O']"
"['.', 'subsystem', 'any', 'of', 'control', 'be', 'system', 'Gemini', 'the', 'the', 'to', 'access']","['O', 'B-class', 'O', 'O', 'O', 'O', 'O', 'O', 'O', 'O', 'O', 'O']"
"[';', 'address', 'email', 'register', 'the', 'to', 'email', '.', 'an', 'System']","['O', 'I-attr', 'B-attr', 'O', 'O', 'O', 'O', 'O', 'O', 'O']"
"['XS', 'software', 'shall', 'be', 'deliver', 'accordance', 'rely', 'precedence', 'criticality', 'for', 'essential', '(', 'e', ')', ';', '2', 'for', 'Desirable', '(', 'd', ')', ';', '3', 'for', 'Optional', '(', '1', 'and', ':', 'the', 'code', 'and', 'to', 'other', 'related', 'requirement', 'within', 'the', 'XS', 'SRS', '.', 'the']","['O', 'O', 'O', 'O', 'O', 'O', 'O', 'O', 'O', 'O', 'O', 'O', 'O', 'O', 'O', 'O', 'O', 'O', 'O', 'O', 'O', 'O', 'O', 'O', 'O', 'O', 'O', 'O', 'O', 'O', 'O', 'O', 'O', 'O', 'O', 'O', 'O', 'O', 'O', 'O', 'O', 'O']"
"['order', 'to', 'remove', 'record', 'speciﬁc', 'knowledge', 'from', 'from', 'record', 'support', ',', 'driver', 'can', 'be', 'provide', 'to', 'shield', 'the', 'device', 'support', 'module', '.', 'many']","['O', 'O', 'O', 'O', 'O', 'O', 'O', 'O', 'O', 'O', 'O', 'I-class', 'O', 'O', 'O', 'O', 'O', 'O', 'B-class', 'I-class', 'I-class', 'O', 'O']"
"['ETCS', 'trainborne', 'equipment', 'braking', 'shall', 'capable', 'of', 'receive', 'information', 'from', 'the', 'be', 'vehicle', 'the', 'from', 'be', 'isolate', '.', 'isolation']","['B-class', 'I-class', 'I-class', 'I-class', 'O', 'O', 'O', 'O', 'B-attr', 'O', 'O', 'O', 'B-class', 'O', 'O', 'O', 'O', 'O', 'O']"
"['indication', 'there', 'be', 'failure', 'of', 'the', 'trainborne', 'equipment', 'which', 'compromise', 'the', 'safety', 'of', 'train', 'supervision', ',', 'if']","['B-class', 'O', 'O', 'B-class', 'O', 'O', 'B-class', 'I-class', 'O', 'O', 'O', 'O', 'O', 'B-class', 'I-class', 'O', 'O']"
"['communication', 'hardware', 'must', 'meet', 'the', 'be', 'Ethernet', 'entirely', 'that', 'the', 'Time', 'distribution', 'system', 'be', 'describe', 'in', 'the', ';', 'Software', 'Description', ';', 'the', 'detector', 'LAN', 'be', 'also', 'base', 'Design', '802.3', 'IEEE', 'ethernet', 'change', 'will', 'be', 'make', 'to', 'take', 'advantage', 'of', 'change', 'to', 'that', 'technology', '.', 'the']","['O', 'O', 'O', 'O', 'O', 'O', 'O', 'O', 'O', 'O', 'O', 'O', 'O', 'O', 'O', 'O', 'O', 'O', 'O', 'O', 'O', 'O', 'O', 'O', 'O', 'O', 'O', 'O', 'O', 'O', 'O', 'O', 'O', 'O', 'O', 'O', 'O', 'O', 'O', 'O', 'O', 'O', 'O', 'O', 'O']"
"['.', 'efﬁciency', 'observe', 'optimize', 'to', 'there', 'there', ';', 'virtual', 'simulator', 'this']","['O', 'O', 'O', 'O', 'O', 'O', 'O', 'O', 'O', 'O', 'O']"
"['network', 'required', 'the', 'with', 'register', 'to', 'MT', '.', 'be', 'selection', '""', '.', 'lose', 'be', 'network', 'current', 'the', 'of', 'coverage', 'until', 'or', 'terminate', 'be', 'call', 'the', 'until', '(']","['B-class', 'O', 'O', 'O', 'O', 'O', 'O', 'O', 'O', 'O', 'O', 'O', 'O', 'O', 'B-class', 'O', 'O', 'O', 'O', 'O', 'O', 'O', 'O', 'B-class', 'O', 'O', 'O']"
"['symptom', 'persist', 'referral', 'to', 'a', 'hospital', ';', 'Provider', 'follow', 'document', 'voucher', 'case', 'in', 'a', 'standardised', 'patient', 'treatment', 'documentation', 'form', '.', 'at']","['B-attr', 'O', 'O', 'O', 'O', 'O', 'O', 'B-class', 'O', 'O', 'B-class', 'I-class', 'O', 'O', 'O', 'B-class', 'I-class', 'I-class', 'I-class', 'O', 'O']"
"['software', 'mind', ',', 'process', 'installation', 'to', 'be', 'easily', 'extend', 'and', 'upgrade', 'with', 'modiﬁcation', 'to', 'non', '-', 'change', 'component', '.', 'the']","['O', 'O', 'O', 'O', 'O', 'O', 'O', 'O', 'O', 'O', 'O', 'O', 'O', 'O', 'O', 'O', 'O', 'O', 'O', 'O']"
"['voucher', 'will', 'be', 'refund', 'to', 'subsidised', 'not', 'rather', 'predefine', 'in', 'the', 'necessary', 'improvement', 'of', 'health', 'outcome', '.', 'thus']","['B-class', 'O', 'O', 'O', 'O', 'O', 'O', 'O', 'O', 'O', 'O', 'O', 'O', 'O', 'O', 'O', 'O', 'O']"
"['.', 'applicable', 'not']","['O', 'O', 'O']"
"['.', 'public', 'the', 'to', 'available', 'be', 'site', 'the', 'be', 'before', 'be', 'should', 'software', 'the', 'of', 'review', 'legal', 'full', 'a', 'of', 'recommendation', 'a', ',', 'identify', 'undertake', ';', 'will', 'the', 'functionally', 'the', 'all', 'allow', ',', 'screen', 'main', 'one', 'of', 'consist', 'will', 'Interface', 'user', 'the']","['O', 'O', 'O', 'O', 'O', 'O', 'B-class', 'O', 'O', 'O', 'O', 'O', 'B-class', 'O', 'O', 'O', 'O', 'O', 'O', 'O', 'O', 'O', 'O', 'O', 'O', 'O', 'O', 'O', 'O', 'O', 'O', 'O', 'O', 'I-class', 'B-class', 'O', 'O', 'O', 'O', 'I-class', 'B-class', 'O']"
"['change', 'of', 'the', 'related', 'layer', 'without', 'procedure', 'establishment', 'the', 'an', 'indication', 'be', 'give', 'from', 'the', 'layer', 'soon', '3', 'or', 'BCC', 'entity', 'on', 'an', 'abort', 'of', 'gcc', 'mobile', 'that', 'ensure', 'accord', 'to', 'the', 'type', 'of', 'role', 'they', 'will', 'perform', 'and', 'the', 'environment', 'they', 'will', 'operate', 'type', 'radio', 'mobile', 'distinct', 'Applications', '-', 'MMI', 'interface', ':', 'not', 'specify', 'in', '.', 'o', ')', '.', 'this']","['O', 'O', 'O', 'O', 'O', 'O', 'O', 'O', 'O', 'O', 'O', 'O', 'O', 'O', 'O', 'O', 'O', 'O', 'O', 'O', 'O', 'O', 'O', 'O', 'O', 'O', 'B-class', 'O', 'O', 'O', 'O', 'O', 'B-attr', 'I-attr', 'I-attr', 'O', 'O', 'O', 'O', 'O', 'B-attr', 'O', 'O', 'O', 'I-class', 'B-class', 'O', 'O', 'O', 'O', 'O', 'O', 'O', 'O', 'O', 'O', 'O', 'O', 'O', 'O', 'O']"
"[',', 'be', 'do', 'on', 'his', 'behalf', 'at', 'a', 'convenient', 'will', 'moment', 'be', 'not', 'exactly', 'predeﬁne', 'and', 'may', 'be', 'intermix', 'that', 'it']","['O', 'O', 'O', 'O', 'O', 'O', 'O', 'O', 'O', 'O', 'O', 'O', 'O', 'O', 'O', 'O', 'O', 'O', 'O', 'O', 'O']"
"['baseline', 'system', 'be', 'include', 'as', 'part', 'of', 'the', '.', 'no']","['B-class', 'I-class', 'O', 'O', 'O', 'O', 'O', 'O', 'O', 'O']"
"['comparison', 'with', 'previous', 'datum', 'might', 'be', 'of', '.', 'great', 'and', 'affect', 'the', 'actual', 'observe', 'program', ',', 'on', 'value', 'requirement', 'archive', 'GEMINI', 'of', 'development', 'effort', '.', 'the']","['O', 'O', 'O', 'O', 'O', 'O', 'O', 'O', 'O', 'O', 'O', 'O', 'O', 'O', 'O', 'O', 'O', 'O', 'O', 'O', 'O', 'O', 'O', 'O', 'O', 'O']"
"['send', 'Sherrif', 'then', 'save', 'will', 'which', 'result', 'search', 'through', 'navigate', 'when', 'help', 'to', 'tool', 'provide', 'it']","['O', 'O', 'O', 'O', 'O', 'O', 'I-class', 'B-class', 'O', 'O', 'O', 'O', 'O', 'O', 'O', 'O']"
"['network', 'service', 'necessary', 'to', 'meet', 'the', 'range', 'of', 'UIC', 'requirement', 'be', 'detail', '(', 'A.', 'appendix', 'in', ',', 'shunt', 'mode', 'and', 'direct', 'mode', '.', 'emergency', '(']","['O', 'O', 'O', 'O', 'O', 'O', 'O', 'O', 'O', 'O', 'O', 'O', 'O', 'O', 'O', 'O', 'O', 'O', 'O', 'O', 'O', 'O', 'O', 'O', 'O']"
"['interface', 'standardized', 'a', 'through', 'available', 'make', 'be', 'must', '.', ',', 'respond', 'to', 'mode', 'this', 'in', 'operate', 'of', 'capable', 'be', 'must', 'instrument', 'visitor']","['O', 'O', 'O', 'O', 'O', 'O', 'O', 'O', 'O', 'O', 'O', 'O', 'B-attr', 'O', 'O', 'O', 'O', 'O', 'O', 'O', 'I-class', 'B-class']"
"['datum', 'sample', '/', 'speciman', 'detailed', 'of', 'capture', 'the', 'for', 'support', 'be', 'should', 'coding', '-', 'bar']","['I-attr', 'I-attr', 'I-attr', 'I-attr', 'B-attr', 'O', 'O', 'O', 'O', 'O', 'O', 'O', 'O', 'O', 'O']"
"['also', 'require', 'additional', 'user', 'action', 'for', 'close', 'unwanted', 'window', '.', 'Vertical']","['O', 'O', 'O', 'O', 'O', 'O', 'O', 'O', 'O', 'O', 'O']"
"['section', 'of', 'the', 'document', 'be', 'go', 'to', 'explain', 'the', 'functionality', 'of', 'the', 'system', ',', 'its', 'subsystem', 'and', 'how', 'it', 'Flow', 'include', 'diagnosis', ',', 'the', 'MSIU', 'Admin', 'team', 'will', 'get', 'client', 'feedback', 'from', 'some', 'of', 'the', 'client', 'client', 'and', 'those', 'document', 'to', 'field', 'office', 'to', 'enter', 'those', 'into', 'database', '.', 'as']","['O', 'O', 'O', 'O', 'O', 'O', 'O', 'O', 'O', 'O', 'O', 'O', 'B-class', 'O', 'O', 'B-class', 'O', 'O', 'O', 'O', 'O', 'B-attr', 'O', 'O', 'O', 'O', 'O', 'O', 'O', 'O', 'O', 'O', 'O', 'O', 'O', 'B-class', 'B-class', 'O', 'O', 'B-class', 'O', 'B-class', 'I-class', 'O', 'O', 'O', 'O', 'B-class', 'O', 'O']"
"['associate', 'design', 'a', 'particular', 'installation', 'and', 'even', 'a', 'particular', 'IOC', 'allow', '’s', 'it', 'about', 'device']","['O', 'O', 'O', 'O', 'O', 'O', 'O', 'O', 'O', 'O', 'O', 'O', 'O', 'O', 'O']"
"['of', 'experimental', 'X', 'brilliance', 'high', 'Access', 'Teams', '(', 'CATS', ')', 'at', 'Argonne', '’s', 'Advanced', 'Photon', 'Source', '(', 'aps).the']","['O', 'O', 'O', 'O', 'O', 'O', 'O', 'O', 'O', 'O', 'O', 'O', 'O', 'O', 'O', 'O', 'O', 'O']"
"['stop', 'ETCS', 'shall', 'command', 'the', 'emergency', 'emergency', 'brake', 'the']","['I-class', 'B-class', 'O', 'O', 'O', 'B-class', 'B-class', 'I-class', 'O']"
"['.', 'should', 'monitor', 'the', 'rate', 'of', 'warning', 'message', 'since', 'an', 'increase', 'might', 'indicate', 'that', 'some', 'tuning', 'or', 'maintenance', 'be', 'appropriate', 'the']","['O', 'O', 'O', 'O', 'O', 'O', 'O', 'O', 'O', 'O', 'O', 'O', 'O', 'O', 'O', 'O', 'O', 'O', 'O', 'O', 'O']"
"['.', 'application', 'the', 'from', 'remove', '-', 'be', '-', 'plug', 'a']","['O', 'O', 'O', 'O', 'O', 'O', 'O', 'O', 'O', 'O']"
"['.', ')', 'the', 'information', 'type', 'conveyance', 'the', 'as', 'well', 'as', ',', ')', 'other', 'countless', 'among', ',', 'train', 'or', ',', 'bus', ',', 'airplane', 'as', 'such', '(', 'of', 'driver', 'and', 'vehicle', 'be', 'to', 'datum', 'history', 'travel']","['O', 'O', 'O', 'I-attr', 'B-attr', 'I-attr', 'O', 'O', 'O', 'O', 'O', 'O', 'O', 'O', 'O', 'O', 'O', 'O', 'O', 'O', 'O', 'O', 'O', 'O', 'O', 'I-attr', 'B-attr', 'O', 'I-attr', 'O', 'O', 'I-attr', 'I-attr', 'B-attr']"
"['easy', 'read', 'be', 'shall', 'system', 'the']","['O', 'O', 'O', 'O', 'O', 'O']"
"['familiar', 'they', 'to', 'shall', 'staff', 'Operations', 'mode', 'operation', ';', 'run', 'be', 'to', 'have', 'procedure', 'reconfiguration', 'appropriate', 'system', 'the', 'of', 'part', 'other', 'access', 'need', 'observer', 'functionality', 'be', 'base', '-', 'queue']","['O', 'O', 'O', 'O', 'I-class', 'B-class', 'O', 'O', 'O', 'O', 'O', 'O', 'O', 'O', 'O', 'O', 'B-class', 'O', 'O', 'O', 'O', 'O', 'O', 'O', 'O', 'O', 'O', 'O', 'O']"
"['.', 'in', 'call', '-', 'Multi', 'a', 'of', 'management', 'and', 'establishment', 'Party', 'capable', 'capable', 'select', 'specify', 'those', 'to', 'limit', 'be', 'shall', 'radio', 'Cab', 'the', 'with', 'associate', 'antenna', 'mount', 'train', 'the', 'by', '[', 'en', '301', 'the', 'into', 'radiate', 'emission', 'any', ')', 'M', 'from', '(']","['O', 'O', 'I-class', 'I-class', 'B-class', 'O', 'O', 'O', 'O', 'O', 'I-class', 'O', 'O', 'O', 'O', 'O', 'O', 'O', 'O', 'O', 'I-class', 'B-class', 'O', 'O', 'O', 'B-class', 'I-attr', 'B-attr', 'O', 'O', 'O', 'O', 'O', 'O', 'O', 'O', 'O', 'O', 'O', 'O', 'O', 'O']"
"['the', 'IOC', 'core', 'software', 'be', 'almost', 'exclusively', 'in', ',', 'of', 'and', 'software', 'community', 'be', 'that', 'only', 'a', 'core', 'group', 'of', 'Internals', 'developer', 'be', 'require', 'for', 'maintenance', 'and', 'enhancement', 'of', 'epics', 'IOC', 'the', 'domain', 'of', 'the', 'and', 'Argonne', '.', 'many']","['O', 'O', 'O', 'O', 'O', 'O', 'O', 'O', 'O', 'O', 'O', 'O', 'O', 'O', 'O', 'O', 'O', 'O', 'O', 'O', 'O', 'O', 'O', 'O', 'O', 'O', 'O', 'O', 'O', 'O', 'O', 'O', 'O', 'O', 'O', 'O', 'O', 'O', 'O']"
"[';', 'cent', 'and', 'dollar', 'number', 'in', 'destination', 'its', 'to', 'item', 'the', 'ship', 'for', ';', 'cost']","['O', 'O', 'O', 'O', 'O', 'O', 'O', 'O', 'O', 'B-class', 'O', 'O', 'O', 'O', 'O']"
"['start', '-', 'up', 'hardware', 'and', '-', 'down', 'be', 'to', 'be', 'automatically', 'log', 'with', 'shut', '(', 'subsystem', 'all', 'start', '-', 'up', ',', 'should', 'take', '2', 'minute', 'or', 'less', '.', 'there']","['B-class', 'I-class', 'I-class', 'O', 'O', 'I-class', 'I-class', 'O', 'O', 'O', 'O', 'O', 'O', 'B-class', 'O', 'B-class', 'O', 'O', 'O', 'O', 'O', 'O', 'O', 'O', 'O', 'O', 'O', 'O', 'O']"
"['/', 'minute', '.', 'photochemically', 'when', 'expose', 'to', 'solar', 'radiation', 'of', 'up', 'to', '1200', 'W', '/', 'm2', '.', '(']","['O', 'O', 'O', 'O', 'O', 'O', 'O', 'B-attr', 'I-attr', 'O', 'O', 'O', 'O', 'O', 'O', 'O', 'O', 'O']"
"['.', 'selection', 'Menu']","['O', 'O', 'O']"
"['plan', ';', '10', '.', 'Subscriber']","['O', 'O', 'O', 'O', 'O']"
"['create', 'unique', 'number', 'be', 'then', 'number', 'print', 'in', 'the', 'form', 'of', 'bar', '-', 'code', ',', 'which', 'will', 'complement', '(', 'or', 'out', 'identification', 'unique', 'with', 'be', 'sub', '-', 'divide', 'into', 'six', 'module', 'and', 'again', 'the', 'each', 'module', 'be', 'subdivide', 'into', 'different', 'subsystem', '.', 'voucher']","['O', 'B-attr', 'I-attr', 'O', 'O', 'I-attr', 'O', 'O', 'O', 'O', 'O', 'B-attr', 'I-attr', 'I-attr', 'O', 'O', 'O', 'O', 'O', 'O', 'O', 'B-attr', 'O', 'O', 'O', 'O', 'O', 'O', 'O', 'O', 'B-class', 'O', 'O', 'O', 'O', 'B-class', 'O', 'O', 'O', 'O', 'B-class', 'O', 'B-class']"
"['C', '/', 'C++', 'programming', 'technique', ';', 'unix', 'internal', ';', 'VxWorks', 'internal', ';', 'real', '-', 'time', 'programming', 'as', 'the', 'be', 'of', 'be', 'label', 'something', 'like', ""'"", 'Internals', '-', 'Tools', 'should', ""'"", 'application', 'work', 'would', 'then', 'include', 'any', 'of', ':', ';', 'which', 'themselves', 'unto', 'would', 'be', 'cover', 'under', 'Advanced', 'Application', 'Development', 'and', 'a', 'case', 'can', 'probably', 'be', 'make', 'that', 'they', 'constitute', 'a', 'category', ';', 'skill', 'IOC', ';', 'an', 'epics', 'Basics', ',', 'building', 'and', 'use', 'Applications', 'in', 'course', 'for']","['O', 'O', 'O', 'O', 'O', 'O', 'O', 'O', 'O', 'O', 'O', 'O', 'O', 'O', 'O', 'O', 'O', 'O', 'O', 'O', 'O', 'O', 'O', 'O', 'O', 'O', 'O', 'O', 'O', 'O', 'O', 'O', 'O', 'O', 'O', 'O', 'O', 'O', 'O', 'O', 'O', 'O', 'O', 'O', 'O', 'O', 'O', 'O', 'O', 'O', 'O', 'O', 'O', 'O', 'O', 'O', 'O', 'O', 'O', 'O', 'O', 'O', 'B-attr', 'O', 'O', 'O', 'O', 'O', 'O', 'O', 'O', 'O', 'O', 'O', 'O', 'O']"
"['VSP', 'code', 'be', 'a', 'digit', 'code', 'with', 'suffix', 'SP', ',', 'would', 'be', 'automatically', 'generate', 'by', 'the', 'system', '.', 'the']","['B-attr', 'I-attr', 'O', 'O', 'O', 'O', 'O', 'O', 'O', 'O', 'O', 'O', 'O', 'O', 'O', 'O', 'B-class', 'O', 'O']"
"['Data', 'the', 'themas', 'shall', 'provide', 'the', 'ability', 'for', 'the', 'supervisor', 'valid', 'the', 'h.', 'Data', 'file', 'whose', 'location', 'and', 'name', 'shall', 'be', 'selectable', 'by', 'the', 'operator', '.', 'if']","['O', 'O', 'O', 'O', 'O', 'O', 'O', 'O', 'O', 'B-class', 'B-attr', 'O', 'O', 'O', 'I-class', 'O', 'B-attr', 'O', 'B-attr', 'O', 'O', 'O', 'O', 'O', 'B-class', 'O', 'O']"
"['this', 'process', 'shall', 'first', 'determine', 'a', 'know', 'state', 'of', 'all', 'the', 'heating', 'and', 'parameter', 'valid', 'a', 'for', 'the', 'rule', 'outline', 'in', 'section', '3.1.4.1', 'and', '3.1.4.2', '.', 'H']","['O', 'O', 'O', 'O', 'O', 'O', 'O', 'B-attr', 'O', 'O', 'O', 'B-class', 'I-class', 'O', 'B-attr', 'O', 'O', 'O', 'O', 'O', 'O', 'O', 'O', 'O', 'O', 'O', 'O']"
"['special', 'a', 'be', 'this']","['O', 'O', 'O', 'O']"
"['information', '(', 'as', 'specify', 'paragraph', 'it']","['O', 'O', 'O', 'O', 'O', 'O']"
"['operation', 'be', 'possible', 'at', 'all', 'operation', 'level', '(', 'observing', ',', 'maintenance', '-', 'and', 'by', 'maintenance', 'be', 'take', '(', 'i.e.', 'sum', 'of', 'all', 'exposure', 'have', 'time', 'available', 'time', 'for', 'exposure', ')', '.', 'to']","['O', 'O', 'O', 'O', 'O', 'B-attr', 'I-attr', 'O', 'O', 'O', 'O', 'O', 'O', 'O', 'O', 'O', 'O', 'O', 'O', 'O', 'O', 'O', 'O', 'O', 'O', 'O', 'O', 'O', 'O', 'O', 'O', 'O']"
"['must', 'allow', 'startup', 'and', 'shutdown', 'of', 'instrument', 'independently', 'of', 'the', 'telescope', 'and', 'without', 'must', 'be', 'dynamic', ',', 'privilege', 'to', 'change', 'the', 'environment', ',', 'mean', 'select', 'a', 'suitable', 'combination', 'of', 'instrumentsthe', 'operational', 'software', 'should', 'know', 'which', 'subsystem', 'have', 'Gemini', 'staff', '.', 'i.e.', 'feasible', 'during', 'operation', 'without', 'the', 'need', 'to', 'restart', 'everything', '.', 'the']","['O', 'O', 'B-attr', 'O', 'B-attr', 'O', 'B-class', 'O', 'O', 'O', 'B-class', 'O', 'O', 'O', 'O', 'O', 'O', 'O', 'O', 'O', 'O', 'B-class', 'O', 'O', 'O', 'O', 'O', 'B-attr', 'I-attr', 'I-attr', 'O', 'O', 'O', 'O', 'O', 'B-class', 'O', 'O', 'I-class', 'O', 'O', 'O', 'O', 'O', 'O', 'O', 'O', 'O', 'O', 'O', 'O', 'O']"
"['.', 'play', 'to', 'use', 'user', 'the', 'that', 'time', 'the', 'display', 'and', 'count', 'must', 'product', 'the']","['O', 'O', 'O', 'O', 'B-class', 'O', 'O', 'O', 'O', 'O', 'O', 'O', 'O', 'O', 'O']"
"['three', 'product', 'would', 'developer', 'to', 'Services', '.', 'it']","['O', 'O', 'O', 'O', 'O', 'O', 'O', 'O']"
"['.', 'system', 'A2', 'or', 'the', 'click', 'shall', 'hardware', 'system', 'the']","['O', 'O', 'O', 'O', 'O', 'O', 'O', 'O', 'O', 'O']"
"['.', 'System', 'Weborder', ';', 'Customer']","['O', 'O', 'O', 'O', 'B-class']"
"['.', ')', '10.2', 'section', 'see', 'be', 'pass', 'to', 'the', 'function', ""'"", 'call', 'emergency', 'Railway', ""'"", 'the', '(', 'of', ')', 'M', '(']","['O', 'O', 'O', 'O', 'O', 'O', 'O', 'O', 'O', 'O', 'O', 'O', 'O', 'O', 'O', 'O', 'O', 'O', 'O', 'O', 'O']"
"['datum', 'shall', 'be', 'enter', 'before', 'DMI', 'Data', 'all', 'store', 'area', 'once', 'receive', 'onboard', 'the', 'national', 'define', 'value', 'remain', 'valid', 'even', 'if', 'the', 'onboard', 'shall', 'a', 'to', 'applicable', 'receive', 'national', 'value', 'from', 'the', 'trackside', 'to', 'adapt', 'to', 'national', 'requirement', 'national', 'value', 'shall', 'be', 'equipment', 'in', 'be', 'off', 'use', 'by', 'the', 'onboard', 'equipment', '.', 'be', 'default']","['I-attr', 'O', 'O', 'O', 'O', 'B-class', 'I-class', 'O', 'O', 'B-class', 'O', 'O', 'O', 'O', 'B-attr', 'O', 'I-attr', 'O', 'O', 'O', 'O', 'O', 'B-class', 'O', 'O', 'O', 'O', 'O', 'B-attr', 'I-attr', 'O', 'O', 'B-class', 'O', 'O', 'O', 'O', 'O', 'B-attr', 'I-attr', 'O', 'O', 'I-class', 'O', 'O', 'O', 'O', 'O', 'O', 'B-class', 'I-class', 'O', 'O', 'B-attr']"
"['be', 'the', 'pass', 'the', 'stop', 'signal', ',', 'the', 'train', 'shall', 'control', 'override', '.', 'the']","['O', 'O', 'O', 'O', 'B-class', 'I-class', 'O', 'O', 'B-class', 'O', 'I-class', 'B-class', 'O', 'O']"
"['(', 'i', 'the', 'railway', 'specific', 'service', 'to', 'be', 'support', ')', ',', 'section', ')', 'call', '(', 'section', '13', ')', 'M.', 'the']","['O', 'O', 'O', 'O', 'O', 'O', 'O', 'O', 'O', 'O', 'O', 'O', 'O', 'O', 'O', 'O', 'O', 'O', 'O', 'O']"
"['.', 'feature', 'and', 'functionality', 'product', 'the', 'of', 'overview', 'an', 'give', 'will', 'Description', 'Overall', 'document', 'the']","['O', 'B-class', 'O', 'O', 'O', 'O', 'O', 'O', 'O', 'O', 'O', 'O', 'O', 'O', 'O']"
"['.', 'c.operation', ';', 'observation', 'direct', 'operation', '-', ',', 'look', '-', 'quick', 'and', ',', 'parameter', 'instrument', 'of', 'selection', ',', 'datum', 'science', 'of', 'collection', 'the', 'for', 'system', 'the', 'to', 'access', 'safe', 'data', 'reduction', '.', 'access']","['O', 'O', 'O', 'O', 'O', 'O', 'O', 'O', 'O', 'O', 'O', 'O', 'O', 'O', 'O', 'O', 'O', 'O', 'O', 'O', 'O', 'O', 'O', 'O', 'O', 'O', 'O', 'O', 'O', 'O', 'O', 'O', 'O']"
"['police', 'in', 'turn', 'can', 'use', 'it', 'to', 'respond', 'to', 'citizen', 'with', 'very', 'little', 'time', '.', 'of', 'screen', 'group', 'or', 'role', 'i.e.', 'such', 'as', 'employee', 'of', 'different', 'level', ',', 'citizen', 'etc', ',', 'monitor', 'the', 'user', 'user', 'vary', 'for', 'differently', 'user', 'with', 'mean', 'for', 'customize', 'the', 'user', 'interface', '’s', 'to', 'personal', 'need', 'i.e.', 'individualization', 'design', 'content', 'and', 'navigation', 'their', 'behaviour', 'and', 'adapt', 'to', 'the', 'specific', 'user', ',', 'base', 'on', 'the', 'interesting', 'behaviour', 'all', 'user', 'or', 'a', 'user', 'group', '.', 'take']","['O', 'O', 'O', 'O', 'O', 'O', 'O', 'O', 'O', 'O', 'O', 'O', 'O', 'O', 'O', 'O', 'O', 'I-class', 'O', 'O', 'O', 'O', 'O', 'O', 'O', 'O', 'O', 'O', 'O', 'O', 'O', 'O', 'O', 'B-class', 'B-class', 'O', 'O', 'O', 'B-class', 'O', 'O', 'O', 'O', 'O', 'O', 'O', 'O', 'O', 'O', 'O', 'O', 'O', 'O', 'O', 'O', 'O', 'O', 'O', 'O', 'O', 'O', 'O', 'O', 'B-class', 'O', 'O', 'O', 'O', 'O', 'O', 'O', 'B-class', 'O', 'O', 'B-class', 'I-class', 'O', 'O']"
"['.', ')', 'investigation', 'the', 'to', 'relevant', 'be', 'information', 'if', ',', 'describe', 'same', ')', 'illness', 'acute', ',', 'symptom', 'no', ',', 'e.g.', '(', 'status', 'health', ',', 'diagnosis', 'case', ',', 'agent', 'suspect', 'the', ',', ',', 'report', 'case', '(', 'and', 'date', 'onset', 'symptom', ',', 'history', 'clinical', ',', 'date', 'investigation', ',', ')', 'suspect', ',', 'probable', ',', 'confirm', ',', 'e.g.', 'status', 'the', 'be', 'the', 'Health', 'Public']","['O', 'O', 'B-class', 'O', 'O', 'O', 'O', 'O', 'O', 'O', 'O', 'O', 'O', 'O', 'O', 'O', 'O', 'O', 'O', 'O', 'O', 'I-attr', 'B-attr', 'O', 'I-attr', 'B-attr', 'O', 'I-attr', 'B-attr', 'O', 'O', 'O', 'O', 'B-attr', 'O', 'I-attr', 'I-attr', 'I-attr', 'B-attr', 'O', 'I-attr', 'B-attr', 'O', 'I-attr', 'B-attr', 'O', 'O', 'O', 'O', 'O', 'O', 'O', 'O', 'O', 'I-attr', 'O', 'O', 'O', 'O', 'O']"
"['supportability', 'below', 'by', 'address', 'be', 'Steven', '.', 'a']","['O', 'O', 'O', 'O', 'O', 'O', 'O', 'O']"
"['be', 'also', 'necessary', 'to', 'meet', 'different', 'grade', 'of', 'requirement', 'performance', 'high', 'the', 'typically', 'over', 'local', 'area', '.', 'this']","['O', 'O', 'O', 'O', 'O', 'O', 'O', 'O', 'O', 'O', 'O', 'O', 'O', 'O', 'B-attr', 'B-class', 'O', 'O']"
"['Database', 'req-2', ';', 'search', 'torrent', 'the', 'with', 'bar', 'search', 'same', 'the', 'share', 'will', 'search', 'stream', ':', 'a', 'peer', 'database', 'internet', 'the', 'via', 'update', 'be', 'can', 'site', 'torrent', 'of', 'Database', ':', 'req-2', ';', 'search', ';', 'streaming', 'with', 'bar', 'search', 'same', 'the', 'share', 'will', 'search', 'torrent', ':', 'REQ-1']","['B-class', 'O', 'O', 'I-class', 'B-class', 'O', 'O', 'I-class', 'B-class', 'O', 'O', 'O', 'O', 'I-class', 'B-class', 'O', 'O', 'B-attr', 'B-class', 'O', 'O', 'O', 'O', 'O', 'O', 'I-class', 'B-class', 'O', 'B-class', 'O', 'O', 'O', 'I-class', 'O', 'B-class', 'O', 'I-class', 'B-class', 'O', 'O', 'O', 'O', 'O', 'O', 'O', 'O']"
"['be', 'also', 'a', 'central', 'repository', 'maintain', 'by', 'the', 'oc', 'that', 'hold', 'in', '-', 'on', 'the']","['O', 'O', 'O', 'B-class', 'I-class', 'O', 'O', 'O', 'O', 'O', 'O', 'O', 'O', 'O', 'O']"
"['do', 'not', 'include', 'retrieve', 'the', 'result', 'record', '.', 'the', 'search', 'criterion', ')', 'within', '10', '-', '15', 'second', 'system', 'regardless', 'the', 'storage', 'capacity', 'or', 'number', 'of', 'case', 'in', 'of', 'to', 'themselves', 'the']","['O', 'O', 'O', 'O', 'O', 'O', 'B-class', 'O', 'O', 'O', 'O', 'O', 'O', 'O', 'O', 'O', 'O', 'O', 'O', 'O', 'O', 'O', 'O', 'O', 'O', 'B-class', 'O', 'O', 'O', 'O', 'O']"
"['reason', 'for', 'repeat', 'they', 'here', 'be', 'to', 'have', 'a', 'complete', 'view', 'of', 'the', 'required', 'network', 'functionality', 'be', ',', 'base', 'standard', 'and', 'hardware', 'independence', ',', 'a', 'clear', 'hierarchical', 'model', 'reason', 'must', 'implement', ',', 'support', 'separation', 'of', 'logical', 'and', 'physical', 'be', 'maintenance', 'for']","['O', 'O', 'O', 'O', 'O', 'O', 'O', 'O', 'O', 'O', 'O', 'O', 'O', 'O', 'O', 'O', 'O', 'O', 'O', 'O', 'O', 'O', 'O', 'O', 'O', 'O', 'O', 'O', 'O', 'O', 'O', 'O', 'O', 'O', 'O', 'O', 'O', 'O', 'O', 'O', 'O']"
"['successfully', 'the', 'web', 'store', 'a', 'via', 'system', 'weborder', 'the', 'access', 'to', 'able', 'be', 'must', 'administrator']","['O', 'O', 'O', 'O', 'O', 'O', 'O', 'O', 'O', 'O', 'O', 'O', 'O', 'O', 'B-class']"
"['display', 'ascend', '/', 'descend', 'order', 'result', 'all', 'sort', 'filter', 'system', '–', 'header', 'name', 'column', 'on', 'once', 'click', 'by', 'result', 'search', 'the', 'sort', 'User']","['O', 'O', 'O', 'O', 'O', 'B-class', 'O', 'O', 'O', 'B-class', 'O', 'I-attr', 'O', 'B-attr', 'O', 'O', 'O', 'O', 'I-class', 'B-class', 'O', 'O', 'B-class']"
"['system', 'will', 'list', 'District', ',', 'Sub', '-', 'District', ',', 'County', ',', '-', 'the', '.', 'function', 'distributor', ',', 'the', 'system', 'should', 'allocate', 'the', 'relevant', 'voucher', 'with', 'their', 'number', 'and', 'the', 'batch', 'base', 'on', 'the', 'stock', ';', 'Invoice', 'amount', '=', 'no']","['B-class', 'O', 'O', 'B-attr', 'O', 'B-attr', 'I-attr', 'I-attr', 'O', 'B-attr', 'O', 'I-attr', 'O', 'O', 'O', 'B-class', 'O', 'O', 'B-class', 'O', 'O', 'O', 'O', 'B-class', 'O', 'O', 'B-attr', 'O', 'O', 'B-attr', 'O', 'O', 'O', 'B-class', 'O', 'B-attr', 'I-attr', 'O', 'B-attr']"
"['there', 'be', 'device', 'presently', 'large', 'amount', 'of', 'activity', 'in', 'the', 'enhancement', 'of', 'a', 'new', 'and', 'type', 's', 'to', 'interface', 'to', 'the', 'standard', 'CA', 'library', '.', 'in']","['O', 'O', 'O', 'O', 'O', 'O', 'O', 'O', 'O', 'O', 'O', 'O', 'O', 'O', 'O', 'O', 'O', 'O', 'O', 'O', 'O', 'O', 'O', 'O', 'O', 'O']"
"['shall', 'be', 'possible', 'to', 'send', 'text', 'brake', 'driver', 'stationary', 'authority', '.', 'if']","['O', 'O', 'O', 'O', 'O', 'I-class', 'O', 'B-class', 'B-attr', 'I-class', 'O', 'O']"
"['.', 'level', '.', 'there']","['O', 'O', 'O', 'O']"
"['number', 'of', 'real', '-', 'time', 'operating', '-', 'assume', 'support', 'environment', 'Systems', ')', ';', 'the', 'communication', 'interface', 'between', 'the', 'River', 'IOCs', 'Unix', 'workstation', 'be', 'to', 'be', 'IMP', ';', 'it', 'and', 'Wind', 'from', '(', 'be', 'consider', '.', 'the']","['O', 'O', 'O', 'O', 'O', 'O', 'O', 'O', 'O', 'O', 'O', 'O', 'O', 'O', 'O', 'O', 'O', 'O', 'O', 'O', 'O', 'O', 'O', 'O', 'O', 'O', 'O', 'O', 'O', 'O', 'O', 'O', 'O', 'O', 'O', 'O']"
"['controller', 'M', 'when', 'the', 'network', 'have', 'detect', 'the', '3', ')', 'attribute', 'be', 'previously', '±', '5ms', 'to', 'be', 'send', 'to', 'that', 'controller', 'terminal', 'only', '.', '(']","['B-class', 'O', 'O', 'O', 'B-class', 'O', 'O', 'O', 'B-class', 'O', 'O', 'O', 'O', 'O', 'O', 'O', 'O', 'O', 'O', 'O', 'B-class', 'I-class', 'O', 'O', 'O']"
"['.', '3.2.2.3', 'chapter', 'see', ',', 'block', 'of', 'number', 'high', '.', 'game', 'the', 'finishs', 'user', 'the', 'how']","['O', 'O', 'O', 'O', 'O', 'I-attr', 'I-attr', 'B-attr', 'O', 'O', 'O', 'O', 'O', 'B-class', 'O', 'O']"
"['three', 'of', 'detail', 'provide', 'table', 'follow', 'the', ')', 'the', 'there', 'where', ')', ')', '1', ':', 'be', 'these']","['O', 'O', 'O', 'O', 'O', 'O', 'O', 'O', 'O', 'O', 'O', 'O', 'O', 'O', 'O', 'O', 'O']"
"['.', 'register', 'to', 'be', 'to', 'the', 'the', 'and', 'email', 'her', '/', 'his', 'for', 'initiate', 'customer', 'prompt', 'system']","['O', 'O', 'O', 'O', 'O', 'O', 'O', 'O', 'B-attr', 'O', 'O', 'O', 'O', 'O', 'B-class', 'O', 'O']"
"['.', 'basis', 'subsystem', 'a', 'on', 'invoke', 'be', 'can', 'that', 'mode', 'observe', 'the', 'of', 'case', 'performance', 'of', 'an', 'ongoing', 'level', 'observation', 'during', 'typically', ',', 'instrument', 'and', 'telescope', 'the', 'of', 'only', 'control', 'for', 'use', 'access', 'the', 'be', 'this']","['O', 'O', 'B-class', 'O', 'O', 'O', 'O', 'O', 'O', 'O', 'O', 'O', 'O', 'O', 'O', 'O', 'O', 'O', 'O', 'O', 'O', 'O', 'O', 'O', 'O', 'O', 'O', 'O', 'O', 'O', 'O', 'O', 'O', 'O', 'O', 'O']"
"['fun', 'ction', 'generate', 'either', 'a', 'unit', 'unavailable', 'event', 'which', 'go', 'unit', 'THEMAS', 'the', 'for', 'interface', 'with', 'themas', '.', 'the']","['O', 'O', 'O', 'O', 'O', 'B-class', 'I-class', 'I-class', 'O', 'O', 'I-attr', 'O', 'O', 'O', 'O', 'O', 'O', 'O', 'O']"
"['etc', 'achieve', 'only', 'with', 'the', 'help', 'of', 'appropriate', 'scheduling', 'be', 'software', 'which', 'must', 'advise', 'the', 'operation', 'team', 'on', 'the', ',', 'can', 'this']","['O', 'O', 'O', 'O', 'O', 'O', 'O', 'O', 'O', 'O', 'O', 'O', 'O', 'O', 'O', 'O', 'O', 'O', 'O', 'O', 'O', 'O']"
"['mobile', 'radio', 'antenna', 'installation', 'on', 'vehicle', 'shall', 'be', 'design', 'so', 'as', 'to', ')', 'GSM', '-', 'e', '-', 'GSM', 'band', 'include', 'the', 'public', 'GSM', 'the', '(', '-', 'GSM', ')', 'and', 'extended', 'GSM', '(', 'P', 'M', '(']","['B-class', 'I-class', 'I-class', 'I-class', 'O', 'B-class', 'O', 'O', 'O', 'O', 'O', 'O', 'O', 'O', 'O', 'O', 'O', 'O', 'O', 'O', 'O', 'O', 'O', 'O', 'O', 'O', 'O', 'O', 'O', 'O', 'O', 'O', 'O', 'O', 'O']"
"['emergency', 'stop', 'shall', 'be', 'indicate', '.', 'an', 'receive', 'have', 'pass', 'the', 'location', 'for', 'the', 'emergency', 'stop', 'the', 'command', 'shall', 'be', 'ignore', 'when', 'a', 'train', 'to', 'the', 'driver', 'on', 'not', 'meet', 'the', 'require', 'criterion', '.', 'Route']","['B-class', 'I-class', 'O', 'O', 'O', 'O', 'O', 'O', 'O', 'O', 'O', 'B-attr', 'O', 'O', 'B-class', 'I-class', 'O', 'B-class', 'O', 'O', 'O', 'O', 'O', 'B-class', 'O', 'O', 'B-class', 'O', 'O', 'O', 'O', 'B-attr', 'I-attr', 'O', 'B-attr']"
"['subsystem', 'software', 'include', 'free', 'a', 'that', '-', 'check', 'level', 'be', 'to', 'be', 'supply', 'with', 'self', 'sub', 'system', 'software', ':', 'monitor', 'level', 'each', 'subsystem', 'should', '-', 'follow', 'the']","['B-class', 'I-class', 'O', 'O', 'O', 'O', 'I-attr', 'I-attr', 'I-attr', 'O', 'O', 'O', 'O', 'O', 'B-attr', 'B-class', 'I-class', 'I-class', 'O', 'O', 'O', 'O', 'B-class', 'O', 'I-class', 'O', 'O']"
"['.', 'faulty', 'this']","['O', 'O', 'O']"
"['performance', 'of', 'the', 'Gemini', 'telescope', 'be', 'deﬁne', 'as', 'the', 'percentage', 'of', 'viewable', 'time', ';', 'the', 'maintenance', 'operation', 'automatic', 'operation', '.', 'this']","['O', 'O', 'O', 'O', 'B-class', 'O', 'O', 'O', 'O', 'B-attr', 'I-attr', 'I-attr', 'I-attr', 'O', 'O', 'O', 'I-attr', 'O', 'O', 'O', 'O']"
"['themas', 'system', ',', 'however', ',', 'be', 'system', 'system', 'request', 'then', 'all', 'heating', '/', 'cool', 'unit', ',', 'load', 'th', 'ermostat', 'definition', ',', 'load', 'utilization', 'off', 'parameter', 'set', 'trigger', 'value', ',', 'set', 'overtemperature', 'value', ',', 'and', 'establish', 'valid', 'temperature', 'range', ',', '.', 'turn', 'definition', '.', 'the']","['O', 'O', 'O', 'O', 'O', 'O', 'O', 'O', 'O', 'O', 'O', 'B-class', 'I-class', 'I-class', 'I-class', 'O', 'O', 'B-attr', 'I-attr', 'I-attr', 'O', 'O', 'B-attr', 'O', 'I-attr', 'O', 'B-attr', 'I-attr', 'O', 'O', 'B-attr', 'I-attr', 'O', 'O', 'O', 'B-attr', 'I-attr', 'I-attr', 'O', 'O', 'O', 'I-attr', 'O', 'O']"
"['should', 'never', 'be', 'the', 'only', 'mean', 'of', '.', 'code', 'some']","['O', 'O', 'O', 'O', 'O', 'O', 'O', 'O', 'O', 'O']"
"['order', 'to', 'achieve', 'these', 'time', 'time', 'for', 'level', 'priority', 'require', 'the', 'BTS', 'transmission', 'in', 'different', 'cell', 'to', 'be', 'synchronise', 'by', 'the', 'system', '.', 'each']","['O', 'O', 'O', 'O', 'O', 'I-attr', 'O', 'I-attr', 'B-attr', 'O', 'O', 'B-class', 'O', 'O', 'O', 'O', 'O', 'O', 'O', 'O', 'O', 'B-class', 'O', 'O']"
"['i', ')', 'a', 'list', 'of', 'ETSI', 'and', '3gpp', 'specification', 'be', 'feature', 'railway', 'and', ',', 'the', 'specification', 'be', 'show', 'in', 'figure', '1', 'scope', '-', ',', 'show', 'the', 'hierarchy', 'of', 'the', 'GSM', '2', 'pre', ';', 'functional', 'information', 'between', 'train', 'and', 'ground', 'to', 'support', 'functional', 'and', 'location', 'dependent', 'addressing', ';', 'emergency', 'call', 'location', 'and', 'number', 'of', 'emption', ';', 'General', 'Packet', 'Radio', 'Service', '(', ';', 'GPRS', ';', 'railway', 'specific', 'application', ':', ';', 'exchange', ')', 'identity', 'shunt', ';', 'parameter', 'and', 'standard', ':', ';', 'link', 'assurance', 'signal', ';', 'call', 'and', 'connected', 'line', 'presentation', 'of', 'network', ',', 'feature', 'specific', 'multiple', 'driver', 'communication', ';', 'direct', 'mode', 'facility', 'mode', 'for', '-', 'to', '-', 'set', 'operation', ';', 'railway', 'set', 'interoperability', 'equipment', 'or', 'the', 'EIRENE', 'system', 'be', 'cover', 'in', 'this', 'specification', ',', 'by', 'associate', 'each', 'element', 'of', 'the', 'how', 'show', '1', '-', 'station', 'and', 'depot', 'staff', 'and', 'railway', 'administrative', 'system', 'and', 'personnel', '.', '(']","['O', 'O', 'O', 'O', 'O', 'O', 'O', 'O', 'O', 'O', 'O', 'O', 'O', 'O', 'O', 'O', 'O', 'O', 'O', 'O', 'O', 'O', 'O', 'O', 'O', 'O', 'O', 'O', 'O', 'O', 'O', 'B-class', 'O', 'O', 'I-attr', 'O', 'B-class', 'O', 'B-class', 'O', 'O', 'O', 'O', 'O', 'O', 'O', 'O', 'O', 'O', 'I-attr', 'I-attr', 'B-attr', 'O', 'I-class', 'O', 'B-class', 'I-class', 'I-class', 'I-class', 'O', 'O', 'O', 'O', 'O', 'O', 'O', 'O', 'O', 'O', 'O', 'O', 'O', 'O', 'O', 'O', 'O', 'O', 'O', 'O', 'O', 'O', 'O', 'O', 'O', 'O', 'O', 'O', 'O', 'O', 'O', 'O', 'O', 'O', 'O', 'O', 'O', 'O', 'O', 'O', 'O', 'O', 'O', 'O', 'O', 'O', 'O', 'O', 'O', 'O', 'O', 'O', 'O', 'O', 'O', 'O', 'O', 'O', 'O', 'O', 'O', 'O', 'O', 'O', 'O', 'O', 'O', 'O', 'O', 'O', 'O', 'O', 'O', 'O', 'O', 'O', 'O', 'O', 'O', 'B-class', 'O', 'O', 'O', 'O']"
"['have', 'the', 'same', 'advantage', 'by', 'as', 'and', 'main', 'of', 'the']","['O', 'O', 'O', 'O', 'O', 'O', 'O', 'O', 'O', 'O']"
"['.', '%', '75', 'standby', ';', '%', '5', 'call', 'group', ';', '%', '20', 'equipment', 'shall', 'be', 'of', ':', 'operation', 'normal', 'interrupt', 'without', 'supply', 'power', 'M', 'backup', 'main', 'the', 'to', 'change', 'follow', 'the', 'withstand', 'and', 'control', 'shall', 'the', 'Cab', 'the', 'for', 'emission', 'EMC', 'on', 'requirement', ')', 'M', '(']","['O', 'O', 'O', 'B-class', 'O', 'O', 'O', 'I-class', 'B-class', 'O', 'O', 'O', 'I-class', 'O', 'O', 'O', 'O', 'O', 'O', 'O', 'O', 'I-class', 'B-class', 'O', 'O', 'O', 'O', 'O', 'O', 'O', 'O', 'O', 'O', 'I-class', 'O', 'O', 'B-class', 'O', 'O', 'O', 'O', 'O', 'O', 'O', 'O', 'O']"
"['contain', 'will', 'functional', 'and', 'performance', 'requirement', ',', 'design', 'constraint', ',', 'attribute', 'and', 'external', 'interface', 'requirement', 'contain', 'a', '3.0', '.', 'description', 'of', 'the', 'THEMAS', 'system', '.', 'I']","['O', 'O', 'O', 'O', 'O', 'O', 'O', 'O', 'O', 'O', 'O', 'O', 'O', 'O', 'O', 'O', 'O', 'O', 'O', 'O', 'O', 'O', 'O', 'O', 'O', 'O']"
"['tiered', ';', 'administrator', 'for', 'allow', 'will', 'management', 'inventory', 'the']","['I-class', 'O', 'B-class', 'O', 'O', 'O', 'O', 'O', 'O']"
"['against', 'accidental', 'interference', 'be', 'to', 'be', 'system', 'should', 'privilege', 'these']","['O', 'O', 'O', 'O', 'O', 'O', 'B-class', 'O', 'B-attr', 'O']"
"['could', 'be', 'an', 'epics', 'AR', '(', 'information', 'or', ')', 'task', '.', 'IOC']","['O', 'O', 'O', 'O', 'O', 'O', 'O', 'O', 'O', 'O', 'O', 'O']"
"['m', 'have', '8', 'the', 'of', 'supervisor', 'operation', ',', 'operator', 'telescope', 'become', 'Gemini', 'to', 'overview', 'the', 'will', 'they']","['O', 'O', 'O', 'O', 'O', 'I-class', 'B-class', 'O', 'I-class', 'B-class', 'O', 'O', 'O', 'O', 'O', 'O', 'O']"
"['be', '.', 'of', 'on', 'the', 'DMI', 'shall', 'remain', ',', 'and', 'the', 'driver', 'shall', 'be', 'inform', 'about', 'the', 'loss', 'transmission', 'magnetic', 'can', 'distance', 'trackside', ':', 'train']","['O', 'O', 'O', 'O', 'O', 'B-class', 'O', 'O', 'O', 'O', 'O', 'B-class', 'O', 'O', 'O', 'O', 'O', 'O', 'O', 'O', 'O', 'B-attr', 'B-class', 'O', 'B-attr']"
"['M', ')', 'the', 'in', 'define', 'as', ',', 'be', 'intend', '.', '(']","['O', 'O', 'O', 'O', 'O', 'O', 'O', 'O', 'O', 'O', 'O']"
"['acceptable', 'readout', 'time', 'for', 'detector', 'datum', 'signiﬁcant', 'limited', 'readout', 'detector', 'from', 'detector', 'must', 'be', 'store', 'in', 'the', 'most', 'effective', 'method', 'permit', 'by', 'available', 'technology', '.', 'astronomical']","['I-attr', 'I-attr', 'I-attr', 'O', 'O', 'O', 'O', 'O', 'O', 'O', 'O', 'B-class', 'O', 'O', 'O', 'O', 'O', 'O', 'O', 'B-attr', 'O', 'O', 'O', 'O', 'O', 'O']"
"['continuation', 'the', 'determine', 'action', 'the', 'of', 'requirement']","['O', 'O', 'O', 'O', 'O', 'O', 'O']"
"['.', 'standardization', 'and', ',', 'validity', ',', 'integrity', 'datum', 'ensure', 'to', 'field', 'and', 'form', 'common', 'that', 'datum', 'mapping', 'of', 'support', 'should', 'OM', 'support', 'system']","['O', 'O', 'O', 'O', 'O', 'O', 'O', 'O', 'O', 'O', 'O', 'O', 'O', 'O', 'O', 'O', 'O', 'O', 'O', 'O', 'O', 'O', 'B-class']"
"['demand', ',', 'the', 'position', 'of', 'the', 'front', 'end', 'of', 'the', 'train', 'the', '8', 'train', 'move', 'from', 'the', 'trackside', '.', 'the']","['O', 'O', 'O', 'B-attr', 'O', 'O', 'B-class', 'I-class', 'O', 'O', 'B-class', 'O', 'O', 'B-class', 'B-attr', 'O', 'O', 'B-class', 'O', 'O']"
"['.', 'datum', 'science', 'of', 'collection', 'the', 'for', 'system', 'Gemini', 'the', 'service', 'provide', 'by', 'of', 'collection', 'the', 'for', 'plan', 'science', 'a', ',', 'system', 'Gemini', 'the', 'the', ',', 'out', 'work', 'have', 'astronomer', 'the']","['O', 'O', 'O', 'O', 'O', 'O', 'O', 'O', 'O', 'O', 'O', 'O', 'O', 'O', 'O', 'O', 'O', 'O', 'O', 'O', 'O', 'O', 'O', 'O', 'O', 'O', 'O', 'O', 'O', 'B-class', 'O']"
"['.', 'record', 'permanent', ""'s"", 'observation', 'an', 'of', '(', 'system', 'archiving', 'system', 'should', 'it']","['O', 'I-attr', 'B-attr', 'O', 'B-class', 'O', 'O', 'O', 'B-class', 'O', 'I-class', 'O', 'O']"
"['Unavailable', 'this', 'procedure', 'shall', 'realize', 'the', 'thermostat', 'and', 'for', 'heating', ',', 'designation', 'and', 'cool', 'unit', 'that', 'be', 'designate', 'as', 'part', 'of', 'the', 'THEMAS', 'system', '.', 'heating', 'H']","['O', 'O', 'O', 'O', 'O', 'O', 'B-class', 'O', 'O', 'B-class', 'O', 'B-attr', 'I-class', 'I-class', 'I-class', 'O', 'O', 'O', 'O', 'O', 'O', 'O', 'O', 'B-class', 'O', 'B-class', 'O']"
"['.', 'disappear', 'Menu', '""', 'jp_brossat@yahoo.fr', 'Brossat', 'JeanPhilippe', 'by', '1.0', 'Qheadache', '""', 'text', 'follow', 'the', 'of', 'compose', 'be', '""', 'Windows', 'about', '""', 'the']","['O', 'O', 'O', 'O', 'O', 'O', 'O', 'O', 'O', 'O', 'O', 'O', 'O', 'O', 'O', 'O', 'O', 'O', 'O', 'O', 'O', 'O']"
"['objective', 'and', 'requirement', 'of', 'this', 'plan', 'be', 'detail', ':', 'design', 'a', 'characteristic', 'integral', 'capability', 'of', 'the', 'mission', 'equipment', 'which', 'provide', 'an', 'an', ',', 'automate', 'test', 'capability', 'to', 'detect', ',', 'diagnose', 'onboard', ':', 'test', '-', 'which', 'allow', 'the', 'status', 'of', 'a', 'unit', 'to', 'be', 'conﬁdently', 'determine', 'in', 'a', 'timely', 'fashion', ';', 'build', '-', 'in', 'design', ',', 'from', 'of', 'risk', 'due', 'to', 'environmental', 'condition', ',', 'such', 'as', 'minimize', 'temperature', 'noise', ',', 'vibration', ',', 'etc', ';', 'minimize', 'risk', ',', ';', 'etc', ',', 'people', 'during', 'operation', 'and', 'maintenance', 'from', 'high', 'voltage', ',', 'electromagnetic', 'radiation', ',', 'sharp', 'edge', ',', 'hot', 'surface', ',', 'chemical', 'create', 'testing', 'by', 'error', 'a']","['O', 'O', 'O', 'O', 'O', 'O', 'O', 'O', 'O', 'O', 'O', 'O', 'O', 'O', 'O', 'O', 'O', 'O', 'O', 'O', 'O', 'O', 'O', 'O', 'O', 'O', 'O', 'O', 'O', 'O', 'O', 'O', 'O', 'O', 'O', 'O', 'O', 'B-attr', 'O', 'O', 'B-class', 'O', 'O', 'O', 'O', 'O', 'O', 'O', 'O', 'O', 'O', 'O', 'O', 'O', 'O', 'O', 'O', 'O', 'O', 'O', 'O', 'O', 'O', 'O', 'O', 'O', 'B-attr', 'B-attr', 'O', 'B-attr', 'O', 'O', 'O', 'O', 'O', 'O', 'O', 'O', 'O', 'O', 'O', 'O', 'O', 'O', 'O', 'O', 'O', 'O', 'O', 'O', 'O', 'O', 'O', 'O', 'O', 'O', 'O', 'O', 'O', 'O', 'O', 'O', 'O']"
"['block', 'one', 'block', 'with', 'the', 'and', 'black', 'be', 'board', 'the']","['B-class', 'O', 'O', 'O', 'O', 'O', 'O', 'O', 'B-class', 'O']"
"['link', 'pop', 'a', 'open', 'to', 'capability', 'the', 'provide', 'shall', 'system', 'the']","['I-class', 'B-class', 'O', 'O', 'O', 'O', 'O', 'O', 'O', 'B-class', 'O']"
"['information', 'the', 'for', 'reporting', ',', 'RTI', 'relate', 'etc', '.', 'the']","['O', 'O', 'O', 'O', 'O', 'O', 'O', 'O', 'O', 'O']"
"['if', 'they', 'be', 'identify', 'as', 'that', ',', 'expect', 'would', 'of', 'the', 'entity', 'ctry', 'in', 'er', '-', 'modeling', ',', 'and', 'member', 'attribute', 'in', 'object', 'modeling', '.', 'it']","['O', 'O', 'O', 'O', 'O', 'O', 'O', 'O', 'O', 'O', 'O', 'B-class', 'O', 'O', 'O', 'O', 'O', 'O', 'O', 'O', 'O', 'O', 'O', 'O', 'O', 'O']"
"['.', 'selection', 'Menu']","['O', 'O', 'O']"
"['system', 'will', 'capture', 'the', 'follow', 'information', 'during', 'the', 'rate', 'Treatment', ')', 'number', 'be', 'mandatory', 'during', 'the', 'sale', 'return', 'Distributor', 'Name', '-', 'will', 'information', 'list', 'Distributor', 'Master', ';', 'Sales', 'Man', 'Name', '-', 'will', 'list', 'from', 'from', 'above', 'all']","['B-class', 'O', 'O', 'O', 'O', 'O', 'O', 'O', 'O', 'I-attr', 'O', 'B-attr', 'O', 'O', 'O', 'O', 'O', 'O', 'B-attr', 'I-attr', 'O', 'O', 'O', 'O', 'O', 'O', 'O', 'B-attr', 'I-attr', 'I-attr', 'O', 'O', 'O', 'O', 'O', 'O', 'O']"
"['constraint', 'recognize', 'that', 'the', 'majority', 'of', 'the', 'expense', 'in', 'change', 'hardware', 'standard', 'be', 'the', 'cost', 'new', 'other', 'a', 'of', 'future', ';', 'the', 'cost', 'of', 'maintain', 'an', 'exist', 'hardware', 'standard', ',', 'even', 'if', 'available', ',', 'may', 'exceed', 'the', 'cost', 'adopt', 'add', 'enhance', 'instal', 'this']","['O', 'O', 'O', 'O', 'O', 'O', 'O', 'O', 'O', 'O', 'O', 'O', 'O', 'O', 'O', 'O', 'O', 'O', 'O', 'O', 'O', 'O', 'O', 'O', 'O', 'O', 'O', 'O', 'O', 'O', 'O', 'O', 'O', 'O', 'O', 'O', 'O', 'O', 'O', 'O', 'O', 'O', 'O']"
"['.', '2']","['O', 'O']"
"['of', 'to', 'be', 'implement', '.', '(']","['O', 'O', 'O', 'O', 'O', 'O']"
"['addressing', '(', 'section', '11', ')', 'M', ';', 'Location', 'dependent', 'addressing', 'table', 'in', 'list', 'be', 'Index', '[', '28', ']', ']', '.', '(']","['O', 'O', 'O', 'O', 'O', 'O', 'O', 'O', 'O', 'O', 'O', 'O', 'O', 'O', 'O', 'O', 'O', 'O', 'O', 'O', 'O']"
"['will', 'Gemini', 'plan', 'on', 'create', 'new', 'development', 'tool', '.', 'Record']","['O', 'O', 'O', 'O', 'O', 'O', 'O', 'O', 'O', 'O']"
"['radio', '11', ';', '.', 'General']","['O', 'O', 'O', 'O', 'O']"
"['of', 'VME', 'and', 'other', 'I', '/', 'and', 'require', 'VxWorks', 'development', 'development', 'skill', ';', 'network', 'skill', ':', 'TCP', '/', 'application', 'P', 'UDP', '/', 'IP', 'socket', '.', 'the']","['O', 'O', 'O', 'O', 'O', 'O', 'O', 'O', 'O', 'O', 'O', 'O', 'O', 'O', 'O', 'O', 'O', 'O', 'O', 'O', 'O', 'O', 'O', 'O', 'O', 'O']"
"['(', 'this', 'datum', 'demographic', 'beyond', 'information', 'detailed', 'more', 'provide', 'datum', 'exposure', 'and', 'case']","['O', 'O', 'I-attr', 'B-attr', 'O', 'O', 'O', 'O', 'O', 'I-attr', 'I-attr', 'I-attr', 'B-attr']"
"['.', '5.15', 'and', '5.10', 'subsection', 'in', 'i', 'user', ':', 'to', 'implement', 'in', 'the', 'EIRENE', 'network', 'use', 'the', 'GSM', 'Unstructured', 'Supplementary', 'Service', 'Data', '(', 'USSD', ')', 'be', 'will', 'service', 'me', 'driver', 'or', 'locomotive', 'for', 'that', 'train', 'at', 'facility', 'that', '.', '(']","['O', 'O', 'O', 'O', 'O', 'O', 'O', 'B-class', 'O', 'O', 'O', 'O', 'O', 'O', 'O', 'O', 'O', 'B-class', 'I-class', 'I-class', 'I-class', 'I-class', 'I-class', 'I-class', 'I-class', 'O', 'O', 'I-class', 'I-class', 'B-class', 'O', 'B-class', 'O', 'O', 'B-class', 'O', 'I-class', 'O', 'O', 'O']"
"['test', 'should', 'be', 'a', 'part', 'of', 'every', 'Gemini', '8', 'm', 'Telescopes', 'software', 'package', 'subsystem', 'must', 'notify', 'the', 'of', 'conﬁguration', 'be', 'log', 'to', 'aid', 'in', 'track', 'down', 'problem', '.', 'should']","['O', 'O', 'O', 'O', 'O', 'O', 'O', 'O', 'O', 'O', 'O', 'O', 'O', 'O', 'O', 'O', 'O', 'O', 'I-attr', 'O', 'O', 'O', 'O', 'O', 'O', 'O', 'O', 'O', 'O']"
"['i', ')', 'station', 'the', 'comprise', 'the', 'follow', 'element', ':', '(', 'i', 'system', 'figure', '(', ')', 'BSS', 'via', 'the', 'GSM', ""'"", 'A', ""'"", 'interface', '.', 'the']","['O', 'O', 'I-class', 'O', 'O', 'O', 'O', 'O', 'O', 'O', 'O', 'B-class', 'O', 'O', 'O', 'O', 'O', 'O', 'B-class', 'I-class', 'I-class', 'I-class', 'I-class', 'O', 'O']"
"['.', 'measure', 'other', 'visit', 'First', ';', 'drug', 'follow', 'visit', ';', 'Test', 'Lab', ';', 'Diagnosis', 'visit', 'First', ';', 'Examinations', 'Clinical', 'First', 'up', 'diagnosis', ';', 'Patter', 'MSI', 'follow', 'should', 'VSP', 'the']","['O', 'I-attr', 'I-attr', 'I-attr', 'B-attr', 'O', 'I-attr', 'I-attr', 'I-attr', 'O', 'I-attr', 'B-attr', 'O', 'I-attr', 'I-attr', 'B-attr', 'O', 'I-attr', 'I-attr', 'B-attr', 'I-attr', 'I-attr', 'O', 'O', 'O', 'O', 'O', 'B-class', 'O']"
"['determine', 'battery', 'requirement', ',', 'the', 'transmit', '/', 'receive', 'duty', 'of', 'axis', 'three', 'all', '1.5', 'g.', 'the']","['O', 'O', 'O', 'O', 'O', 'O', 'O', 'O', 'O', 'O', 'O', 'O', 'O', 'O', 'O', 'O']"
"['must', 'be', 'capable', 'of', 'deal', 'both', 'with', 'the', 'LAN', 'the', 'of', 'majority', 'of', 'instrument', ',', 'the', 'Gemini', '8', 'm', 'Telescopes', 'system', 'have', 'internal', 'communication', 'need', '.', 'the']","['O', 'O', 'O', 'O', 'O', 'O', 'O', 'O', 'O', 'O', 'O', 'O', 'O', 'B-class', 'O', 'O', 'O', 'O', 'O', 'O', 'B-class', 'O', 'O', 'O', 'O', 'O', 'O']"
"['unsuitability', 'shall', 'be', 'indicate', 'on', 'the', 'DMI', '.', 'do', 'the', 'it', 'for', 'the', 'DMI', '.', 'it']","['I-attr', 'O', 'O', 'O', 'O', 'O', 'B-class', 'O', 'O', 'O', 'O', 'O', 'O', 'B-class', 'O', 'O']"
"['rule', ',', ';', 'namespace', ';', 'provide', 'a', 'capability', 'to', 'subscribe', 'for', 'notification', 'of', 'change', 'to', 'Communities', 'of', 'Interest', 'dcd', 'Tags', ',', 'to', 'to', 'ensure', 'maximum', 'semantic', 'understanding', 'of', 'a', 'term', 'as', 'it', 'appear', 'in', 'an', 'xml', 'document', ';', 'link', 'dtd', 'xml', 'the', 'download', ',', 'XML', 'Spec', '(', 'i.e.', 'DTD', ',', 'dcd', 'etc', '.', ')', ',', 'Sample', 'of', 'XML', 'document', 'of', 'Specification', 'the', 'Tag', ':', 'its', 'information', 'resource', 'type', ';', 'view', 'the', 'Information', 'Resource', 'Submittal', 'Package', 'contain', 'the', 'follow', 'Information', 'Resource', 'artifact', 'XML', '(', 'tag', 'be', 'will', 'be', 'use', 'for', 'inputte', 'the', 'request', 'information', 'for', 'a', 'specific', 'Information', 'Resource', ';', 'provide', 'capability', 'to', 'Spec', 'to', 'Tag', 'this']","['O', 'O', 'O', 'O', 'O', 'O', 'O', 'O', 'O', 'O', 'O', 'O', 'O', 'O', 'O', 'B-class', 'I-class', 'I-class', 'O', 'I-class', 'O', 'O', 'O', 'O', 'O', 'O', 'O', 'O', 'O', 'B-class', 'O', 'O', 'O', 'O', 'O', 'B-class', 'I-class', 'O', 'O', 'O', 'B-class', 'O', 'O', 'O', 'B-attr', 'I-attr', 'O', 'O', 'O', 'O', 'O', 'O', 'O', 'O', 'O', 'B-attr', 'I-attr', 'I-attr', 'I-attr', 'O', 'I-attr', 'O', 'I-attr', 'O', 'O', 'B-attr', 'I-attr', 'I-attr', 'O', 'O', 'O', 'B-class', 'I-class', 'I-class', 'I-class', 'O', 'O', 'O', 'O', 'O', 'O', 'B-attr', 'O', 'B-class', 'O', 'O', 'O', 'O', 'O', 'O', 'O', 'O', 'O', 'O', 'O', 'O', 'B-class', 'I-class', 'O', 'O', 'O', 'O', 'I-class', 'O', 'I-class', 'O']"
"['.', 'or', 'mode', 'and', 'observer', 'both', 'use', 'be', 'might', 'astronomer', 'an', 'when', 'time', 'monitor', 'operation', 'more', '.', 'Gemini', 'and', 'enclosure', 'Telescopes', 'm', '8', 'Gemini', 'the']","['O', 'O', 'B-attr', 'O', 'O', 'O', 'O', 'O', 'O', 'B-class', 'O', 'O', 'O', 'O', 'O', 'O', 'O', 'O', 'O', 'O', 'O', 'O', 'O', 'O', 'O']"
"['tunnel', ')', 'where', 'speed', 'increase', 'be', 'e.g.', 'relate', 'the', 'front', 'of', 'the', 'train', '.', 'to', '(', 'location', 'certain', 'train', 'shall', 'respect', 'the', 'static', 'train', 'speed', 'profile', '.', 'it']","['O', 'O', 'O', 'O', 'O', 'O', 'O', 'O', 'O', 'O', 'O', 'O', 'B-class', 'O', 'O', 'O', 'B-class', 'O', 'B-class', 'O', 'O', 'O', 'B-class', 'I-class', 'I-class', 'I-class', 'O', 'O']"
"['.', 'specification', 'number', 'GSM', 'conformant', 'and', 'interoperability', 'for', 'mandatory', ':', 'interface', 'to', ')', 'a', 'architecture', 'radio', 'Cab', 'EIRENE', ';', 'communication', 'mode', 'direct', 'for', '):', 'MT', '-', 'DM', '(', 'Termination', 'Mobile', 'application', ':', 'standardise', 'feature', 'the']","['O', 'O', 'O', 'O', 'O', 'O', 'O', 'O', 'O', 'O', 'I-class', 'O', 'O', 'O', 'O', 'O', 'O', 'O', 'O', 'O', 'O', 'O', 'O', 'O', 'O', 'O', 'O', 'O', 'I-class', 'I-class', 'O', 'O', 'O', 'O', 'O']"
"['-', 'mail', 'Credit']","['I-attr', 'I-attr', 'B-attr']"
"['error', 'system', 'condition', 'continue', ',', '""', 'alarm', '""', 'should', 'be', 'describe', ',', 'along', 'an', 'with', 'proper', 'action', 'require', 'to', 'acknowledge', 'and', 'eliminate', 'the', 'the', 'in', 'result', 'that', 'though', 'perhaps', 'with', 'reduce', 'efﬁciency', '.', 'all']","['O', 'B-class', 'O', 'O', 'O', 'O', 'B-attr', 'O', 'O', 'O', 'O', 'O', 'O', 'O', 'O', 'O', 'O', 'O', 'O', 'O', 'O', 'O', 'O', 'O', 'O', 'O', 'O', 'O', 'O', 'O', 'O', 'O', 'O', 'O']"
"[',', 'one', 'do', 'not', 'want', 'to', 'lose', 'the', 'advantage', 'and', 'the', 'extra', 'ﬂexibility', 'of', 'ground', '-', 'base', 'astronomy', '.', 'same', 'for']","['O', 'O', 'O', 'O', 'O', 'O', 'O', 'O', 'O', 'O', 'O', 'O', 'O', 'O', 'O', 'O', 'O', 'O', 'O', 'O', 'O']"
"['.', ')', '4', 'designation', 'priority', 'emlpp', '(', 'call', 'information', 'railway', 'store', 'a', 'priority', 'in', 'initiate', 'to', 'able', 'be', 'shall', 'driver', 'the', 'of', ')', '(']","['O', 'O', 'O', 'O', 'O', 'O', 'O', 'I-class', 'I-class', 'B-class', 'O', 'O', 'B-attr', 'O', 'O', 'O', 'O', 'O', 'O', 'B-class', 'O', 'O', 'O', 'O']"
"['=', 't', '=', 'UT']","['O', 'O', 'O', 'O']"
"['.', 'document', 'this', 'in', 'cover', 'Management', ';', ':', 'System', 'support', 'system', 'by', 'address', 'be', 'should', ',', 'configuration', 'flexible', 'as', 'such', ',', 'need', 'level', '-', 'system', 'broad', ':', 'Architecture', '2.1', 'trace', 'by']","['O', 'O', 'O', 'O', 'O', 'O', 'O', 'O', 'O', 'O', 'B-class', 'O', 'O', 'O', 'O', 'O', 'O', 'O', 'O', 'O', 'O', 'O', 'O', 'O', 'O', 'O', 'O', 'O', 'O', 'O', 'O']"
"['remainder', 'routine', 'when', 'that', 'call', 'in', 'this', 'section', 'provide', 'a', 'callback', 'mechanism', 'for', 'describe', 'database', 'change', '.', 'this']","['O', 'O', 'O', 'O', 'O', 'O', 'O', 'O', 'O', 'O', 'O', 'O', 'O', 'O', 'O', 'O', 'O', 'O']"
"['default', '.', 'on', 'switch', 'be', 'MMI', 'the', 'when', 'the', 'select', 'level', 'define', '-', 'pre', 'the', 'be', 'setting', 'automatically', ')', 'o', '(']","['B-class', 'O', 'O', 'O', 'O', 'O', 'O', 'O', 'O', 'O', 'O', 'O', 'O', 'O', 'O', 'O', 'I-class', 'O', 'O', 'O', 'O']"
"['Parameters', 'there', 'and', 'shall', 'a', 'maximum', 'number', 'of', 'heating', 'or', 'cool', 'u', 'nit', 'that', 'can', 'be', 'on', 'be', 'datum', 'file', 'the', 'the', 'themas', 'system', '.', 'the']","['O', 'O', 'O', 'O', 'O', 'B-attr', 'I-attr', 'I-attr', 'I-attr', 'I-attr', 'I-attr', 'I-attr', 'I-attr', 'O', 'O', 'O', 'O', 'O', 'I-attr', 'I-class', 'O', 'O', 'O', 'B-class', 'O', 'O']"
"[';', 'category', 'train', ';', 'status', 'of', 'air', 'tight', 'system', ';', 'type', 'of', 'el', '.', 'power']","['O', 'I-attr', 'I-attr', 'O', 'B-attr', 'O', 'B-class', 'I-class', 'I-class', 'O', 'B-attr', 'I-attr', 'I-attr', 'I-attr', 'I-attr']"
"['railway', 'shall', 'as', 'for', 'condition', 'the']","['B-class', 'O', 'O', 'O', 'O', 'O']"
"['.', 'go']","['O', 'O']"
"['System', 'must', 'be', 'able', 'no', 'to', 'audit', 'trail', 'for', 'specify', 'case', '(', 'without', 'affect', 'the', 'audit', 'export', 'information', 'or', 'have', 'event', 'can', 'be', 'identify', 'and', 'all', 'relate', 'datum', 'make', 'accessible', 'little', ',', 'that', 'this', 'can', 'be', 'achieve', 'by', 'authorise', 'external', 'personnel', 'who', 'and', 'trail', 'audit', 'the', 'administrative', 'parameter', '.', 'the']","['O', 'O', 'O', 'O', 'O', 'O', 'B-class', 'I-class', 'O', 'O', 'B-class', 'O', 'O', 'O', 'O', 'B-class', 'O', 'O', 'O', 'O', 'B-class', 'O', 'O', 'O', 'O', 'O', 'O', 'O', 'O', 'O', 'O', 'O', 'O', 'O', 'O', 'O', 'O', 'O', 'O', 'O', 'O', 'O', 'O', 'I-class', 'B-class', 'O', 'B-attr', 'I-attr', 'O', 'O']"
"['train', 'rbc', 'to', 'another', '(', 'train', 'spacing', 'one', 'and', 'speed', ')', '.', 'if']","['B-class', 'B-class', 'O', 'O', 'O', 'B-attr', 'I-attr', 'O', 'O', 'I-attr', 'O', 'O', 'O']"
"['.', 'database', 'in', 'detect', 'system', 'shall', 'detect', '.', 'Firestarter', 'call', 'firewall', 'source', 'open', 'by', 'protect', 'be', 'shall', 'system', 'the']","['O', 'O', 'O', 'O', 'O', 'O', 'O', 'O', 'O', 'O', 'O', 'O', 'O', 'O', 'O', 'O', 'O', 'O', 'O']"
"['mail', 'confirmation', 'to', 'tracking', 'with', 'along', 'address', 'shipping', 'the', 'to', 'deliver', 'be', 'will', 'order', 'they', 'item', 'the', 'that', 'customer', 'the', 'and', ';', 'operational', 'less', 'for', 'search', 'to', 'able', 'be', 'shall', 'system', 'a', 'the']","['O', 'O', 'O', 'O', 'O', 'O', 'O', 'O', 'O', 'O', 'O', 'O', 'O', 'O', 'O', 'B-class', 'O', 'O', 'B-class', 'O', 'O', 'O', 'O', 'O', 'O', 'O', 'O', 'O', 'O', 'O', 'O', 'O', 'O']"
"['receive', 'be', 'suppress', 'in', 'traction', 'unit(s', ')', 'with', 'in', '-', 'operative', 'cab', '.', 'it']","['O', 'O', 'O', 'O', 'B-class', 'I-class', 'I-class', 'O', 'O', 'O', 'O', 'O', 'O', 'O']"
"['.', 'the', 'to', 'maximum', '10', 'Co', 'Tool', 'of', '/customer', 'employee', 'the', 'of', 'Password', '=', 'Password']","['O', 'O', 'O', 'O', 'O', 'O', 'O', 'O', 'B-class', 'B-class', 'O', 'O', 'B-attr', 'O', 'B-attr']"
"['be', 'support', 'by', 'a', 'visitor', 'location', 'register', 'MSC', ')', 'contain', 'attribute', 'subscriber', 'detail', 'on', 'a', 'permanent', 'basis', ';', 'hold', 'the', 'also', 'comprise', 'General', 'Packet', 'Radio', 'Service', '(', 'network', 'the', ')', '(', 'of', 'voice', 'group', 'and', 'broadcast', 'call', 'configuration', 'HLRs', 'for', 'relate', 'MSC', 'area', 'and', 'home', 'location', 'register', 'the', 'a', 'to', 'be', 'interoperability', ',', 'all', 'EIRENE', 'mobile', 'be', 'specify', 'with', 'a', 'common', 'level', 'of', 'basic', 'service', ',', 'ensure', 'to', ')', 'M', '5ms', ',', 'and', 'there', 'shall', 'be', 'a', 'facility', 'minimum', 'of', '65ms', 'between', 'each', 'tone', '.', '(']","['O', 'O', 'O', 'O', 'B-class', 'I-class', 'I-class', 'B-class', 'O', 'O', 'O', 'B-attr', 'I-attr', 'O', 'O', 'O', 'O', 'O', 'O', 'O', 'O', 'O', 'B-class', 'I-class', 'I-class', 'I-class', 'O', 'O', 'O', 'O', 'O', 'O', 'B-attr', 'I-attr', 'I-attr', 'I-attr', 'I-attr', 'I-attr', 'O', 'O', 'O', 'O', 'O', 'O', 'B-class', 'I-class', 'I-class', 'O', 'O', 'O', 'O', 'O', 'O', 'O', 'O', 'O', 'O', 'O', 'O', 'O', 'O', 'O', 'O', 'O', 'O', 'O', 'O', 'O', 'O', 'O', 'O', 'O', 'O', 'O', 'O', 'O', 'O', 'O', 'B-attr', 'O', 'O', 'O', 'O', 'B-class', 'O', 'O']"
"['capture', 'of', 'any', 'duplicate', 'name', 'the', 'system', 'will', 'give', 'a', 'warning', 'message', '.', 'to', 'the', 'duplicate', 'name', 'or', 'to', 'change', 'the', 'name', '.', 'for']","['O', 'O', 'O', 'O', 'B-class', 'O', 'B-class', 'O', 'O', 'O', 'O', 'O', 'O', 'O', 'O', 'O', 'B-attr', 'O', 'O', 'O', 'O', 'B-attr', 'O', 'O']"
"[""'"", 'route', ""'"", 'may', 'be', 'a', 'speciﬁc', 'subsystem', ',', 'channel', ',', 'or', 'the', '-', 'base', '.', 'indicate', 'route', '.', 'the']","['O', 'B-class', 'O', 'O', 'O', 'O', 'O', 'B-class', 'O', 'B-class', 'O', 'O', 'O', 'I-attr', 'I-attr', 'O', 'O', 'B-class', 'O', 'O']"
"['.', ')', 'these']","['O', 'O', 'O']"
"[';', 'character', 'alphabetic', '100', 'maximum', ';', 'customer', 'the', 'of', 'name']","['O', 'O', 'O', 'O', 'O', 'O', 'B-class', 'O', 'O', 'O']"
"['.', 'the', 'store', 'detail', 'the', 'in', 'and', 'feature', 'system']","['O', 'O', 'O', 'O', 'O', 'O', 'O', 'O', 'O']"
"['.', 'need', 'update', 'outline', 'category', 'assist', 'to', 'bubble', 'help', 'utilize', 'shall', 'system', 'manager', 'the']","['O', 'O', 'O', 'O', 'B-class', 'O', 'O', 'O', 'O', 'O', 'O', 'O', 'O', 'O']"
"['increase', 'software', 'robustness', ',', 'range', 'checking', 'observe', 'require', 'sequence', 'automatic', 'prior', 'to', 'send', 'critical', 'or', 'time', 'consume', 'command', 'do', '.', 'must', 'be', 'possible', 'to', 'apply', 'continuous', 'monitoring', 'to', 'it']","['O', 'O', 'O', 'O', 'O', 'O', 'O', 'O', 'O', 'O', 'O', 'O', 'O', 'O', 'O', 'O', 'O', 'O', 'O', 'O', 'O', 'O', 'O', 'O', 'O', 'O', 'O', 'O', 'O']"
"['.', '5A-3', 'and', '5A-2', 'of', 'replace', 'the', 'handset', '.', 'call', 'outgoing', 'of', 'type', 'different', 'the', ')', 'for', ""'"", 'clear', 'call', ""'"", 'the', 'initiate', 'or', 'procedure', '-', 'call', 'an', 'from', 'enter', 'otherwise', 'unless', 'call', 'voice', 'point', '-', 'to', '-', 'point', 'be', 'shall', 'MMI', 'the', 'the', 'MMI', 'at', 'the', 'priority', 'a', 'have', 'shall', 'call', 'dial', ',', 'from', 'default', ')', 'M', '(']","['O', 'O', 'O', 'O', 'O', 'O', 'O', 'O', 'O', 'B-class', 'O', 'O', 'B-attr', 'O', 'O', 'O', 'O', 'O', 'O', 'O', 'O', 'O', 'O', 'O', 'O', 'I-attr', 'I-class', 'O', 'O', 'O', 'O', 'O', 'O', 'I-class', 'I-class', 'I-class', 'I-class', 'I-class', 'B-class', 'O', 'O', 'O', 'O', 'O', 'O', 'O', 'O', 'B-attr', 'O', 'O', 'O', 'I-class', 'B-class', 'O', 'O', 'O', 'O', 'O', 'O']"
"['heating', '/', 'cool', 'delay', 'shall', 'on', 'off', 'thermostat', 'be', 'in', 'the', 'correct', 'format', 'for', 'the', 'themas', 'system', 'to', 'use', '.', '/', 'it']","['B-attr', 'I-attr', 'I-attr', 'O', 'O', 'I-attr', 'B-attr', 'B-class', 'O', 'O', 'O', 'O', 'O', 'O', 'O', 'O', 'O', 'O', 'O', 'O', 'I-attr', 'O']"
"['.', 'power', 'transmission', 'high', 'and', ',', 'equipment', 'radio', 'shall', 'comply', 'with', '(']","['O', 'I-attr', 'I-attr', 'B-attr', 'O', 'O', 'I-class', 'I-class', 'O', 'O', 'O', 'O']"
"['.', 'to', 'establish', 'and', 'terminate', 'the', 'forwarding', 'of', 'allow', 'call', 'a', 'functional', 'number', 'to', 'their', 'personal', 'number', 'from', 'of', 'the', 'network', 'who', 'need', 'to', 'be', 'address', 'by', 'train', 'number', 'which', 'change', 'with', 'each', 'journey', '.', 'to']","['O', 'O', 'O', 'O', 'O', 'O', 'O', 'O', 'O', 'O', 'O', 'B-attr', 'I-attr', 'O', 'O', 'B-attr', 'I-attr', 'O', 'O', 'O', 'O', 'O', 'O', 'O', 'O', 'O', 'O', 'B-attr', 'I-attr', 'O', 'O', 'O', 'O', 'B-class', 'O', 'O']"
"['.', 'Yoggie', 'by', 'provide', 'be', 'diver', 'and', 'interface', 'Corporation', 'usb']","['O', 'O', 'O', 'O', 'O', 'O', 'O', 'O', 'O', 'O']"
"['the', 'heart', 'of', 'EPICS', '.', 'we']","['O', 'O', 'O', 'O', 'O', 'O']"
"[',', 'on', 'software', 'protocol', 'deﬁne', 'in', 'this', 'document', '.', 'the']","['O', 'O', 'O', 'O', 'O', 'O', 'O', 'O', 'O', 'O']"
"['.', ']', '1', 'part', '68', 'IEC', '[', 'in', 'to', 'be', 'follow', 'for', ']', '68', 'IEC', '[', 'the', 'in', 'define', ':', 'as', 'follow', 'the', 'include', 'shall', 'equipment', 'mobile', 'EIRENE', 'test', ';', 'p', 'Fire', 'comprise', 'architecture', 'the']","['O', 'O', 'O', 'O', 'O', 'O', 'O', 'O', 'O', 'O', 'O', 'O', 'O', 'O', 'O', 'O', 'O', 'O', 'O', 'O', 'O', 'O', 'O', 'O', 'O', 'I-class', 'B-class', 'O', 'O', 'O', 'O', 'O', 'O', 'O', 'O']"
"['.', 'detail', 'the', 'accept', 'digital', 'signature', 'parsing', 'and', 'construction', 'message']","['O', 'I-attr', 'O', 'O', 'O', 'O', 'B-class', 'O', 'I-class', 'B-class']"
"['approach', 'be', 'successfully', 'apply', 'private', 'in', 'and', 'service', 'on', 'the', 'quality', 'of', 'this', 'system', '.', 'past']","['O', 'O', 'O', 'O', 'O', 'O', 'O', 'B-class', 'O', 'O', 'O', 'O', 'O', 'O', 'O', 'O']"
"['.', 'system', 'the', 'of', 'transparency', 'perceive', 'the', 'determine', 'will', 'link', 'the', 'of', 'of', 'to', 'bandwidth', 'sufﬁcient', 'should', 'there']","['O', 'O', 'O', 'O', 'O', 'O', 'O', 'O', 'O', 'O', 'O', 'O', 'O', 'O', 'O', 'O', 'O', 'O']"
"['provide', 'be', 'shall', 'requirement', 'as', 'show', 'in', 'table', '4', '-', '7', 'M', 'for', 'call', 'type', '.', '(']","['O', 'O', 'O', 'O', 'O', 'O', 'O', 'O', 'O', 'O', 'O', 'O', 'O', 'B-class', 'I-class', 'O', 'O']"
"['be', 'the', 'should', 'make', 'any', 'reply']","['O', 'O', 'O', 'O', 'O', 'O']"
"['.', 'datum', 'Hartmann', 'Primary', 'Mirror', 'Control', 'System', '.', 'the']","['O', 'O', 'O', 'B-class', 'I-class', 'I-class', 'I-class', 'O', 'O']"
"['.', 'node', 'the', 'sum', 'total', 'of', 'user', 'at', 'all', 'the', 'node', '.', 'the']","['O', 'B-class', 'O', 'B-attr', 'I-attr', 'I-attr', 'I-attr', 'I-attr', 'I-attr', 'I-attr', 'I-attr', 'O', 'O']"
"['i', ')', 'the', 'follow', 'minimum', 'value', 'shall', 'apply', ':', '(', 'M', 'propagation', 'actual', 'the', 'by', 'coverage', 'area', '.', '(']","['O', 'O', 'O', 'O', 'O', 'O', 'O', 'O', 'O', 'O', 'O', 'O', 'O', 'O', 'O', 'B-class', 'I-class', 'O', 'O']"
"['that', 'for', 'the', 'handheld', 'version', 'of', 'variety', 'the', 'purpose', 'radio', ',', 'commercial', 'standard', 'apply', '.', 'General', '.', 'of', 'number', 'and', 'encryption', 'algorithm', ',', 'which', 'must', 'be', 'apply', 'consistently', 'in', 'all', 'network', '.', '(']","['O', 'O', 'O', 'O', 'O', 'O', 'O', 'O', 'O', 'O', 'O', 'O', 'O', 'O', 'O', 'O', 'O', 'O', 'O', 'O', 'O', 'O', 'O', 'O', 'O', 'O', 'O', 'O', 'O', 'O', 'O', 'O', 'O']"
"['.', 'occur', 'travel', 'the', 'which', 'their', 'in', 'daily', 'as', 'include', 'should', 'datum', 'history', 'travel']","['O', 'O', 'B-class', 'O', 'O', 'O', 'O', 'B-class', 'O', 'O', 'O', 'I-class', 'I-class', 'B-class']"
"['asynchronously', 'from', 'data', 'acquistion', '.', 'in']","['O', 'O', 'O', 'O', 'O', 'O']"
"['.', 'datum', 'aggregate', 'to', 'able', 'be', 'must', 'OM', 'support', 'Systems']","['O', 'B-attr', 'O', 'O', 'O', 'O', 'O', 'O', 'O', 'B-class']"
"['train', 'datum', 'and', 'infrastructure', 'datum', ',', 'brake', 'curve', '.', 'the']","['B-attr', 'I-attr', 'O', 'B-attr', 'I-attr', 'O', 'B-class', 'I-class', 'O', 'O']"
"['i', ')', 'application', 'may', 'include', ':', '(', 'i', ')', 'public', 'access', 'to', 'EIRENE', 'to', 'operation', '.', '(']","['O', 'O', 'O', 'O', 'O', 'O', 'O', 'O', 'O', 'O', 'O', 'O', 'O', 'O', 'O', 'O', 'O']"
"['.', ')', 'system', 'separate', 'a', 'support', 'by', 'adequately', 'to', 'as', 'operate', 'as', 'instrument', 'all', 'view', 'Telescopes', 'Gemini', 'server', 'the']","['O', 'O', 'B-class', 'O', 'O', 'O', 'O', 'O', 'O', 'O', 'O', 'O', 'O', 'O', 'O', 'O', 'O', 'O', 'O']"
"['consist', 'of', 'a', 'mechanism', 'set', 'core', 'software', 'and', 'a', 'set', 'of', 'optional', 'component', 'of', 'Release', '/', 'source', 'be', 'available', 'to', 'create', 'the', 'various', 'database', 'component', 'from', 'ASCII', 'deﬁnition', 'ﬁle', ';', 'source', '/', 'Release', 'epics', 'provide', 'a', 'Tools', 'on', 'monitor', 'establish', 'change', '.', 'at']","['O', 'O', 'O', 'O', 'O', 'B-class', 'I-class', 'O', 'O', 'O', 'O', 'B-attr', 'B-class', 'O', 'O', 'O', 'O', 'O', 'O', 'O', 'O', 'O', 'O', 'B-class', 'I-class', 'O', 'O', 'O', 'O', 'O', 'O', 'O', 'O', 'O', 'O', 'O', 'O', 'O', 'B-class', 'O', 'I-attr', 'O', 'O']"
"['and', 'from', 'on', '-', 'line', 'database', ',', 'and', 'command', 'and', 'software', 'for', 'the', 'ioc', '.', 'the']","['O', 'O', 'O', 'O', 'O', 'O', 'O', 'O', 'O', 'O', 'O', 'O', 'O', 'O', 'O', 'O']"
"['i', ')', 'railway', 'network', 'may', 'implement', 'a', 'short', 'message', 'MAP', '(', 'part', 'application', 'out', 'accord', 'to', 'signal', 'system', 'number', '7', 'service', ',', ',', 'make', 'specific', 'use', 'of', 'the', 'mobile', 'ss7', 'network', 'centre', 'be', 'network', 'be', 'also', 'likely', 'to', 'have', 'external', 'interface', 'to', ':', '(', 'i', ')', 'private', 'railway', 'GSM', 'railway', 'a', ')', 'interface', 'to', 'the', 'GSM', 'network', 'in', 'order', 'to', 'to', 'railway', 'specific', 'messaging', 'application', '.', '(']","['O', 'O', 'B-class', 'I-class', 'O', 'O', 'O', 'B-class', 'I-class', 'O', 'O', 'I-class', 'I-class', 'O', 'O', 'O', 'O', 'O', 'O', 'O', 'I-class', 'O', 'O', 'O', 'O', 'O', 'O', 'O', 'B-class', 'O', 'I-class', 'I-class', 'O', 'I-class', 'O', 'O', 'O', 'O', 'O', 'O', 'O', 'O', 'O', 'O', 'O', 'O', 'B-class', 'I-class', 'I-class', 'B-class', 'O', 'O', 'O', 'O', 'O', 'B-class', 'I-class', 'O', 'O', 'O', 'O', 'B-class', 'I-class', 'I-class', 'I-class', 'O', 'O']"
"['/', 'c', 'request', 'once', 'a', 'request', 'to', 'turn', 'on', 'or', 'off', 'a', 'heating', 'H', 'or', 'a', 'unit', 'unit', 'be', 'make', ',', 'this', 'process', 'shall', 'generate', 'the', 'appropriate', 'request', 'to', 'carry', 'and', 'out', 'request', '.', 'this']","['O', 'O', 'O', 'O', 'O', 'B-class', 'O', 'O', 'O', 'O', 'O', 'O', 'B-class', 'O', 'I-class', 'O', 'I-class', 'I-class', 'O', 'O', 'O', 'O', 'O', 'O', 'O', 'O', 'O', 'B-class', 'O', 'O', 'O', 'O', 'B-class', 'O', 'O']"
"['COE', 'component', 'identify', 'to', '-', 'date', 'be', 'list', 'below', 'this', 'COE', 'at']","['O', 'O', 'O', 'O', 'O', 'O', 'O', 'O', 'O', 'O', 'O', 'O']"
"['.', 'boundary', 'jurisdictional', 'cross', 'investigation', 'the', 'that', 'event', 'the', 'in', 'jurisdiction', 'various', 'with', 'support', 'become', 'call', 'may', 'activity']","['O', 'I-attr', 'B-attr', 'O', 'B-class', 'O', 'O', 'B-class', 'O', 'O', 'B-class', 'O', 'O', 'O', 'O', 'B-class', 'O', 'B-class']"
"['(', 'Transmission', 'Module', '):', 'Track', 'to', 'train', 'Specific', '.', 'trackside', 'therefore', '3', ':', 'same', 'as', 'level', '2', 'except', 'that', 'train', 'integrity', 'be', 'provide', 'by', 'onboard', 'and', ';', 'ERTMS', '/', 'ETCS', ',', 'the', 'brake', 'can', 'be', 'release', 'afterwards', 'ETCS', 'be', 'compatible', 'with', 'exist', 'national', 'system', 'shall', 'acknowledge', 'driver', 'the', 'the', 'driver', 'do', 'not', 'acknowledge', 'after', 'the', 'transition', 'the', 'brake', 'shall', 'be', 'apply', '.', 'if']","['O', 'O', 'O', 'O', 'B-attr', 'I-attr', 'I-attr', 'O', 'O', 'B-attr', 'O', 'O', 'O', 'O', 'O', 'O', 'O', 'O', 'O', 'B-class', 'I-class', 'O', 'O', 'O', 'B-class', 'O', 'O', 'B-attr', 'I-attr', 'I-attr', 'O', 'O', 'B-class', 'O', 'O', 'O', 'O', 'B-class', 'O', 'O', 'O', 'O', 'B-class', 'I-class', 'O', 'O', 'B-class', 'O', 'O', 'B-class', 'O', 'O', 'O', 'O', 'O', 'O', 'O', 'B-class', 'O', 'O', 'O', 'O', 'O']"
"['.', 'test', 'under', 'software', 'the', 'of', 'part', 'the', 'for', ')', '4', '-', '3', 'page', 'with', '8', 'interference', 'to', 'need', 'staff', 'maintenance', 'and', 'development', 'Software', 'Privileges', ';', 'the', 'procedure', 'and', 'test', 'establish', 'to', 'accord', ',', 'release', 'new', 'validation', 'high', 'privilege', 'in', 'follow', 'be', 'must', 'guideline', 'control', 'configuration', 'strict', 'nevertheless']","['O', 'O', 'O', 'O', 'O', 'O', 'O', 'O', 'O', 'O', 'O', 'O', 'O', 'O', 'O', 'O', 'O', 'O', 'O', 'O', 'O', 'O', 'O', 'O', 'O', 'O', 'O', 'O', 'O', 'O', 'O', 'O', 'O', 'O', 'O', 'O', 'O', 'O', 'B-attr', 'O', 'O', 'O', 'O', 'O', 'O', 'O', 'O', 'O']"
"['Master', 'Drugs', 'from', 'Visit', 'First', 'capture', 'will', 'Amount', 'claim', 'claim', 'visit', 'first', 'a', 'Consultation', 'be', 'if']","['O', 'O', 'O', 'I-attr', 'B-attr', 'O', 'O', 'I-attr', 'B-attr', 'O', 'O', 'O', 'O', 'I-attr', 'O', 'O']"
"['.', 'in', 'system', 'system', 'Inventory', 'completion', 'for', 'check', 'Server', 'Web', ';', 'result', ';', 'return', 'API', ';', 'result', 'validate', 'Service', 'API', ';', 'Service', 'result', 'web', 'return', 'application', 'an', 'implement', 'will', 'system', 'the']","['O', 'O', 'O', 'O', 'O', 'O', 'O', 'O', 'O', 'O', 'O', 'O', 'O', 'O', 'O', 'O', 'O', 'O', 'O', 'O', 'O', 'O', 'O', 'O', 'O', 'O', 'O', 'O', 'O', 'O', 'O']"
"['datum', 'end', 'up', 'in', 'the', 'different', 'database', '.', 'operational']","['B-attr', 'O', 'O', 'O', 'O', 'O', 'B-class', 'O', 'O']"
"[',', 'the', 'themas', 'system', 'shall', 'output', 'a', 'output', 'value', 'then', 'range', 'strictly', 'less', 'than', 'the', 'low', 'value', 'of', 'the', 'valid', 'temperature', 'range', 'or', 'if', ',', 'the', 'temperature', 'value', 'be', 'strictly', 'great', 'than', 'the', 'upper', 'value', 'of', 'the', 'valid', 'temperature', 'receive', 'valid', 'range', 'specified', 'a', 'request', 'to', 'turn', 'off', 'all', 'the', 'unit', '.', 'it']","['O', 'O', 'O', 'B-class', 'O', 'O', 'O', 'O', 'I-attr', 'O', 'I-attr', 'O', 'O', 'O', 'O', 'O', 'O', 'O', 'O', 'B-attr', 'I-attr', 'I-attr', 'O', 'O', 'O', 'O', 'B-attr', 'I-attr', 'O', 'O', 'O', 'O', 'O', 'O', 'O', 'O', 'O', 'B-attr', 'I-attr', 'O', 'B-class', 'I-attr', 'O', 'O', 'B-class', 'O', 'O', 'O', 'O', 'O', 'B-class', 'O', 'O']"
"['.', 'response', 'questionnaire', 'and', ',', 'datum', 'procedure', ',', 'datum', 'laboratory', ',', 'factor', 'risk', ',', 'symptom', 'of', 'type', ',', 'of', 'support', 'datum', 'standard']","['O', 'I-attr', 'B-attr', 'O', 'O', 'I-attr', 'B-attr', 'O', 'I-attr', 'B-attr', 'O', 'I-attr', 'B-attr', 'O', 'I-attr', 'I-attr', 'B-attr', 'O', 'I-attr', 'O', 'I-attr', 'B-attr']"
"['.', '3.2.3.3', 'chapter', 'the', ';', '3.2.4.3', 'chapter', 'player', 'the', 'to', 'ask', 'that', 'display', 'be', 'box', 'dialog', 'a', ',', 'save', 'not', 'be', 'game', 'the', 'if']","['O', 'O', 'O', 'O', 'O', 'O', 'O', 'B-class', 'O', 'O', 'O', 'O', 'O', 'O', 'O', 'O', 'O', 'O', 'O', 'O', 'O', 'B-class', 'O', 'O']"
"['also', 'give', 'the', 'user', 'account', 'ability', 'to', 'customize', 'the', 'result', 'view', 'by', 'criminal', 'operandi', 'query', '.', 'court', 'entry', 'be', 'make', 'during', 'Registration', '.', 'interface']","['O', 'O', 'O', 'O', 'O', 'O', 'O', 'O', 'O', 'O', 'O', 'O', 'B-class', 'I-attr', 'O', 'O', 'B-class', 'O', 'O', 'O', 'O', 'O', 'O', 'O']"
"['.Interactive', ';', 'telescope', 'Gemini', 'the', 'of', 'use', 'efﬁcient', 'make', 'to', 'order', 'in', ',', 'program', '-', 'always', 'remote', 'base', 'information', 'status', 'require', 'the', 'to', 'access', 'explicit', 'of', 'from', 'form', 'in', 'and', ',', 'location', 'different', 'at', 'information', 'status', 'the', 'any', 'point', '.', '-', 'queue', ',', 'interactive', '(', 'mode', 'observe', 'different', 'the']","['O', 'O', 'O', 'O', 'O', 'O', 'O', 'O', 'O', 'O', 'O', 'O', 'O', 'O', 'O', 'O', 'O', 'O', 'I-attr', 'B-attr', 'O', 'O', 'O', 'O', 'O', 'O', 'O', 'O', 'O', 'O', 'O', 'B-class', 'O', 'O', 'I-attr', 'B-attr', 'O', 'O', 'O', 'O', 'O', 'O', 'O', 'O', 'O', 'I-attr', 'B-attr', 'O', 'O']"
"['service', '(', 'treatment', ')', 'will', 'happen', 'level', 'at', 'VSP', '(', 'Service', 'Provider', ')', 'clinic', 'or', 'hospital', ';', 'the', 'attend', 'doctor', 'will', 'the', '-', 'sub', 'the', 'the', 'easy', 'understanding', 'and', 'designing', 'of', 'the', 'system', ',', 'this', 'module', 'be', 'subdivide', 'into', 'follow', 'sub', '-', 'module', '.', 'the']","['B-class', 'O', 'B-class', 'O', 'O', 'O', 'I-attr', 'O', 'O', 'O', 'B-class', 'I-class', 'O', 'B-class', 'O', 'B-class', 'O', 'O', 'O', 'B-class', 'O', 'O', 'I-attr', 'B-attr', 'O', 'O', 'O', 'O', 'O', 'O', 'O', 'O', 'B-class', 'O', 'O', 'B-class', 'O', 'O', 'O', 'O', 'B-class', 'I-class', 'I-class', 'O', 'O']"
"['a', 'proper', 'configuration', ',', 'to', 'requirement', '’', 'state', 'great', 'efficiency', '.', 'the']","['O', 'O', 'B-class', 'O', 'O', 'O', 'O', 'O', 'O', 'O', 'O', 'O']"
"['.', 'observer', ""'"", 'site', 'the', 'to', 'evident', 'become', 'queue', 'the', 'of', 'existence', 'on', 'night', 'assistant', ""'"", 'm', '8', 'Gemini', 'the', 'on', 'implement', 'operation', 'the', 'on', 'depend']","['O', 'I-class', 'O', 'I-class', 'O', 'O', 'O', 'O', 'B-class', 'O', 'O', 'O', 'B-class', 'B-class', 'I-class', 'O', 'O', 'O', 'O', 'O', 'O', 'O', 'O', 'O', 'O', 'O']"
"['other', 'control', 'software', '.', 'the']","['O', 'O', 'O', 'O', 'O']"
"['.', 'give', 'prophylaxis', 'or', 'the', 'an', 'affected', 'person', 'Administration', 'Response', '/', 'Countermeasure', 'Preparedness', 'PHIN', 'reference', 'please', ',', 'datum', 'event', 'adverse', 'regard', 'requirement', 'datum', 'specific', 'for']","['O', 'O', 'B-class', 'O', 'O', 'O', 'O', 'B-class', 'O', 'O', 'O', 'O', 'O', 'O', 'O', 'O', 'O', 'I-attr', 'I-attr', 'B-attr', 'O', 'O', 'O', 'O', 'O']"
"['.', 'transparency', 'on', 'consider', 'site', '.', 'it']","['O', 'O', 'O', 'O', 'B-class', 'O', 'O']"
"['.', 'Server', 'result', 'Browser', 'Web', ';', 'Browser', 'Web', 'to', 'result', 'display', 'return', 'in', '-', 'Service', 'API', ';', 'request', 'up', 'pick', 'Service', 'submit', 'API', 'API', 'to', 'request', 'Web', 'submit', 'management', 'Server', 'Service', 'request', 'to', 'Plug', 'Plug', ';', 'task', 'run', 'in', '-', 'Plug', ';', 'request', 'up', 'pick', 'in', '-', 'Plug', ';', 'in', '-', 'Interface', 'to', ';', 'for', 'interface', 'programmatic', 'a', 'through', 'system', 'account', 'the', 'for', 'with', 'will', 'WebOrder', 'of', 'database', 'order', 'the']","['O', 'O', 'O', 'O', 'O', 'O', 'O', 'O', 'O', 'O', 'O', 'O', 'O', 'O', 'O', 'O', 'O', 'O', 'O', 'O', 'O', 'O', 'O', 'O', 'O', 'O', 'O', 'O', 'O', 'O', 'O', 'O', 'O', 'O', 'O', 'O', 'O', 'O', 'O', 'O', 'O', 'O', 'O', 'O', 'O', 'O', 'O', 'O', 'O', 'O', 'O', 'O', 'O', 'O', 'O', 'O', 'O', 'O', 'O', 'O', 'O', 'O', 'O', 'O', 'O', 'O', 'O', 'O', 'O', 'O']"
"['.', 'observe', 'remote', 'Telescopes', 'speciﬁc', '.', 'be', 'necessary', 'as', 'position', 'can', 'operator', 'the', 'which', 'camera', '.', 'video', 'a', 'use', 'perhaps', ',', 'room', 'control', 'the', 'in', 'portable', 'it']","['O', 'O', 'O', 'O', 'O', 'O', 'O', 'O', 'O', 'O', 'O', 'B-class', 'O', 'O', 'O', 'O', 'O', 'O', 'O', 'O', 'O', 'O', 'O', 'O', 'O', 'O', 'O']"
"['the', 'end', 'each', 'second', 'necessary', 'if', 'voucher', 'include', 'first', 'consultation', 'with', 'basic', 'lab', 'testing', 'and', 'treatment', ';', 'first', 'follow', '-', 'up', 'visit', 'for', 'all', 'client', '.', 'if']","['O', 'O', 'O', 'O', 'O', 'O', 'B-class', 'O', 'B-class', 'I-class', 'O', 'O', 'B-class', 'I-class', 'O', 'B-class', 'O', 'O', 'O', 'O', 'O', 'O', 'O', 'O', 'B-class', 'O', 'O']"
"['M', ')', 'all', 'EIRENE', 'mobile', 'equipment', 'shall', 'conform', 'to', '[', '[', '&', ']', '2', 'standard', ',', 'especially', 'with', 'reference', 'to', '[', 'the', 'GSM', 'and', 'EN', '301', '515', ',', 'Index', '[', '05.90', 'en', 'individual', 'for', 'outside', 'except', 'standard', 'this', 'in', 'define', 'requirement', 'emission', 'the', 'with', 'comply', 'not', 'can', 'equipment', 'mobile', 'the', 'GSM', 'transmission', 'band', 'radio', 'the', 'with', 'comply', 'shall', 'equipment', 'mobile', 'EIRENE']","['O', 'O', 'O', 'O', 'B-class', 'I-class', 'O', 'O', 'O', 'O', 'O', 'O', 'O', 'O', 'O', 'O', 'O', 'O', 'O', 'O', 'O', 'O', 'O', 'O', 'O', 'O', 'O', 'O', 'O', 'O', 'O', 'O', 'O', 'O', 'O', 'O', 'O', 'O', 'O', 'O', 'O', 'O', 'O', 'O', 'O', 'O', 'O', 'I-class', 'B-class', 'O', 'O', 'O', 'O', 'O', 'O', 'O', 'O', 'O', 'I-class', 'B-class', 'O']"
"['command', 'be', 'present', 'in', 'functionality', 'the', 'of', 'the', 'CFHT', 'odometer', '.', 'the']","['O', 'O', 'O', 'O', 'O', 'O', 'O', 'O', 'O', 'O', 'O', 'O']"
"['-', 'od', 'UO', ':', 'Upper', 'Overtemperature', 'Value', '=', 'tset']","['O', 'O', 'O', 'O', 'B-attr', 'I-attr', 'I-attr', 'O', 'O']"
"[',', 'a', 'channel', 'might', 'use', 'a', 'separate', 'physical', 'route', ',', 'to', 'prevent', 'large', 'datum', 'transmission', 'target', '-', 'IOC', 'other', 'to', 'independent', 'investigator', 'it', 'be', 'strongly', 'recommend', 'that', 'available', 'epics', 'use', 'as', 'the', 'toolkit', 'for', 'all', 'CATS', 'development', 'be', 'make', 'be', 'must', 'the', 'experimental', 'area', 'must', 'be', 'coordinate', 'with', 'the', 'main', 'facility', 'control', 'system', 'and', 'since', '25', '%', 'of', 'the', 'beamtime', 'work', 'because']","['O', 'O', 'O', 'O', 'O', 'O', 'O', 'O', 'O', 'O', 'O', 'O', 'O', 'O', 'O', 'B-class', 'O', 'O', 'O', 'O', 'O', 'O', 'O', 'O', 'O', 'O', 'O', 'O', 'O', 'O', 'O', 'O', 'O', 'O', 'O', 'O', 'O', 'O', 'O', 'O', 'O', 'O', 'O', 'O', 'O', 'O', 'O', 'O', 'O', 'B-class', 'I-class', 'I-class', 'I-class', 'O', 'O', 'O', 'O', 'O', 'O', 'O', 'O', 'O']"
"['.', 'level', 'these']","['O', 'O', 'O']"
"['database', 'storage', 'will', 'be', 'highly', 'efficient', 'to', 'manage', 'and', 'avoid', 'empty', 'the', 'of', 'design', 'structural', 'be', 'easily', 'trainable', 'for', 'the', 'user', 'with', 'minimum', 'computer', 'skill', 'unused', 'with', 'user', 'step', 'by', 'step', 'manual', ';', 'storage', 'efficiency', ':', 'the']","['O', 'O', 'O', 'O', 'O', 'O', 'O', 'O', 'O', 'O', 'O', 'O', 'O', 'O', 'O', 'O', 'O', 'O', 'O', 'O', 'O', 'O', 'O', 'O', 'O', 'O', 'O', 'O', 'O', 'O', 'O', 'O', 'O', 'O', 'O', 'O', 'O']"
"['within', 'the', 'NSS', 'and', '(', 'Centre', 'Maintenance', 'and', '.', 'a']","['O', 'O', 'B-class', 'O', 'O', 'I-class', 'I-class', 'I-class', 'O', 'O']"
"['requirement', 'for', 'transfer', 'video', 'datum', 'be', ':', 'the', 'system', 'must', 'allow', 'for', 'fast', 'transmission', 'of', 'image', 'predeﬁne', 'procedure', 'must', 'integrate', 'system', ';', 'Gemini', 'software', 'developer', 'should', 'maintain', 'an', 'accurate', 'log', 'show', 'software', 'modiﬁcation', 'as', 'they', 'be', 'apply', 'change', 'into', 'combine', ')', 'development', 'environment', '.', 'one']","['O', 'O', 'O', 'O', 'O', 'O', 'O', 'O', 'O', 'O', 'O', 'O', 'O', 'O', 'O', 'O', 'O', 'O', 'O', 'B-class', 'I-class', 'O', 'O', 'O', 'O', 'O', 'O', 'O', 'O', 'O', 'O', 'O', 'O', 'O', 'O', 'O', 'O', 'O', 'O', 'O', 'O', 'O', 'O', 'O', 'O']"
"['domain', 'particularly', 'his', 'base', 'represent', 'the', 'main', 'navigation', 'structure', '—', 'should', 'be', 'on', 'label', 'term', 'that', 'be', 'familiar', 'to', 'the', 'user', ',', 'with', 'link', 'that', 'open', '-', 'friendly', 'version', 'of', 'the', 'document', 'should', 'be', 'printer', 'provide', 'print', 'the', 'content', 'in', 'a', 'form', 'acceptable', 'to', 'that', 'the', 'a', 'reading', 'too', 'long', ',', 'disperse', 'over', 'several', 'page', 'or', ',', 'in', 'specific', 'layout', 'that', 'be', 'not', 'suitable', 'for', 'online', 'a', 'either', 'user', 'e.g.', '""', 'on', 'a', 'page', 'i.e.', 'space', 'fill', 'only', 'space', 'with', 'background', 'color', 'should', 'be', 'use', 'in', 'such', 'a', 'the', '(', 'white', ':', 'in', 'the', 'expect', 'layout', ',', 'paper', 'format', ',', '""', 'or', ')', '.', 'Use']","['O', 'O', 'O', 'O', 'O', 'O', 'O', 'O', 'O', 'O', 'O', 'O', 'O', 'O', 'O', 'O', 'O', 'O', 'O', 'O', 'B-class', 'O', 'O', 'O', 'O', 'O', 'O', 'O', 'O', 'O', 'O', 'O', 'O', 'O', 'O', 'O', 'O', 'O', 'O', 'O', 'O', 'O', 'O', 'O', 'O', 'O', 'O', 'O', 'O', 'O', 'O', 'O', 'O', 'O', 'O', 'O', 'O', 'O', 'O', 'O', 'O', 'O', 'O', 'O', 'O', 'O', 'O', 'O', 'B-class', 'O', 'O', 'O', 'O', 'O', 'O', 'O', 'O', 'O', 'O', 'O', 'O', 'O', 'O', 'O', 'O', 'O', 'O', 'O', 'O', 'O', 'O', 'O', 'O', 'O', 'O', 'O', 'O', 'O', 'O', 'O', 'O', 'O', 'O', 'O', 'O']"
"['result', 'intervention', 'human', 'require', 'not', 'need', 'to', 'move', 'off', '-', 'line', ',', 'but', 'the', 'current', 'operation', 'can', 'not', 'be', 'complete', '.', 'serious']","['O', 'O', 'O', 'O', 'O', 'O', 'O', 'O', 'O', 'O', 'O', 'O', 'O', 'O', 'O', 'O', 'O', 'O', 'O', 'O', 'O', 'O']"
"['functionality', 'in', 'the', 'core', '[', 'system', 'name', ']', 'will', 'remain', 'exist', 'in', 'change', 'the', 'to', 'improve', 'the', 'performance', '.', 'in']","['O', 'O', 'O', 'O', 'O', 'O', 'O', 'O', 'O', 'O', 'O', 'O', 'O', 'O', 'O', 'O', 'O', 'O', 'O', 'O']"
"[',', 'the', 'then', 'process', 'shall', 'output', 'the', 'temperature', 'status', '.', 'Temperature']","['O', 'O', 'O', 'O', 'O', 'O', 'O', 'B-attr', 'I-attr', 'O', 'O']"
"['display', '.', 'per', 'user', 'one', 'only', 'be', 'can', 'there']","['O', 'O', 'O', 'B-class', 'O', 'O', 'O', 'O', 'O']"
"['.', 'system', 'observation', 'testing', ',', 'designing', 'maintenance', 'the', 'for', 'responsible', 'be', 'personnel', 'support', ')', 'site', '-', 'of', 'near', '(', 'site', '-', 'on']","['O', 'B-class', 'B-attr', 'O', 'O', 'O', 'O', 'O', 'O', 'O', 'O', 'O', 'O', 'O', 'O', 'O', 'O', 'O', 'O', 'O', 'O', 'O']"
"['more', 'they', 'help', 'will', 'active', 'an', 'use', 'that', 'system', 'a', 'be', 'will', 'software', 'Searching', 'video', 'this']","['O', 'O', 'O', 'O', 'B-attr', 'O', 'O', 'O', 'B-class', 'O', 'O', 'O', 'I-class', 'I-class', 'B-class', 'O']"
"['output', 'format', 'of', 'the', 'Gemini', '8', 'm', 'Telescopes', 'datum', 'must', 'be', 'compatible', 'with', 'the', '-', 'duplication', 'line', 'access', 'the']","['O', 'O', 'O', 'O', 'O', 'O', 'O', 'O', 'O', 'O', 'O', 'O', 'O', 'O', 'O', 'O', 'O', 'O', 'O']"
"['M', ')', 'if']","['O', 'O', 'O']"
"['.', 'the']","['O', 'O']"
"['module', 'can', 'rely', 'upon', 'to', ',', 'particular', 'in']","['B-class', 'O', 'O', 'O', 'O', 'O', 'O', 'O']"
"[',', 'however', 'page', 'iso', ',', 'one', 'the', 'different', 'page', '.', 'observe']","['O', 'O', 'O', 'O', 'O', 'O', 'O', 'O', 'B-class', 'O', 'O']"
"['i', ')', 'the', 'GSM', 'supplementary', 'service', '[']","['O', 'O', 'O', 'B-class', 'I-class', 'I-class', 'O']"
"['make', 'report', 'easy', 'for', 'by', 'police', 'enable', 'they', 'to', 'execute', 'different', 'type', 'of', 'by', 'or', 'accuse', '/', 'property', 'etc', '.', 'it']","['O', 'O', 'O', 'O', 'O', 'O', 'O', 'O', 'O', 'O', 'O', 'O', 'O', 'O', 'O', 'I-class', 'I-class', 'B-attr', 'O', 'O', 'O']"
"['this', 'at', 'parameter', '(', 'for', 'example', ',', 'with', 'instrument', 'parameter', ')', 'to', 'be', 'update', '.', 'it']","['O', 'O', 'O', 'O', 'O', 'O', 'O', 'O', 'O', 'O', 'O', 'O', 'O', 'O', 'O', 'O']"
"['call', 'voice', 'as', 'initiate', 'be', 'shall', 'list', '.', 'be', 'may', 'call', 'following', 'the', 'initiate', 'to', 'provide', 'be', 'shall', 'access', 'Emergency']","['I-class', 'B-class', 'O', 'O', 'O', 'O', 'I-class', 'O', 'O', 'O', 'I-class', 'O', 'O', 'O', 'O', 'O', 'O', 'O', 'O', 'O']"
"[',', 'should', 'the', 'will', 'support', 'system']","['O', 'O', 'O', 'O', 'O', 'B-class']"
"['call', 'incoming', 'of', 'type', 'different', 'the', 'for', '.', 'in', 'table', 'M', 'effect', 'the', 'show', '5a', 'Appendix', 'in', '5A-2', 'table', ')', 'M', '(']","['B-class', 'O', 'O', 'B-attr', 'O', 'O', 'O', 'O', 'O', 'O', 'O', 'O', 'O', 'O', 'O', 'O', 'O', 'O', 'O', 'O', 'O', 'O']"
"['.', 'remote', 'cover', 'also', 'it']","['O', 'O', 'O', 'O', 'O']"
"['assumption', 'be', 'state', 'in', 'the', 'follow', 'paragraph', '.', 'the']","['O', 'O', 'O', 'O', 'O', 'O', 'O', 'O', 'O']"
"['.', 'event', 'or', ',', 'object', ',', 'organization', ',', 'location', ',', 'conveyance', 'as', 'may', 'can', '.', 'in', 'be', 'entity', 'the', 'which', 'with', 'vehicle', 'each', 'of', ')', 'VIN', ',', 'e.g.', '(', 'number', 'identification', 'and', ',', 'year', 'contact', 'case']","['O', 'B-attr', 'O', 'O', 'B-attr', 'O', 'B-attr', 'O', 'B-attr', 'O', 'I-attr', 'O', 'O', 'O', 'O', 'O', 'O', 'B-class', 'O', 'O', 'O', 'B-class', 'O', 'O', 'O', 'O', 'O', 'O', 'O', 'I-attr', 'B-attr', 'O', 'O', 'B-attr', 'O', 'B-class']"
"['.', 'result', ';', 'task', 'run', 'service', ';', 'request', 'up', 'service', 'pick', ';', 'Service', 'to', 'request', 'submit', 'Server', 'Web', 'Service', 'return', 'result', ';', 'display', 'Browser', 'Web', ';', 'Browser', 'Web', 'to', 'result', 'return', 'Server', 'web', ';', 'completion', 'for', 'check', 'Server', 'Web', 'out', ';', 'of', 'account', 'multi', 'in', 'store', 'be', 'will', 'product', '3.1.2', '-', 'as', '.', 'feature', 'system', 'priority', 'medium', 'a', 'be', 'same']","['O', 'O', 'O', 'O', 'O', 'O', 'O', 'O', 'O', 'O', 'O', 'O', 'O', 'O', 'O', 'O', 'O', 'O', 'O', 'O', 'O', 'O', 'O', 'O', 'O', 'O', 'O', 'O', 'O', 'O', 'O', 'O', 'O', 'O', 'O', 'O', 'O', 'O', 'O', 'O', 'O', 'O', 'B-class', 'B-class', 'O', 'O', 'O', 'O', 'B-class', 'O', 'I-class', 'O', 'O', 'O', 'O', 'O', 'O', 'O', 'O', 'O']"
"['astronomical', 'community', 'have', 'make', 'considerable', 'investment', 'in', 'image', 'processing', 'software', ',', 'that', 'to', 'some', '8', 'well', 'deﬁne', 'in', 'the', 'requirement', 'for', 'those', 'subsystem', 'be', '.', 'be', 'largely', 'due', 'to', 'the', 'difﬁculty', 'of', 'apply', 'this']","['O', 'O', 'O', 'O', 'O', 'O', 'O', 'O', 'O', 'O', 'O', 'O', 'O', 'O', 'O', 'O', 'O', 'O', 'O', 'O', 'O', 'O', 'B-class', 'O', 'O', 'O', 'O', 'O', 'O', 'O', 'O', 'O', 'O', 'O']"
"['addition', ',', 'maintenance', 'also', 'shall', 'pertain', 'to', 'shutdown', ',', 'open', 'not', 'restructure', '-', 'and', 'privilege', 'Maintenance', 'Mode', ':', 'this', 'mode', 'include', 'modification', 'and/or', 'addition', 'of', 'application', 'data', 'segment', ',', 'user', 'permission', ',', ',', ';', 'mount', 'online', 'manage', 'various', 'type', 'of', 'datum', ',', 'database', 'architecture', 'and', 'platform', 'that', 'include', 'hardware', 'and', 'software', 'at', 'the', 'support', 'and', 'shall', 'management', '/', 'off', '-', 'line', 'implementation', ',', 'modification', ',', 'upgrade', ',', 'or', 'other', 'related', 'action', '.', 'the']","['O', 'O', 'O', 'O', 'O', 'O', 'O', 'O', 'O', 'O', 'O', 'O', 'O', 'O', 'B-attr', 'B-class', 'I-class', 'O', 'O', 'B-class', 'O', 'O', 'O', 'O', 'O', 'O', 'O', 'O', 'O', 'B-attr', 'I-attr', 'O', 'O', 'O', 'O', 'O', 'O', 'O', 'O', 'O', 'O', 'O', 'O', 'O', 'O', 'O', 'O', 'O', 'O', 'O', 'O', 'O', 'O', 'O', 'O', 'O', 'O', 'O', 'O', 'O', 'O', 'O', 'O', 'O', 'O', 'O', 'O', 'O', 'O', 'O', 'O', 'O', 'O']"
"['.', 'YouTube', 'e.g.', ',', 'server', 'their', 'on', 'video', 'actual', 'the', 'include', 'will', 'site', 'tick', 'size', 'for', 'page', 'no', '""', 'message', 'a', 'display', 'will', 'it', 'search', 'a', 'on', 'find', 'be', 'result', 'no', 'result', 'if']","['O', 'O', 'O', 'O', 'B-class', 'O', 'O', 'B-class', 'O', 'O', 'O', 'O', 'I-class', 'O', 'B-attr', 'O', 'B-class', 'O', 'O', 'B-class', 'O', 'O', 'O', 'O', 'B-class', 'O', 'O', 'O', 'O', 'B-class', 'O', 'O', 'O']"
"['.', 'information', 'contact', 'and', ',', 'location', ',', 'name', 'organization', ':', 'include', ',', 'investigation', 'OM', 'the', 'capability', 'to', 'capture', 'e.g.', '(', 'type', ',', ')', 'applicable', 'if', '(', 'name', ',', ':', ',', 'investigation', 'OM', 'an', 'in', 'involve', 'location', 'about', 'datum', 'include', 'invoice', 'date', ',', 'system']","['O', 'I-attr', 'B-attr', 'O', 'O', 'B-attr', 'O', 'I-attr', 'B-attr', 'O', 'O', 'O', 'B-class', 'O', 'O', 'O', 'O', 'O', 'O', 'O', 'B-attr', 'O', 'O', 'O', 'O', 'O', 'B-attr', 'O', 'O', 'O', 'B-class', 'O', 'O', 'O', 'O', 'B-class', 'O', 'B-attr', 'O', 'O', 'O', 'O', 'B-class']"
"['appropriate', 'page', 'to', 'length', 'length', 'of', 'a', 'page', 'should', 'be', 'select', 'so', 'the', 'do', 'or', 'combination', 'frame', 'be', 'turn', 'off', 'it', 'should', 'be', 'possible', 'for', 'the', 'user', 'to', 'read', 'and', 'understand', 'the', 'page', 'and/or', 'sheet', 'style', 'when', 'way', 'of', 'present', 'relevant', 'information', 'without', 'frame', 'should', ';', 'be', '.', 'provide']","['O', 'O', 'O', 'O', 'O', 'O', 'O', 'O', 'O', 'O', 'O', 'O', 'O', 'O', 'O', 'O', 'O', 'O', 'O', 'O', 'O', 'O', 'O', 'O', 'O', 'O', 'B-class', 'O', 'O', 'O', 'O', 'O', 'O', 'O', 'O', 'O', 'O', 'O', 'O', 'O', 'O', 'O', 'O', 'O', 'O', 'O', 'O', 'O', 'O']"
"['solution', 'should', 'send', 'alert', '(', 'thereafter', 'e.g.', 'email', ',', 'SMS', ')', 'to', 'the', 'user', ',', 'track', 'and', 'application', 'solution', 'should', 'provide', 'an', 'interface', 'for', 'the', 'user', 'to', 'log', 'any', 'defect', 'or', 'enhancement', 'request', 'on', 'the', '.', 'if', 'help', '-', '.', 'the']","['O', 'O', 'O', 'O', 'O', 'O', 'O', 'O', 'O', 'O', 'O', 'O', 'O', 'O', 'O', 'O', 'O', 'O', 'O', 'O', 'O', 'O', 'O', 'O', 'O', 'O', 'O', 'O', 'O', 'O', 'O', 'O', 'O', 'O', 'O', 'O', 'O', 'O', 'O', 'O', 'O']"
"['of', 'the', 'general', 'requirement', 'which', 'have', 'a', 'direct', 'effect', 'on', 'the', 'software', 'be', 'here', 'explicitly', 'into', '(', 'and', ';', 'be', 'support', 'before', 'execution', 'of', 'any', 'input', 'command', 'shall', '.', 'must', 'be', 'possible', 'ahead', 'of', 'time', ',', 'prepare', 'this']","['O', 'O', 'O', 'O', 'O', 'O', 'O', 'O', 'O', 'O', 'O', 'O', 'O', 'O', 'O', 'O', 'O', 'O', 'O', 'O', 'O', 'O', 'O', 'O', 'O', 'O', 'O', 'O', 'O', 'O', 'O', 'O', 'O', 'O', 'O', 'O', 'O', 'O']"
"['.', 'build', 'schedule', 'all', 'system', 'name', ']', 'help', '""', 'label', 'link', 'hypertext', 'a', 'display', 'will', 'the', 'system', 'name', 'system', '[', 'the']","['O', 'B-class', 'O', 'O', 'O', 'O', 'O', 'B-class', 'O', 'O', 'I-class', 'B-class', 'O', 'O', 'O', 'O', 'B-class', 'O', 'O', 'O', 'O']"
"['be', 'deﬁne', 'as', '""', 'the', 'duration', 'or', 'probability', 'of', 'failure', '-', 'performance', 'format', 'data', 'in', 'of', 'such', 'a', 'network', ',', 'its', 'functional', 'requirement', 'layout', 'can', 'split', 'into', 'several', 'category', ':', 'local', 'coordination', 'and', 'be', 'physical', 'the', 'of', 'analog', 'event', '-', 'base', 'bus', ',', 'for', 'distribution', 'of', 'signal', 'with', 'requirement', 'not', 'satisﬁe', 'by', 'a', 'LAN', '.', 'independently']","['O', 'O', 'O', 'O', 'O', 'O', 'O', 'O', 'O', 'O', 'O', 'O', 'O', 'O', 'O', 'O', 'O', 'O', 'O', 'O', 'O', 'O', 'O', 'O', 'O', 'O', 'O', 'O', 'O', 'O', 'O', 'O', 'O', 'O', 'O', 'O', 'O', 'O', 'O', 'O', 'O', 'O', 'O', 'O', 'O', 'O', 'O', 'O', 'O', 'O', 'O', 'O', 'O', 'O', 'O', 'O']"
"['shall', 'display', 'the', 'hyperlink', 'and', 'description', 'well', 'module', 'the']","['O', 'O', 'O', 'B-class', 'O', 'B-class', 'O', 'O', 'O']"
"['.', 'www.cdc.gov/phin', 'at', 'available', ',', 'Measures', 'Performance', 'Key', 'Preparedness', 'PHIN', 'in', 'describe', 'as', 'preparedness', 'assess', 'for', 'performance', 'be', 'support', '.', 'and', 'parse', ',', 'receive', 'to', 'able', 'be', 'should', 'OM', 'support', 'system']","['O', 'O', 'O', 'O', 'O', 'O', 'O', 'O', 'O', 'O', 'O', 'O', 'O', 'O', 'O', 'O', 'O', 'O', 'O', 'O', 'O', 'O', 'O', 'O', 'O', 'O', 'O', 'O', 'O', 'O', 'B-class']"
"['system', 'should', 'generate', 'message', 'allow', 'the', 'user', 'to', 'Village', '/', 'Town', 'from', 'the', 'master', 'during', 'VSP', 'creation', ',', 'if', 'any', 'of', 'they', 'be', 'not', 'available', 'in', 'the', 'system', ',', 'then', 'the', 'system', 'will', 'have', 'the', 'provision', 'to', ',', 'for']","['B-class', 'O', 'O', 'O', 'O', 'O', 'B-class', 'O', 'B-attr', 'O', 'B-attr', 'O', 'O', 'O', 'O', 'B-class', 'O', 'O', 'O', 'O', 'O', 'O', 'O', 'O', 'O', 'O', 'O', 'B-class', 'O', 'O', 'O', 'B-class', 'O', 'O', 'O', 'O', 'O', 'O', 'O']"
"['accessibility', 'iso', 'its', 'guidance', 'for', 'standard', 'should', 'comply', 'with', 'Standard', 'ISO', '9241', '.', 'ICT']","['O', 'O', 'O', 'O', 'O', 'O', 'O', 'O', 'O', 'O', 'O', 'O', 'O', 'O']"
"['subsystem', 'detect', 'channel', 'not_ready', 'command', 'system', 'must', 'respond', 'to', '.', 'there']","['B-class', 'O', 'O', 'O', 'O', 'B-class', 'O', 'O', 'O', 'O', 'O']"
"['the', 'of', 'as', 'the', 'Design', 'Gemini', 'system', 'maintenance', 'philosophy', 'be', 'describe', 'in', 'the', 'the']","['O', 'O', 'O', 'O', 'O', 'O', 'O', 'O', 'O', 'O', 'O', 'O', 'O', 'O']"
"['must', 'information', 'receive', '.', 'document', 'this', 'of', 'Exchange', 'Data', 'and', 'Integration', 'System', '2.5', 'section', 'in', 'find', 'be', 'request', 'test', 'laboratory', 'link', 'and', 'about', 'OM', 'support', 'system']","['O', 'O', 'O', 'O', 'O', 'O', 'O', 'O', 'O', 'O', 'O', 'O', 'O', 'O', 'O', 'O', 'O', 'I-class', 'I-class', 'B-class', 'O', 'O', 'O', 'O', 'O', 'B-class']"
"['.', 'cart', 'shopping', 'the', 'to', ')', 'place', 'Customer']","['O', 'I-class', 'B-class', 'O', 'O', 'I-class', 'O', 'B-class']"
"['layout', '.', ',', 'unit', 'of', 'measurement', ',', 'temperature', ',', 'date', 'and', 'time', ',', 'phone', 'number', ',', 'address', 'or', 'postal', 'currency', 'as', 'such', 'element', 'or', 'currency', ':', 'when', 'design', 'user', 'interface', 'for', 'code', 'use', 'diverse', 'group', ',', 'input', 'and', 'output', 'of', 'information', 'by', 'should', 'be', 'design', 'user', ',', 'use', 'function', 'provide', 'by', 'the', 'user', 'the', 'agent', 'other', 'appropriate', 'mean', 'i.e.', 'see', 'iso', '9241', '-', 'or', 'measurement', 'by', 'be', 'so', 'that', 'they', 'be', 'usable', '.', 'make']","['O', 'O', 'O', 'B-attr', 'I-attr', 'I-attr', 'O', 'B-attr', 'O', 'B-attr', 'O', 'B-attr', 'O', 'B-attr', 'I-attr', 'O', 'B-attr', 'O', 'B-attr', 'B-attr', 'O', 'O', 'O', 'O', 'O', 'O', 'O', 'O', 'O', 'O', 'O', 'I-attr', 'O', 'O', 'O', 'O', 'O', 'O', 'O', 'B-class', 'I-class', 'O', 'O', 'O', 'O', 'B-class', 'O', 'O', 'O', 'O', 'O', 'O', 'O', 'O', 'O', 'O', 'O', 'O', 'O', 'O', 'O', 'O', 'O', 'O', 'O', 'O', 'O', 'O', 'O', 'O', 'O', 'O', 'O', 'O']"
"['document', 'will', 'help', 'the', 'testing', 'team', 'to', 'VMU', 'and', 'VMU', 'entity', 'User', 'Interface', 'etc', '.', 'this']","['O', 'O', 'O', 'O', 'O', 'O', 'O', 'O', 'O', 'O', 'O', 'O', 'O', 'O', 'O', 'O']"
"['be', 'take', 'be', 'responsible', 'for', 'control', 'of', 'all', 'of', 'the', 'it', 'telescope', 'enclosure', 'subsystem', '.', 'the']","['O', 'O', 'O', 'O', 'O', 'O', 'O', 'O', 'O', 'O', 'O', 'B-class', 'O', 'B-class', 'O', 'O']"
"['tracking', 'record', ',', 'will', 'utilize', 'for', 'report', 'as', 'well', '.', 'each']","['B-class', 'I-class', 'O', 'O', 'O', 'O', 'B-class', 'O', 'O', 'O', 'O']"
"['to', 'ANSI', 'Software', 'Specifications', ',', 'ANSI', '/', 'IEEE']","['O', 'O', 'O', 'O', 'O', 'O', 'O', 'O']"
"['.', 'continuation', 'the', 'determine', 'machine', 'selection', 'be', 'Window', 'erase', '>', '""', 'erase', '""', ';', '3.2.3.4', 'chapter', 'see', ',', 'window', 'statistic', 'the', 'display', '>', '""', 'display', '""', ':', 'perform', 'be', 'question', 'in', 'the', 'statistic', ',', 'see', 'about', '""']","['O', 'O', 'O', 'O', 'B-class', 'O', 'O', 'O', 'O', 'O', 'O', 'O', 'O', 'O', 'O', 'O', 'O', 'O', 'O', 'O', 'O', 'O', 'O', 'O', 'O', 'O', 'O', 'O', 'O', 'O', 'O', 'O', 'O', 'O', 'O', 'O', 'O']"
"['the', '.', 'current', 'the', 'save']","['O', 'O', 'O', 'O', 'O']"
"['.', 'system', 'EIRENE', 'base', 'or', 'train', '-', 'on', 'any', 'of', 'operation', 'ground', 'be', ';', 'mode', 'the', 'in', 'define', 'guideline', 'with', 'accordance', 'in', 'perform', 'be', 'shall', 'test', 'immunity', 'and', 'emission', 'EMC', '[', 'EN', '61000', '-', 'procedure', 'testing', 'environmental', ')', 'M', '(']","['O', 'I-class', 'O', 'I-class', 'I-class', 'I-class', 'I-class', 'B-class', 'O', 'O', 'O', 'I-class', 'O', 'O', 'O', 'O', 'O', 'O', 'O', 'O', 'O', 'O', 'O', 'O', 'O', 'O', 'O', 'O', 'O', 'O', 'O', 'O', 'O', 'O', 'O', 'O', 'O', 'O', 'O', 'O']"
"[':', ';', 'Opcode', 'point', ';', 'set', '.', 'the']","['O', 'O', 'O', 'O', 'O', 'O', 'O', 'O']"
"['high', 'preserve', ')', 'the', 'of', 'determine', 'in', 'a', 'simple', 'manner', 'during', 'log', 'into', 'be', 'the', '.', 'protection']","['O', 'O', 'O', 'O', 'O', 'O', 'O', 'O', 'O', 'O', 'O', 'O', 'O', 'O', 'O', 'O', 'O']"
"['week', 'period', 'for', 'the', 'recorded', 'datum', 'will', 'retention', 'be', 'and', 'two', 'level', 'be', 'foresee', ':', 'different', 'the']","['O', 'I-attr', 'O', 'O', 'B-class', 'I-class', 'O', 'B-attr', 'O', 'O', 'O', 'B-attr', 'O', 'O', 'O', 'O', 'O']"
"['.', ')', '4', 'designation', 'priority', 'emlpp', 'M', 'on', ';', '-', 'between', 'arbitrate', 'shall', 'radio', 'Cab', 'the']","['O', 'O', 'O', 'O', 'O', 'O', 'O', 'B-attr', 'O', 'I-class', 'O', 'O', 'O', 'I-class', 'B-class', 'O']"
"['.', '.', 'this', 'regard', 'datum', 'synchronization', 'should', 'be', 'define', 'to', 'support', 'multiple', 'deployment', 'option', 'as', 'discuss', 'in', 'section', '2.1', 'System', 'Architecture', 'of', 'document', 'available', ',', '""', 'such', 'as', 'system', 'backup', 'policy', 'and', 'procedure', ',', 'continuity', 'of', 'operation', ',', 'system', 'monitoring', ',', 'and', 'employee', 'training', 'ensure', ',', 'that', 'requirement', '.', 'PHIN', 'functional', 'area', 'should', 'be', 'review', 'in', '""', 'PHIN', 'Preparedness', 'Cross', 'Functional', 'Components', 'Requirements', '""', ',', 'available', 'at', 'www.cdc.gov/phin', 'operational']","['O', 'O', 'O', 'O', 'O', 'O', 'O', 'O', 'O', 'O', 'O', 'O', 'B-attr', 'I-attr', 'O', 'O', 'O', 'O', 'O', 'O', 'O', 'O', 'O', 'O', 'O', 'O', 'O', 'O', 'B-class', 'I-class', 'I-class', 'I-class', 'I-class', 'O', 'B-class', 'I-class', 'I-class', 'O', 'B-class', 'I-class', 'O', 'O', 'B-class', 'I-class', 'O', 'O', 'O', 'O', 'O', 'O', 'O', 'O', 'O', 'O', 'O', 'O', 'O', 'O', 'O', 'O', 'O', 'O', 'O', 'O', 'O', 'O', 'O', 'O', 'O']"
"['capacity', 'of', 'the', 'system', 'can', 'user', 'which', 'some', 'for']","['O', 'O', 'O', 'B-class', 'O', 'B-class', 'O', 'O', 'O']"
"['.', 'purpose', 'management', 'for', 'log', 'activity', 'generate', 'to', 'information', 'contact', 'and', ',', 'activity', 'the', 'initiate', 'who', ',', 'type', 'log', 'log', ',', 'be', 'investigator', ',', 'example', 'for']","['O', 'O', 'O', 'O', 'I-class', 'B-class', 'O', 'O', 'I-attr', 'B-attr', 'O', 'O', 'I-attr', 'I-attr', 'I-attr', 'B-attr', 'O', 'I-attr', 'I-class', 'O', 'O', 'O', 'B-class', 'O', 'O', 'O']"
"['.', 'document', 'this', 'of', '1', 'section', 'M', 'in', 'the', 'industrial', '2', '-', '3', ',', '1', '-', '3', ',', '2', ',', '1', 'part', '50121', 'ENV', '[', 'and', '5', ']', 'shall', 'frequency', 'GSM', 'the', 'in', 'emission', 'em', 'generate', 'in', 'will', 'EIRENE', ')', 'M', '(']","['O', 'O', 'O', 'O', 'O', 'O', 'O', 'O', 'O', 'O', 'O', 'O', 'O', 'O', 'O', 'O', 'O', 'O', 'O', 'O', 'O', 'O', 'O', 'O', 'O', 'O', 'O', 'O', 'O', 'I-attr', 'B-attr', 'O', 'O', 'I-class', 'B-class', 'O', 'O', 'O', 'O', 'O', 'O', 'O']"
"['A', 'contain', 'the', 'Dataflow', 'Diagrams', ';', 'Appendix', 'B', 'contain', 'the', 'Traceability', 'general', 'Matrix', 'Appendix', 'C', 'contain', 'the', 'Data', 'Dictionary', '.', 'this']","['O', 'O', 'O', 'O', 'O', 'O', 'O', 'O', 'O', 'O', 'O', 'O', 'O', 'O', 'O', 'O', 'O', 'O', 'O', 'O', 'O']"
"['plan', 'and', 'the', 'element', 'of', 'the', 'plan', 'be', 'this', 'detail', '.', 'the']","['O', 'O', 'O', 'O', 'O', 'O', 'O', 'O', 'O', 'O', 'O', 'O']"
"['XS', 'function', 'shall', 'provide', 'standard', 'api', 'as', 'specify', 'in', 'Appendix', 'C.', 'XS', 'API', 'Registry', 'submit', 'provide', '3', 'section']","['O', 'O', 'O', 'O', 'O', 'B-attr', 'O', 'O', 'O', 'O', 'O', 'O', 'O', 'I-class', 'O', 'O', 'O', 'O']"
"['new', '[', 'system', 'name', ']', 'system', 'would', 'be', 'document', 'in', 'this', 'FRS', '.', 'any']","['O', 'O', 'O', 'O', 'O', 'O', 'O', 'O', 'O', 'O', 'O', 'O', 'O', 'O']"
"['deﬁnition', 'of', 'the', 'observe', 'environment', 'observe', 'telescope', 'the', 'affect', 'the', 'telescope', 'and', 'instrument', '.', 'these']","['O', 'O', 'O', 'B-class', 'I-class', 'B-class', 'O', 'O', 'O', 'O', 'B-class', 'O', 'B-class', 'O', 'O']"
"['-', ':', '.', 'interface', 'in', '-', 'Plug', ':', 'SI-1.3', 'ci-1']","['O', 'O', 'O', 'O', 'O', 'O', 'O', 'O', 'O', 'O']"
"['tool', 'be', 'use', 'to', 'create', 'a', 'Display', 'display', 'ﬁle', 'for', 'the', 'Display', 'Manager', '.', 'a']","['B-class', 'O', 'O', 'O', 'O', 'O', 'O', 'O', 'O', 'O', 'O', 'O', 'O', 'O', 'O']"
"['.', 'system', 'Store', 'Web', 'this', 'the', 'implementation', 'and', 'design', 'overall', 'on', 'guidance', 'for', 'of', 'of', 'need', 'the', 'flush', 'to', 'intend', 'be', 'document', 'this']","['O', 'O', 'O', 'O', 'O', 'O', 'O', 'O', 'O', 'O', 'O', 'O', 'O', 'O', 'O', 'O', 'O', 'O', 'O', 'O', 'O', 'O', 'O']"
"['.', 'summit', 'the', 'on', 'station', 'Pohaku', 'while', 'personnel', 'duty', 'off', 'where', 'facility', 'the', 'be', 'this']","['O', 'O', 'O', 'O', 'O', 'O', 'O', 'O', 'O', 'O', 'O', 'B-class', 'O', 'O', 'O']"
"['.', 'variety', 'key', 'on', 'load', 'inventory', 'the', 'upon', 'depend', 'clientele', 'the', 'an', 'be', 'customer', 'delete', ',', 'add', 'can', 'personnel', 'sale', ',', 'and', 'add', '.', 'description', 'line', 'product', 'and', 'inventory', 'update', 'once']","['O', 'O', 'O', 'O', 'O', 'B-class', 'O', 'O', 'O', 'O', 'O', 'O', 'O', 'B-class', 'O', 'O', 'O', 'O', 'O', 'O', 'O', 'O', 'O', 'O', 'O', 'O', 'O', 'O', 'O', 'O', 'O']"
"['include', 'catalog', ',', 'calibration', 'and', 'operation', ')', 'software', 'support', 'information', ',', 'detailed', 'documentation', ',', 'operation', 'log', ',', 'etc', '.', ')', 'be', 'store', 'in', 'a', 'relational', 'DBMS', '.', '(']","['O', 'B-class', 'O', 'B-class', 'O', 'O', 'O', 'O', 'O', 'O', 'O', 'O', 'O', 'O', 'O', 'O', 'O', 'O', 'O', 'O', 'O', 'O', 'O', 'O', 'O', 'O', 'O', 'O']"
"['must', 'also', 'clearly', 'user', 'to', 'the', 'of', 'node', ',', 'which', 'be', 'deﬁne', 'as', 'the', 'term', 'number', 'workstation', ',', 'or', 'in', 'term', 'of', 'user', ',', 'of', 'in', 'express', 'be', 'current', 'operation', 'level', 'and', 'check', 'the', 'compatibility', 'between', 'subsystem', 'in', 'different', 'mode', '.', 'the']","['O', 'O', 'O', 'B-class', 'O', 'O', 'O', 'O', 'O', 'O', 'O', 'O', 'O', 'O', 'O', 'B-attr', 'I-attr', 'O', 'O', 'O', 'O', 'O', 'B-class', 'O', 'I-attr', 'O', 'O', 'O', 'O', 'B-attr', 'I-attr', 'O', 'O', 'O', 'O', 'O', 'B-class', 'O', 'O', 'B-attr', 'O', 'O']"
"['.', 'responsibility', 'and', 'control', 'it', 'of', 'single', 'a', 'establish', 'to', 'rather', 'but', 'way', 'any', 'point', 'be', 'not', 'clear', 'status', 'operational', 'the', 'change', 'to', 'able', 'be', 'shall', 'they']","['O', 'O', 'O', 'O', 'O', 'O', 'O', 'O', 'O', 'O', 'O', 'O', 'O', 'O', 'O', 'O', 'O', 'O', 'I-attr', 'B-attr', 'O', 'O', 'O', 'O', 'O', 'O', 'O']"
"['be', 'assume', 'these']","['O', 'O', 'O']"
"['user', 'interface', 'use', 'menu', ',', 'graphic', 'and', 'sound', '.', 'the']","['O', 'O', 'O', 'O', 'O', 'O', 'O', 'O', 'O', 'O']"
"['its', 'in', 'site', 'link', 'video', 'the', 'query', 'now', 'will', 'system', '–', 'box', 'tick', 'link', '.', 'streaming', 'user']","['O', 'O', 'I-class', 'I-class', 'B-class', 'O', 'O', 'O', 'O', 'B-class', 'O', 'I-class', 'I-class', 'I-class', 'O', 'B-class', 'B-class']"
"['system', 'must', 'thus', 'be', 'able', 'to', 'supply', 'its', 'current', 'version', 'upon', 'request', '.', 'the']","['B-class', 'O', 'O', 'O', 'O', 'O', 'O', 'O', 'B-attr', 'I-attr', 'O', 'O', 'O', 'O']"
"['train', 'the', 'while', ';', 'shunt', 'operation', ';', 'stand', 'by', 'operation', ';', 'reverse', 'operation', '.', 'any']","['B-class', 'O', 'O', 'O', 'O', 'O', 'O', 'O', 'O', 'O', 'O', 'O', 'O', 'O', 'O']"
"['Gemini', '8', 'test', 'give', 'and', 'an', 'of', 'the', 'Gemini', '8', 'm', 'Telescopes', 'system', 'and', 'sequence', 'subsystem', 'these']","['O', 'O', 'O', 'O', 'O', 'O', 'O', 'O', 'O', 'O', 'O', 'O', 'O', 'O', 'O', 'B-class', 'O']"
"[';', 'alphanumeric', 'character', '20', ';', 'order', 'the', 'track', 'to', 'number']","['O', 'O', 'O', 'O', 'O', 'B-class', 'O', 'O', 'O', 'O']"
"['.', 'observer', 'science', ',', 'performance', 'telescope', 'typically', 'of', 'convenience', 'and', 'ease', 'balance', 'mode', 'access', 'these']","['O', 'I-class', 'B-class', 'O', 'O', 'O', 'O', 'O', 'O', 'O', 'O', 'O', 'I-attr', 'B-attr', 'O']"
"['be', 'the', 'GNU', 'cc', 'compiler', 'as', 'Project', 'use', 'be', 'to', 'IOC', 'software', 'be', 'to', 'be', 'develop', 'on', 'Unix', 'workstation', 'in', 'a', 'windowed', 'development', 'environment', ';', 'the', 'cross', '-', 'compiler', 'furnish', 'all', 'with', ';', '.', 'software']","['O', 'O', 'O', 'O', 'O', 'O', 'O', 'O', 'O', 'O', 'O', 'O', 'O', 'O', 'O', 'O', 'O', 'O', 'O', 'O', 'O', 'O', 'O', 'O', 'O', 'O', 'O', 'O', 'O', 'O', 'O', 'O', 'O', 'O', 'O']"
"[':', 'req-3', ';', 'second', '1', 'than', 'less', 'than', 'take', 'browser', 'default', 'the', 'to', 'hyperlink', 'the', 'send', ':', 'req-2', ';', 'website', 'any', 'to', 'second', 'will', 'be', 'ensure', 'no', 'stream', 'video', 'for', 'link', 'list', 'only', 'be', 'software', 'our', 'as', ',', 'behalf', 'our', 'on', 'and', 'requirement', 'the', 'all', 'within', 'stay', 'will', 'produce', 'we', 'system', 'the']","['O', 'O', 'O', 'O', 'O', 'O', 'O', 'O', 'O', 'B-class', 'O', 'O', 'O', 'B-class', 'O', 'O', 'O', 'O', 'O', 'B-class', 'O', 'O', 'O', 'O', 'O', 'O', 'O', 'I-class', 'B-class', 'O', 'B-attr', 'O', 'O', 'O', 'B-class', 'O', 'O', 'O', 'O', 'O', 'O', 'O', 'O', 'O', 'O', 'O', 'O', 'O', 'O', 'O', 'B-class', 'O']"
"['.', 'extend', 'from', 'the', 'trackside', '.', 'once']","['O', 'O', 'O', 'O', 'B-class', 'O', 'O']"
"[']', ']', '35', '[', 'Index', ',', '515', '.', 'driver', 'emission', 'M', 'Cab', 'the', 'from', 'emission', 'EMC', ')', 'i', '(']","['O', 'O', 'O', 'O', 'O', 'O', 'O', 'O', 'B-class', 'O', 'O', 'B-class', 'O', 'O', 'O', 'O', 'O', 'O', 'O']"
"['.', 'simulator', 'observatory', 'Gemini', 'a', 'of', 'provision', 'simulator', 'hardware', 'and', 'software', 'unit', 'single', 'as', 'operate', 'instrument', 'have', 'to', 'requirement', 'the', 'observatory', 'the', 'of', 'deﬁnition', 'functional', 'a', 'present', 'would', ',', 'interface', 'that', 'location', 'of', 'user', 'safety', 'and', 'security', 'ensure', 'protection', 'with', 'course', 'of', ')', 'but', 'point', 'single', 'any', 'from', 'controllable', 'and', 'accessible', 'be', '(', '.', 'a']","['O', 'O', 'O', 'O', 'O', 'O', 'O', 'O', 'O', 'O', 'O', 'I-class', 'B-class', 'O', 'O', 'O', 'O', 'O', 'O', 'O', 'O', 'O', 'O', 'O', 'O', 'O', 'O', 'O', 'O', 'O', 'O', 'B-attr', 'O', 'B-class', 'O', 'O', 'O', 'O', 'O', 'O', 'O', 'O', 'O', 'O', 'O', 'O', 'O', 'O', 'O', 'O', 'O', 'O', 'O', 'O', 'O']"
"['.', 'System', 'Weborder', ';', 'Administrator']","['O', 'O', 'O', 'O', 'O']"
"['follow', 'section', 'describe', 'the', 'Monitor', 'Temperature', 'component', 'of', 'the', 'THEMAS', 'Temperature', 'system', 'the']","['O', 'O', 'O', 'O', 'B-class', 'I-class', 'I-class', 'O', 'O', 'O', 'O', 'B-class', 'O']"
"['train', 'detection', 'be', 'provide', 'radio', 'to', 'train', 'and', 'transmit', 'via', 'balise', ',', 'loop', 'or', 'radio', ';', 'level', '2', ':', 'basic', 'track', 'to', 'train', 'by', 'provide', 'trackside', 'level', 'detection', 'be', 'optional', ';', 'Level', 'STM', 'train']","['B-class', 'I-class', 'O', 'O', 'O', 'I-attr', 'I-attr', 'I-attr', 'O', 'O', 'B-class', 'O', 'B-class', 'O', 'B-class', 'O', 'O', 'O', 'O', 'B-attr', 'I-attr', 'I-attr', 'I-attr', 'O', 'O', 'B-class', 'O', 'I-class', 'O', 'O', 'O', 'O', 'O', 'B-class']"
"['use', 'of', 'this', 'software', 'IOC', 'and', 'to', 'be', 'interface', 'be', 'permit', '.', 'there']","['O', 'O', 'O', 'O', 'O', 'O', 'O', 'O', 'O', 'O', 'O', 'O', 'O']"
"['although', '.', 'acquisition', 'ray', 'for', 'a', 'variety', 'of', 'experiment', 'and', 'include', '-', '36', 'hall', 'with', '2', 'line', 'each', '.', 'as']","['O', 'O', 'O', 'O', 'O', 'O', 'O', 'O', 'O', 'O', 'O', 'O', 'O', 'O', 'O', 'O', 'O', 'O', 'O', 'O']"
"['have', 'system', 'other', ';', 'machine', 'datum', 'from', 'ioc', ';', 'Sequencer', 'a', 'tool', 'which', 'run', 'in', 'an', 'IOC', 'or', 'OPI', 'and', 'emulate', 'a', 'ﬁnite', 'state', 'and', 'process', 'ﬁle', 'a', 'Database', ';', 'scanner', ';', 'monitor', ';', 'dct', ';', ';', 'Build', ';', 'Source', '/', 'Release', '.', 'all']","['O', 'I-class', 'O', 'O', 'O', 'O', 'O', 'O', 'O', 'O', 'O', 'O', 'O', 'O', 'O', 'O', 'O', 'O', 'O', 'O', 'O', 'O', 'O', 'O', 'O', 'B-attr', 'O', 'O', 'O', 'O', 'O', 'O', 'O', 'O', 'O', 'O', 'O', 'O', 'O', 'O', 'O', 'O', 'O', 'O']"
"['.', 'continuation', 'the', 'determine', 'action', 'the', 'of', 'requirement']","['O', 'O', 'O', 'O', 'O', 'O', 'O', 'O']"
"['follow', 'minimum', 'value', 'be', 'recommend', ':', '(', 'i', ')', 'coverage', 'probability', 'of', '95', 'km/h', '220', 'to', 'equal', 'm', '(', '-95', 'dBm', ')', 'on', 'line', 'dbmv', 'with', 'level', '02/Mar', 'for', 'speed', 'low', 'than', 'or', 'ETCS', 'of', 'shall', 'design', 'level', '02/Mar', 'concern', 'coverage', 'and', 'speed', '-', 'limitation', 'be', 'to', 'be', 'validate', 'and', ',', 'if', 'ETCS', 'for', 'value', 'the', 'additional', 'margin', 'of', '3', 'db', 'for', 'other', 'necessary', 'factor', 'as', 'age', '.', '(']","['O', 'O', 'O', 'O', 'O', 'O', 'O', 'O', 'O', 'B-attr', 'I-attr', 'O', 'O', 'O', 'O', 'O', 'O', 'O', 'O', 'O', 'O', 'O', 'O', 'O', 'O', 'O', 'I-attr', 'O', 'O', 'B-attr', 'O', 'O', 'O', 'B-attr', 'O', 'O', 'O', 'I-attr', 'O', 'O', 'B-attr', 'I-attr', 'I-attr', 'I-attr', 'I-attr', 'O', 'O', 'O', 'O', 'O', 'O', 'O', 'B-attr', 'O', 'O', 'O', 'O', 'O', 'O', 'O', 'O', 'O', 'O', 'O', 'O', 'O', 'B-attr', 'O', 'O']"
"['system', 'can', 'allow', 'the', 'duplicate', 'name', 'it', 'master', 'be', 'to', 'a', 'particular', 'distributor', 'with', 'follow', 'summary', 'detail', '.', 'Distributor']","['B-class', 'O', 'O', 'O', 'O', 'B-attr', 'O', 'O', 'O', 'O', 'O', 'O', 'B-class', 'O', 'O', 'B-attr', 'I-attr', 'O', 'B-attr']"
"['example', ',', 'SetStatus', 'SIMULATION', 'level', 'the']","['O', 'O', 'O', 'O', 'I-attr', 'O']"
"['.', 'system', 'the', 'themas', 'show', 'display', 'the', 'website', 'and', 'video', '(', 'the', 'e.g.', 'combination', 'tab', 'of', 'name', '’s', 'post', 'of', 'half', 'link', 'the']","['O', 'O', 'O', 'O', 'O', 'O', 'O', 'B-attr', 'O', 'B-attr', 'O', 'O', 'O', 'O', 'B-class', 'O', 'I-attr', 'O', 'I-attr', 'O', 'I-attr', 'B-attr', 'O']"
"['same', 'apply', 'to', 'the', 'related', 'light', 'path', 'operation']","['O', 'O', 'O', 'O', 'O', 'B-class', 'I-class', 'B-class']"
"['.', 'investigator', 'investigation', 'the', 'of', 'scope', 'the', 'within', 'ID', 'Event', 'an', 'to', 'ID', 'Entity', 'assign', 'an', 'link', 'to', 'able', 'be', 'must', '.', 'case', 'system']","['O', 'B-class', 'B-class', 'O', 'O', 'O', 'O', 'O', 'I-attr', 'B-attr', 'O', 'O', 'I-attr', 'B-attr', 'O', 'O', 'O', 'O', 'O', 'O', 'O', 'O', 'B-class', 'B-class']"
"['for', 'device', 'independence', ':', 'user']","['O', 'O', 'O', 'O', 'O']"
"['-', 'time', 'support', 'be', 'require', 'at', 'the', 'IOC', 'level', '.', ';', 'sufﬁcient', 'software', 'and', 'interface', ';', 'support', 'of', 'a', 'distribute', 'environment', '.', 'user', 'give']","['O', 'O', 'O', 'O', 'O', 'O', 'O', 'O', 'O', 'O', 'O', 'O', 'O', 'O', 'O', 'O', 'O', 'O', 'O', 'O', 'O', 'O', 'O', 'O']"
"['save', 'and', 'warning', '/', 'caution', 'message', 'after', 'the', 'datum', 'display', 'to', 'allow', '.', 'requirement', 'another', 'implement', 'to', 'modify', 'be', 'must', 'code', 'source', 'that', 'if', 'only', 'file', 'log', 'the']","['O', 'O', 'O', 'O', 'O', 'O', 'O', 'O', 'O', 'O', 'O', 'O', 'O', 'O', 'O', 'O', 'O', 'O', 'O', 'O', 'O', 'O', 'O', 'O', 'O', 'I-class', 'I-class', 'O']"
"['.', ')', '.', 'the']","['O', 'O', 'O', 'O']"
"['example', 'of', 'accumulate', 'a', ')', 'ANALYSIS', 'equipment', 'and', 'that', 'rely', 'on', 'observable', 'functional', 'operation', 'not', 'require', 'the', 'use', 'of', 'elaborate', 'instrumentation', 'or', 'special', 'test', ';', ')', 'CM', '(', 'to', 'materialize', 'different', 'query', 'result', 'into', 'different', 'document', 'tree', ';', 'Render', ';', 'Interrogate', 'document', ';', 'transmit', 'structure', 'disassemble']","['O', 'O', 'O', 'O', 'O', 'O', 'O', 'O', 'O', 'O', 'O', 'O', 'O', 'O', 'O', 'O', 'O', 'O', 'O', 'O', 'O', 'O', 'O', 'O', 'O', 'O', 'O', 'O', 'O', 'O', 'O', 'O', 'O', 'O', 'O', 'B-class', 'B-attr', 'O', 'O', 'O', 'O', 'O', 'O', 'O', 'I-attr', 'O']"
"['expect', 'error', 'message', 'to', 'be', 'in', 'error', 'the', 'language', 'as', 'the', 'user', 'interface', '.', 'use']","['O', 'O', 'O', 'O', 'O', 'O', 'O', 'O', 'O', 'O', 'O', 'O', 'O', 'O', 'O']"
"['.', 'another', 'to', 'country', 'one', 'from', 'plant', 'or', 'animal', 'of', 'shipment', 'the', 'as', 'well', 'activity', 'vehicle', 'the', 'describe', 'when', 'indicate', 'to', 'information', 'specific', 'provide', 'history', 'travel']","['O', 'O', 'O', 'B-class', 'O', 'O', 'I-class', 'I-class', 'I-class', 'I-class', 'B-class', 'O', 'O', 'O', 'I-class', 'B-class', 'O', 'O', 'O', 'O', 'O', 'O', 'O', 'O', 'I-class', 'B-class']"
"[',', 'not', 'the', 'to', 'reconﬁgure', 'the', 'software', 'if', 'one', 'actuator', 'fail', 'ability', 'a', 'be', 'redundancy', 'in', 'the', 'event', 'of', 'failure', 'of', 'any', 'component', ',', 'include', 'the', 'high', '-', 'level', 'software', ';', 'Redundancy', '.', 'hardware']","['O', 'O', 'O', 'O', 'O', 'O', 'O', 'O', 'O', 'O', 'O', 'O', 'O', 'O', 'O', 'O', 'O', 'O', 'O', 'O', 'O', 'O', 'O', 'O', 'O', 'O', 'O', 'O', 'O', 'O', 'O', 'O', 'O', 'O']"
"['mention', 'send', 'of', 'satisfaction', 'the', 'the', 'field', 'office', 'will', 'generate', 'BiMonth', 'or', 'monthly', 'financial', 'and', 'medical', 'report', 'and', 'send', 'it', 'to', 'MSIU', 'Admin', 'team', 'to', 'arrange', 'the', 'payment', 'for', 'the', 'VSP', ';', 'to', 'understand', 'above', ',', 'the', 'system', 'with', 'security', 'protocol', 'in', '-', 'build', '.', 'the']","['O', 'O', 'O', 'O', 'O', 'O', 'B-class', 'I-class', 'O', 'O', 'O', 'O', 'O', 'B-class', 'I-class', 'I-class', 'I-class', 'O', 'O', 'O', 'O', 'O', 'O', 'O', 'O', 'O', 'O', 'B-class', 'O', 'O', 'O', 'O', 'O', 'O', 'O', 'O', 'O', 'B-class', 'O', 'O', 'O', 'O', 'O', 'O', 'O', 'O']"
"['.', 'Administrator', 'the', 'to', 'option', 'in', 'new', '-', 'display', 'system', ';', 'change', 'validate', 'and', 'in', 'plug', '-', 'plug', 'in', 'Administrator']","['O', 'B-class', 'O', 'O', 'O', 'O', 'O', 'O', 'O', 'O', 'O', 'O', 'O', 'O', 'O', 'O', 'O', 'O', 'O', 'B-class']"
"['.', 'a', 'fail', '(', 'e.g.', 'one', 'detector', ',', 'one', 'instrument', 'subsystem', 'etc', ',', 'short', '.', 'it']","['O', 'O', 'O', 'O', 'O', 'O', 'B-class', 'O', 'O', 'B-class', 'B-class', 'O', 'O', 'O', 'O', 'O']"
"['.', 'requirement', 'similar', 'with', ',', 'observing', 'preprogrammed', 'it', 'it']","['O', 'O', 'O', 'O', 'O', 'O', 'O', 'O', 'O']"
"['.', 'call', 'the', 'terminate', 'driver', 'shall', 'be', 'as', 'of', 'basis', 'the', 'on', 'request', 'call', 'of', 'call', 'Management', 'arbitration', 'call', ')', 'M', '(', ':', 'follow', ':', 'visual', 'the', 'involve', ';', 'priority', 'call', 'of', 'basis', 'the', 'on', 'request', 'call', 'of', 'Management', ':', 'arbitration', 'call']","['O', 'B-class', 'O', 'O', 'B-class', 'O', 'O', 'O', 'O', 'O', 'O', 'O', 'I-class', 'B-class', 'O', 'B-class', 'O', 'O', 'O', 'O', 'O', 'O', 'O', 'O', 'O', 'O', 'O', 'O', 'O', 'I-attr', 'B-attr', 'O', 'O', 'O', 'O', 'I-class', 'B-class', 'O', 'O', 'O', 'O', 'O']"
"['software', 'support', '(', 'epics', ')', 'package', 'WPR', 'the', 'of', 'control', 'system', 'maintenance', 'of', 'commercial', 'software', '(', 'Solaris', ',', 'VxWorks', ')', 'use', 'by', 'this', 'work', 'package', 'be', 'the', 'responsibility', 'with', 'a', 'background', 'task', 'be', 'execute', 'on', 'demand', 'during', 'maintenance', 'operation', 'level', 'would', '.', 'level', 'at', 'which', 'maintenance', 'may', 'be', 'perform', 'be', 'the']","['O', 'O', 'O', 'O', 'O', 'O', 'O', 'O', 'O', 'O', 'O', 'O', 'O', 'O', 'O', 'O', 'O', 'O', 'O', 'O', 'O', 'O', 'O', 'O', 'O', 'O', 'O', 'O', 'O', 'O', 'O', 'O', 'O', 'O', 'O', 'O', 'O', 'O', 'O', 'O', 'O', 'O', 'O', 'O', 'O', 'O', 'O', 'O', 'O', 'O', 'O']"
"['.', 'system', 'control', 'source', 'the', 'in', 'build', ']', 'system', 'system', ']', 'name', ']', 'name', 'system', '[', 'any', 'before', 'signoff', 'provide', 'shall', 'Lead', '/', 'Owner', 'Technical', 'the']","['O', 'I-class', 'I-class', 'B-class', 'O', 'O', 'B-class', 'O', 'O', 'O', 'O', 'O', 'O', 'O', 'O', 'O', 'O', 'O', 'O', 'O', 'O', 'I-class', 'I-class', 'I-class', 'B-class', 'O']"
"['service', 'shunt', 'will', 'be', 'use', 'to', ':', '(', 'i', ')', 'mainly', 'team', 'member', 'to', 'defined', 'area', ';', 'conduct', 'group', 'call', 'between', '-', 'trackside', ',', 'shunt', 'team', 'member', ',', 'station', 'staff', 'worker', 'railway', 'pre', 'controller', 'controller', 'or', 'other', 'mobile', 'in', 'a', 'define', 'over', 'area', 'conduct', 'group', 'call', 'between', 'train', 'driver', 'and', ';', 'set', 'mobile', 'support', 'implement', 'additional', 'network', 'service', 'as', 'desire', '.', '(']","['O', 'B-attr', 'O', 'O', 'O', 'O', 'O', 'O', 'O', 'O', 'O', 'B-class', 'I-class', 'O', 'O', 'B-class', 'O', 'O', 'O', 'O', 'O', 'O', 'B-class', 'O', 'B-attr', 'B-class', 'I-class', 'O', 'B-class', 'I-class', 'I-class', 'B-class', 'O', 'B-class', 'B-class', 'O', 'O', 'B-class', 'O', 'O', 'O', 'O', 'B-class', 'O', 'O', 'O', 'O', 'B-class', 'I-class', 'O', 'O', 'O', 'I-class', 'O', 'O', 'O', 'O', 'O', 'O', 'O', 'O', 'O']"
"['birth', 'or', ',', 'a', 'mathematical', 'derivation', 'might', 'specify', 'that', 'you', 'can', 'obtain', 'a', 'person', ""'s"", 'age', 'by', 'subtract', 'his', 'her', 'Software', 'SRS', ';', 'distribute', 'Computing', 'Environment', ';', 'DDL', 'Data', 'Definition', 'DCE', 'Language', 'DDS', 'Data', 'Distribution', 'System', ';', 'DES', 'Data', ';', ';', 'Group', 'Working', 'DBIF', 'Database', 'Interface', ';', 'DBMS', 'Database', 'Management', 'System', ';', 'db', 'database', ';', 'DATATWG', 'Data', 'Access', 'Services', 'Technical', 'Encryption', 'Standard', ';', 'do', 'Department', 'of', 'Defense', ';', 'DTG', 'Date', '-', 'Time', '-', 'Group', ';', 'FIPS', 'PUB', 'Federal', 'Information', 'Processing', 'Standards', 'DoD', ';', ';', 'Manipulation', 'Data', 'Item', 'Description', ';', 'DII', 'Defense', 'Information', 'Infrastructure', ';', 'DISA', 'Defense', 'Information', 'Systems', 'Agency', ';', 'DML', 'Data', 'Language', 'Service', 'Access', 'Data', 'Software', 'Requirements', 'Specification', 'Document', ';', 'ATCCS', 'Army', 'Tactical', 'Command', 'and', 'Control', 'Systems', ';', 'AWIS', 'Army', 'WWMCCS', 'Information', 'AWIS', 'System', 'ASRD', 'Format', ';', 'ASCII', 'American', 'Standard', 'Code', 'Information', 'Interchange', ';', 'ASCII', 'RTF', 'American', 'Standard', 'Code', 'Information', 'Interchange', 'Rich', 'Text', ';', 'Publication', ';', 'Common', '-', 'the', '-', 'shelf', ';', 'X', '-', 'DA', 'Data', 'Access', ';', 'DAC', 'Discretionary', 'Access', 'Control', ';', 'XS', 'Off', 'CASS', 'commercial', ';', 'ACCS', 'Support', 'Software', ';', 'CLI', 'Client', 'Library', 'Interface', ';', 'CM', 'Configuration', 'Manager', ';', 'COE', 'Common', 'Operating', 'Environment', 'COTS']","['O', 'O', 'O', 'O', 'O', 'O', 'O', 'O', 'O', 'O', 'O', 'O', 'O', 'O', 'O', 'O', 'O', 'O', 'O', 'O', 'O', 'O', 'O', 'O', 'O', 'O', 'O', 'O', 'O', 'O', 'O', 'O', 'O', 'O', 'O', 'O', 'O', 'O', 'O', 'O', 'O', 'O', 'O', 'O', 'O', 'O', 'O', 'O', 'O', 'O', 'O', 'O', 'O', 'O', 'O', 'O', 'O', 'O', 'O', 'O', 'O', 'O', 'O', 'O', 'O', 'O', 'O', 'O', 'O', 'O', 'O', 'O', 'O', 'O', 'O', 'O', 'O', 'O', 'O', 'O', 'O', 'O', 'O', 'O', 'O', 'O', 'O', 'O', 'O', 'O', 'O', 'O', 'O', 'O', 'O', 'O', 'O', 'O', 'O', 'O', 'O', 'O', 'O', 'O', 'O', 'O', 'O', 'O', 'O', 'O', 'O', 'O', 'O', 'O', 'O', 'O', 'O', 'O', 'O', 'O', 'O', 'O', 'O', 'O', 'O', 'O', 'O', 'O', 'O', 'O', 'O', 'O', 'O', 'O', 'O', 'O', 'O', 'O', 'O', 'O', 'O', 'O', 'O', 'O', 'O', 'O', 'O', 'O', 'O', 'O', 'O', 'O', 'O', 'O', 'O', 'O', 'O', 'O', 'O', 'O', 'O', 'O', 'O', 'O', 'O', 'O', 'O', 'O', 'O', 'O', 'O', 'O', 'O', 'O', 'O', 'O', 'O', 'O', 'O', 'O', 'O', 'O', 'O', 'O', 'O', 'O', 'O']"
"['in', ',', 'as', 'be', 'software', 'access', 'requirement', '.', 'both']","['O', 'O', 'O', 'O', 'O', 'O', 'O', 'O', 'O']"
"['.', 'etc', ',', 'site', ',', 'size', 'out', ',', 'as', 'such', ',', 'different', 'by', 'orderable', 'be', 'will', 'result', 'the', 'then', 'tab', 'and', ',', 'name', 'video', 'category', 'or', 'for', 'website', 'certain', 'search', 'only', ';', 'out', 'filter', 'to', 'option', 'contain', 'have', 'will', 'user', 'the', 'the', 'on', 'certain', 'content', 'depend', 'addition', 'age', 'restriction', ',', 'example', 'example', 'adult', 'content', '.', 'in']","['O', 'O', 'O', 'B-attr', 'O', 'B-attr', 'O', 'O', 'O', 'O', 'O', 'O', 'O', 'O', 'O', 'O', 'B-class', 'O', 'O', 'B-class', 'O', 'O', 'B-attr', 'B-class', 'B-attr', 'O', 'O', 'B-class', 'O', 'O', 'O', 'O', 'O', 'O', 'O', 'O', 'O', 'O', 'O', 'B-class', 'O', 'O', 'O', 'O', 'B-class', 'O', 'O', 'B-attr', 'I-attr', 'O', 'O', 'O', 'O', 'O', 'O', 'O']"
"['.', 'minute', '1', 'than', 'be', 'the', 'same', 'time', 'be', 'shall', 'system', 'the']","['O', 'O', 'O', 'O', 'O', 'O', 'O', 'O', 'O', 'O', 'O', 'O']"
"['case', '1.0', 'shall', 'be', 'the', 'standard', 'use', 'for', 'WCAG', 'guidance', 'content', 'accessibility', '.', 'the']","['B-class', 'O', 'O', 'O', 'O', 'O', 'O', 'O', 'O', 'O', 'O', 'O', 'O', 'O']"
"['add', 'Customer']","['O', 'B-class']"
"['style', ':', 'the', 'reading', 'and', 'understanding', 'of', '.', 'the', 'content', 'on', 'the', 'screen', 'should', 'be', 'support', 'by', 'textual', 'suitable', 'readability', 'to', ':', 'the', 'quality', 'of', 'textual', 'content', 'with', 'respect', 'impede', 'to', 'and', 'grammar', 'should', 'be', 'sufficient', 'so', 'as', 'not', 'spelling', 'Text']","['O', 'O', 'O', 'O', 'O', 'O', 'O', 'O', 'O', 'O', 'O', 'O', 'O', 'O', 'O', 'O', 'O', 'O', 'O', 'O', 'O', 'O', 'O', 'O', 'O', 'O', 'O', 'O', 'O', 'O', 'O', 'O', 'O', 'O', 'O', 'O', 'O', 'O', 'O', 'O', 'O']"
"['.', 'system', 'the', 'of', ',', 'all', 'requirement', 'and', 'the', 'what', 'that', 'note', 'be', 'also', 'should', 'it']","['O', 'B-class', 'O', 'O', 'O', 'O', 'O', 'O', 'O', 'O', 'O', 'O', 'O', 'O', 'O', 'O']"
"['.', 'comprise', ')', '(', 'Interface', 'Machine', 'Man', ';', 'GSM', 'outside', 'MMI', 'Mode', 'DM', 'MT', 'for', 'equipment', 'application', 'EIRENE', 'and', 'MT', '-', 'GSM', 'of', 'procurement', 'separate', 'for', 'option', 'the', 'allow', 'the', 'Cab', 'radio', '.', 'V.24', 'on', 'base', 'interface', 'of', 'type', 'two', 'to', 'specify', 'MTI', 'FFFIS', 'MORANE', '[', 'FFFIS', 'Morane', 'the']","['O', 'O', 'O', 'O', 'O', 'O', 'O', 'O', 'B-class', 'O', 'O', 'I-class', 'B-class', 'I-class', 'O', 'I-class', 'I-class', 'I-class', 'I-class', 'I-class', 'I-class', 'B-class', 'O', 'O', 'O', 'O', 'O', 'O', 'O', 'O', 'B-class', 'I-class', 'O', 'O', 'O', 'O', 'O', 'O', 'O', 'O', 'O', 'O', 'O', 'O', 'O', 'O', 'O', 'O', 'O']"
"['be', 'place', 'in', 'the', 'Gemini', 'system', 'where', 'software', 'exist', 'below', 'the', 'IOC', 'level', 'that', 'interface', 'diagnostic', 'system', '.', 'the']","['O', 'O', 'O', 'O', 'O', 'B-class', 'O', 'O', 'O', 'O', 'O', 'O', 'O', 'O', 'O', 'O', 'O', 'O', 'O']"
"['.', 'population', 'risk', 'for', '-', 'identify', 'and', ',', 'event', 'the', 'characterize', ',', 'analysis', 'meaningful', 'at', 'the', 'child', 'specimen', 'assist', 'to', 'list', 'back', '-', 'call', 'and', ',', 'datum', 'aggregate', ',', 'log', 'activity', ',', 'list', 'line', ',', ')', 'exchange', 'the', 'data', 'emergency', 'group', 'clearly', 'should', 'OM', 'support', 'system', 'by', 'generate', 'report']","['O', 'I-class', 'I-class', 'O', 'I-class', 'O', 'O', 'O', 'B-class', 'O', 'O', 'O', 'B-class', 'O', 'B-class', 'O', 'B-class', 'I-class', 'O', 'O', 'I-class', 'I-class', 'I-class', 'B-class', 'O', 'O', 'I-class', 'B-class', 'O', 'I-class', 'B-class', 'O', 'I-class', 'B-class', 'O', 'O', 'O', 'O', 'O', 'B-class', 'I-class', 'O', 'O', 'O', 'O', 'B-class', 'O', 'O', 'O']"
"['public', 'health', 'partner', 'span', 'PHIN', 'functional', 'area', 'be', 'separately', 'define', 'and', 'should', 'be', 'review', 'in', '""', 'PHIN', 'Preparedness', 'Cross', 'Functional', 'Components', 'Requirements', 'that', 'requirement', 'operational']","['B-class', 'I-class', 'I-class', 'O', 'O', 'B-class', 'I-class', 'O', 'O', 'O', 'O', 'O', 'O', 'O', 'O', 'O', 'O', 'O', 'O', 'O', 'O', 'O', 'O', 'O', 'O']"
"['=', 'date', 'the', 'to', 'order', 'the', 'of', 'number', 'confirmation', 'customer', 'unique']","['O', 'I-attr', 'O', 'O', 'B-class', 'O', 'O', 'I-attr', 'I-attr', 'B-class', 'B-attr']"
"['.', 'Description', 'Reason', ';', 'Code', 'Reason', ';', 'Master', 'Reason', 'Rejection', '/', 'Quarantine', 'claim']","['O', 'I-attr', 'B-attr', 'O', 'I-attr', 'B-attr', 'O', 'I-attr', 'I-attr', 'B-attr', 'O', 'I-attr', 'B-attr']"
