tokens,IOB_tag
"['VSP', 'Name', ';', 'date', 'of', 'submission', ';']","[3, 4, 0, 3, 4, 4, 0]"
"['they', '.', 'efficiently', 'and', 'instrument', 'telescope', 'use', 'to', 'do', 'to', 'have', 'they', 'what', 'and', 'system', 'safety', ';']","[0, 0, 0, 0, 0, 0, 0, 0, 0, 0, 0, 0, 0, 0, 0, 0, 0]"
"['A1', '.', 'process', 'checkout', 'order', 'complete', 'flag', 'with', 'cookie', 'append', 'System', ';', 'Customer', 'for', 'the', 'web', 'during']","[0, 0, 0, 0, 1, 0, 0, 0, 0, 0, 0, 0, 1, 0, 0, 0, 0]"
"['this', 'must', 'be', 'capable', 'of', 'deal', 'both', 'with', 'the', 'LAN', 'the', 'of', 'majority', 'of', 'instrument', ',', 'the', 'Gemini', '8', 'm', 'Telescopes', 'system', 'have', 'internal', 'communication', 'need', '.']","[0, 0, 0, 0, 0, 0, 0, 0, 0, 0, 0, 0, 0, 0, 1, 0, 0, 0, 0, 0, 0, 1, 0, 0, 0, 0, 0]"
"['some', 'user', 'may', 'have', 'difficulty', 'in', 'perceive', 'certain', '.', 'overview', 'information', 'of', ',', 'take', 'into', 'account', 'human', 'capability', 'and', 'restriction', 'convey', 'in', 'colour', ',', 'and', 'not', 'as', 'the', 'only', 'mean', 'perceive', 'or', ',', 'page', 'element', 'on', 'a', 'page', ',', 'if', 'the', 'distance', 'content', 'between', 'block', 'of', 'information', 'display', 'become', 'too', 'large', ',', 'the', 'rapid', 'different', 'organize', 'not', 'impair', 'the', 'visual', 'skimming', 'of', 'the', 'page', 'the', '.', 'white', 'space', 'be', 'an', 'important', 'mean', 'of', 'visually']","[0, 0, 0, 0, 0, 0, 0, 0, 0, 0, 0, 0, 0, 0, 0, 0, 0, 0, 0, 0, 0, 0, 0, 0, 0, 0, 0, 0, 0, 0, 0, 0, 0, 0, 0, 0, 0, 0, 0, 0, 0, 0, 0, 0, 0, 0, 0, 0, 0, 0, 0, 0, 0, 0, 0, 0, 0, 0, 0, 0, 0, 0, 0, 0, 0, 0, 0, 0, 0, 0, 0, 0, 0, 0]"
"['it', 'shall', 'be', 'possible', 'for', 'the', 'Supervision', 'Partial', 'movement', '.', 'the', 'trainborne', 'equipment', 'be', 'not', 'active', 'until', 'any', ',', 'when', 'Shunting', 'be', 'select', 'or', 'long', 'Supervision', 'Full', 'in']","[0, 0, 0, 0, 0, 0, 2, 3, 2, 0, 0, 1, 2, 0, 0, 3, 0, 0, 0, 0, 3, 0, 0, 0, 0, 2, 1, 0]"
"['at', 'examine', 'be', 'system', 'version', 'control', 'system', '.']","[0, 0, 0, 0, 0, 0, 0, 0]"
"['it', '.', 'information', 'account', 'view', 'and', ',', 'the', 'show', 'result', 'the', 'cart', 'virtual', 'a', 'in', 'reserve', 'be', 'can', 'until', 'inventory', 'from']","[0, 0, 4, 3, 0, 0, 0, 0, 0, 0, 0, 0, 0, 0, 0, 0, 0, 0, 0, 1, 0]"
"['the', '.', 'system', 'locking', 'electronic', ';', 'circuit', 'telecommunications', ';', 'supply', 'power', 'of', 'the', 'EIRENE', 'mobile', '.', ']', '45001', 'en', '[', 'with', 'accordance', 'M', 'in', 'a', 'at', 'test', 'be', 'shall', 'unit', 'radio', 'facility']","[0, 0, 0, 0, 0, 0, 0, 0, 0, 0, 0, 0, 0, 0, 1, 0, 0, 0, 0, 0, 0, 0, 0, 0, 0, 0, 0, 0, 0, 2, 2, 1]"
"['Replication', 'Scheme', ':', 'information', 'that', 'precisely', 'identify', 'db', ',', 'or', 'partition', 'of', 'db', ',', 'to', 'be', ')', 'copy', 'management', 'distribute', 'do', 'not', 'yet', 'define', 'interoperability', 'between', 'server', 'database', '(', 'i.e.', 'it', 'be', 'not', 'yet', 'a', 'standard', 'for', 'database', '-', 'and/or', ',', 'that', 'organize', 'and', 'maintain', 'spatial', 'datum', '(', 'i.e.', 'datum', 'with', 'graphical', 'attribute', ')', 'in', 'term', 'of', 'type', 'system', 'distribute', 'information', ':', 'replication', 'schedule', ',', 'and', 'master', '/', 'remote', 'site', 'that', 'be', 'to', 'receive', 'the', 'copy', ';', 'Spatial', 'DBMS']","[0, 0, 0, 0, 0, 0, 0, 0, 0, 0, 0, 0, 0, 0, 0, 0, 0, 0, 0, 0, 0, 0, 0, 0, 0, 0, 0, 0, 0, 0, 0, 0, 0, 0, 0, 0, 0, 0, 2, 0, 0, 0, 0, 0, 0, 1, 2, 0, 0, 0, 0, 0, 0, 0, 0, 0, 0, 3, 0, 0, 0, 0, 0, 0, 0, 0, 0, 0, 0, 0, 0, 0, 0, 0, 0, 0, 0, 0, 0]"
"['in', 'case', 'where', 'there', 'to', 'be', 'to', 'be']","[0, 0, 0, 0, 0, 0, 0, 0]"
"['Emergency', '.', 'manually', 'number', 'functional', 'or', 'telephone', 'call', ':', '(', 'M', 'activation']","[0, 0, 0, 4, 3, 0, 1, 1, 0, 0, 0, 0]"
"['(', 'directly', 'mean', 'be', 'may', 'Unit', 'Interface', 'Train', 'a', ',', 'necessary', 'where', ')', 'o']","[0, 0, 0, 0, 0, 2, 2, 1, 0, 0, 0, 0, 0, 0]"
"['the', 'system', 'should', 'client', 'the', 'on', 'requirement', 'minimal', 'impose', 'must', 'and', 'system', 'base', '-', 'browser', 'through', 'access', 'for', 'design', 'be', 'the', 'of', '""', 'Investigation', 'then', 'base', 'on', 'the', 'evidence', ',', 'fact', 'and', 'and', 'investigation', ',', 'police', 'shall', 'take', 'the', 'complaint', 'follow', 'police', 'with', 'complaint', 'edge', 'and', 'ease', 'the', 'day', 'to', 'day', 'operation', 'of', 'the', 'police', 'function', '.']","[0, 0, 0, 0, 0, 0, 0, 0, 0, 0, 0, 0, 0, 0, 0, 0, 0, 0, 0, 0, 0, 0, 0, 0, 0, 0, 0, 0, 3, 0, 3, 0, 0, 3, 0, 1, 0, 0, 0, 1, 0, 1, 0, 1, 0, 0, 0, 0, 0, 0, 0, 0, 0, 0, 0, 0, 0]"
"['the', '.', '2x', 'of', 'side', 'a', 'with', 'block', 'square', 'one', 'be']","[0, 0, 0, 0, 0, 0, 0, 1, 0, 0, 0]"
"['the', 'system', 'should', 'provide', 'information', 'in', 'the', 'form', 'report', 'to', 'confuse', 'the', 'of', 'displaying', 'not', 'need', 'intervention', 'from', 'outside', 'user', 'other', 'than', 'the', 'supervisor', 'to', 'maintain', 'operation', 'of', 'themas', '.']","[0, 1, 0, 0, 0, 0, 0, 0, 1, 0, 0, 0, 0, 0, 0, 0, 0, 0, 0, 1, 0, 0, 0, 1, 0, 0, 0, 0, 0, 0]"
"['they', 'range', 'greatly', 'Telescopes', 'm', '8', 'Gemini', 'the', 'at', 'astronomer', 'staff', 'as', 'such', 'can', 'user', 'very', 'to', 'system', 'the', 'of', 'user', 'occasional', 'from', 'experience', 'in', 'experienced', 'decision', 'these', 'and', 'available', 'make', 'be', 'will', 'feature', 'all', 'that', 'mean', 'not', 'do', 'to', 'it', ',', 'requirement', 'possible', 'all', 'fulfill', 'must', 'operation', 'of', 'term', 'in', 'but', 'and', 'all', 'at', 'remotely', 'and', 'locally', 'both', 'need', 'operational', 'the', 'to', 'adapt', 'be', 'user', 'to', 'will', 'capability', 'available']","[0, 0, 0, 0, 0, 0, 0, 0, 0, 2, 1, 0, 0, 0, 1, 0, 0, 1, 0, 0, 1, 0, 0, 0, 0, 0, 0, 0, 0, 0, 0, 0, 0, 0, 0, 0, 0, 0, 0, 0, 0, 0, 0, 0, 0, 0, 0, 0, 0, 0, 0, 0, 0, 0, 0, 0, 0, 0, 0, 0, 0, 0, 0, 0, 0, 1, 0, 0, 0, 0]"
"['these', 'control', 'command', 'be', 'present', 'in', 'the', 'Gemini', 'Software', 'Design', 'Description', '.']","[0, 0, 0, 0, 0, 0, 0, 0, 0, 0, 0, 0]"
"['be', '.', 'no', 'interaction', 'with', 'the', 'observer', ';', 'Interactive', 'operation', '.']","[0, 0, 0, 0, 0, 0, 1, 0, 0, 0, 0]"
"['the', 'plan', 'be', 'TBD', '.']","[0, 0, 0, 0, 0]"
"['at', '.', 'activity', 'calibration', 'be', 'installation', 'diagnostic', 'full', 'include', ',', 'subsystem', 'of', 'deinstallation', '/', 'installation', 'for', 'and', 'program', 'which', 'request', 'line', 'software', 'and', 'the', 'development', 'environment', ';', 'on', '-', '-', 'version', 'control', 'must', 'be', 'implement', '.']","[0, 0, 0, 0, 0, 0, 0, 0, 0, 0, 1, 0, 0, 0, 0, 0, 0, 0, 0, 0, 0, 0, 0, 0, 0, 0, 0, 0, 0, 0, 0, 0, 0, 0, 0, 0]"
"['datum', 'be', 'take', 'be', 'responsible', 'for', 'control', 'of', 'all', 'of', 'the', 'it', 'telescope', 'enclosure', 'subsystem', '.']","[0, 0, 0, 0, 0, 0, 0, 0, 0, 0, 0, 0, 1, 0, 1, 0]"
"['the', 'datum', 'service', 'change', 'service', 'of', 'capability', 'of', 'the', 'network', 'management', 'or', 'DBMS', ';', 'End', 'User', 'Mode', ':', 'Portion', 'of', 'XS', 'service', 'shall', 'by', 'be', 'identify', 'communication', '.']","[0, 0, 0, 0, 0, 0, 0, 0, 0, 0, 0, 0, 0, 0, 0, 0, 0, 0, 0, 0, 0, 0, 0, 0, 0, 0, 0, 0]"
"['Input', 'datum', 'be', 'all', 'datum', 'that', 'be', 'predeﬁne', '.', 'at', 'start', '.']","[1, 2, 0, 0, 0, 0, 0, 0, 0, 0, 0, 0]"
"['example', 'of', 'object', 'be', 'record']","[0, 0, 0, 0, 0]"
"['each', 'of', 'the', 'component', '.', 'contain', 'service', 'as', 'define', 'by', 'Service', 'Definition', '.']","[0, 0, 0, 1, 0, 0, 1, 0, 0, 0, 0, 0, 0]"
"['the', 'new', '[', 'system', 'name', ']', 'system', 'would', 'be', 'document', 'in', 'this', 'FRS', '.']","[0, 0, 0, 0, 0, 0, 0, 0, 0, 0, 0, 0, 0, 0]"
"['the', 'XS', 'function', 'shall', 'provide', 'standard', 'api', 'as', 'specify', 'in', 'Appendix', 'C.', 'XS', 'API', 'Registry', 'submit', 'provide', '3']","[0, 0, 0, 0, 0, 0, 3, 0, 0, 0, 0, 0, 0, 0, 2, 0, 0, 0]"
"['also', '.', 'feature', 'and', 'functionality', 'product', 'the', 'of', 'overview', 'an', 'give', 'will', 'Description', 'Overall', 'document']","[0, 0, 1, 0, 0, 0, 0, 0, 0, 0, 0, 0, 0, 0, 0]"
"['example', '.', 'datum', 'aggregate', 'to', 'able', 'be', 'must', 'OM', 'support']","[0, 0, 3, 0, 0, 0, 0, 0, 0, 0]"
"['go', '.', 'B4', 'B5', 'address', 'email', 'register', 'to', 'email', 'send']","[0, 0, 0, 0, 4, 4, 3, 0, 0, 0]"
"['they', 'be', 'the', 'integrity', 'rule', 'that', 'protect', 'the', 'datum', 'in', 'the', 'eventual', 'database', 'derivation', 'that', '.', 'example', 'from', 'the', 'current', 'date', ';', 'Commit', '/', 'Rollback', ':', 'an', 'individual', 'transaction', 'be', 'process', '(', 'commit', ')', 'date']","[0, 0, 0, 0, 0, 0, 0, 0, 0, 0, 0, 0, 1, 1, 0, 0, 0, 0, 0, 0, 0, 0, 0, 0, 0, 0, 0, 0, 0, 0, 0, 0, 0, 0, 0]"
"['operational', 'Parameters', 'Temperature', 'Data', 'two', 'type', 'of', 'temperature', 'datum', 'shall', 'be', 'recognize', 'from', 'module', 'the', ':', '1', ')', 'the', 'temperature', 'setting', 'and', '2', ')', 'the', 'current', 'temperature', '.', 'thermostat', '.', 'temperature', 'be', 'themas', 'system', 'shall', 'identify', 'the', 'current', 'temperature', 'value', 'as', 'an', 'invalid', 'temperature', 'and', 'the', 'shall', 'an', 'invalid', 'temperature', 'status', '.']","[0, 0, 0, 0, 0, 0, 0, 0, 0, 0, 0, 0, 0, 0, 0, 0, 0, 0, 0, 3, 4, 0, 0, 0, 0, 3, 4, 0, 0, 0, 4, 0, 0, 1, 0, 0, 0, 3, 4, 4, 0, 0, 0, 0, 0, 0, 0, 0, 1, 2, 2, 0]"
"['for', 'well', 'reporting', 'purpose', 'have', 'Distributor', 'the', 'of', 'table', 'in', 'order', 'to', 'update', 'as', 'per', 'the', 'program', 'requirement', '.']","[0, 0, 0, 0, 0, 1, 0, 0, 0, 0, 0, 0, 0, 0, 0, 0, 0, 0, 0]"
"['the', 'logic', 'access', '-', 'data', 'the', 'from', 'separate', 'again', 'be']","[0, 0, 0, 0, 0, 0, 0, 0, 0, 0]"
"['therefore', ',', 'we', 'urge', 'submitter', 'to', 'include', 'enough', 'expressive', 'term', 'so', 'number', ',', 'a', 'search', 'Registry', 'will', 'not', 'have', 'keyword', ',', 'thesaurus', ',', 'or', 'ontology', 'support', 'but', 'it', 'will', 'have', 'a', 'substre', 'for', 'COE', 'the', 'attribute', 'attribute', ')', 'for', 'the', 'entity', 'CTRY', '.']","[0, 0, 0, 0, 0, 0, 0, 0, 0, 0, 0, 0, 0, 0, 0, 1, 0, 0, 0, 3, 0, 3, 0, 0, 3, 0, 0, 0, 0, 0, 0, 0, 0, 0, 0, 0, 0, 0, 0, 0, 1, 0, 0]"
"['(', 'M', ')', 'all', 'EIRENE', 'mobile', 'equipment', 'shall', 'be', 'protect', 'against', 'shock', 'will', 'condition', 'environmental', 'above', 'operation', 'of', 'a', 'mobile', 'radio', 'unit', ',', 'in', 'it', 'be', 'expect', 'that', 'a', 'combination', 'of', 'the', 'shall', 'infrequent', 'cause', 'Operationally', 'reference', 'to', 'sea', 'level', '.']","[0, 0, 0, 0, 0, 1, 2, 0, 0, 0, 0, 0, 0, 0, 0, 0, 0, 0, 0, 1, 2, 2, 0, 0, 0, 0, 0, 0, 0, 0, 0, 0, 0, 0, 0, 0, 0, 0, 0, 0, 0]"
"['the', 'character', 'set', 'train', 'alert', 'fix', 'message', 'inhibition', 'of', 'the', 'follow', 'different', 'type', 'the', 'of', ':', 'regenerative', 'brake', ';', 'Eddy', 'current', 'brake', 'regard', 'information', 'send', 'shall', 'be', 'provide', 'in', 'the', 'language', 'select', 'by', 'the', 'driver']","[0, 1, 2, 1, 0, 1, 2, 0, 0, 0, 0, 0, 3, 0, 0, 0, 0, 0, 0, 0, 0, 1, 0, 0, 0, 0, 0, 0, 0, 0, 3, 0, 0, 0, 1]"
"['wherever', 'for', 'requirement', 'a', 'be', 'WAN', 'be', 'deﬁne', 'in', 'the', 'Electronic', 'Design', 'Speciﬁcation', 'and', 'show', 'in', 'Figure', '4', '-', '1', ',', 'above', '.']","[0, 0, 0, 0, 0, 0, 0, 0, 0, 0, 0, 0, 0, 0, 0, 0, 0, 0, 0, 0, 0, 0, 0]"
"['design', '(', 'model', 'datum', 'to', 'term', 'for', 'the', 'maintenance', 'and', 'control', 'of', 'xml', 'tag', ';', 'Review', '/', 'approve', 'submission', ';', 'monitor', 'change', 'the', 'schema', 'for', 'an', ';', 'Validate', ';', 'use', 'and', 'reference', 'exist', 'tag', 'and', 'associate', 'semantic', 'structure', '.']","[0, 0, 2, 1, 0, 0, 0, 0, 0, 0, 0, 0, 1, 2, 0, 0, 0, 0, 0, 0, 0, 0, 0, 0, 0, 0, 0, 0, 0, 0, 0, 0, 0, 1, 0, 0, 3, 4, 0]"
"['(', 'M', ')', 'EIRENE', 'mobile', 'equipment', 'shall', 'be', 'capable', 'of', 'be', 'to', 'c', '°', '-20', ')', 'EIRENE', 'mobile', 'equipment', 'shall', 'be', 'capable', 'store', 'of', 'over', 'a', 'standard', 'range', 'of', 'temperature', 'from', 'operate', 'M', '(', 'without', 'shall', 'be', 'capable', 'of', 'cope', 'with', 'temperature', 'variation', 'of', 'up', 'to', '+', '/-', '1', '°', 'equipment', 'the', ')', 'M', 'be', 'operational', ')', 'at', 'temperature', 'down', 'to', 'ie', '-40', 'c', 'without', 'any', 'permanent', 'damage', '.']","[0, 0, 0, 0, 1, 2, 0, 0, 0, 0, 0, 0, 0, 0, 0, 0, 0, 1, 2, 0, 0, 0, 0, 0, 0, 0, 0, 3, 4, 4, 0, 0, 0, 0, 0, 0, 0, 0, 0, 0, 0, 0, 0, 0, 0, 0, 0, 0, 0, 0, 1, 0, 0, 0, 0, 0, 0, 0, 0, 0, 0, 0, 0, 0, 0, 0, 0, 0, 0]"
"['bi', '.', 'datum', 'the', 'transport', 'for', 'requirement', 'the', 'not', ';', 'support', 'must', 'OM', 'that', 'exchange', 'datum', 'of', 'the', 'and', 'Components', '""', 'able', 'be', 'must', 'OM', 'support']","[0, 0, 3, 0, 0, 0, 0, 0, 0, 0, 0, 0, 0, 0, 2, 1, 0, 0, 0, 0, 0, 0, 0, 0, 0, 0]"
"['this', 'be', 'the', 'normal', 'mode', 'catalog', 'of', '.']","[0, 0, 0, 0, 3, 0, 4, 0]"
"['.There', 'be', 'different', 'requirement', 'for', 'software', 'run', 'on', 'different', 'layer', '.']","[0, 0, 0, 0, 0, 0, 0, 0, 0, 0, 0]"
"['order', 'cart', 'the', 'from', 'product', 'remove', 'or', 'to', 'add', 'shopping', 'confirmation', 'will', 'allow', 'priority', 'medium', 'a', 'be']","[1, 2, 0, 0, 1, 0, 0, 0, 0, 1, 2, 0, 0, 0, 0, 0, 0]"
"['violation', '.', 'include', 'remote', 'observe', ',', 'must', 'take', 'place', 'on', 'resource', 'control', 'by', 'the', 'project', '(', 'such', 'as', 'lease', 'line', ')', 'must', 'be', 'limit', 'and', 'bypass', 'the', 'hierarchy', '(', 'connect', 'between', 'grandmother', 'and', 'granddaughter', 'with', 'no', 'path', 'through', 'the', 'mother', ')', 'should', 'only', 'be', ';', 'or', 'problem', 'demonstrate', 'constrain', 'by', 'the', 'follow', 'guideline', ':', 'peer', '-', 'to', '-', 'peer', 'connectivity', 'should', 'only', 'be', 'use', 'to', 'overcome', 'a', 'performance', 'capability', 'and', 'performance', 'independently', 'of', 'all', 'the', 'rest', '.']","[0, 0, 0, 0, 0, 0, 0, 0, 0, 0, 0, 0, 0, 0, 0, 0, 0, 0, 0, 0, 0, 0, 0, 0, 0, 0, 0, 0, 0, 0, 0, 0, 0, 0, 0, 0, 0, 0, 0, 0, 0, 0, 0, 0, 0, 0, 0, 0, 0, 0, 0, 0, 0, 0, 0, 0, 0, 0, 0, 0, 0, 0, 0, 0, 0, 0, 0, 0, 0, 0, 0, 0, 0, 0, 0, 0, 0]"
"['other', 'the', 'Gemini', 'architecture', 'as', 'the', 'bulk', 'of', 'the', 'control', 'system', 'intelligence', 'be', 'contain', 'within', 'OPI', 'CA', 'client', 'task', '.', 'item', 'the', 'ID', 'be', ')', 'to', 'enter', 'simulation', 'mode', '.']","[0, 0, 0, 0, 0, 0, 0, 0, 0, 0, 0, 0, 0, 0, 0, 0, 0, 0, 0, 0, 0, 0, 0, 0, 2, 0, 0, 0, 0, 0]"
"['section', '3', 'give', 'the', 'specific', 'requirement', 'of', 'the', 'product', '.']","[0, 0, 0, 0, 0, 0, 0, 0, 0, 0]"
"['all', 'system', 'be', 'appropriately', 'interlocked', '.']","[0, 1, 0, 0, 0, 0]"
"['this', '.', 'level', '.']","[0, 0, 0, 0]"
"['the', 'xx', '.', 'error', 'xxx', 'the', 'to', 'direct', 'be', 'user', 'page', 'SQL', 'code', 'that', 'between', 'Tuesdays', 'on', 'only', 'environment', 'production', 'the', 'to', 'update', 'schedule', 'shall', 'Team', 'Project']","[0, 0, 0, 0, 0, 0, 0, 0, 0, 1, 0, 0, 0, 0, 0, 0, 0, 0, 2, 1, 0, 0, 0, 0, 0, 2, 1]"
"['the', '.', 'all', 'each', 'of', 'establishment', '.']","[0, 0, 0, 0, 0, 1, 0]"
"['if', '.', 'note', 'relevant', 'any', 'and', ',', 'interpretation', 'overall', ',', 'value', 'result', 'for', 'measure', 'of', 'unit', 'as', 'datum', '/', ',', '(', 'test', ',', 'ID', 'Subject', ',', 'ID', 'Specimen', 'the', 'include', 'datum', 'this', 'of']","[0, 0, 3, 0, 0, 0, 0, 4, 3, 0, 4, 3, 0, 4, 4, 3, 0, 3, 2, 0, 0, 3, 0, 4, 3, 0, 4, 3, 0, 0, 3, 0, 0]"
"['the', '.', 'training', 'will', 'be', ':', 'design', 'for', 'minimum', 'risk', ';', 'incorporate', 'safety', 'device', ';', 'provide', 'warning', 'device', ';', 'develop', 'procedure', 'and', 'safety', 'interlock', 'passively', 'be', 'by', 'unauthorized', 'user', ',', 'or', 'user', 'at', 'unauthorized', 'system', 'access', '.']","[0, 0, 0, 0, 0, 0, 0, 0, 0, 0, 0, 0, 0, 0, 0, 0, 0, 0, 0, 0, 0, 0, 0, 0, 0, 0, 0, 3, 1, 0, 0, 1, 0, 0, 1, 3, 0]"
"['this', 'link', '.', 'reside', 'office', 'facility', 'Mauna', 'facility', 'the', 'be']","[0, 0, 0, 0, 1, 0, 0, 1, 0, 0]"
"['operational', 'this', 'process', 'shall', 'first', 'determine', 'a', 'know', 'state', 'of', 'all', 'the', 'heating', 'and', 'parameter', 'valid', 'a', 'for', 'the', 'rule', 'outline', 'in', 'section', '3.1.4.1', 'and', '3.1.4.2', '.']","[0, 0, 0, 0, 0, 0, 0, 0, 3, 0, 0, 0, 1, 2, 0, 3, 0, 0, 0, 0, 0, 0, 0, 0, 0, 0, 0]"
"['no', 'with', 'monitor', 'ﬁeld', ',', 'be', 'the', 'acquisition', 'of', 'astronomical', 'datum', 'in', 'digital', 'software', 'form', 'the', 'most', 'efﬁcient', 'way', '.']","[0, 0, 0, 0, 0, 0, 0, 0, 0, 0, 0, 0, 0, 0, 0, 0, 0, 0, 0, 0]"
"['a', 'Controls', 'Test', 'Plan', 'be', 'part', 'of', 'the', '.', 'Gemini', 'System', '.']","[0, 0, 0, 0, 0, 0, 0, 0, 0, 0, 0, 0]"
['UT'],[0]
"['temperature', 'that', 'exceed', 'the', 'overtemperature', 'limit', 'for', 'shall', 'report', 'as', 'such', '.']","[3, 0, 0, 0, 3, 4, 0, 0, 0, 0, 0, 0]"
"['only', 'when', 'the', 'to', 'fire', 'be', 'query', 'a', 'should', 'detail', 'further', 'its', 'view', 'to', 'record', 'particular', 'a', 'on', 'click', 'user', 'the', 'AJAX', 'of', 'Use', 'datum', 'of', 'transmission', 'secure', 'ensure', 'should', 'system', 'over']","[0, 0, 0, 0, 0, 0, 0, 0, 0, 3, 0, 0, 0, 0, 1, 0, 0, 0, 0, 1, 0, 0, 0, 0, 0, 0, 0, 0, 0, 0, 0, 0]"
"['(', 'o']","[0, 0]"
"['this', '.', 'the', 'telescope', 'of', 'control', 'direct', 'of', 'capability', 'the', 'have', 'may', ',', 'observer', 'the', 'restrict', 'to', 'not', 'send', 'to', 'able', 'be', 'not', 'shall']","[0, 0, 0, 0, 0, 0, 0, 0, 0, 0, 0, 0, 0, 1, 0, 0, 0, 0, 0, 0, 0, 0, 0, 0]"
"['it', 'be', 'also', 'necessary', 'to', 'meet', 'different', 'grade', 'of', 'requirement', 'performance', 'high', 'the', 'typically', 'over', 'local', 'area', '.']","[0, 0, 0, 0, 0, 0, 0, 0, 0, 0, 0, 0, 0, 0, 0, 3, 1, 0]"
"['Direct', 'Mode', 'be', 'optional', 'MT', 'station', 'dependent', 'MMI', 'i', ')', 'a', ')', 'GSM', 'Mobile', 'Termination', '(', 'GSM', '-', 'MT', '):', 'comprise', 'GSM', 'mobile', '(', ':', 'element', 'follow', 'EIRENE', 'MS', ')', 'be', 'show', 'in', 'figure', 'equipment', '4', '1', '.']","[3, 4, 0, 0, 2, 2, 0, 0, 0, 0, 0, 0, 1, 2, 2, 0, 0, 0, 0, 0, 0, 1, 2, 0, 0, 0, 0, 0, 0, 0, 0, 0, 0, 0, 2, 0, 0, 0]"
"['as', 'control', 'shall', 'allow', 'simultaneous', 'operation', 'of', 'up', 'to', 'six', 'software', '.', 'node', 'monitoring', ',', 'locally', 'or', 'remotely', '.']","[0, 0, 0, 0, 0, 0, 0, 0, 0, 0, 0, 0, 2, 2, 0, 3, 0, 3, 0]"
"['the', 'Gemini', '8', 'm', 'Telescopes', 'and', 'as', 'operation', 'parallel', 'advantage', 'of', 'parallel', 'operation', 'to', 'improve', 'efﬁciency', '.']","[0, 0, 0, 0, 0, 0, 0, 0, 0, 0, 0, 0, 0, 0, 0, 0, 0]"
"['(', '.', 'document', 'this', 'of', '1', 'section', 'M', 'in', 'the', 'industrial', '2', '-', '3', ',', '1', '-', '3', ',', '2', ',', '1', 'part', '50121', 'ENV', '[', 'and', '5', ']', 'shall', 'frequency', 'GSM', 'the', 'in', 'emission', 'em', 'generate', 'in', 'will', 'EIRENE', ')', 'M']","[0, 0, 0, 0, 0, 0, 0, 0, 0, 0, 0, 0, 0, 0, 0, 0, 0, 0, 0, 0, 0, 0, 0, 0, 0, 0, 0, 0, 0, 0, 4, 3, 0, 0, 2, 1, 0, 0, 0, 0, 0, 0]"
"['the', 'on', 'the', 'distance', 'to', 'the', 'danger', 'point', '(', 'if', 'calculate', 'on', '-', 'board', ')', '.', 'be', 'shall', 'be', 'no', 'ETCS', 'shall', 'be', 'give', 'to', 'enable', 'from', 'the', 'to', 'react', 'and', 'avoid', 'intervention', '.', 'driver', 'intervention', 'possible', 'about', 'a', 'way', 'that', 'be', 'understandable', 'and', 'logical', '.']","[0, 0, 0, 3, 0, 0, 1, 2, 0, 0, 0, 0, 0, 0, 0, 0, 0, 0, 0, 0, 1, 0, 0, 0, 0, 0, 0, 0, 0, 0, 0, 0, 0, 0, 1, 0, 0, 0, 0, 0, 0, 0, 0, 0, 0, 0]"
"['(', 'i', ')', 'station', 'the', 'comprise', 'the', 'follow', 'element', ':', '(', 'i', 'system', 'figure', '(', ')', 'BSS', 'via', 'the', 'GSM', ""'"", 'A', ""'"", 'interface', '.']","[0, 0, 0, 2, 0, 0, 0, 0, 0, 0, 0, 0, 1, 0, 0, 0, 0, 0, 0, 1, 2, 2, 2, 2, 0]"
"['(', 'i', ')', 'for', 'network', 'planning', ',', '.', 'the', 'level', 'be', 'define', 'as', 'the', 'field', 'strength', 'coverage', '515', ']', 'ERTMS', '.']","[0, 0, 0, 0, 0, 0, 0, 0, 0, 4, 0, 0, 0, 0, 3, 4, 3, 0, 0, 0, 0]"
"['by', '.', 'in', 'aid', 'should']","[0, 0, 0, 0, 0]"
"['the', 'create', 'unique', 'number', 'be', 'then', 'number', 'print', 'in', 'the', 'form', 'of', 'bar', '-', 'code', ',', 'which', 'will', 'complement', '(', 'or', 'out', 'identification', 'unique', 'with', 'be', 'sub', '-', 'divide', 'into', 'six', 'module', 'and', 'again', 'the', 'each', 'module', 'be', 'subdivide', 'into', 'different', 'subsystem', '.']","[0, 0, 3, 4, 0, 0, 4, 0, 0, 0, 0, 0, 3, 4, 4, 0, 0, 0, 0, 0, 0, 0, 3, 0, 0, 0, 0, 0, 0, 0, 0, 1, 0, 0, 0, 0, 1, 0, 0, 0, 0, 1, 0]"
"['train', '(', 'Transmission', 'Module', '):', 'Track', 'to', 'train', 'Specific', '.', 'trackside', 'therefore', '3', ':', 'same', 'as', 'level', '2', 'except', 'that', 'train', 'integrity', 'be', 'provide', 'by', 'onboard', 'and', ';', 'ERTMS', '/', 'ETCS', ',', 'the', 'brake', 'can', 'be', 'release', 'afterwards', 'ETCS', 'be', 'compatible', 'with', 'exist', 'national', 'system', 'shall', 'acknowledge', 'driver', 'the', 'the', 'driver', 'do', 'not', 'acknowledge', 'after', 'the', 'transition', 'the', 'brake', 'shall', 'be', 'apply', '.']","[1, 0, 0, 0, 0, 3, 4, 4, 0, 0, 3, 0, 0, 0, 0, 0, 0, 0, 0, 0, 1, 2, 0, 0, 0, 1, 0, 0, 3, 4, 4, 0, 0, 1, 0, 0, 0, 0, 1, 0, 0, 0, 0, 1, 2, 0, 0, 1, 0, 0, 1, 0, 0, 0, 0, 0, 0, 0, 1, 0, 0, 0, 0]"
"['however', '.', 'unit', 'physical']","[0, 0, 2, 1]"
"['when', 'the', 'Gemini', '8', 'm', 'Telescopes', 'telescope', 'level']","[0, 0, 0, 0, 0, 0, 0, 4]"
"['see', 'above', 'chapter', '""', 'mouse', 'yellow', 'block']","[0, 0, 0, 0, 0, 0, 1]"
"['system', '.', ')', 'closed', ',', 'open', ',', 'e.g.', '(', 'status', 'event', 'the', 'as', 'well', 'as', ',', 'event', 'the', 'by', 'support', 'impact', 'OM', 'have', 'ability', 'the', 'have', 'should', 'OM', 'support']","[1, 0, 0, 0, 0, 0, 0, 0, 0, 4, 3, 0, 0, 0, 0, 0, 1, 0, 0, 0, 0, 0, 0, 0, 0, 0, 0, 0, 0]"
"['use', 'domain', 'particularly', 'his', 'base', 'represent', 'the', 'main', 'navigation', 'structure', '—', 'should', 'be', 'on', 'label', 'term', 'that', 'be', 'familiar', 'to', 'the', 'user', ',', 'with', 'link', 'that', 'open', '-', 'friendly', 'version', 'of', 'the', 'document', 'should', 'be', 'printer', 'provide', 'print', 'the', 'content', 'in', 'a', 'form', 'acceptable', 'to', 'that', 'the', 'a', 'reading', 'too', 'long', ',', 'disperse', 'over', 'several', 'page', 'or', ',', 'in', 'specific', 'layout', 'that', 'be', 'not', 'suitable', 'for', 'online', 'a', 'either', 'user', 'e.g.', '""', 'on', 'a', 'page', 'i.e.', 'space', 'fill', 'only', 'space', 'with', 'background', 'color', 'should', 'be', 'use', 'in', 'such', 'a', 'the', '(', 'white', ':', 'in', 'the', 'expect', 'layout', ',', 'paper', 'format', ',', '""', 'or', ')', '.']","[0, 0, 0, 0, 0, 0, 0, 0, 0, 0, 0, 0, 0, 0, 0, 0, 0, 0, 0, 0, 0, 1, 0, 0, 0, 0, 0, 0, 0, 0, 0, 0, 0, 0, 0, 0, 0, 0, 0, 0, 0, 0, 0, 0, 0, 0, 0, 0, 0, 0, 0, 0, 0, 0, 0, 0, 0, 0, 0, 0, 0, 0, 0, 0, 0, 0, 0, 0, 0, 1, 0, 0, 0, 0, 0, 0, 0, 0, 0, 0, 0, 0, 0, 0, 0, 0, 0, 0, 0, 0, 0, 0, 0, 0, 0, 0, 0, 0, 0, 0, 0, 0, 0, 0, 0]"
"['it', 'should', 'also', 'be', 'network', 'a', 'callable', 'be', 'to', 'the', 'Gemini', '8', 'm', 'telescope', 'from', 'several', 'point', ',', 'the', 'user', 'interface', 'should', 'rather', 'be', 'see', 'as', 'a', 'package', 'to', 'interface', 'processor', 'hardware', 'available', ',', 'in', 'the', 'form', 'of', ':', 'standard', 'be', 'bus', ';', 'a', 'standard', 'set', 'of', 'interface', 'card', 'to', 'system', 'shall', 'electronic', 'control', 'control', 'function', ',', 'or', 'special', 'purpose', 'controller', 'for', 'the', 'primary', 'mirror', 'support', 'actuator', ')', '.']","[0, 0, 0, 0, 0, 0, 0, 0, 0, 0, 0, 0, 0, 0, 0, 0, 0, 0, 0, 0, 0, 0, 0, 0, 0, 0, 0, 0, 0, 0, 0, 0, 0, 0, 0, 0, 0, 0, 0, 0, 0, 0, 0, 0, 0, 0, 0, 0, 0, 0, 0, 0, 2, 1, 0, 0, 0, 0, 0, 0, 0, 0, 0, 0, 0, 0, 0, 0, 0]"
"['MIL', '.', 'below', ',', 'acceptance', ',', 'commission', 'through', 'to', 'hand', '-', 'over', '.']","[0, 0, 0, 0, 0, 0, 0, 0, 0, 0, 0, 0, 0]"
"['this', 'do', 'not', 'include', 'time', 'to', '5', 'start', 'up', 'the', 'telescope', 'or', 'instrument', ';', 'warm', 'start', '-', 'about', 'take', 'should', ';', 'cold', 'start', '-', 'up', ',', 'start', 'the', 'system', 'from', 'scratch', '(', 'include', 'time', 'to', 'download', 'all', 'software', ')', 'level', 'stamp', ',', 'to', 'Section', '4.1', 'on', 'page', '4', '-', '1', ';', ',', 'Error', '.']","[0, 0, 0, 0, 0, 0, 0, 0, 0, 0, 1, 0, 1, 0, 0, 0, 0, 0, 0, 0, 0, 0, 0, 0, 0, 0, 0, 0, 1, 0, 0, 0, 0, 0, 0, 0, 0, 0, 0, 1, 4, 0, 0, 0, 0, 0, 0, 0, 0, 0, 0, 0, 0, 0]"
"['this', 'correspond', 'to']","[0, 0, 0]"
"['the', '.']","[0, 0]"
"['the', '.', 'server', 'application', 'the', 'on', 'Team', 'system', 'name', ']', 'source', 'open', 'establish', 'utilize', 'shall', 'Team', 'Development']","[0, 0, 2, 1, 0, 0, 2, 0, 0, 0, 0, 0, 0, 0, 0, 2, 1]"
"['some', 'ﬁeld', 'be', 'common', 'to', 'all', 'record', 'type', 'and', 'other', 'be', 'speciﬁc', 'to', 'every', 'have', 'database', 'hold', 'data', 'structure', 'be', 'provide', 'so', 'that', 'the', 'database', 'of', 'can', 'access', 'efﬁciently', '.']","[0, 3, 0, 0, 0, 0, 1, 2, 0, 0, 0, 0, 0, 0, 0, 1, 0, 0, 0, 0, 0, 0, 0, 0, 0, 0, 0, 0, 0, 0]"
"['its', 'user', 'interface', 'use', 'menu', ',', 'graphic', 'and', 'sound', '.']","[0, 0, 0, 0, 0, 0, 0, 0, 0, 0]"
"['(', ';', 'strong.8', 'the', '""', 'market', 'force', '""', 'model', 'can', 'also', 'guide', 'COE', 'Data', 'Engineering', 'in', 'identify', 'the', 'weak', 'candidate', 'from', 'current', 'as', 'of', '17', 'responsibility', 'will', 'include', 'the', 'transitioning', 'of', 'information', 'resource', 'from', 'one', 'status', 'to', 'another', '.']","[0, 0, 0, 0, 0, 0, 0, 0, 0, 0, 0, 0, 0, 0, 0, 0, 0, 0, 0, 0, 0, 0, 0, 0, 0, 0, 0, 0, 0, 0, 0, 1, 2, 0, 0, 3, 0, 0, 0]"
"['REQ-1', 'Database', 'req-2', ';', 'search', 'torrent', 'the', 'with', 'bar', 'search', 'same', 'the', 'share', 'will', 'search', 'stream', ':', 'a', 'peer', 'database', 'internet', 'the', 'via', 'update', 'be', 'can', 'site', 'torrent', 'of', 'Database', ':', 'req-2', ';', 'search', ';', 'streaming', 'with', 'bar', 'search', 'same', 'the', 'share', 'will', 'search', 'torrent', ':']","[0, 1, 0, 0, 2, 1, 0, 0, 2, 1, 0, 0, 0, 0, 2, 1, 0, 0, 3, 1, 0, 0, 0, 0, 0, 0, 2, 1, 0, 1, 0, 0, 0, 2, 0, 1, 0, 2, 1, 0, 0, 0, 0, 0, 0, 0]"
"['demographic', '.', 'case', 'the', 'to', 'link', 'and', 'epidemiological', 'record', 'must', 'case', 'a', 'to', 'expose', 'entity', 'all', ',', 'case', 'be', 'as', 'such', 'information', 'be', 'may']","[3, 0, 1, 0, 0, 0, 0, 3, 0, 0, 1, 0, 0, 0, 1, 0, 0, 1, 0, 0, 0, 0, 0, 0]"
"['each', 'monitor', 'and', 'control', 'element', 'have', 'an', 'associated', 'process', ';']","[0, 1, 2, 2, 2, 0, 0, 0, 3, 0]"
"['for', 'birth', 'or', ',', 'a', 'mathematical', 'derivation', 'might', 'specify', 'that', 'you', 'can', 'obtain', 'a', 'person', ""'s"", 'age', 'by', 'subtract', 'his', 'her', 'Software', 'SRS', ';', 'distribute', 'Computing', 'Environment', ';', 'DDL', 'Data', 'Definition', 'DCE', 'Language', 'DDS', 'Data', 'Distribution', 'System', ';', 'DES', 'Data', ';', ';', 'Group', 'Working', 'DBIF', 'Database', 'Interface', ';', 'DBMS', 'Database', 'Management', 'System', ';', 'db', 'database', ';', 'DATATWG', 'Data', 'Access', 'Services', 'Technical', 'Encryption', 'Standard', ';', 'do', 'Department', 'of', 'Defense', ';', 'DTG', 'Date', '-', 'Time', '-', 'Group', ';', 'FIPS', 'PUB', 'Federal', 'Information', 'Processing', 'Standards', 'DoD', ';', ';', 'Manipulation', 'Data', 'Item', 'Description', ';', 'DII', 'Defense', 'Information', 'Infrastructure', ';', 'DISA', 'Defense', 'Information', 'Systems', 'Agency', ';', 'DML', 'Data', 'Language', 'Service', 'Access', 'Data', 'Software', 'Requirements', 'Specification', 'Document', ';', 'ATCCS', 'Army', 'Tactical', 'Command', 'and', 'Control', 'Systems', ';', 'AWIS', 'Army', 'WWMCCS', 'Information', 'AWIS', 'System', 'ASRD', 'Format', ';', 'ASCII', 'American', 'Standard', 'Code', 'Information', 'Interchange', ';', 'ASCII', 'RTF', 'American', 'Standard', 'Code', 'Information', 'Interchange', 'Rich', 'Text', ';', 'Publication', ';', 'Common', '-', 'the', '-', 'shelf', ';', 'X', '-', 'DA', 'Data', 'Access', ';', 'DAC', 'Discretionary', 'Access', 'Control', ';', 'XS', 'Off', 'CASS', 'commercial', ';', 'ACCS', 'Support', 'Software', ';', 'CLI', 'Client', 'Library', 'Interface', ';', 'CM', 'Configuration', 'Manager', ';', 'COE', 'Common', 'Operating', 'Environment']","[0, 0, 0, 0, 0, 0, 0, 0, 0, 0, 0, 0, 0, 0, 0, 0, 0, 0, 0, 0, 0, 0, 0, 0, 0, 0, 0, 0, 0, 0, 0, 0, 0, 0, 0, 0, 0, 0, 0, 0, 0, 0, 0, 0, 0, 0, 0, 0, 0, 0, 0, 0, 0, 0, 0, 0, 0, 0, 0, 0, 0, 0, 0, 0, 0, 0, 0, 0, 0, 0, 0, 0, 0, 0, 0, 0, 0, 0, 0, 0, 0, 0, 0, 0, 0, 0, 0, 0, 0, 0, 0, 0, 0, 0, 0, 0, 0, 0, 0, 0, 0, 0, 0, 0, 0, 0, 0, 0, 0, 0, 0, 0, 0, 0, 0, 0, 0, 0, 0, 0, 0, 0, 0, 0, 0, 0, 0, 0, 0, 0, 0, 0, 0, 0, 0, 0, 0, 0, 0, 0, 0, 0, 0, 0, 0, 0, 0, 0, 0, 0, 0, 0, 0, 0, 0, 0, 0, 0, 0, 0, 0, 0, 0, 0, 0, 0, 0, 0, 0, 0, 0, 0, 0, 0, 0, 0, 0, 0, 0, 0, 0, 0, 0, 0, 0, 0, 0]"
"['the', 'speciﬁc', 'type', 'of', 'datum', 'available', ';', 'ﬂat', '.', 'ﬁeld', 'calibration', ',', 'science', 'exposure', ',', 'etc', '.', ';', ',', 'user', 'Telescopes', 'm', 'to', 'the', 'datum', 'archive', 'system', 'should', 'exist', ',', 'so', 'that', 'access', 'to', 'this', 'database', 'be', 'possible', 'for', 'Gemini', '8', 'interactive', 'the', 'possible', 'far', '.']","[0, 0, 3, 0, 1, 0, 0, 3, 0, 4, 3, 0, 3, 4, 0, 0, 0, 0, 0, 1, 0, 0, 0, 0, 1, 2, 2, 0, 0, 0, 0, 0, 0, 0, 0, 0, 0, 0, 0, 0, 0, 0, 0, 0, 0, 0]"
"['all', 'mobile', 'be', 'to', 'support', 'these', 'and', ')', 'GSM', '-', '-', '960', '.']","[0, 1, 0, 0, 0, 0, 0, 0, 0, 0, 0, 0, 0]"
"['system', 'a', 'health', 'document', 'this', 'of', 'datum', 'event', 'Health', '2.2.2', 'section', 'in', 'describe', 'as', ',', 'event', 'health', 'a', 'to', 'associate', 'for', 'directory', 'public', 'below', 'section', 'the', 'phone', 'during', 'use', ',', 'field', 'the', 'to', 'take', 'include', ',', 'use', 'multiple', 'for', 'questionnaire', 'print', 'to', 'ability', 'the', 'have', 'interview', 'must', ',', '.', ':', 'be', 'support', 'be', 'to', 'datum', 'aggregated', 'of']","[1, 0, 2, 0, 0, 0, 0, 0, 0, 0, 0, 0, 0, 0, 0, 2, 1, 0, 0, 0, 0, 2, 1, 0, 0, 0, 1, 0, 0, 0, 1, 0, 0, 0, 0, 0, 0, 0, 0, 1, 0, 0, 0, 0, 0, 2, 0, 0, 0, 0, 0, 0, 0, 0, 2, 1, 0]"
"['if', '.', '3.2.2.2', 'chapter', 'see', ',', 'display', 'be', 'window', '""', 'with', 'Window', 'Finish', '""', 'the', 'the', ',', 'file', 'statistic', 'the', 'in', 'record', 'movement', 'Statistcs', '""', 'be', 'display', 'Box', 'Edit', 'an', ',', '""', ':', 'name', 'your']","[0, 0, 0, 0, 0, 0, 0, 0, 2, 0, 2, 2, 1, 0, 0, 0, 0, 2, 1, 0, 0, 0, 4, 2, 0, 0, 0, 2, 1, 0, 0, 0, 0, 0, 0]"
"['store', 'train', 'datum', 'shall', 'be', 'offer', 'to', 'the', 'driver', 'to', 'be', 'confirm', 'when', 'Data', 'by', 'operative', 'stm', 'to', 'of', 'driver', 'identification', 'and', 'the', 'selection', 'entry', 'of', 'language', 'shall', 'be', 'possible', '.']","[3, 4, 4, 0, 0, 0, 0, 0, 1, 0, 0, 0, 0, 1, 0, 0, 1, 0, 0, 3, 4, 0, 0, 0, 0, 0, 3, 0, 0, 0, 0]"
"['go', 'Administrator', '.', ')', 'Scenario', 'Basic', '(', '1', 'Step']","[0, 1, 0, 0, 0, 0, 0, 0, 0]"
"['as', 'another', 'example', ',', 'a', 'critical', 'system', 'testing', 'a', 'broadcast', 'might', '.']","[0, 0, 0, 0, 0, 0, 0, 0, 0, 0, 0, 0]"
"['repair', 'by', 'module', 'replacement', '.']","[0, 0, 0, 0, 0]"
"['system', ';', '.', 'b2', ';', ""'s"", 'Person', 'Sales', 'recognize']","[0, 0, 0, 0, 0, 0, 2, 1, 0]"
"['access', 'level', 'in', 'will', 'the', ',', 'properly', 'defragmenter', 'on', 'a', 'periodic', 'basis', '.']","[0, 0, 0, 0, 0, 0, 0, 0, 0, 0, 0, 0, 0]"
"['environmental', '.', 'convalescent', 'or', 'acute', 'be', 'sample', 'the', 'whether', 'and', ',', 'onset', 'collection', 'of', 'method', 'location', 'well', 'or', 'rain', ',', 'e.g.', '(', 'source', ',', 'take', 'be', 'sample', 'the', 'which', 'from', ')', 'possible', 'if', 'geocode', '(', ',', 'date', 'symptom', ',', ',', 'collection', 'of', 'location', ',', ')', 'information', 'contact', 'include', '(', 'collection', 'sample', '/', 'speciman', 'perform', 'person', ',', ')', 'corrosive', 'and', 'volume', 'and', 'quantity', 'take', 'be', 'speciman', 'the', 'which', 'from', 'site', '/', 'source', 'the', 'speciman', 'about', 'information', 'include', 'should', 'datum', 'speciman']","[1, 0, 4, 4, 4, 4, 3, 0, 0, 0, 0, 4, 3, 4, 4, 3, 0, 0, 0, 0, 0, 0, 3, 0, 0, 0, 1, 0, 0, 0, 0, 0, 0, 0, 0, 0, 4, 3, 0, 0, 4, 4, 3, 0, 0, 0, 0, 0, 0, 4, 4, 4, 4, 4, 3, 0, 0, 0, 0, 3, 4, 4, 4, 4, 4, 4, 4, 4, 3, 0, 4, 0, 3, 0, 0, 0, 0, 2, 2]"
"['the', '.', 'etc', ',', 'site', ',', 'size', 'out', ',', 'as', 'such', ',', 'different', 'by', 'orderable', 'be', 'will', 'result', 'the', 'then', 'tab', 'and', ',', 'name', 'video', 'category', 'or', 'for', 'website', 'certain', 'search', 'only', ';', 'out', 'filter', 'to', 'option', 'contain', 'have', 'will', 'user', 'the', 'the', 'on', 'certain', 'content', 'depend', 'addition', 'age', 'restriction', ',', 'example', 'example', 'adult', 'content', '.']","[0, 0, 0, 0, 3, 0, 3, 0, 0, 0, 0, 0, 0, 0, 0, 0, 0, 1, 0, 0, 1, 0, 0, 3, 1, 3, 0, 0, 1, 0, 0, 0, 0, 0, 0, 0, 0, 0, 0, 0, 1, 0, 0, 0, 0, 1, 0, 0, 3, 4, 0, 0, 0, 0, 0, 0]"
"['that', 'is', 'line', 'on', 'the', 'for', 'the', 'target', 'microprocessor', ';', 'to', 'allow', 'for', 'expansion', 'and', 'maintenance', ',', 'Gemini', '8', 'm', 'Telescopes', 'standard', 'must', 'be', 'deﬁne', ',', 'of', 'the', 'control', 'shall', 'check', 'the', 'consistency', 'of', 'version', 'of', 'all', 'software', 'the', 'software', 'component', ';', '.table', '-', 'drive', 'software', 'should', 'various', 'Telescopes', 'm', '8', 'system', 'must', 'be', 'available', 'to', 'recover', '/', 'restore', 'version', 'at', 'all', 'time', ';', '.at', 'boot', 'time', ',', 'the', 'Gemini', 'version', 'be', 'choice', 'a', ';', 'commercial', 'and', 'public', 'domain', 'package', 'should', 'be', 'modularity', 'use', 'possible', ';', 'exist', 'software', 'package', 'should', 'be', 'reuse', 'whenever', 'of', 'degree', 'right', 'software', 'must', 'be', 'keep', 'to', 'a', 'minimum', 'to', 'facilitate', 'maintenance', ',', 'but', 'compatibly', 'with', 'the', 'need', 'to', 'have', 'the', 'wherever', 'later', 'possible', 'exist', ',', 'portable', 'code', '.']","[0, 0, 0, 0, 0, 0, 0, 0, 0, 0, 0, 0, 0, 0, 0, 0, 0, 0, 0, 0, 0, 0, 0, 0, 0, 0, 0, 0, 0, 0, 0, 0, 0, 0, 0, 0, 0, 0, 0, 0, 0, 0, 0, 0, 0, 0, 0, 0, 0, 0, 0, 0, 0, 0, 0, 0, 0, 0, 0, 0, 0, 0, 0, 0, 0, 0, 0, 0, 0, 0, 0, 0, 0, 0, 0, 0, 0, 0, 0, 0, 0, 0, 0, 0, 0, 0, 0, 0, 0, 0, 0, 0, 0, 0, 0, 0, 1, 0, 0, 0, 0, 0, 0, 0, 0, 0, 0, 0, 0, 0, 0, 0, 0, 0, 0, 0, 0, 0, 0, 0, 0, 0, 0]"
"['of', 'course', 'any', 'application', 'developer', 'would', 'be', 'crazy', 'to', 'ignore', 'tool', 'such', 'as', 'MEDM', '(', 'or', 'EDD', '/', 'DM', 'optional', 'contain', 'core', '.', 'Notation', 'Compiler', 'it', 'generate', 'a', 'c', 'program', 'that', 'State', 'represent', 'state', 'for', 'the', 'IOC', 'or', 'OPI', 'Sequencer', 'tool', 'the', 'SNC', ';', 'variable', 'list', 'of', 'static', ',', 'monitor', ',', 'and', 'control', 'element', '.']","[0, 0, 0, 0, 0, 0, 0, 0, 0, 0, 0, 0, 0, 0, 0, 0, 0, 0, 0, 0, 0, 1, 0, 0, 0, 0, 0, 0, 0, 0, 0, 0, 0, 1, 0, 0, 0, 0, 0, 0, 0, 0, 0, 0, 4, 0, 0, 1, 2, 2, 2, 2, 2, 2, 0]"
"['an', 'IOC', 'device', 'driver', 'interrupt', 'routine', 'must', 'be', 'available', 'to', 'accept', 'the', 'external', 'interrupt', 'process', 'such', 'number', '.', 'device', 'support', ',', 'all', 'access', 'to', 'the', 'database', 'and', 'be', 'the', 'channel', 'or', 'database', 'access', 'routine', ';', 'database', 'via', 'record', 'of', 'exception', 'via', 'database', 'access', 'routine', ',', 'do', 'not', 'need', 'to', 'be', 'aware', 'of', 'these', 'structure', ';', 'Databases', 'Access', 'with', 'the', 'Scanning']","[0, 0, 0, 0, 0, 0, 0, 0, 0, 0, 0, 0, 0, 0, 0, 0, 0, 0, 0, 0, 0, 0, 0, 0, 0, 0, 0, 0, 0, 0, 0, 0, 0, 0, 0, 0, 0, 0, 0, 0, 0, 0, 0, 0, 0, 0, 0, 0, 0, 0, 0, 0, 0, 0, 0, 0, 0, 0, 0, 0]"
"['this', 'conﬁguration', 'information', 'detailed', '.', 'status', 'current', 'subsystem', 'be', 'not', 'respond', 'to', 'command', 'at', 'this', 'time', '.']","[0, 3, 4, 0, 0, 3, 0, 1, 0, 0, 3, 0, 0, 0, 0, 0, 0]"
"['there', 'to', 'equipment', 'the', 'control', 'provide', 'the', 'IOC', 'CPU', 'as', 'part', 'of', 'a', 'be', 'contractual', ',', 'the', 'development', 'system', 'be', 'to', 'be', 'Motorola', 'agreement', 'Gemini', 'where', ';', 'to', 'be', 'do', 'use', 'a', 'standard', 'commonly', 'available', 'algorithm', 'and', 'archive', 'be', 'to', 'be', 'in', 'tar', 'format', '.']","[0, 0, 0, 0, 0, 0, 0, 0, 0, 0, 0, 0, 0, 0, 0, 0, 0, 1, 2, 0, 0, 0, 0, 0, 0, 0, 0, 0, 0, 0, 0, 0, 0, 0, 0, 0, 0, 0, 0, 0, 0, 0, 0, 0, 0]"
"['the', 'the', '800', 'at', 'intend', 'audience', 'be', 'the', 'analyst', ',', 'programmer', 'and', 'tester', 'of', 'Qheadache', '.']","[0, 0, 0, 0, 0, 0, 0, 0, 0, 0, 0, 0, 0, 0, 0, 0]"
"['functional', 'addressing', '(', 'section', '11', ')', 'M', ';', 'Location', 'dependent', 'addressing', 'table', 'in', 'list', 'be', 'Index', '[', '28', ']', ']', '.']","[0, 0, 0, 0, 0, 0, 0, 0, 0, 0, 0, 0, 0, 0, 0, 0, 0, 0, 0, 0, 0]"
"['preventative', 'maintenance', 'be', 'Management', '.', 'section', 'this', 'Description', '.']","[0, 0, 0, 0, 0, 0, 0, 0, 0]"
"['the', '3', 'C', '’s', '(', 'Core', '-', '.', 'Configuration', 'customization', ')', 'form', 'the', 'guide', 'principle', 'for', 'the', '-', 'not', 'the', 'specific', 'Authentication', 'Service', 'to', 'ensure', 'single', '-', 'sign', 'on', 'for', 'the', 'end', '-', 'user']","[0, 0, 0, 0, 0, 0, 0, 0, 0, 0, 0, 0, 0, 0, 0, 0, 0, 0, 0, 0, 0, 0, 0, 0, 0, 0, 0, 0, 0, 0, 0, 0, 0, 0]"
"['Common', ')', 'GCCS', '(', 'System', 'Control', 'and', 'Command', 'Global', ';', '1994', 'October', ',', 'Version', 'XML', 'to', 'more', 'a', 'registry', ',', 'the', 'producer', 'must', 'be', 'to', 'able', 'receive', 'xml', 'registry', 'form', ',', 'submit', 'metadata', 'to', 'metadata', 'contribute']","[0, 0, 0, 0, 0, 0, 0, 0, 0, 0, 0, 0, 0, 0, 1, 0, 0, 0, 1, 0, 0, 1, 0, 0, 0, 0, 0, 1, 2, 2, 0, 0, 3, 0, 3, 0]"
"['Exposure', '.', 'investigation', 'the', 'of', 'focus', 'the', 'be', 'that', 'agent', 'the', 'with', 'infect', 'not', 'be', 'but', ',', 'case', 'the', 'subject', 'Contact', 'have', 'OM', 'another', 'of', 'resident', 'the', 'be', 'but', 'jurisdiction', 'one', 'in', 'travel', 'during', 'ill', 'become', 'person', 'a', 'if', ',', 'example']","[0, 0, 1, 0, 0, 0, 0, 0, 0, 1, 0, 0, 0, 0, 0, 0, 0, 1, 0, 1, 0, 0, 0, 0, 0, 1, 0, 0, 0, 1, 0, 0, 0, 0, 0, 0, 1, 0, 0, 0, 0]"
"['datum', 'transfer', 'between', 'the', 'virtual', 'telescope', 'system', 'and', 'attach', 'workstation', 'therefore', 'impose', 'signiﬁcant', 'transfer', 'requirement', 'on']","[0, 0, 0, 0, 0, 0, 0, 0, 0, 0, 0, 0, 0, 0, 0, 0]"
"['the', '.', 'standard', 'this', 'to', 'instrument', 'visitor', 'adapt', 'to', 'possible', 'be', 'should', 'it', ',', 'motion', 'coordinated', 'as', 'such', 'with', 'would', 'offer', 'service', 'change', 'to', 'decision', 'that', 'be', ',', 'standard', 'support', 'internally', 'an', 'to', 'oppose', 'as', ',', 'standard', 'support', 'externally', 'an', 'as', 'such', 'can', 'beneﬁt', 'the', 'up', 'set', 'procedure', 'the', 'through', 'go', 'to', 'have', 'by', 'operation', 'm', '8', 'Gemini', 'monitor', 'to', 'wish', 'user', 'other', 'Telescopes', 'operation', 'and', 'get', 'or', 'difﬁcult', 'certain', 'when', 'important', 'be', 'also', 'might', 'mode', 'monitoring', 'point', '-', 'multi']","[0, 0, 0, 0, 0, 2, 1, 0, 0, 0, 0, 0, 0, 0, 0, 0, 0, 0, 0, 0, 0, 0, 0, 0, 0, 0, 0, 0, 0, 0, 0, 0, 0, 0, 0, 0, 0, 0, 0, 0, 0, 0, 0, 0, 0, 0, 0, 0, 0, 0, 0, 0, 0, 0, 0, 0, 0, 0, 0, 0, 0, 0, 0, 0, 0, 0, 0, 0, 0, 0, 0, 0, 0, 0, 0, 0, 0, 0, 0, 0]"
['instal'],[1]
"['it', 'be', 'be', 'as', 'and', 'of', 'where', ',', 'therefore', ',', 'raw', 'datum', 'will', 'not', 'and', 'be', 'as', 'such', ',', 'but', 'in', 'a', 'preprocesse', 'format', 'store', 'need', 'be', 'preprocessing', 'look', 'evaluation', '.']","[0, 0, 0, 0, 0, 0, 0, 0, 0, 0, 0, 0, 0, 0, 0, 0, 0, 0, 0, 0, 0, 0, 0, 0, 0, 0, 0, 0, 0, 0, 0]"
"['(', '.', ')', '12', 'Cab', 'IMSI', 'train', 'and', '(', 'number', 'functional', 'its', 'use', 'contact', 'be', 'will', 'train', 'the', 'on', 'cab', 'other', 'the', 'of', 'register', 'by', 'the', 'other', 'a', 'up', 'set', 'for', 'procedure']","[0, 0, 0, 0, 1, 0, 3, 0, 0, 4, 3, 0, 0, 0, 0, 0, 1, 0, 0, 1, 0, 0, 0, 0, 0, 0, 0, 0, 0, 0, 0, 0]"
"['COTS', ';', 'FMWG', 'File', 'Portable', 'operating', 'System', 'Interface', 'for', 'Computing', 'Environments', ';', 'raid', 'Redundant', 'Array', 'of', 'Inexpensive', 'Disks', ';', 'RDA', 'Remote', 'POSIX', 'Database', ';', 'Project', ';', 'MIL', '-', 'STD', 'Military', 'Standard', ';', 'MSB', 'Most', 'significant', 'bit', ';', 'os', 'operating', 'System', ';', 'PM', 'Manager', 'Imagery', 'Access', 'RDBMS', 'Group', ';', 'SMM', 'Systems', 'Management', 'Manual', ';', 'SQL', 'Structured', 'Query', 'Language', ';', 'SRI', 'Standing', 'Request', 'for', 'Information', 'Working', ';', 'Technical', 'Security', 'Relational', 'Database', 'Management', 'System', ';', 'RISC', 'Reduced', 'Instruction', 'Set', 'Computer', ';', 'RTF', 'Rich', 'Text', 'Format', ';', 'SECTWG', 'Services', 'upon', 'and', ',', 'User', 'Interface', ';', 'HP', 'Hewlett', '-', 'Packard', ';', 'IAW', 'in', 'accordance', 'with', ';', 'ID', 'Identification', ';', 'I', 'Graphical', '/', 'GUI', 'shelf', 'Management', 'Working', 'Group', ';', 'GCCS', 'Global', 'Command', 'and', 'Control', 'Systems', ';', 'GOTS', 'Government', 'Off', '-', 'the', '-', ';', 'Geodesy', 'F', ';', 'Planning', 'and', 'Execution', 'System', ';', 'MAC', 'Mandatory', 'Access', 'Control', ';', 'Mbs', 'Megabytes', ';', 'MCG&I', 'Mapping', ',', 'Charting', 'coordinate', 'Interface', 'Joint', ';', 'if', 'Intell', 'Fusion', ';', 'i', '/', 'o', 'Input', '/', 'output', ';', 'JMCIS', 'Joint', 'Maritime', 'Command', 'Information', 'System', 'JOBES', 'information', 'Operation', 'parameter', 'parity', 'over', 'raid', '3', 'or', 'raid', '4', 'which', 'implementation', ',', 'and', 'raid', '6', '(', 'in', 'which', ')', 'in', '(', '5', 'disk', '.']","[0, 0, 0, 0, 0, 0, 0, 0, 0, 0, 0, 0, 0, 0, 0, 0, 0, 0, 0, 0, 0, 0, 0, 0, 0, 0, 0, 0, 0, 0, 0, 0, 0, 0, 0, 0, 0, 0, 0, 0, 0, 0, 0, 0, 0, 0, 0, 0, 0, 0, 0, 0, 0, 0, 0, 0, 0, 0, 0, 0, 0, 0, 0, 0, 0, 0, 0, 0, 0, 0, 0, 0, 0, 0, 0, 0, 0, 0, 0, 0, 0, 0, 0, 0, 0, 0, 0, 0, 0, 0, 0, 0, 0, 0, 0, 0, 0, 0, 0, 0, 0, 0, 0, 0, 0, 0, 0, 0, 0, 0, 0, 0, 0, 0, 0, 0, 0, 0, 0, 0, 0, 0, 0, 0, 0, 0, 0, 0, 0, 0, 0, 0, 0, 0, 0, 0, 0, 0, 0, 0, 0, 0, 0, 0, 0, 0, 0, 0, 0, 0, 0, 0, 0, 0, 0, 0, 0, 0, 0, 0, 0, 0, 0, 0, 0, 0, 0, 0, 0, 0, 0, 0, 0, 0, 0, 0, 0, 0, 0, 0, 0, 0, 0, 0, 0, 0, 0, 0, 0, 0, 0, 0, 0, 0]"
"['the', '.', 'order', ',', 'their', 'and', 'revise', 'to', 'able', 'be', 'will', 'customer', 'update', '.', 'feature', 'system', '.', 'confirmation', 'order', 'and', 'checkout', 'to', 'prior']","[0, 0, 1, 0, 0, 0, 0, 0, 0, 0, 0, 1, 0, 0, 0, 0, 0, 2, 1, 0, 0, 0, 0]"
"['the', 'in', 'file']","[0, 0, 2]"
"['the', 'way', 'on', 'through', 'to', 'depend', 'J', '-', 'Gamma', ';', 'competitor', 'the', 'telephone', 'to', 'loose', 'without', 'system', 'ordering', 'online', 'new', 'the', 'business', 'customer', 'order', 'analysis', 'the', 'of']","[0, 0, 0, 0, 0, 0, 0, 0, 0, 0, 0, 0, 0, 0, 0, 0, 0, 0, 0, 0, 0, 0, 0, 0, 0, 0, 0]"
"['an', 'parameter']","[0, 0]"
"['the', '.', 'system', 'the', 'of', ',', 'all', 'requirement', 'and', 'the', 'what', 'that', 'note', 'be', 'also', 'should']","[0, 0, 1, 0, 0, 0, 0, 0, 0, 0, 0, 0, 0, 0, 0, 0]"
"['the', 'vmu', 'establish', 'a', 'network', 'of', 'approve', '(', 'programme', 'BCC', 'to', 'the', 'std', 'voucher', 'to', 'the', 'sexually', 'active', 'population', 'for', 'which', 'distribute', 'the', '-', 'mention', 'provider', 'be', 'in', 'reach', '.']","[0, 0, 0, 0, 0, 0, 0, 0, 1, 0, 0, 0, 1, 2, 0, 0, 0, 0, 0, 0, 0, 0, 0, 0, 0, 1, 0, 0, 0, 0]"
['must'],[0]
"['however', '.', 'operation', 'remote', 'advantage', 'IP', ',', 'internet', 'operation', 'of', 'category', 'entire', 'an', 'suggest', 'to', 'mean', 'be', 'operation', 'remote', 'name', 'the', 'of', 'choice', 'the', '.', 'etc', ',', 'such', 'support', 'to', 'or', 'at', 'privilege', 'and', 'level', 'operation', 'different', 'imply', 'might', 'different', 'and', 'be', 'shall', 'operation', 'of']","[0, 0, 0, 0, 0, 0, 0, 0, 0, 0, 0, 0, 0, 0, 0, 0, 0, 0, 0, 0, 0, 0, 0, 0, 0, 0, 0, 0, 0, 0, 0, 0, 3, 0, 4, 3, 0, 0, 0, 0, 0, 0, 0, 0, 0]"
"['(', 'M', ')', 'the', 'in', 'define', 'as', ',', 'be', 'intend', '.']","[0, 0, 0, 0, 0, 0, 0, 0, 0, 0, 0]"
"['any', 'that', 'the', 'heating', 'thermostat', 'delay', 'in', 'between', 'the', 'thermostat', 'and', 'the', 'THEMAS', 'system', '.']","[0, 0, 0, 1, 1, 0, 0, 0, 0, 1, 0, 0, 0, 0, 0]"
"['it', 'also', 'important', 'that', 'there', 'be', 'no', 'undesired', 'interaction', 'between', 'subsystem', '.']","[0, 0, 0, 0, 0, 0, 0, 0, 0, 0, 1, 0]"
"['the', 'document', 'will', 'explain', 'Functional', 'every', 'entity', 'of', 'the', 'system', 'include', 'various', 'code', 'generation', ',', 'bar', 'small', '-', 'the', 'base', 'various', 'meeting', 'hold', 'between', 'MSIU', 'and', 'Microcare', 'from', '28th', 'of', 'on', 'Nov', 'to', '30th', 'of', 'Nov', '2005', '.']","[0, 0, 0, 0, 0, 0, 0, 0, 0, 0, 0, 0, 0, 0, 0, 0, 0, 0, 0, 0, 0, 0, 0, 0, 0, 0, 0, 0, 0, 0, 0, 0, 0, 0, 0, 0, 0, 0]"
"['the', '.', 'observation', 'ongoing', 'of', 'performance', 'the', 'affect', 'not', 'shall']","[0, 0, 1, 0, 0, 0, 0, 0, 0, 0]"
"['this', 'section', 'examine', 'the', 'input', ',', 'output', ',', 'and', 'interrelationship', 'of', 'the', 'various', 'data', 'type', '.', 'storage', 'performance', ',', 'all', 'equipment', 'and', 'in', 'event', 'sequence', '.']","[0, 0, 0, 0, 0, 0, 0, 0, 0, 0, 0, 0, 0, 0, 0, 0, 0, 0, 0, 0, 1, 0, 0, 3, 4, 0]"
"['the', 'Project', 'Team', 'project', 'when', 'stakeholder', 'project', 'by', 'functionality', 'new', 'new', 'of', 'user', 'the', 'to', 'adjustment', 'reasonable', 'permit', 'must', 'interface', 'functionality', 'prior', 'to', 'standard', 'those', 'follow', 'and', 'application', 'the', 'for', 'standard', 'code', 'define', 'shall', 'Team', 'Development']","[0, 1, 2, 1, 0, 2, 1, 0, 3, 0, 0, 0, 1, 0, 0, 0, 0, 0, 0, 2, 0, 0, 0, 0, 0, 0, 0, 0, 0, 0, 0, 0, 0, 0, 2, 1]"
"['Customer', '.', 'System', 'add', 'verify', 'an', 'plug', 'module', 'separate']","[1, 0, 0, 0, 0, 0, 0, 0, 0]"
"['date', '=', 'date', 'the', 'to', 'order', 'the', 'of', 'number', 'confirmation', 'customer']","[3, 0, 4, 0, 0, 1, 0, 0, 4, 4, 1]"
"['detailed', 'design', 'and', 'development', 'standard', 'be', 'Gemini', 'not', ',', 'but', 'expect', 'to', 'conform', 'to', 'system', 'goal', 'speciﬁe', 'the', 'by', 'review', 'by', 'Westmount', 'Technologies', '.']","[0, 0, 0, 0, 0, 0, 0, 0, 0, 0, 0, 0, 0, 0, 0, 0, 0, 0, 0, 0, 0, 0, 0, 0]"
"['it', 'form', 'part', 'of', 'the', 'specification', 'for', 'technical', 'interoperability', '.']","[0, 0, 0, 0, 0, 0, 0, 0, 0, 0]"
"['(', '.', 'initiation', 'of', 'time', 'by', 'of', 'call', ')', 'shall', 'access', 'Dial', ')', 'M']","[0, 0, 0, 0, 0, 0, 0, 2, 0, 0, 0, 0, 0, 0]"
"['this', '.', 'necessary', 'be', 'will', 'installation', 'software', 'no', 'the', 'context', 'function', 'statement', 'Store', 'Web']","[0, 0, 0, 0, 0, 0, 0, 0, 0, 0, 0, 0, 0, 0]"
"['Operational', 'Parameters', 'there', 'and', 'shall', 'a', 'maximum', 'number', 'of', 'heating', 'or', 'cool', 'u', 'nit', 'that', 'can', 'be', 'on', 'be', 'datum', 'file', 'the', 'the', 'themas', 'system', '.']","[0, 0, 0, 0, 0, 0, 3, 4, 4, 4, 4, 4, 4, 4, 0, 0, 0, 0, 0, 4, 2, 0, 0, 0, 1, 0]"
"['if', 'this', 'condition', 'be', 'TRUE', 'the', '=', 'need', 'a', 'LT', 'or', 'the', 'cool', 'unit', 'if', 'UT', 'T', '=']","[0, 0, 0, 0, 0, 0, 0, 0, 0, 0, 0, 0, 1, 2, 0, 0, 0, 0]"
"['(', '.', 'output', 'and', 'input', 'datum', ')', '.', 'implement', 'be', 'interface', 'other', ';', ')', 'o', '(', ';', 'Device', 'Safety', '’s', 'Driver', ';', ')', 'o', '(', '.']","[0, 0, 0, 0, 0, 0, 0, 0, 0, 0, 0, 0, 0, 0, 0, 0, 0, 2, 1, 0, 1, 0, 0, 0, 0, 0]"
"['there', '.', 'continuation', 'the', 'determine', 'machine', 'selection', 'be', 'Window', 'erase', '>', '""', 'erase', '""', ';', '3.2.3.4', 'chapter', 'see', ',', 'window', 'statistic', 'the', 'display', '>', '""', 'display', '""', ':', 'perform', 'be', 'question', 'in', 'the', 'statistic', ',', 'see', 'about']","[0, 0, 0, 0, 0, 1, 0, 0, 0, 0, 0, 0, 0, 0, 0, 0, 0, 0, 0, 0, 0, 0, 0, 0, 0, 0, 0, 0, 0, 0, 0, 0, 0, 0, 0, 0, 0]"
"['while', 'color', 'skimming', 'the', 'primary', 'purpose', 'and', 'use', 'of', 'the', 'page', '.', 'the']","[0, 0, 0, 0, 0, 0, 0, 0, 0, 0, 0, 0, 0]"
"['the', 'multiple']","[0, 0]"
"['(', 'call', 'voice', 'as', 'initiate', 'be', 'shall', 'list', '.', 'be', 'may', 'call', 'following', 'the', 'initiate', 'to', 'provide', 'be', 'shall', 'access']","[0, 2, 1, 0, 0, 0, 0, 2, 0, 0, 0, 2, 0, 0, 0, 0, 0, 0, 0, 0]"
"['in', 'the', 'event', 'a', 'of', 'Transmission', 'Failure', 'the', 'follow', 'reaction', ',', 'a', 'in', 'result', 'might', 'one', 'operational', 'radio', ',', 'pass', 'from', 'one', 'rbc', 'to', 'another', 'shall', 'still', 'be', 'possible', 'but', 'shall', 'only', 'be', 'of', 'the', 'emergency', 'brake', '.']","[0, 0, 0, 0, 0, 1, 2, 0, 0, 0, 0, 0, 0, 0, 0, 0, 1, 2, 0, 0, 0, 0, 1, 0, 0, 0, 0, 0, 0, 0, 0, 0, 0, 0, 0, 1, 2, 0]"
"['off', 'asynchronously', 'from', 'data', 'acquistion', '.']","[0, 0, 0, 0, 0, 0]"
"['Initialization', 'Data', '.', 'each', 'of', 'each', 'floor', 'shall', 'have', 'a', 'thermostat', 'which', 'be', 'to', 'be', 'use', 'to', 'quadrant', 'provide', 'system', 'the', 'four', 'quadrant', 'on', 'each', 'of', 'three', 'floor', 'of', 'the', 'office', 'building', '.']","[0, 0, 0, 0, 0, 0, 1, 0, 0, 0, 1, 0, 0, 0, 0, 0, 0, 1, 0, 1, 0, 0, 1, 0, 0, 0, 0, 1, 0, 0, 1, 2, 0]"
"['Information', 'receive', 'be', 'suppress', 'in', 'traction', 'unit(s', ')', 'with', 'in', '-', 'operative', 'cab', '.']","[3, 0, 0, 0, 0, 1, 2, 2, 0, 0, 0, 0, 0, 0]"
"['this', 'section', 'present', 'the', 'speciﬁc', 'attribute', 'and', 'requirement', 'for', 'Gemini', 'software', '.']","[0, 0, 0, 0, 0, 0, 0, 0, 0, 0, 0, 0]"
"['this', 'determination', 'shall', 'be', 'issue', 'condition', 'temperature', '.', '.']","[0, 0, 0, 0, 0, 0, 2, 0, 0]"
"['feed', '.', 'instrument', 'active', 'single', 'a', 'as', 'consider', 'be', 'only', '.', 'though', 'provide', 'telescope', 'm', '8', 'Gemini']","[0, 0, 0, 0, 0, 0, 0, 0, 0, 0, 0, 0, 0, 0, 0, 0, 0]"
"['the', '.', 'company', 'name', ']', 'and']","[0, 0, 0, 0, 0, 0]"
"['this', '.', 'Store', 'Web', '’s', 'be', 'J', 'GAMMA', 'for', 'Specification', 'Requirements', 'Software', 'the', 'be', '-', 'design', 'to', 'allow', 'core', 'other', 'and', 'sale', 'perform', 'and', 'setup', 'to', 'mean', 'easy', 'and', 'quick', 'a', 'owner', 'store', 'online', 'new', '""', 'team', 'USB', '.', 'will', 'team', 'development']","[0, 0, 0, 0, 0, 0, 0, 0, 0, 0, 0, 0, 0, 0, 0, 0, 0, 0, 0, 0, 0, 0, 0, 0, 0, 0, 0, 0, 0, 0, 0, 0, 0, 0, 0, 0, 0, 0, 0, 0, 0, 0]"
"['the', 'to', 'choose', 'between', 'different', 'input', 'device', 'for', 'activate', 'ability', 'activation', 'user', 'disability', ':', 'user', 'interface', 'should', 'be', 'design', 'to', 'be', 'robust', 'as', 'as', 'possible', 'in', 'the', 'face', 'of', 'change', 'technology', 'robust', 'with', 'interface']","[0, 0, 0, 0, 0, 0, 0, 0, 0, 0, 0, 0, 0, 0, 0, 0, 0, 0, 0, 0, 0, 0, 0, 0, 0, 0, 0, 0, 0, 0, 0, 0, 0, 0]"
"['the', 'in', 'driver', 'have', 'trackside', '.']","[0, 0, 1, 0, 1, 0]"
"['in', '.', 'video', 'any', 'host', 'not', 'will', 'system']","[0, 0, 1, 0, 0, 0, 0, 1]"
"['other', '.', 'Name', 'Test', ';', 'Code', 'Test', '.', ';', 'Test']","[3, 0, 4, 3, 0, 4, 3, 0, 0, 4]"
"['no', 'order', ';', 'YY', '/', 'MM', 'format', '=', ';', '9', 'character']","[4, 3, 0, 0, 0, 0, 0, 0, 0, 0, 0]"
"['full', '.', 'advisability', 'ensure', 'to', 'be', 'privilege', 'have', 'can', 'individual', 'one', 'than', 'more']","[0, 0, 0, 0, 0, 0, 3, 0, 0, 0, 0, 0, 0]"
"['during', 'submission', 'you', 'all', 'above', 'information', '’s', 'be', 'mandatory', ';', 'Available', 'mandatory', 'information', 'be', ';', 'any', 'if', 'Details', 'HIV', ';', 'note', 'doctor', ';', 'Name', 'Doctor', ';', 'no', 'Patient', 'contact', ')', 'Town', '/', 'Village', ',', 'County', '-', 'Sub', ',', 'County', ',', 'District', '-', ';', 'Status', ';', 'Claim', ';', 'Examination', 'Clinical', ';']","[0, 0, 0, 0, 0, 0, 0, 0, 0, 0, 4, 0, 0, 0, 0, 0, 0, 4, 3, 0, 4, 3, 0, 4, 3, 0, 4, 3, 3, 0, 3, 0, 3, 0, 4, 4, 3, 0, 3, 0, 4, 4, 0, 4, 0, 3, 0, 4, 3, 0]"
"['this', '.', 'documentation', 'user', 'with', 'assist', 'to', 'manage', 'reference', 'an', 'store', '""', 'in', '-', 'Plug', '""', 'via', 'enhancement', ';', 'software', 'for', 'interface', 'feature', ';', 'backup', 'and', 'reliability', 'future', 'for', 'the', 'inventory', 'expand', 'to', 'purchase', 'can', 'owner', 'the', ',', 'initial', 'code', 'with']","[0, 0, 0, 0, 0, 0, 0, 0, 0, 0, 0, 0, 0, 0, 0, 0, 0, 0, 0, 0, 0, 0, 0, 0, 0, 0, 0, 0, 0, 0, 1, 0, 0, 0, 0, 1, 0, 0, 0, 3, 0]"
"['user', ':', '.', ':', ';', 'internet', 'the', 'via', 'update', 'be', 'can', 'site', 'linking', 'video', 'and', 'hosting', 'video', 'of']","[1, 0, 0, 0, 0, 0, 0, 0, 0, 0, 0, 2, 2, 2, 2, 2, 1, 0]"
"['the', 'option', 'of', 'sell', 'more', '.', 'the', ';', 'client', 'be', 'pack', 'in', 'two', 'with', 'one', 'voucher', 'for', 'the', 'purchaser', 'of', 'the', 'voucher', ',', 'in', 'the', 'following', 'address', 'as', '""', 'client', '""', 'and', 'one', 'for', 'the', 'partner', 'of', 'the', 'than', 'std', 'one', 'to', 'of', 'living', 'of', 'the', 'customer', '.']","[0, 0, 0, 0, 0, 0, 0, 0, 1, 0, 0, 0, 0, 0, 0, 1, 0, 0, 1, 0, 0, 1, 0, 0, 0, 0, 0, 0, 0, 1, 0, 0, 0, 0, 0, 1, 0, 0, 0, 0, 0, 0, 4, 4, 0, 0, 1, 0]"
"['track', 'capability', 'send', 'different', 'speed', 'profile', 'for', 'specific', 'to', '.', 'reject', 'be', 'relevant', 'movement', 'authority', 'end', 'be', 'not', 'available', 'on', '-', 'board', ',', 'the', 'movement', 'authority', 'shall', 'where', 'movement', 'authority', 'accordingly', 'not', 'be', 'show', 'on', 'the', 'DMI', 'shall', 'unless', 'by', 'the', 'driver', '.']","[1, 0, 0, 0, 1, 2, 0, 0, 0, 0, 0, 0, 0, 1, 2, 0, 0, 0, 0, 0, 0, 0, 0, 0, 1, 2, 0, 0, 1, 2, 0, 0, 0, 0, 0, 0, 1, 0, 0, 0, 0, 1, 0]"
"['optional', 'specification', 'mandatory', 'level', 'respect', 'in', 'every', 'ETCS', 'application', '.']","[0, 0, 0, 0, 0, 0, 0, 1, 2, 0]"
"['these', 'below', 'not', 'require', 'for', 'interoperability', ')', '.']","[0, 0, 0, 0, 0, 0, 0, 0]"
"['take', '.', 'a', 'of', 'miss', 'notification', 'of', 'an', 'incoming', 'the', 'call', 'party', 'c', 'with', 'a', 'high', 'emlpp', 'priority', 'from', 'party', 'network', 'such', 'conform', 'to', 'a', 'common', 'minimum', 'standard', 'of', 'performance', '.']","[0, 0, 0, 0, 0, 3, 0, 0, 0, 0, 1, 0, 0, 0, 0, 0, 3, 4, 0, 0, 1, 0, 0, 0, 0, 0, 0, 0, 0, 0, 0]"
"['the', 'System', 'must', 'allow', 'persistent', 'default', 'for', 'data', 'entry', 'where', 'desirable', '.']","[0, 0, 0, 0, 0, 1, 0, 0, 0, 0, 0, 0]"
"['none', '.', 'block', 'other', 'the', 'movement', '0.05x', 'least', 'at', 'block', 'other', 'near', 'ove', 'mt', ""'"", 'the', 'other', 'block', 'and', 'exit', 'of', 'user', 'the', 'zone', '.']","[0, 0, 1, 0, 0, 0, 0, 0, 0, 1, 0, 0, 0, 0, 0, 0, 0, 0, 0, 0, 0, 1, 0, 0, 0]"
"['(', 'i', ')', '/', 'ERTMS', 'if', ')', 'i']","[0, 0, 0, 0, 0, 0, 0, 0]"
"['system', '.', 'information', 'contact', 'and', ',', 'location', ',', 'name', 'organization', ':', 'include', ',', 'investigation', 'OM', 'the', 'capability', 'to', 'capture', 'e.g.', '(', 'type', ',', ')', 'applicable', 'if', '(', 'name', ',', ':', ',', 'investigation', 'OM', 'an', 'in', 'involve', 'location', 'about', 'datum', 'include', 'invoice', 'date', ',']","[1, 0, 4, 3, 0, 0, 3, 0, 4, 3, 0, 0, 0, 1, 0, 0, 0, 0, 0, 0, 0, 3, 0, 0, 0, 0, 0, 3, 0, 0, 0, 1, 0, 0, 0, 0, 1, 0, 3, 0, 0, 0, 0]"
"['this', 'family', 'to', 'be', 'state', '-', 'of', '-', 'the', '-', 'art', 'system', '(', 'cpu', ',', 'communication', 'support', ')', 'in', 'a', 'scaleable', '.', 'be', 'off', 'use', 'EPICS', 'as', 'the', 'interface', '.']","[0, 0, 0, 0, 0, 0, 0, 0, 0, 0, 0, 1, 0, 0, 0, 0, 0, 0, 0, 0, 0, 0, 0, 0, 0, 0, 0, 0, 0, 0]"
"['the', 'of', 'the', 'command', '.']","[0, 0, 0, 1, 0]"
"['the', 'Gemini', 'Control', 'System', 'formally', 'distinguish', 'alarm', 'by', 'may', '.', 'alarm', 'restart', 'full', 'operation', ';', 'warn', 'all', 'other', 'unexpected', 'to', 'condition', 'in', 'warning', 'that', 'be', 'properly', 'log', '.']","[0, 0, 0, 0, 0, 0, 1, 0, 0, 0, 0, 0, 0, 0, 0, 0, 0, 0, 0, 0, 0, 0, 0, 0, 0, 0, 0, 0]"
"['system', 'should', 'track', 'the', 'family', ',', 'e.g.', '(', 'person', '-', 'to', '-', 'person', ',', 'example']","[1, 0, 0, 0, 0, 0, 0, 0, 0, 0, 0, 0, 0, 0, 0]"
"['this', '.', 'Requirements', 'entity', 'with', 'connection', 'search']","[0, 0, 0, 2, 0, 2, 0]"
"['user', 'display', 'ascend', '/', 'descend', 'order', 'result', 'all', 'sort', 'filter', 'system', '–', 'header', 'name', 'column', 'on', 'once', 'click', 'by', 'result', 'search', 'the', 'sort']","[1, 0, 0, 0, 0, 0, 1, 0, 0, 0, 1, 0, 4, 0, 3, 0, 0, 0, 0, 2, 1, 0, 0]"
"['not', '.']","[0, 0]"
"['if', 'symptom', 'persist', 'referral', 'to', 'a', 'hospital', ';', 'Provider', 'follow', 'document', 'voucher', 'case', 'in', 'a', 'standardised', 'patient', 'treatment', 'documentation', 'form', '.']","[0, 3, 0, 0, 0, 0, 0, 0, 1, 0, 0, 1, 2, 0, 0, 0, 1, 2, 2, 2, 0]"
"['the', 'system', 'will', 'have', 'the', 'facility', 'to', 'capture', 'the', 'detail', 'of', 'VSP', 'staff', 'detail', 'and', 'the', 'necessary', 'master', 'information', 'while', 'enter', 'the', 'claim', 'into', 'system', 'should', 'master', ',', 'the', 'vmu', ';', 'each', 'voucher', 'should', 'have', 'two', 'portion', 'with', 'three', 'tear', 'off', 'to', 'voucher', 'each', 'for', 'Client', 'and', 'Partner', ';', 'the', 'client', 'and/or', 'the', 'partner', 'will', 'choose', 'slip', 'back', 'detail', 'sale', 'upgrade', 'to', 'meet', 'the', 'additional', 'market', 'and', 'project', 'need', '.']","[0, 1, 0, 0, 0, 0, 0, 0, 0, 0, 0, 1, 2, 3, 0, 0, 0, 3, 4, 0, 0, 0, 1, 0, 1, 0, 1, 0, 0, 0, 0, 0, 1, 0, 0, 0, 0, 0, 0, 1, 2, 0, 2, 0, 0, 1, 0, 1, 0, 0, 1, 0, 0, 1, 0, 0, 2, 0, 4, 3, 0, 0, 0, 0, 0, 0, 0, 0, 0, 0]"
"['contain', '.', '""', 'continuation', 'determine', 'action', 'the', 'of']","[0, 0, 0, 0, 0, 0, 0, 0]"
"['by', '.', 'monitoring', 'point', '-', 'multi', 'be', 'system', 'the', 'of', 'use', '-', 'multi', 'of', 'case', 'simple', 'should', 'system', 'Telescopes', 'm', 'part', 'any', ')', 'privilege', 'their', 'to', 'accord', '(', 'access', 'to', 'able', 'be', 'shall', 'they', ',', 'site', 'telescope', 'the', 'at', 'of', 'by', 'the', 'setup', '8', 'Gemini', 'whole', 'the', 'of', 'subsection']","[0, 0, 0, 0, 0, 0, 0, 0, 0, 0, 0, 0, 0, 0, 0, 0, 0, 0, 0, 0, 0, 0, 0, 3, 0, 0, 0, 0, 0, 0, 0, 0, 0, 0, 0, 2, 1, 0, 0, 0, 0, 0, 0, 0, 0, 0, 0, 0, 0]"
"['other', '.', 'development', 'parse', ',', 'and', 'that', 'ensure', 'will', 'method']","[0, 0, 0, 0, 0, 0, 0, 0, 0, 0]"
"['train', 'running', 'number', ';', 'the', 'STM', 'for', 'use', ';', 'train', 'gauge', ';', 'ready', 'to', 'board', 'on', 'or', 'when', 'enter', 'the', 'RBC', 'area']","[3, 4, 4, 0, 0, 3, 4, 4, 0, 3, 4, 0, 4, 0, 0, 0, 0, 0, 0, 0, 3, 4]"
"['(', 'i', ')', 'an', 'additional', 'option', 'be', 'available', 'to', 'reduce', 'be', 'to', 'need', 'will', 'user', ')', '.']","[0, 0, 0, 0, 0, 0, 0, 0, 0, 0, 0, 0, 0, 0, 0, 0, 0]"
"['the', 'driver', 'shall', 'know', 'the', 'distance', 'the', 'profile', 'the', 'ensure', 'braking', 'curve', 'base', 'on', 'all', 'relevant', 'service', 'datum', 'the', 'ETCS', 'shall', 'calculate', 'an', 'emergency', ',', 'a', 'and', 'curve', 'datum', '.']","[0, 1, 0, 0, 0, 3, 0, 2, 0, 0, 2, 2, 0, 0, 0, 0, 1, 0, 0, 1, 0, 0, 0, 1, 0, 0, 0, 2, 4, 0]"
"['the', 'system', 'will', 'navigate', 'quickly', 'to', 'its', '’s', 'with', 'voucher', 'no', '’s', 'from', 'the', 'available', 'voucher', 'stock', 'and', 'list', 'the', 'detail', 'of', 'each', 'voucher', 'with', 'below', 'information', '’s', 'as', 'a', 'grid', 'format', '.']","[0, 1, 0, 0, 0, 0, 0, 0, 0, 3, 4, 0, 0, 0, 0, 1, 2, 0, 0, 0, 3, 0, 0, 1, 0, 0, 0, 0, 0, 0, 0, 0, 0]"
"['finally', ',', 'in', 'the', 'case', 'of', 'remote', 'locally', 'of', 'at', 'Gemini', 'user', 'station', '.']","[0, 0, 0, 0, 0, 0, 0, 0, 0, 0, 0, 1, 2, 0]"
"['the', '.', 'be', 'focusse', 'such', '-', 'automation', 'for', 'candidate', 'a', 'as', 'examine', 'as', 'transparent', 'to', 'the', 'with', 'gain', 'be', 'have', 'experience', 'after']","[0, 0, 0, 0, 0, 0, 0, 0, 0, 0, 0, 0, 0, 0, 0, 0, 0, 0, 0, 0, 0, 0]"
"['the', 'provide', 'the', 'input', 'of', 'other', 'datum', 'require', 'for', '.', 'start', 'Entry', '.']","[0, 0, 0, 0, 0, 0, 3, 0, 0, 0, 0, 2, 0]"
"['if', 'should', 'be', 'avoid', 'unless', 'they', 'provide', 'useful', 'content', 'a', 'or', 'about', 'the', 'application', 'state', 'to', 'the', 'user', '.', 'feedback', 'to', 'window', 'as', 'window', 'can', 'distract', ',', 'confuse', 'or', 'impede', 'user', 'new', 'for', 'variety', 'of', 'reason', '.']","[0, 0, 0, 0, 0, 0, 0, 0, 0, 0, 0, 0, 0, 0, 0, 0, 0, 1, 0, 0, 0, 0, 0, 0, 0, 0, 0, 0, 0, 0, 1, 0, 0, 0, 0, 0, 0]"
"['the', 'actual', 'subroutine', 'call', 'be', ':', 'post_event(event_num', ')', '.']","[0, 0, 0, 0, 0, 0, 0, 0, 0]"
"['make', 'user', 'profile', 'evident', ':', 'if', 'predefine', 'use', '/', 'should', 'navigation', 'user', 'be', 'to', 'be', 'find', 'in', 'iso', '9241', '-', '12', '.']","[0, 0, 0, 0, 0, 0, 0, 0, 0, 0, 0, 1, 0, 0, 0, 0, 0, 0, 0, 0, 0, 0]"
"['all', 'shall', 'an', 'accuracy', 'which', 'enable', 'a', 'clear', 'to', 'view', 'the', 'functioning', 'of', 'ETCS', 'and', 'way', 'of', 'record', 'be', 'shall', 'be', 'relate', 'to', 'UTC', '(', 'Universal', 'Time', 'Corrected', ')', 'and', 'a', 'reference', 'point', '.']","[0, 0, 0, 0, 0, 0, 0, 0, 0, 0, 0, 0, 0, 1, 0, 0, 0, 0, 0, 0, 0, 0, 0, 0, 0, 0, 0, 0, 0, 0, 0, 0, 0, 0]"
"['(', 'network', 'required', 'the', 'with', 'register', 'to', 'MT', '.', 'be', 'selection', '""', '.', 'lose', 'be', 'network', 'current', 'the', 'of', 'coverage', 'until', 'or', 'terminate', 'be', 'call', 'the', 'until']","[0, 1, 0, 0, 0, 0, 0, 0, 0, 0, 0, 0, 0, 0, 0, 1, 0, 0, 0, 0, 0, 0, 0, 0, 1, 0, 0]"
"['various', '.', 'requirement', 'a', 'not', 'be', 'possible', 'be', 'able', 'to', 'to', 'exposure', 'an', 'for', 'prepare', 'to', 'able', 'be', 'shall', 'they', ';', 'parallel', 'in', 'exposure', 'ﬁeld', 'ﬂat', 'or', 'calibration', 'take', 'as', 'see', 'section', '3.2.1', 'of', 'nature', 'specialized', 'the', 'to']","[0, 0, 0, 0, 0, 0, 0, 0, 0, 0, 0, 0, 0, 0, 0, 0, 0, 0, 0, 0, 0, 0, 0, 0, 0, 0, 0, 0, 0, 0, 0, 0, 0, 0, 0, 0, 0, 0]"
"['Public', '.', 'information', 'demographic', 'entity', 'redundant', 'capture', 'avoid', 'to', 'ability', 'the', 'have', 'must', 'OM', 'support', 'system', ',', 'entity', 'Case', 'jurisdiction', 'Data', 'datum', 'within', 'unique', 'be', 'that', ')', 'ID', 'Case', ',', 'i.e.', '(', 'identifier', 'case', 'a', ':', 'include', 'should', 'entity', 'the', 'about', 'Case', 'model', ',', 'make', 'if', ',', 'example']","[0, 0, 4, 3, 1, 0, 0, 0, 0, 0, 0, 0, 0, 0, 0, 1, 0, 1, 0, 0, 0, 4, 0, 0, 0, 0, 0, 4, 3, 0, 0, 0, 4, 3, 0, 0, 0, 0, 1, 0, 0, 3, 3, 0, 3, 0, 0, 0]"
"['Time', 'ClearEvent', 'entry', 'that', 'to', 'stream', 'be', 'terminate', ';', 'SetEvent', 'an', 'event', 'be', 'establish', 'as', 'a', 'monitor', 'of', 'some', 'database', 'entry', '.']","[0, 0, 3, 0, 0, 2, 0, 3, 0, 0, 0, 1, 0, 0, 0, 0, 0, 0, 0, 3, 4, 0]"
"['there', 'x.', 'of', 'side', 'a', 'with', 'block', 'square', 'four', 'be']","[0, 0, 0, 0, 0, 0, 1, 0, 0, 0]"
"['such', 'tracking', 'record', ',', 'will', 'utilize', 'for', 'report', 'as', 'well', '.']","[0, 1, 2, 0, 0, 0, 0, 1, 0, 0, 0]"
"['the', '-', ':', 'customer', 'sale', 'deploy', 'be', 'to', 'able', 'be', 'shall', 'system', 'or', 'the', 'plug', 'be', 'usb', 'the']","[0, 0, 0, 1, 0, 0, 0, 0, 0, 0, 0, 0, 0, 0, 0, 0, 0, 0]"
"['establish', 'a', 'new', 'Information', 'Resource', '.']","[0, 0, 0, 1, 2, 0]"
"['this', '.', 'out', 'appliance', 'other', 'on', 'base', 'be', 'will', 'version']","[0, 0, 0, 0, 0, 0, 0, 0, 0, 0]"
"['the', 'functional', 'requirement', 'for', 'each', 'of', 'delete', 'the', 'be', 'provide', 'as', 'A1', 'to', 'A7', 'in', 'module', 'and', 'update', 'create', 'and', 'section', ',', 'state', 'specific', 'datum', ',', 'caste', ',', 'tribe', ',', 'property', 'information', 'etc', '.', 'can', 'be', 'separate', 'sensitive', 'enclosure']","[0, 0, 0, 0, 0, 0, 0, 0, 0, 0, 0, 0, 0, 0, 0, 0, 0, 0, 0, 4, 4, 0, 3, 4, 4, 0, 3, 0, 3, 0, 3, 4, 0, 0, 0, 0, 0, 0, 0]"
"['(', 'entry', '100', 'of', 'minimum', 'a', 'to', 'up', '.', 'provide', 'in', 'number', '.', 'function', ""'"", 'controller', 'call', ""'"", 'the', 'initiate', 'after', 'controller', 'relevant', 'the', 'of', 'all', 'to']","[0, 0, 0, 0, 0, 0, 0, 0, 0, 0, 0, 4, 0, 0, 0, 0, 0, 0, 0, 0, 0, 1, 0, 0, 0, 0, 0]"
"['the', '.', 'system', 'must', 'be', 'self', '-', 'monitoring', 'to', 'invoke', 'safety', 'monitoring', 'to', 'prevent', 'risk', 'to', 'people', 'or', 'damage', 'to', 'equipment']","[0, 0, 0, 0, 0, 0, 0, 0, 0, 0, 0, 0, 0, 0, 0, 0, 0, 0, 0, 0, 1]"
"['system', '.', 'exchange', 'datum', 'of', 'efficiency', 'the', 'maximize', 'to', ')', 'available', 'where', '(', 'terminology', 'common', 'use', 'that', 'library', 'OM', 'questionnaire', 'should', 'a', 'support']","[1, 0, 0, 0, 0, 0, 0, 0, 0, 0, 0, 0, 0, 0, 0, 0, 0, 2, 0, 1, 0, 0, 0]"
"['quick', '-', ',', 'level', 'second']","[0, 0, 0, 0, 0]"
"['the', 'extent', 'of', 'duplication', 'of', 'the', 'previous', 'state', 'will', 'be', 'dictate']","[0, 0, 0, 0, 0, 0, 0, 1, 0, 0, 0]"
"['however', ',', 'there', 'be', 'a', 'number', 'of', 'external', 'source', 'cell', 'the', 'be', 'network', 'the', 'train', '.']","[0, 0, 0, 0, 0, 0, 0, 0, 0, 3, 0, 0, 2, 0, 1, 0]"
"['similarly', 'the', 'only', 'thing', 'a', 'device', 'support', 'layer', 'know', 'it', 'with', 'associate', 'not', 'record', 'type', 'have', 'an', 'associated', 'record', 'support', 'module', 'each', '.', ',', 'in', 'order', 'to', 'remove', 'device', 'speciﬁc', 'knowledge']","[0, 0, 0, 0, 0, 0, 0, 0, 0, 0, 0, 0, 0, 1, 0, 0, 0, 0, 1, 2, 2, 0, 0, 0, 0, 0, 0, 0, 0, 0, 0]"
"['the', 'information', '/', 'parameter', 'may', 'be', 'dependent', 'as', 'the', 'involve', '.']","[0, 0, 0, 0, 0, 0, 0, 0, 0, 0, 0]"
"['the', 'IOC', 'system', 'continue', 'to', 'the', 'transmit', 'value', 'until', 'a', 'StopStream', 'command', 'be', 'receive', ';', 'data', 'through', 'transmit', 'be', 'item', 'be', 'obtain', ';', 'PutValue', 'a', 'value', 'be', 'transmit', 'for', 'the', 'speciﬁed', 'item', ';', 'StartStream', 'a', 'stream', 'of', 'datum', 'StopStream', 'speciﬁed']","[0, 1, 2, 0, 0, 0, 0, 4, 0, 0, 0, 0, 0, 0, 0, 3, 0, 0, 0, 1, 0, 0, 0, 0, 0, 3, 0, 0, 0, 0, 0, 1, 0, 0, 0, 1, 2, 2, 0, 0]"
"['the', 'DMI', 'shall', 'display', 'or', 'be', 'compatible', 'with', 'information']","[0, 1, 0, 0, 0, 0, 0, 0, 3]"
"['they', '.', 'area', 'this', 'in', 'requirement', 'instrument', 'visitor', 'handle', 'to', 'how', 'unit', 'in', 'either', 'the', 'when', 'intervene', 'staff', 'maintenance', 'and', 'development', 'Software', 'work', 'there', 'of', ';', 'work', 'software', 'Telescopes', 'm', '8', 'Gemini', 'the', 'Purpose', 'be', 'a', 'major', 'of', 'installation', 'and', 'generation', 'system', 'perform', 'also']","[0, 0, 0, 0, 0, 0, 0, 0, 0, 0, 0, 1, 0, 0, 0, 0, 0, 0, 0, 0, 0, 0, 0, 0, 0, 0, 0, 0, 0, 0, 0, 0, 0, 0, 0, 0, 0, 0, 0, 0, 0, 0, 0, 0]"
"['each', 'be', '15', 'cat', 'at', 'the', 'APS', 'with', 'most', 'cat', 'responsible', 'for', 'a', 'single', 'sector', '(', '2', 'beamline', ')', '.', ',', 'some', 'new', 'record', 'to', 'home', 'institution', '.']","[0, 0, 0, 1, 0, 0, 0, 0, 0, 0, 0, 0, 0, 0, 1, 0, 0, 0, 0, 0, 0, 0, 0, 0, 0, 1, 2, 0]"
"['the', '.', '6', 'Explorer', 'administrator', 'the', 'upgrade', 'be', 'to', 'need', 'account', 'can', 'the']","[0, 0, 0, 0, 1, 0, 0, 0, 0, 0, 1, 0, 0]"
"['this', '.', 'contact', 'exposure', 'for', 'and', 'investigation', 'for', 'message', 'exchange', 'OM', 'a', 'as', 'in', 'available', ',', 'Measures', 'Performance', 'Key', 'Preparedness', 'PHIN', 'in', 'describe', 'as', 'preparedness', 'assess', 'for', 'measure', 'performance', 'key', 'a', 'as', 'identify', 'at', 'be', 'www.cdc.gov/phin']","[0, 0, 2, 1, 0, 0, 1, 0, 1, 0, 0, 0, 0, 0, 0, 0, 0, 0, 0, 0, 0, 0, 0, 0, 0, 0, 0, 0, 0, 0, 0, 0, 0, 0, 0, 0]"
"['end', 'game', 'the', 'of', 'file', 'statistic', 'the', 'from', 'read', 'be', 'statistcs']","[0, 1, 0, 0, 2, 1, 0, 0, 0, 0, 0]"
"['see', 'section', 'section', '3.2.5', 'on', 'after', 'page', '-', '5', '.']","[0, 0, 0, 0, 0, 0, 0, 0, 0, 0]"
"['short', 'be', 'generally', 'more', 'appropriate', 'for', 'homepage', ',', 'navigation', 'page', 'of', 'support', 'as', 'page', 'can', 'be', 'impede', '.']","[0, 0, 0, 0, 0, 0, 0, 0, 0, 0, 0, 0, 0, 0, 0, 0, 0, 0]"
"['(', 'to', 'be', 'the', 'to', 'outline', 'rule', 'arbitration', 'the', 'apply', 'shall', 'radio', 'Cab']","[0, 0, 0, 0, 0, 0, 0, 0, 0, 0, 0, 2, 1]"
"['the', 'Gemini', '8', 'm', 'software', 'retrievable', 'observe', 'running', 'rate', 'for', 'short', 'period', '(', 'i.e.', 'up', 'to', 'high', '200', 'for', 'some', 'information', ')', '.']","[0, 0, 0, 0, 0, 0, 1, 0, 0, 0, 0, 0, 0, 0, 0, 0, 0, 0, 0, 0, 0, 0, 0]"
"['Menu', '.', 'unvailable', 'be', 'action', 'associated', 'the', 'if', 'unvailable', 'in', 'be', 'menu']","[0, 0, 0, 0, 0, 0, 0, 0, 0, 0, 0, 0]"
"['the', 'as', 'TSEE', ',']","[0, 0, 0, 0]"
"['the', 'or', 'a', 'and', 'use', 'this', 'information', 'to', 'generate', 'a', 'specific', 'system', 'event', '.']","[0, 2, 0, 0, 0, 0, 0, 0, 0, 0, 0, 1, 2, 0]"
"['detailed', 'define', 'information', 'as', 'specify', 'in', 'paragraph', '3.4', 'of', 'the', '(', 'be', 'SRS', 'XS', 'XS', 'architecture', '.']","[0, 0, 0, 0, 0, 0, 0, 0, 0, 0, 0, 0, 0, 0, 0, 0, 0]"
"['More', 'must', 'information', 'receive', '.', 'document', 'this', 'of', 'Exchange', 'Data', 'and', 'Integration', 'System', '2.5', 'section', 'in', 'find', 'be', 'request', 'test', 'laboratory', 'link', 'and', 'about', 'OM', 'support']","[0, 0, 0, 0, 0, 0, 0, 0, 0, 0, 0, 0, 0, 0, 0, 0, 0, 0, 2, 2, 1, 0, 0, 0, 0, 0]"
"['in', 'general', 'hard', 'stop', '8', 'on', 'm', 'system', '.']","[0, 0, 0, 0, 0, 0, 0, 0, 0]"
"['invalid', 'Temperature', 'Temperature', 'Limit', 'shall', 'exceed', 'thermostat', 'from', 'Signal', 'Cooling', 'Unit', 'Signal', 'Unit', 'Status', 'System', 'event']","[0, 0, 0, 0, 0, 0, 1, 0, 0, 0, 0, 0, 0, 0, 0, 0]"
"['the', '.', 'telescope', 'Gemini', 'the', 'with', 'use', 'be', 'person', 'requirement', 'as', 'well', 'as', ',', 'requirement', 'science', 'the', 'of', 'impact', 'of']","[0, 0, 0, 0, 0, 0, 0, 0, 0, 0, 0, 0, 0, 0, 0, 0, 0, 0, 0, 0]"
"['Syndrome', '.', 'drug', 'up', 'follow', 'first', 'visit', 'should', 'First', 'Syndrome', '.', 'Description', 'Status', ';', 'Code', 'Status', ';', 'Master', 'Status']","[3, 0, 4, 4, 4, 3, 4, 0, 3, 3, 0, 4, 3, 0, 4, 3, 0, 4, 4]"
"['overall', 'performance', 'of', 'the', 'Gemini', 'telescope', 'be', 'deﬁne', 'as', 'the', 'percentage', 'of', 'viewable', 'time', ';', 'the', 'maintenance', 'operation', 'automatic', 'operation', '.']","[0, 0, 0, 0, 0, 1, 0, 0, 0, 0, 3, 4, 4, 4, 0, 0, 0, 4, 0, 0, 0]"
"['for', '.', 'event', 'health', 'a', 'to', 'expose', 'potentially', 'link', 'or', 'be', 'who', 'subject', 'of', 'treatment', 'and', 'progress', 'the', 'track', 'expose', 'acceptance', 'to', 'speciman', ',', 'number', 'lot', 'the', 'about', 'information', 'include', 'should', 'datum', 'sample']","[0, 0, 2, 1, 0, 0, 0, 0, 0, 0, 0, 0, 1, 0, 1, 0, 0, 0, 0, 0, 3, 0, 1, 0, 4, 3, 0, 0, 0, 0, 0, 2, 2]"
"['system', ';', ')', 'Scenario', 'Basic', '(', '5', 'Step', 'to']","[0, 0, 0, 0, 0, 0, 0, 0, 0]"
"['each', 'handover']","[0, 2]"
"['the', '.', 'Store', 'web', 'a', 'online', 'operate', 'and', 'setup', 'to', 'mean', 'easy', 'and', 'an', 'will']","[0, 0, 0, 0, 0, 0, 0, 0, 0, 0, 0, 0, 0, 0, 0]"
"['however', ',', 'access', 'to', 'the', 'database', 'may', 'be', 'via', 'a', 'training', 'be', 'application', 'would', 'processing', 'Mode', '.']","[0, 0, 0, 0, 0, 0, 0, 0, 0, 0, 0, 0, 0, 0, 0, 0, 0]"
"['follow', 'successful', 'completion', 'of', 'follow', 'train', 'datum', 'be', 'STM', 'ready', 'for', 'use', ';', 'Data', ')', 'require', 'brake', 'calculation', ';', 'maximum', 'train', 'speed', 'for', 'number', 'train', '(', 'enter', 'manually', 'by', 'the', 'driver', 'or', 'from', 'train', 'memory', ':', 'driver', 'identification', ';', 'train', 'identification', 'may', 'require', 'for', 'brake']","[0, 0, 0, 0, 0, 3, 3, 0, 0, 3, 4, 4, 0, 3, 0, 0, 1, 2, 0, 3, 4, 4, 0, 4, 3, 0, 0, 0, 0, 0, 1, 0, 0, 1, 2, 0, 3, 4, 0, 3, 4, 0, 0, 0, 1]"
"['Administrator', '.', 'Administrator', 'instal', ')']","[1, 0, 1, 0, 0]"
"['the', '2ms', 'than', 'less', 'in', 'cart', 'shopping', 'to', '.', 'product', 'specified', 'in', 'vendor', 'request', 'in', 'and', 'customer', 'email', 'to', 'product', 'able', 'shall']","[0, 0, 0, 0, 0, 2, 1, 0, 0, 1, 0, 0, 0, 0, 0, 0, 1, 0, 0, 1, 0, 0]"
"['the', '.', 'second', '2', 'than', 'less', 'in', 'charge', 'shipping', 'acquire', 'to', 'able', 'you', 'in', 'all', 'datum', 'shortest', ""'s"", 'Dijkstra', 'via', 'search', 'perform', 'shall', 'path', 'system', '.', '%', '99.99', 'of', 'availability', 'an', 'have']","[0, 0, 0, 0, 0, 0, 0, 4, 3, 0, 0, 0, 0, 0, 0, 4, 0, 0, 0, 0, 0, 0, 0, 0, 0, 0, 0, 0, 0, 0, 0, 0]"
"['the', '.', 'selection']","[0, 0, 0]"
"['these', 'voucher', 'will', 'be', 'refund', 'to', 'subsidised', 'not', 'rather', 'predefine', 'in', 'the', 'necessary', 'improvement', 'of', 'health', 'outcome', '.']","[0, 1, 0, 0, 0, 0, 0, 0, 0, 0, 0, 0, 0, 0, 0, 0, 0, 0]"
"['under', '.', 'accessible', 'of', 'be', 'scheduling', 'and', 'status', 'only', ',', 'mode', 'this', 'in', 'available', 'be', 'information', '.']","[0, 0, 0, 0, 0, 3, 0, 3, 0, 0, 3, 0, 0, 0, 0, 4, 0]"
"['Mouse', '.', '3.2.1.1']","[0, 0, 0]"
"['the', '.', 'name', 'control', 'to', 'commit', 'be', 'may', 'change', 'those', 'before', 'source', 'regression', 'system', 'each', '.', 'specify', 'and', 'define', 'as', 'label', '.', 'use', 'control', 'source', 'of', 'out', 'check', 'code', 'use']","[0, 0, 0, 2, 0, 0, 0, 0, 0, 0, 0, 1, 0, 0, 0, 0, 0, 0, 0, 0, 3, 0, 0, 2, 1, 0, 0, 0, 0, 0]"
"['the', 'more', 'they', 'help', 'will', 'active', 'an', 'use', 'that', 'system', 'a', 'be', 'will', 'software', 'Searching', 'video']","[0, 0, 0, 0, 0, 3, 0, 0, 0, 1, 0, 0, 0, 2, 2, 1]"
"['record', 'processing', 'consist', 'of', 'some', 'combination', 'of', 'a', 'standard', 'set', 'of', 'function', ';', 'Databases', 'be', 'channel', 'access', 'server', 'or', 'not', 'they', 'use', 'channel', 'access', '.']","[0, 0, 0, 0, 0, 0, 0, 0, 0, 0, 0, 0, 0, 0, 0, 1, 2, 2, 0, 0, 0, 0, 0, 0, 0]"
"['these', 'constraint', 'recognize', 'that', 'the', 'majority', 'of', 'the', 'expense', 'in', 'change', 'hardware', 'standard', 'be', 'the', 'cost', 'new', 'other', 'a', 'of', 'future', ';', 'the', 'cost', 'of', 'maintain', 'an', 'exist', 'hardware', 'standard', ',', 'even', 'if', 'available', ',', 'may', 'exceed', 'the', 'cost', 'adopt', 'add', 'enhance', 'instal']","[0, 0, 0, 0, 0, 0, 0, 0, 0, 0, 0, 0, 0, 0, 0, 0, 0, 0, 0, 0, 0, 0, 0, 0, 0, 0, 0, 0, 0, 0, 0, 0, 0, 0, 0, 0, 0, 0, 0, 0, 0, 0, 0]"
"['the', 'the', 'all', 'of', 'log']","[0, 0, 0, 0, 0]"
"['this', '.', 'need', 'their', 'priority', 'meet', 'system', 'be', 'Web', ';', 'HTTPS', 'via', 'Server', 'Web', 'to', 'to', 'request', 'Browser']","[0, 0, 0, 0, 0, 0, 0, 0, 0, 0, 0, 0, 0, 0, 0, 0, 0, 0]"
"['the', 'Standard', 'Instrument', 'Controller', 'export', 'work', 'be', 'task', 'with', 'lay', 'the', 'Internals', 'ground', 'work', 'package', 'datum', ';', 'user', 'large', 'datum', 'set', ';', 'simultaneous', 'local', 'and', 'remote', 'monitoring', 'and', 'intervention', ';', 'Ease', 'of', 'use', 'for', 'one', '-', 'time', 'for', 'of', 'all', 'Gemini', 'device', ',', 'and', 'driver', 'support', 'for', 'three', 'VME', ',', 'I']","[0, 0, 0, 0, 0, 0, 0, 0, 0, 0, 0, 0, 0, 0, 0, 0, 0, 2, 0, 0, 0, 0, 0, 0, 0, 0, 0, 0, 0, 0, 0, 0, 0, 0, 1, 2, 2, 0, 0, 0, 0, 0, 0, 0, 0, 0, 0, 0, 0, 0, 0]"
['not'],[0]
"['the', 'midwife', ',', 'hospital', ',', 'NGOs', ',', 'and', 'faith', '-', 'base', 'organisation', ')', 'the', 'in', 'of', 'in', 'South', 'Korea', 'and', 'Taiwan', '.']","[0, 0, 0, 0, 0, 0, 0, 0, 0, 0, 0, 0, 0, 0, 0, 0, 0, 0, 0, 0, 0, 0]"
"['it', 'may', 'also', 'prove', 'useful', 'to', 'have', 'multiple', 'level', 'of', 'fault', 'notiﬁcation', 'such', 'as', 'detailed', ',', 'verbose', ',', 'electronically', 'BIT', 'operational', 'a', 'shall', 'have', 'correspond', 'test', 'speciﬁcation', 'to', 'check', 'normal', 'module', 'operation', 'release', ',', 'to', 'be', 'use', 'both', 'for', 'acceptance', 'of', 'software', 'Telescopes', 'm', 'facility', 'to', 'verify', 'Gemini', '8', 'm', 'Telescopes', 'system', 'and', 'Gemini', '8', 'm', 'Telescopes', 'software', 'performance', '.']","[0, 0, 0, 0, 0, 0, 0, 0, 0, 0, 0, 0, 0, 0, 0, 0, 0, 0, 0, 0, 3, 0, 0, 0, 0, 0, 0, 0, 0, 0, 0, 0, 0, 0, 0, 0, 0, 0, 0, 0, 0, 0, 0, 0, 0, 0, 0, 0, 0, 0, 0, 0, 0, 0, 0, 0, 0, 0, 0, 0]"
"['there', 'the', 'follow', 'dimension', ':', 'a', 'height', 'be', 'of', 'and', 'a', 'width', 'of', '2x', '.', 'x', 'movement', 'state', 'overlapp', 'redo', 'can', 'user']","[0, 0, 0, 3, 0, 0, 3, 0, 0, 0, 0, 3, 0, 0, 0, 0, 0, 0, 0, 0, 0, 1]"
"['the', 'date', 'of', 'distribution', 'will', 'be', 'current', '(', 'system', ')', 'date', '.']","[0, 3, 4, 4, 0, 0, 0, 0, 0, 0, 0, 0]"
"['this', 'industry', 'security', 'maintenance', 'coding', 'and', 'documentation', 'practice', '.']","[0, 0, 0, 0, 0, 0, 0, 0, 0]"
"['our', '.', 'Josephy', 'Will', 'and', 'Qabool', '.', 'Irshad', 'torrent', 'streaming', 'that', 'type', 'the', 'into', 'divide', 'be', 'will', 'result']","[0, 0, 0, 0, 0, 0, 0, 0, 1, 1, 0, 3, 0, 0, 0, 0, 0, 1]"
"['the', 'week', 'period', 'for', 'the', 'recorded', 'datum', 'will', 'retention', 'be', 'and', 'two', 'level', 'be', 'foresee', ':', 'different']","[0, 0, 4, 0, 0, 1, 2, 0, 3, 0, 0, 0, 3, 0, 0, 0, 0]"
"['the', 'system', 'will', 'check', 'the', 'duplicate', 'ID', 'for', 'the', 'salesman', 'and', 'team', '.']","[0, 1, 0, 0, 0, 0, 3, 0, 0, 1, 0, 1, 0]"
"['system', '.', 'www.cdc.gov/phin', 'at', 'available', ',', 'Measures', 'Performance', 'Key', 'Preparedness', 'PHIN', 'in', ',', 'describe', 'parse', 'process', 'assess', 'for', 'measure', 'performance', 'key', 'a', 'as', 'identify', 'be', 'requirement']","[1, 0, 0, 0, 0, 0, 0, 0, 0, 0, 0, 0, 0, 0, 0, 0, 0, 0, 0, 0, 0, 0, 0, 0, 0, 0]"
"['the', 'investigation', 'and', 'drug', 'every', 'capture', 'of', 'datum', 'will', 'be', 'validate', 'and', 'check', 'on', 'save', 'into', 'the', 'database', '.']","[0, 4, 4, 3, 0, 0, 0, 0, 0, 0, 0, 0, 0, 0, 0, 0, 0, 0, 0]"
"['the', ',', 'on', 'software', 'protocol', 'deﬁne', 'in', 'this', 'document', '.']","[0, 0, 0, 0, 0, 0, 0, 0, 0, 0]"
"['administrator', 'System', 'Weborder', ';']","[1, 0, 0, 0]"
"['a', 'supportability', 'plan', 'will', 'be', 'part', 'of', 'the', 'Gemini', 'Control', 'System', '.']","[0, 0, 0, 0, 0, 0, 0, 0, 0, 0, 0, 0]"
"['the', 'user', 'interface', 'tool', 'shall', 'be', 'base', 'on', 'standard', ',', 'Toolkit', 'it', ')']","[0, 0, 0, 0, 0, 0, 0, 0, 0, 0, 0, 0, 0]"
"['this', 'system', 'have', 'high', 'security', 'feature', 'final', 'second', ';', 'consultation', 'slip', 'should', 'contain', 'the', 'bar', 'code', 'of', 'the', 'Voucher', 'with', 'two', 'identification', 'one', 'for', 'the', 'client', 'and', 'the', 'other', 'for', 'the', 'partner', ';', 'the', 'first', 'tear', 'for', 'the', 'first', 'as', 'far', 'as', 'the', 'will', 'be', 'a', 'provision', 'to', 'create', 'a', 'minimum', 'quantity', 'of', 'voucher', 'at', 'one', 'time', '(', 'such', 'minimum', 'number', 'will', 'be', 'decide', 'by', 'the', 'management', 'team', ')', ';', 'once', 'create', 'the', 'sale', ';', 'authorized', 'user', 'access', 'to', 'the', 'system', ',', 'include', 'all', 'the', 'module', ',', 'sub', '-', 'module', 'and', 'even', 'at', 'the', 'screen', 'level', '.']","[0, 1, 0, 0, 0, 0, 0, 0, 0, 2, 2, 0, 0, 0, 3, 4, 0, 0, 1, 0, 0, 0, 0, 0, 0, 1, 0, 0, 0, 0, 0, 1, 0, 0, 0, 0, 0, 0, 1, 0, 0, 0, 0, 0, 0, 0, 0, 0, 0, 0, 0, 3, 0, 1, 0, 0, 0, 0, 0, 0, 0, 0, 0, 0, 0, 0, 0, 0, 0, 0, 0, 0, 0, 0, 0, 3, 0, 0, 0, 0, 1, 0, 0, 0, 0, 1, 0, 1, 2, 2, 0, 0, 0, 0, 0, 0, 0]"
"['use', 'appropriate', 'terminology', 'specific', 'to', 'particular', 'label', 'link', 'descriptive', 'link', 'do', 'not', 'impede', 'the', 'readability', 'of', 'the', 'of', 'text']","[0, 0, 0, 0, 0, 0, 0, 0, 0, 0, 0, 0, 0, 0, 0, 0, 0, 0, 0]"
"['this', '.', 'instrument', 'and', 'telescope', 'the', 'of', 'controller', 'site', '-', 'on']","[0, 0, 0, 0, 0, 0, 0, 0, 0, 0, 0]"
"['system', '.', 'event', 'each', 'for', 'protection', 'than', ',', 'time', 'one', 'necessary', 'be', 'only', 'will', 'element', 'common', 'rather', 'support', 'the', 'well', 'OM', ':', 'Exchange', 'Data', 'and', 'Integration', 'System', '2.5', ';', 'event', 'and', 'entity', 'affected', 'about', 'report', 'individual', 'and', 'aggregate', 'both', 'information', 'produce', 'must', 'exchangeable', 'reporting', 'and', ',', 'confirmation', ',', 'identification', ',', 'investigation', 'the', 'in', 'involve', 'system', 'between', ',', 'standard', 'establish', 'on', 'base', ',', 'be', 'of', 'to', 'enable', ',', 'linkage', 'comprehensive', 'and', 'detailed', 'maintain', ',', 'investigation', 'case', 'support', 'should', 'OM', 'support', 'system', ':', 'Behaviors', 'and', 'Functions', 'System', 'trace', 'investigator', 'contact', 'and', 'should', 'OM', 'support', 'system', ':', 'generation', 'Report', 'and', ',', 'Visualization', ',', 'Analysis', '2.4', ';', 'activity', 'monitoring', 'isolation', 'and', 'quarantine', ',', 'a', 'health', 'event', '2.8', ';', 'define', 'clearly', 'be', 'should', 'OM', 'of', 'aspect', 'all', 'support', 'to', 'necessary', 'responsibility', 'and', ',', 'activity', ',', 'role', 'System', ',', 'Security', 'availability', 'as', ',', 'individual', 'unauthorized', 'by', 'access', 'and', 'corruption', 'from', 'datum', 'of', 'protection', 'the', 'include', 'datum', 'OM', 'of', 'Security', ':', 'and', 'Personnel', ':', 'operation']","[1, 0, 1, 0, 0, 0, 0, 0, 0, 0, 0, 0, 0, 0, 2, 1, 0, 0, 0, 0, 0, 0, 0, 0, 0, 0, 0, 0, 0, 1, 0, 1, 0, 0, 1, 0, 0, 0, 0, 0, 0, 0, 0, 0, 0, 0, 0, 0, 0, 0, 0, 0, 0, 0, 1, 0, 0, 0, 0, 0, 0, 0, 0, 0, 0, 0, 0, 1, 0, 0, 0, 0, 0, 2, 1, 0, 0, 0, 0, 1, 0, 0, 0, 0, 0, 0, 1, 1, 0, 0, 0, 0, 1, 0, 0, 0, 0, 0, 0, 0, 0, 0, 0, 2, 2, 2, 2, 1, 0, 0, 1, 2, 0, 0, 0, 0, 0, 0, 0, 0, 0, 0, 0, 0, 0, 1, 0, 0, 1, 0, 1, 0, 0, 0, 0, 0, 0, 1, 3, 0, 0, 0, 0, 0, 0, 0, 0, 0, 0, 0, 0, 0, 0, 0, 0, 1, 0, 0]"
"['device', 'support', 'layer', 'other', 'than', 'how', 'to', 'call', 'it', '.']","[0, 0, 0, 0, 0, 0, 0, 0, 0, 0]"
"['the', 'train', 'function']","[0, 1, 2]"
"['Customer', '.']","[1, 0]"
"['the', 'COE', 'Chief', 'Engineer', 'will', 'approve', 'single', 'the', 'Engineer', 'reserve', 'semantic', 'will', 'be', 'analyze', 'to', 'identify', 'opportunity', 'to', 'consolidate', 'tag', 'towards', 'a', 'single', 'or', 'a', 'minimal', 'number', 'and', 'will']","[0, 0, 0, 0, 0, 0, 0, 0, 0, 0, 0, 0, 0, 0, 0, 0, 0, 0, 0, 0, 0, 0, 0, 0, 0, 0, 0, 0, 0]"
"['the', 'mapping', 'of', 'speciﬁc', 'IOC', 'command', 'between', 'ascii', 'string', 'and', 'epics', 'channel', 'access', 'construct', 'for']","[0, 0, 0, 0, 0, 0, 0, 0, 0, 0, 0, 0, 0, 0, 0]"
"['we', 'leave', 'this', 'modify', 'to', 'Alamos', ';', 'host', '-', 'base', 'Development', 'Tools', '(', 'Los', 'not', 'will', 'Gemini', 'breakdown', 'be', 'give', 'in', 'the', 'following', 'subsection', ':', 'Channel', 'Access', '-', 'Client', 'and', 'Server', 'Software', ',', 'scanner', ',', 'Monitors', 'CAPFAST']","[0, 0, 0, 0, 0, 0, 0, 0, 0, 0, 0, 0, 0, 0, 0, 0, 0, 0, 0, 0, 0, 0, 0, 0, 0, 0, 0, 0, 0, 0, 0, 0, 0, 0, 0, 0, 0]"
"['the', 'service', 'shunt', 'will', 'be', 'use', 'to', ':', '(', 'i', ')', 'mainly', 'team', 'member', 'to', 'defined', 'area', ';', 'conduct', 'group', 'call', 'between', '-', 'trackside', ',', 'shunt', 'team', 'member', ',', 'station', 'staff', 'worker', 'railway', 'pre', 'controller', 'controller', 'or', 'other', 'mobile', 'in', 'a', 'define', 'over', 'area', 'conduct', 'group', 'call', 'between', 'train', 'driver', 'and', ';', 'set', 'mobile', 'support', 'implement', 'additional', 'network', 'service', 'as', 'desire', '.']","[0, 0, 3, 0, 0, 0, 0, 0, 0, 0, 0, 0, 1, 2, 0, 0, 1, 0, 0, 0, 0, 0, 0, 1, 0, 3, 1, 2, 0, 1, 2, 2, 1, 0, 1, 1, 0, 0, 1, 0, 0, 0, 0, 1, 0, 0, 0, 0, 1, 2, 0, 0, 0, 2, 0, 0, 0, 0, 0, 0, 0, 0]"
"['their', 'logical', 'deﬁne', 'placement', 'show', 'in', 'Figure', '4', '-', '1', ',', 'above', 'be', 'be', '.', 'etc', 'the', 'interlock', 'system', 'be', 'deﬁne', 'in', 'the', 'Instrument', 'Control', 'System', 'Infrastructure', 'Work', 'Package', 'Deﬁnition', ';', 'router', ',', 'gateway', ',', ';', ',', 'link', 'the', 'at', 'least', 'one', 'dedicated', 'link', 'of', 'a', 'T1', 'of', 'bandwidth', 'remote', 'support', ',', 'development', 'and', 'testing', '.']","[0, 0, 0, 0, 0, 0, 0, 0, 0, 0, 0, 0, 0, 0, 0, 0, 0, 1, 2, 0, 0, 0, 0, 0, 0, 0, 0, 0, 0, 0, 0, 0, 0, 0, 0, 0, 0, 0, 0, 0, 0, 0, 0, 0, 0, 0, 0, 0, 0, 0, 0, 0, 0, 0, 0, 0]"
"['Delay', '.', 'faulty']","[0, 0, 0]"
"['(', '.', 'be', 'provide', '.']","[0, 0, 0, 0, 0]"
"['the', 'requirement', 'must', 'be', 'achievable', 'and', 'state', 'in', 'such', 'a', 'allocate', 'Maximum', 'level', 'constraint', 'Telescopes', 'base', 'facility', 'during', 'the', 'day', '.']","[0, 0, 0, 0, 0, 0, 0, 0, 0, 0, 0, 3, 0, 0, 0, 1, 2, 0, 0, 0, 0]"
"['life', 'cycle', 'constraint', 'be', 'discuss', 'and', 'speciﬁcation', 'the', 'of', 'be', 'to', 'take', 'advantage', 'of', 'exist', 'software', '.']","[0, 0, 0, 0, 0, 0, 0, 0, 0, 0, 0, 0, 0, 0, 0, 0, 0]"
"['aggressive', '.', 'experience', 'user', 'improve', 'to', 'technology', 'page', 'estimate', 'usage', 'pattern', 'the', 'all', 'host', ';', 'performance', 'and', 'scalability', 'for', 'server', 'web', 'of', 'capability', 'socket', 'HTTP', 'asynchronous', 'Leverage', ';', 'content', 'base', '/', 'manner', 'cache', 'for', 'use', 'and', 'configure', 'be', 'should', 'of', 'cache', 'a', ';', 'only', 'record', 'particular', 'this', 'for', 'hierarchical', 'result', 'of', 'most', '.', 'search', 'for', 'use', 'column', 'key', 'the', 'on', 'apply', 'be', 'should', 'index', 'Database', ';', 'search', 'use', 'frequently', 'detail', 'paged', 'additional', 'fetch', 'user', 'the', 'to', 'display', 'be', 'to', 'need', '.', 'that', 'the', 'only', 'fetch', 'should', 'search', 'the', ';', 'field']","[0, 0, 0, 0, 0, 0, 0, 0, 0, 0, 0, 0, 0, 0, 0, 0, 0, 0, 0, 0, 0, 0, 0, 0, 0, 0, 0, 0, 0, 0, 0, 0, 0, 0, 0, 0, 0, 0, 0, 0, 0, 0, 0, 0, 0, 0, 0, 0, 0, 0, 0, 0, 0, 0, 0, 0, 0, 0, 0, 0, 0, 0, 0, 0, 0, 0, 0, 0, 0, 3, 0, 0, 0, 1, 0, 0, 0, 0, 0, 0, 0, 0, 0, 0, 0, 0, 0, 0, 0, 0]"
"['Generic', '.', 'require', 'if', 'claim', 'the', 'amend', 'information', '/', 'can', 'user', 'authorized']","[0, 0, 0, 0, 1, 0, 0, 0, 0, 0, 1, 3]"
"['service', ')', 'or', 'remote', 'access', '(', 'Gemini', '8', 'm', 'Telescopes', 'support', ',', 'base', ',', 'and', 'remote', 'operation', 'facility', ')', '.', 'of', 'site', 'service', ',', 'astronomer', '.']","[0, 0, 0, 0, 0, 0, 0, 0, 0, 0, 0, 0, 0, 0, 0, 0, 0, 0, 0, 0, 0, 0, 0, 0, 0, 0]"
"['this', 'validity', 'date', 'can', 'be', 'amend', 'or', 'use', 'Bar', 'of', 'form', '2', 'Digit', ')', 'approximately', 'each', 'batch', 'will', 'have', '10', 'voucher', ';', 'voucher', 'number', '(', '10', 'digit', ')', ';', 'Security', 'Code', ';', 'all', 'code', 'will', 'be', 'print', 'out', 'in', 'the', 'alter', '(', 'at', 'system', 'off', 'for', 'the', 'partner', ';', 'if', 'the', 'tear', 'off', 'voucher', 'slip', 'would', 'be', '-', 'stick', 'it', 'will', 'not', 'be', 'lose', 'on', 'attach', 'to', 'the', 'claim', 'form', 'by', 'the', 'then', 'tear', 'section', '-', 'level', 'only', 'by', 'the', 'authorized', 'user', ';', 'Voucher', 'will', 'also', 'have', 'MRP', '(', 'maximum', 'retail', 'price', ')', ';', 'Voucher', 'should', 'have', 'three', 'tear', 'off', 'portioned', 'slip', 'with', 'a', 'sub', 'the', 'VSP', 'number', ';', 'at', 'the', 'claim', 'processing', 'and', 'finally', 'for', 'the', 'payment', '.']","[0, 3, 4, 0, 0, 0, 0, 0, 1, 0, 0, 0, 0, 0, 0, 0, 1, 0, 0, 0, 1, 0, 3, 4, 0, 0, 0, 0, 0, 3, 4, 0, 0, 1, 0, 0, 0, 0, 0, 0, 0, 0, 0, 1, 0, 0, 0, 1, 0, 0, 0, 0, 0, 1, 0, 0, 0, 0, 0, 0, 0, 0, 0, 0, 0, 0, 0, 0, 1, 2, 0, 0, 0, 0, 0, 0, 0, 0, 0, 0, 3, 1, 0, 1, 0, 0, 0, 0, 0, 3, 4, 4, 0, 0, 1, 0, 0, 0, 0, 0, 0, 1, 0, 0, 0, 0, 0, 4, 0, 0, 0, 0, 0, 0, 0, 0, 0, 1, 0]"
"['however', 'the', 'system', 'architecture', 'will', 'be', 'design', 'so', 'as', 'to', 'minimize', 'the', 'communication', 'load', 'place', 'on', 'peer', 'the', 'subsystem', 'access', 'astronomical', 'the', 'universal', 'time', 'synchronization', 'requirement', '.']","[0, 0, 0, 0, 0, 0, 0, 0, 0, 0, 0, 0, 0, 0, 0, 0, 0, 0, 1, 0, 0, 0, 0, 0, 0, 0, 0]"
"['(', '.', ']', '568', 'UIC', 'if']","[0, 0, 0, 0, 0, 0]"
"['finally', ',', 'procedure', 'must', 'be', 'implement', 'for', 'convenience', 'and', 'system', 'can', 'Access', '(', ')', '.']","[0, 0, 0, 0, 0, 0, 0, 0, 0, 0, 0, 0, 0, 0, 0]"
"['when', 'frame', 'be', 'use', ',', 'it', 'purpose', 'be', 'to', 'title', 'each', 'frame', ',', 'and', 'to', 'describe', 'important', 'it', 'that', 'way', '""', 'or', '""', 'click', 'here', '""', 'except', 'where', 'the', 'purpose', 'of', 'the', 'link', 'be', 'clear', 'from', 'its', 'go', '""', 'as', 'such', 'the', 'target', 'or', 'purpose', 'of', 'a', 'link', 'should', 'context', 'be', 'indicate', 'by', 'its', 'label', ',', 'avoid', 'generic', 'label', 'directly', 'on', 'the', 'page', 'and', 'information', 'need', 'be', 'important', 'for', 'make', 'the', 'task', 'content', 'to', 'understand', '.']","[0, 1, 0, 0, 0, 0, 3, 0, 0, 3, 0, 1, 0, 0, 0, 0, 0, 0, 0, 0, 0, 0, 0, 0, 0, 0, 0, 0, 0, 0, 0, 0, 0, 0, 0, 0, 0, 0, 0, 0, 0, 0, 0, 0, 0, 0, 0, 0, 0, 0, 0, 0, 0, 0, 0, 0, 0, 0, 0, 0, 0, 0, 0, 0, 0, 0, 0, 0, 0, 0, 0, 0, 0, 0, 0, 0]"
"['(', '.', 'support', 'be', 'shall', 'facility', 'dial', 'dialling', ')', 'M', '(', ':', 'call', 'follow', 'the', 'abbreviated', 'railway', 'information', '(', 'call', 'go', '-', 'on', 'an', 'in', 'be', 'radio', 'Cab', 'the', 'whilst', 'receive', 'be', 'call', 'incoming', ';', '(', 'M', ')', 'in', 'be', 'radio', 'Cab', 'the', 'whilst', 'call', 'an', 'a', 'to', 'attempt', 'user', 'radio', 'Cab', 'a', ';', 'initiate', ':', 'when', 'call', 'broadcast', ';', 'call', 'group', ';', 'call', 'emergency', 'call', ')']","[0, 0, 0, 0, 0, 0, 1, 0, 0, 0, 0, 0, 1, 0, 0, 0, 1, 2, 0, 1, 4, 4, 3, 0, 0, 0, 2, 1, 0, 0, 0, 0, 1, 3, 0, 0, 0, 0, 0, 0, 2, 1, 0, 0, 1, 0, 0, 0, 0, 2, 2, 1, 0, 0, 0, 0, 0, 1, 1, 0, 2, 1, 0, 2, 1, 2, 0]"
"['go', 'to', 'system', 'the', 'terminate']","[0, 0, 0, 0, 0]"
"['Sales', '.', 'System', 'Weborder', ';', 'Person']","[1, 0, 0, 0, 0, 2]"
"['the', 'alarm', 'be', 'be', 'request', '.']","[0, 1, 0, 0, 0, 0]"
"['if', 'any', 'of', 'the', 'information', 'be', 'not', 'available', 'in', 'exist', 'master', 'the', 'Registration', ',', 'facility', 'master', 'screen', 'and', 'do', 'enter', 'master', 'detail', 'and', 'back', 'to', 'VSP', 'screen', '.']","[0, 0, 0, 0, 0, 0, 0, 0, 0, 0, 0, 0, 3, 0, 4, 0, 0, 0, 0, 0, 3, 4, 0, 0, 0, 0, 0, 0]"
"['each', 'between', 'a', 'Channel', 'Access', 'client', 'and', 'an', 'arbitrary', 'communication', 'number', 'Channel', 'Access', 'server', '.']","[0, 0, 0, 0, 0, 0, 0, 0, 0, 0, 0, 0, 0, 0, 0]"
"['it', 'do', 'not', 'include', 'retrieve', 'the', 'result', 'record', '.', 'the', 'search', 'criterion', ')', 'within', '10', '-', '15', 'second', 'system', 'regardless', 'the', 'storage', 'capacity', 'or', 'number', 'of', 'case', 'in', 'of', 'to', 'themselves']","[0, 0, 0, 0, 0, 0, 0, 1, 0, 0, 0, 0, 0, 0, 0, 0, 0, 0, 0, 0, 0, 0, 0, 0, 0, 0, 1, 0, 0, 0, 0]"
"['+', '45', ';', 'frequency', 'be', 'the', 'in', '.']","[0, 0, 0, 3, 0, 0, 0, 0]"
"['the', 'record', 'support', 'layer', 'in', 'turn', 'know', 'it', 'nothing', 'know', 'layer', ',', 'do', 'not', 'have', 'device', 'support', 'or', 'driver', '.']","[0, 0, 0, 0, 0, 0, 0, 0, 0, 0, 0, 0, 0, 0, 0, 0, 0, 0, 0, 0]"
"['see', 'become', 'select', 'block', '.', 'the', 'follow', 'block', 'select']","[0, 0, 0, 1, 0, 0, 0, 1, 0]"
"['Sales', 'Person', 'or', 'button', 'the', 'click', 'Person', 'Sales', '""', 'Attributes', 'product', 'update', '""', 'to', 'link', 'or', 'button', 'the', 'click', 'product', 'a', 'name', 'product', 'be', 'have', 'attribute', 'product']","[1, 2, 0, 0, 0, 0, 2, 1, 0, 4, 3, 0, 0, 0, 0, 0, 0, 0, 0, 3, 0, 4, 3, 0, 0, 4, 3]"
"['RoboHelp', '.', 'build', 'schedule', 'all', 'system', 'name', ']', 'help', '""', 'label', 'link', 'hypertext', 'a', 'display', 'will', 'the', 'system', 'name', 'system', '[']","[0, 0, 1, 0, 0, 0, 0, 0, 1, 0, 0, 2, 1, 0, 0, 0, 0, 1, 0, 0, 0]"
"['(', '.', 'UUS1', 'multiple', 'use', 'the', 'to', 'pass', 'be', 'shall', 'number', 'functional', 'network', 'M']","[0, 0, 0, 0, 0, 0, 0, 0, 0, 0, 4, 3, 1, 0]"
"['the', 'submit', 'defect', 'or', 'enhancement', 'request', 'category', '-', 'wise', ',', 'status', '-', 'wise', ',', 'and', 'age-', 'wise', '.', 'support', 'module', 'as', 'information', 'the', 'search', 'functionality', ',', 'police', 'personnel', 'can']","[0, 0, 0, 0, 0, 0, 3, 0, 0, 0, 3, 0, 0, 0, 0, 3, 0, 0, 0, 0, 0, 0, 0, 0, 0, 0, 0, 0, 0]"
"['the', 'development', 'range', 'from', 'creation', 'of', 'new', 'device', 'driver', 'to', 'database', 'creation', 'and', 'the', 'design', 'of', 'new', 'CA', 'client', '.', 'of', 'oc', 'may', 'need', 'the', 'following', ':', ';', 'Channel', 'Access', '-', 'Client', 'of', 'and', 'Software', ',', 'scanner', ',', 'Monitors', ';', 'Record', 'Support', 'Server', 'any', 'include', 'would', 'the', 'follow', 'deﬁnition', 'will', 'be', 'use', 'to', 'differentiate', 'between', 'the', 'two', 'ﬂavor', 'of', 'epics', 'development', 'work', ':', 'internal', 'work', ',', 'Project', 'Device', ',']","[0, 0, 0, 0, 0, 0, 0, 0, 0, 0, 0, 0, 0, 0, 0, 0, 0, 0, 0, 0, 0, 0, 0, 0, 0, 0, 0, 0, 0, 0, 0, 0, 0, 0, 0, 0, 0, 0, 0, 0, 0, 0, 0, 0, 0, 0, 0, 0, 0, 0, 0, 0, 0, 0, 0, 0, 0, 0, 0, 0, 0, 0, 0, 0, 0, 0, 0, 0, 0]"
"['these', 'use', 'follow', 'to', 'be', 'be', 'use', 'and', 'with', 'appropriate', 'interface', 'guideline', 'the', 'System', 'must', 'provide', 'End', 'User', 'and', 'Administrator', 'function', 'which', 'easy', ',', 'the', ',', 'FRS', ')', 'report', 'provide', 'the', 'detailed', 'description', '(', 'of', 'functionality', 'require', 'for', 'the', 'first', 'version', 'of', 'the', 'Specifications', 'Requirements', 'Functional', 'provide', 'to', 'extensible', 'be', 'should', 'system']","[0, 0, 0, 0, 0, 0, 0, 0, 0, 0, 0, 0, 0, 0, 0, 0, 1, 2, 0, 0, 0, 0, 0, 0, 0, 0, 0, 0, 0, 0, 0, 0, 0, 0, 0, 0, 0, 0, 0, 0, 0, 0, 0, 0, 0, 0, 0, 0, 0, 0, 0, 0]"
"['if', 'the', 'queue', 'be', 'not', 'empty', ',', 'this', 'wait', 'process', 'remove', 'one', 'request', 'from', 'the', 'lifo', 'queue', 'and', 'check', 'the', 'current', 'state', 'of', 'shall', 'the', 'of', 'the', 'generate', 'a', 'request', 'to', 'turn', 'on', 'the', 'request', 'unit', '.']","[0, 0, 1, 0, 0, 3, 0, 0, 0, 0, 0, 0, 1, 0, 0, 1, 2, 0, 0, 0, 0, 3, 0, 0, 0, 0, 0, 0, 0, 1, 0, 0, 0, 0, 0, 1, 0]"
"['safety', 'aspect', 'shall', 'be', 'analyze', 'during', 'the', 'functional', 'speciﬁcation', 'Telescopes', 'other', 'system', ',', 'repairable', 'at', 'the', 'depot', 'level', ';', 'all', 'other', 'not', 'hazard', 'be', 'interlock', 'via', 'software', '.']","[0, 0, 0, 0, 0, 0, 0, 0, 0, 0, 0, 1, 0, 0, 0, 0, 0, 0, 0, 0, 0, 0, 0, 0, 0, 0, 0, 0]"
"['during', 'science', 'planning', ',', 'there', '3', 'restart', 'to', 'procedure', 'should', 'be', 'do', 'during', 'commission', 'to', 'establish', 'baseline', 'rate', 'for', 'system', 'reliability', 'monitoring', '.']","[0, 0, 0, 0, 0, 0, 0, 0, 0, 0, 0, 0, 0, 0, 0, 0, 0, 0, 0, 0, 0, 0, 0]"
"['this', 'SRS', 'only', 'specify', 'the', 'requirement', 'deal', 'with', 'a', 'the', 'portion', 'of', 'the', 'system', '.']","[0, 0, 0, 0, 0, 0, 0, 0, 0, 0, 0, 0, 0, 0, 0]"
"['(', 'i', ')', 'Sections', '13', 'to', '15', 'describe', 'the', '(', 'message', 'text', 'defined', 'functional', 'and', 'location', 'dependent', 'addressing', '.']","[0, 0, 0, 0, 0, 0, 0, 0, 0, 0, 0, 0, 0, 0, 0, 0, 0, 0, 0]"
"['the', 'datum', 'to', 'result', 'in', 'the', 'indicate', 'event', 'be', 'transmit', 'be', ';', 'a', 'previously', 'set', 'event', 'be', 'terminate', '.']","[0, 1, 0, 0, 0, 0, 0, 1, 0, 0, 0, 0, 0, 0, 0, 1, 0, 0, 0]"
"['Sales', 'Person', '.', 'the', 'from', 'product', 'a']","[1, 2, 0, 0, 0, 1, 0]"
"['Defense', '.', 'component', 'XS', 'the', 'with', 'associate', 'note', 'applicable', 'the', 'contain', 'Shared', 'System', 'Data', '(', '-', '100', '-', 'A1', '-', 'ACCS', '1996', 'July', '11', ',', '1.0', 'Version', 'DOCUMENT', 'CAPSTONE', ',', ')', 'SHADE', 'Environment', 'ASRD', 'model', 'physical', 'to', 'compliance', 'level', 'requirement', 'describe', 'in', 'the', 'adhere', 'i&rts', 'in', 'the', 'fix', '(', 'static', ')', 'mode', ';', 'shall', 'sponsor']","[0, 0, 0, 0, 0, 0, 0, 0, 0, 0, 0, 0, 0, 0, 0, 0, 0, 0, 0, 0, 0, 0, 0, 0, 0, 0, 0, 0, 0, 0, 0, 0, 0, 0, 0, 0, 0, 0, 0, 0, 0, 0, 0, 0, 0, 0, 0, 0, 0, 0, 0, 0, 0, 0, 0]"
"['system', '.', 'investigator', 'investigation', 'the', 'of', 'scope', 'the', 'within', 'ID', 'Event', 'an', 'to', 'ID', 'Entity', 'assign', 'an', 'link', 'to', 'able', 'be', 'must', '.', 'case']","[1, 0, 1, 1, 0, 0, 0, 0, 0, 4, 3, 0, 0, 4, 3, 0, 0, 0, 0, 0, 0, 0, 0, 1]"
"['it', 'should', 'be', 'note', 'that', 'number', 'opi', 'both', 'on', 'which', 'be', 'willing', 'to', 'establish', 'communication', 'with', 'an', 'arbitrary', 'number', 'of', 'client', '.']","[0, 0, 0, 0, 0, 0, 0, 0, 0, 0, 0, 0, 0, 0, 0, 0, 0, 0, 0, 0, 1, 0]"
"['as', 'comparison', 'with', 'previous', 'datum', 'might', 'be', 'of', '.', 'great', 'and', 'affect', 'the', 'actual', 'observe', 'program', ',', 'on', 'value', 'requirement', 'archive', 'GEMINI', 'of', 'development', 'effort', '.']","[0, 0, 0, 0, 0, 0, 0, 0, 0, 0, 0, 0, 0, 0, 0, 0, 0, 0, 0, 0, 0, 0, 0, 0, 0, 0]"
"['a', 'solution', 'meet', 'the', 'performance', 'requirement', 'of', 'the', 'ﬁnal', 'system', 'be', 'to', 'be', 'backbone', 'at', 'LAN', 'Cabling', 'be', 'give', 'in', 'the', 'Electronic', 'Design', 'Speciﬁcation', ';', 'cable', 'interlock', 'must', 'be', 'provide', 'for', 'all', 'critical', 'subsystem', '.', 'connection', 'for']","[0, 0, 0, 0, 0, 0, 0, 0, 0, 0, 0, 0, 0, 0, 0, 0, 0, 0, 0, 0, 0, 0, 0, 0, 0, 0, 0, 0, 0, 0, 0, 0, 3, 1, 0, 0, 0]"
"['operational', 'requirement', 'specific', 'to', 'OM', 'be', 'define', 'below', 'area', 'datum']","[0, 0, 0, 0, 0, 0, 0, 0, 0, 0]"
"['the', 'information', '/', 'parameter', 'may', 'be', 'datum', 'dependent', ',', 'or', 'application', 'dependent', ',', 'or', 'dependent', 'on', 'process', 'processing', 'other', 'to', 'during', 'execution', 'of', 'other', 'process', ',', 'but', 'dependent', 'on', 'information', 'and/or', 'parameter', 'to', 'be', 'generate', 'or', 'supply', 'these', 'Requirements', 'datum', 'must', 'access', 'to', 'object', 'base', 'on', 'the', 'identity', 'restrict', 'of', 'or', 'group', 'to', 'which', 'they', 'belong', '.', 'subject', 'of', 'means', 'a', ')', 'by', 'the', 'proponent', 'maintainer', 'of', 'the', 'datum', 'item', 'involve', ';', 'Discretionary', 'Access', 'Controls', '(', 'DAC', '):']","[0, 3, 4, 4, 0, 0, 0, 0, 0, 0, 0, 0, 0, 0, 0, 0, 0, 0, 0, 0, 0, 0, 0, 0, 0, 0, 0, 0, 0, 0, 0, 0, 0, 0, 0, 0, 0, 0, 0, 0, 0, 0, 0, 0, 0, 0, 0, 0, 0, 0, 0, 0, 0, 0, 0, 0, 0, 0, 0, 0, 0, 0, 0, 0, 0, 0, 0, 0, 0, 0, 0, 0, 0, 0, 0, 0, 0, 0]"
"['system', '.', 'information', '(', 'e.g.', ',', 'container', '.', 'sample', '/', 'specimen', 'of', 'shipment', 'batch', 'with', 'manifest', 'person', 'shipping', 'and', ',', ')', 'preservative', ',', 'condition', 'storage', ',', 'type', 'the', 'the', ',', 'the', 'information', 'provide', 'also', 'may', 'log']","[1, 0, 4, 0, 0, 0, 0, 0, 1, 0, 1, 0, 2, 1, 0, 4, 2, 3, 0, 0, 0, 0, 0, 0, 0, 0, 0, 0, 4, 0, 0, 3, 0, 0, 0, 2]"
"['the', 'System', 'must', 'maintain', 'the', 'audit', 'trail', 'so', 'for', 'long', 'as', 'require', ',', 'which', 'will', 'be', 'at', 'least', 'for', 'as', 'that', 'a', 'specific', 'familiarity', 'with', 'the', 'system', '.']","[0, 0, 0, 0, 0, 1, 2, 0, 0, 0, 0, 0, 0, 0, 0, 0, 0, 0, 0, 0, 0, 0, 0, 0, 0, 0, 0, 0]"
"['administrator', 'click', ';', 'process', 'logout', 'initiate', 'to', 'link', 'or', 'button', 'click', 'administrator', '""', 'Logout', '""', 'to', 'link', 'or', 'button', 'account', 'a', 'list', 'of']","[1, 0, 0, 0, 0, 0, 0, 0, 0, 0, 0, 1, 0, 0, 0, 0, 0, 0, 0, 2, 0, 0, 0]"
"['the', '.', 'save', 'previously', 'the', 'of', 'datum', 'the', 'all', 'contain', 'file', 'accord', 'movement', '.', 'to', 'player', 'the', 'by', 'use', 'time', 'the', ',', 'block', 'of', 'number', 'solve', 'the', 'player', 'a', 'of', 'name', 'the', 'of', 'compose', 'be', '.', 'line']","[0, 0, 0, 0, 0, 0, 0, 0, 0, 0, 1, 0, 4, 0, 0, 1, 0, 0, 4, 3, 0, 0, 4, 4, 3, 0, 0, 1, 0, 0, 3, 0, 0, 0, 0, 0, 1]"
"['the', 'indication', 'there', 'be', 'failure', 'of', 'the', 'trainborne', 'equipment', 'which', 'compromise', 'the', 'safety', 'of', 'train', 'supervision', ',']","[0, 1, 0, 0, 1, 0, 0, 1, 2, 0, 0, 0, 0, 0, 1, 2, 0]"
"['the', '.', 'year', 'two', 'or', 'one', 'as', 'long', 'as', 'be', 'can', 'instrument', 'visitor', 'same', 'the', 'of', 'use', 'successive', 'between', 'not', 'do', 'standard', 'internal', 'difﬁculty']","[0, 0, 0, 0, 0, 0, 0, 0, 0, 0, 0, 2, 1, 0, 0, 0, 0, 0, 0, 0, 0, 0, 0, 0]"
"['a', '.', 'change', 'validate', 'and', 'in', 'deletion', 'in', '-', '.', 'HTTPS', 'with', 'browser', 'web', 'a', 'via']","[0, 0, 0, 0, 0, 0, 0, 0, 0, 0, 0, 0, 0, 0, 0, 0]"
"['the', 'Package', 'be', 'to', 'be', 'compress', 'and', 'email', 'or', 'send', 'ftp', 'to', 'an', 'addressee', ';', 'Submit', 'metadata', 'an']","[0, 1, 0, 0, 0, 3, 0, 0, 0, 0, 0, 0, 0, 3, 0, 0, 1, 0]"
"['the', 'address', 'field', 'will', 'capture', 'the', 'geographical', ')', 'Qty', 'Sold', ';', 'transaction', 'the', 'user', 'should', 'select', 'the', 'name', 'of', 'the', 'sale', 'man', 'list', 'from', 'distribution', 'Team', '.']","[0, 3, 0, 0, 0, 0, 3, 0, 3, 4, 0, 2, 0, 1, 0, 0, 0, 3, 0, 0, 1, 2, 0, 0, 1, 1, 0]"
"['system', '.', 'history', 'work', 'and', 'occupation', 'as', 'such', ',', 'capture', 'be', 'may', 'detail', 'descriptive']","[1, 0, 4, 3, 0, 3, 0, 0, 0, 0, 0, 0, 0, 0]"
"['color', 'should', 'never', 'be', 'the', 'only', 'mean', 'of', '.', 'code']","[0, 0, 0, 0, 0, 0, 0, 0, 0, 0]"
"['the', 'safety', 'precedent', 'and', 'device', 'and', ',', 'regulation', 'will', 'obey', 'and', 'abide', 'by', 'both', 'the', 'letter', 'and', 'the', 'spirit', 'of', 'all', 'applicable', 'engineering', 'practice', ',', 'law', ',', 'requirement', 'effort', 'be', 'below', 'can', 'cause', 'death', ',', 'injury', ',', 'occupational', 'illness', 'that', ',', 'damage', 'to', 'or', 'loss', 'of', 'equipment', 'or', 'property', 'or', 'condition', 'those', 'from', '.']","[0, 0, 0, 0, 0, 0, 0, 0, 0, 0, 0, 0, 0, 0, 0, 0, 0, 0, 0, 0, 0, 0, 0, 0, 0, 0, 0, 0, 0, 0, 0, 0, 0, 0, 0, 0, 0, 0, 0, 0, 0, 0, 0, 0, 0, 0, 1, 0, 1, 0, 0, 0, 0, 0]"
"['Approved', '/', 'c', 'request', 'once', 'a', 'request', 'to', 'turn', 'on', 'or', 'off', 'a', 'heating', 'H', 'or', 'a', 'unit', 'unit', 'be', 'make', ',', 'this', 'process', 'shall', 'generate', 'the', 'appropriate', 'request', 'to', 'carry', 'and', 'out', 'request', '.']","[0, 0, 0, 0, 0, 0, 1, 0, 0, 0, 0, 0, 0, 1, 0, 2, 0, 2, 2, 0, 0, 0, 0, 0, 0, 0, 0, 0, 1, 0, 0, 0, 0, 1, 0]"
"['this', 'software', 'be', 'result', 'the', 'the', 'affect', 'might', 'that', 'factor', 'external', 'and', 'constraint', 'any', 'and', 'do', 'will', 'system', 'the', 'to', 'what', 'specific', 'include', 'and', 'software', 'the', 'of', 'feature', 'the', 'cover', 'will', 'document']","[0, 1, 0, 1, 0, 0, 0, 0, 0, 0, 0, 0, 0, 0, 0, 0, 0, 1, 0, 0, 0, 0, 0, 0, 1, 0, 0, 0, 0, 0, 0, 0]"
"['the', 'capacity', 'requirement', 'will', 'be', 'express', 'in', 'term', 'of', 'be', 'use', 'in', 'its']","[0, 0, 0, 0, 0, 0, 0, 0, 0, 0, 0, 0, 0]"
"['this', '.', 'confirmation', 'to', 'prior', 'checkout', 'after', 'order', 'their', 'review', 'to', 'customer', 'the', 'able', 'parse']","[0, 0, 0, 0, 0, 0, 0, 1, 0, 0, 0, 1, 0, 0, 0]"
"['the', 'goal', 'be', 'to', 'provide', 'the', 'option', 'of', 'dynamically', 'change', 'session', 'time', 'value', 'base', 'on', 'current', 'performance', 'XS', 'use', 'various', 'use', 'of', 'the', 'datum', 'management', 'service', 'will', 'entail', 'unique', 'requirement', 'that', 'shall', 'be', 'fulfil', 'within', 'the', 'capability', 'these', 'by', 'of', '.', 'class', 'of', 'user', ':', 'datum', 'consumer', ',', 'datum', 'and', 'database', 'manager', ',', 'network', 'information', 'infrastructure', 'resource', 'manager']","[0, 0, 0, 0, 0, 0, 0, 0, 0, 0, 3, 4, 0, 0, 0, 0, 0, 0, 0, 0, 0, 0, 0, 0, 0, 0, 0, 0, 0, 0, 0, 0, 0, 0, 0, 0, 0, 0, 0, 0, 0, 0, 0, 1, 0, 1, 2, 0, 1, 2, 2, 2, 0, 1, 2, 2, 2, 2]"
"['the', 'definition', 'of', 'the', 'individual', 'heating', 'and', 'cool', 'system', 'reside', 'in', 'an', 'system', 'initialization', 'shall', 'themas', 'describe', 'the', 'software', 'requirement', 'for', 'that', 'individual', 'software', 'component', 'of', 'the', 'THEMAS', 'system', 'system', '.', 'follow', 'section', 'describe', 'the', 'Initialize', 'System', 'component', 'of', 'the', 'THEMAS', 'system', '.']","[0, 3, 0, 0, 0, 1, 2, 2, 2, 0, 0, 0, 1, 1, 0, 0, 0, 0, 0, 0, 0, 0, 0, 0, 0, 0, 0, 0, 0, 1, 0, 0, 0, 0, 0, 0, 0, 0, 0, 0, 0, 1, 0]"
"['the', 'number', 'of', 'roll', 'and', 'must', 'the', 'this', 'failure', 'be', 'attribute', 'to', 'any', 'component', 'of', 'System', 'the', 'other', 'than', 'the', 'workstation', '.']","[0, 0, 0, 0, 0, 0, 0, 0, 0, 0, 0, 0, 0, 0, 0, 0, 0, 0, 0, 0, 0, 0]"
"['if', '.']","[0, 0]"
"['the', 'signature', 'digital', 'way', '-', '2', 'and', 'SSL', 'utilize', 'system', 'access', 'the', 'multiple', 'as', 'HTTPS', 'use', 'should', 'system', 'the', 'connection', 'the', 'network', 'virtual', 'secure', 'support', 'should', 'system', 'the', 'connection', 'private', 'communication', 'protocol', ',', 'on', 'run', 'should', 'system']","[0, 0, 0, 0, 0, 0, 0, 0, 0, 0, 0, 0, 0, 0, 0, 0, 0, 0, 0, 0, 0, 0, 0, 0, 0, 0, 0, 0, 0, 0, 0, 0, 0, 0, 0, 0, 0]"
"['the', 'select', 'block', 'can', 'game', 'can', 'from', 'a', 'the', 'before', 'be', 'they', 'where', 'cancel', 'the', 'at', 'position', 'block', 'the', 'display', 'game']","[0, 0, 1, 0, 0, 0, 0, 0, 0, 0, 0, 0, 0, 0, 0, 0, 4, 3, 0, 0, 0]"
"['the', 'to', 'product', 'display', 'keyboard', 'a', 'and', 'mouse', 'a', 'require', 'generally', 'product']","[0, 0, 0, 0, 0, 0, 0, 0, 0, 0, 0, 0]"
"['at', 'a', ',', 'fully', 'be', 'descriptor', ',', 'such', 'as', 'with', 'deploy', 'unit', ',', 'the', 'workload', 'and', 'database', 'size', 'may', 'be', 'more', 'predetermined', '(', 'environment', 'give', ')', '(', 'frequently', 'and', 'to', 'a', 'great', 'extent', 'than', 'for', 'processing', 'associate', 'with', 'deploy', 'unit', ';', 'in', 'a', 'change', 'dynamic', 'of', 'a', 'precise', 'have', 'the', 'ability', 'to', 'redefine', 'or', 'reset', 'name', 'of', 'connect', 'descriptor', 'to', 'database', 'server', 'instance', '.']","[0, 0, 0, 0, 0, 2, 0, 0, 0, 0, 3, 1, 0, 0, 3, 4, 4, 4, 0, 0, 0, 0, 0, 0, 0, 0, 0, 0, 0, 0, 0, 0, 0, 0, 0, 0, 0, 0, 0, 1, 0, 0, 0, 0, 0, 0, 0, 0, 0, 0, 0, 0, 0, 0, 0, 3, 0, 1, 2, 0, 1, 2, 2, 0]"
"['(', 'i', ')', 'the', 'follow', 'minimum', 'value', 'shall', 'apply', ':', '(', 'M', 'propagation', 'actual', 'the', 'by', 'coverage', 'area', '.']","[0, 0, 0, 0, 0, 0, 0, 0, 0, 0, 0, 0, 0, 0, 0, 0, 1, 2, 0]"
"['these', '.', 'element', 'MS', '-', 'EIRENE', 'different', 'the', 'between', 'interface', 'of', 'GSM', '-', 'MT', 'air', '2', ';', ')', 'M']","[0, 0, 2, 2, 2, 1, 0, 0, 0, 1, 0, 1, 2, 2, 2, 0, 0, 0, 0]"
"['customer', '.', '.', ';', 'cart', 'to', ')', 'item(s', 'add', 'after', 'A2', 'window']","[1, 0, 0, 0, 1, 0, 2, 1, 0, 0, 0, 0]"
"['whilst', 'not', 'be', 'mandatory', 'for', 'interoperability', ',', 'when', 'the', 'option', 'be', 'select', ',', 'the', 'method', '.', ')', 'paragraph', 'the', 'be', 'require', ';', 'Optional', '(', 'indicate', 'by', 'define', ""'"", 'o', ')', ""'"", 'at', 'the', 'end', 'of', '(', 'and', 'in', 'SRS', 'a', 'recognise', 'and', 'agree', 'standard', 'to', 'manufacturer', 'in', 'order', 'to', 'obtain', 'economy', 'of', 'scale', 'in', 'present', 'to', 'and', 'service', 'and', 'FRS', 'by', 'which', 'such', 'feature', 'be', 'the', 'implement', 'mandatory', ',', 'both', 'to', 'provide', 'a', 'consistent', 'become', ',', 'and', '-', 'numbering', 'plan', ',', 'priority', 'level', ',', 'subscriber', 'detail', ',', 'closed', 'user', 'group', ',', 'etc', ')', '(', 'configuration', 'system', ';', 'radio', ',', 'man', '-', 'machine', 'and', 'other', '.', 'interface', 'environmental', 'specification', ';', 'controller', 'position', 'functional', 'specification', ';', 'cab']","[0, 0, 0, 0, 0, 0, 0, 0, 0, 0, 0, 0, 0, 0, 0, 0, 0, 0, 0, 0, 0, 0, 0, 0, 0, 0, 0, 0, 0, 0, 0, 0, 0, 0, 0, 0, 0, 0, 0, 0, 0, 0, 0, 0, 0, 0, 0, 0, 0, 0, 0, 0, 0, 0, 0, 0, 0, 0, 0, 0, 0, 0, 0, 0, 0, 0, 0, 0, 0, 0, 0, 0, 0, 0, 0, 0, 0, 2, 3, 4, 0, 3, 4, 0, 3, 4, 0, 1, 2, 2, 0, 0, 0, 0, 2, 1, 0, 0, 0, 0, 0, 0, 0, 0, 0, 0, 0, 0, 0, 0, 0, 0, 0, 0, 0]"
"['the', 'category', '.', 'or', 'category', 'sub', 'contain', 'can', 'category', 'a', 'product', '.', 'category', 'tiered', 'to', 'ability', 'the', 'as', 'such', ',', 'information', 'store', 'payment', 'also', 'will', 'profile', 'customer', ',']","[0, 2, 0, 0, 2, 1, 0, 0, 1, 0, 1, 0, 2, 2, 0, 0, 0, 0, 0, 0, 0, 0, 0, 0, 0, 2, 1, 0]"
"['this', '.', 'window', 'main', '’s', 'program', 'the', 'on', 'tab', 'a', 'in', 'link', 'web', 'website', 'as', 'be', 'will', 'search', 'this', 'of', 'result']","[0, 0, 4, 3, 0, 1, 0, 0, 1, 0, 0, 2, 1, 2, 0, 0, 0, 1, 0, 0, 0]"
"['the', '.', 'project', 'do', 'the', 'phase', 'future', 'a', 'in', 'it', 'implement', 'to', 'necessary', 'of', 'not', 'include', 'a', 'the', 'with', ',', 'observe', 'remote', 'both', 'include', 'operation']","[0, 0, 0, 0, 0, 0, 0, 0, 0, 0, 0, 0, 0, 0, 0, 0, 0, 0, 0, 0, 0, 0, 0, 0, 0]"
"['be', 'in', 'itself', 'a', 'distribute', 'telescope', 'system', 'and', 'have', 'a', 'large', 'relate', 'Gemini', 'the', 'on', 'will', 'be', 'make', 'available', ';', 'same', 'night', ',', 'datum', 'weekly', 'after', 'proprietary', 'period', ';', 'will', 'be', 'establish', 'by', ',', 'such', 'which', 'within', 'speciﬁc', 'exposure', 'available', ';', 'header', 'only', ',', 'average', 'exposure', ',', 'complete', 'raw', 'datum', 'set', ';', 'and', 'the', 'time', 'frame', 'the', 'Gemini', 'Archiving', 'Requirements', 'make', '.']","[0, 0, 0, 0, 0, 0, 0, 0, 0, 0, 0, 0, 0, 0, 0, 0, 0, 0, 0, 0, 0, 0, 0, 0, 0, 0, 0, 0, 0, 0, 0, 0, 0, 0, 0, 0, 0, 4, 4, 4, 0, 3, 4, 0, 3, 4, 0, 3, 4, 4, 4, 0, 0, 0, 3, 4, 0, 0, 0, 0, 0, 0]"
"['the', 'themas', 'system', 'shall', 'record', 'each', 'event', 'by', 'a', 'description', 'appropriate', 'and', 'c', 'urrent', 'system', 'time', 'for', 'that', 'event', '.']","[0, 0, 1, 0, 0, 0, 1, 0, 0, 3, 0, 0, 3, 4, 4, 4, 0, 0, 1, 0]"
"['treatment', '.', 'information', 'follow', 'the', 'capture', 'should', 'system', 'the', 'entry', 'claim', 'the']","[3, 0, 0, 0, 0, 0, 0, 1, 0, 0, 0, 0]"
"['the', '.', 'jurisdiction', 'the', 'within', 'unique', 'be', ')', 'food', ',', ',', 'and', ',', 'chemical', ',', 'biological', 'for', 'test', 'be', 'will', 'that', 'sample', 'of', 'type', 'other', 'and', ',', 'sample', 'environmental', ',', 'radiological', 'water', 'agent']","[0, 0, 0, 0, 0, 0, 0, 0, 1, 0, 0, 2, 2, 2, 2, 1, 0, 0, 0, 0, 0, 1, 0, 3, 0, 0, 0, 2, 1, 0, 2, 0, 2]"
"['the', 'Registry', 'allow', 'a', 'user', 'to', 'browse', ',', 'search', ',', 'and', 'retrieve', 'datum', 'that', 'satisfy', 'the', 'your', 'among', 'and', 'Registry', '.']","[0, 1, 0, 0, 1, 0, 0, 0, 0, 0, 0, 0, 0, 0, 0, 0, 0, 0, 0, 2, 0]"
"['(', '.', 'with', 'standard', 'define', 'in', '[', 'pren', '50125', ')', ']', 'test', 'define', 'in', '[', 'pren', '50155', ']', 'use', 'M', 'non', 'repetitive', 'mobile', 'equipment', 'shall', 'be', 'capable', 'of', 'be', 'subject', 'to', 'both', 'sinusoidal', 'and', 'random', 'vibration', '.', 'EIRENE', 'm.', '0.5', 'from', 'shock', 'of', 'up', 'to', '3', 'g', 'for', '-', 'up', '100ms', 'under', 'normal', 'condition', ';', 'free', 'fall', 'to', 'compliance', 'use', 'be', ')', 'guideline', 'concern', 'the', 'effect', 'of', 'GSM', 'emission', 'on', 'hear', 'aid', ',', 'pace', 'maker', 'and', 'i']","[0, 0, 0, 0, 0, 0, 0, 0, 0, 0, 0, 0, 0, 0, 0, 0, 0, 0, 0, 0, 0, 0, 0, 0, 0, 0, 0, 0, 0, 0, 0, 0, 0, 0, 0, 0, 0, 0, 0, 0, 0, 0, 0, 0, 0, 0, 0, 0, 0, 0, 0, 0, 0, 0, 0, 0, 0, 0, 0, 0, 0, 0, 0, 0, 0, 0, 0, 0, 0, 0, 0, 0, 0, 0, 0, 0, 0]"
"['the', '.', ""'"", 'tool', 'to', 'the', 'whole', 'project', ',', 'provide', 'the', 'Gemini', '8', 'm', 'Telescopes', 'user', 'interface', ""'s"", ""'"", 'look', 'and', 'feel', 'be', 'so', 'able', 'access', 'a', 'large', 'number', 'of', 'station', ',', 'depend', 'on', 'from', 'where', 'user', 'be', '.']","[0, 0, 0, 0, 0, 0, 0, 0, 0, 0, 0, 0, 0, 0, 0, 0, 0, 0, 0, 0, 0, 0, 0, 0, 0, 0, 0, 0, 0, 0, 1, 0, 0, 0, 0, 0, 1, 0, 0]"
"['the', 'system', 'will', 'provide', 'for', 'one', 'auxiliary', 'datum', 'provide', 'in', 'for', 'single', 'Base', 'Facility', '.']","[0, 1, 0, 0, 0, 0, 0, 0, 0, 0, 0, 0, 0, 0, 0]"
"['the', '.', 'date', 'and', 'length', ',', 'name', 'video', ',', 'full', 'the', 'the', 'website', 'by', 'and', '.']","[0, 0, 3, 0, 3, 0, 4, 4, 0, 3, 0, 0, 3, 0, 0, 0]"
"['experience', '.', 'available', 'bandwidth', 'link', 'the', 'telescope', 'on', ',', 'course', 'of', ',', 'depend', 'reproduce', 'be', 'can', 'largely', 'at', 'other', 'OBSERVING', 'be', 'can', 'observe', 'remote', ',', 'bandwidth', 'limited', 'very', 'with', 'even', ',', 'that', ',', 'however', ',', 'show', 'observatory', 'requirement', 'MODE', ',', 'condition', 'the', '8', 'm', '8', 'Gemini', 'the', 'to', 'command', 'submit', 'to', 'Telescopes', 'interface', 'remote', 'a', 'use', 'will', 'they', 'case', 'last', 'the', 'User', 'scheduler', 'at', 'the', 'that', 'of', 'duplicate', 'a', 'as', 'appear', 'screen', ""'s"", 'monitor', 'the', 'mode', 'this']","[0, 0, 0, 0, 0, 0, 0, 0, 0, 0, 0, 0, 0, 0, 0, 0, 0, 0, 0, 0, 0, 0, 0, 0, 0, 0, 0, 0, 0, 0, 0, 0, 0, 0, 0, 0, 0, 0, 0, 0, 0, 0, 0, 0, 0, 0, 0, 0, 0, 0, 0, 0, 0, 0, 0, 0, 0, 0, 0, 0, 0, 0, 0, 0, 0, 0, 0, 0, 0, 0, 0, 0, 0, 0, 0, 3, 0]"
"['the', 'requirement', 'for', 'transfer', 'video', 'datum', 'be', ':', 'the', 'system', 'must', 'allow', 'for', 'fast', 'transmission', 'of', 'image', 'predeﬁne', 'procedure', 'must', 'integrate', 'system', ';', 'Gemini', 'software', 'developer', 'should', 'maintain', 'an', 'accurate', 'log', 'show', 'software', 'modiﬁcation', 'as', 'they', 'be', 'apply', 'change', 'into', 'combine', ')', 'development', 'environment', '.']","[0, 0, 0, 0, 0, 0, 0, 0, 0, 0, 0, 0, 0, 0, 0, 0, 0, 0, 0, 0, 1, 2, 0, 0, 0, 0, 0, 0, 0, 0, 0, 0, 0, 0, 0, 0, 0, 0, 0, 0, 0, 0, 0, 0, 0]"
"['a', 'designate', 'constable', 'from', 'each', 'police', 'station', 'constantly', 'interface', 'with', 'the', 'part', 'such', 'as', 'monthly', 'such', 'as', 'case', 'assign', ',', 'alert', ',', 'information', 'pende', 'etc', 'hence', 'help', 'police', 'personnel', 'to', 'plan', 'task', 'show']","[0, 0, 0, 0, 0, 0, 0, 0, 0, 0, 0, 0, 0, 0, 0, 0, 0, 3, 4, 0, 3, 0, 0, 3, 0, 0, 0, 0, 0, 0, 0, 4, 0]"
"['system', '.', 'event', 'health', 'particular', 'each', 'to', 'unique', 'information', 'capture', 'to', 'add', 'be', 'may', 'type', 'and', 'structured', 'of', 'unauthorized', 'continue', 'for', 'establish', 'be', 'must', 'plan']","[1, 0, 2, 1, 0, 0, 0, 0, 0, 0, 0, 0, 0, 0, 4, 0, 0, 0, 0, 0, 0, 0, 0, 0, 0]"
"['the', 'follow', 'minimum', 'value', 'be', 'recommend', ':', '(', 'i', ')', 'coverage', 'probability', 'of', '95', 'km/h', '220', 'to', 'equal', 'm', '(', '-95', 'dBm', ')', 'on', 'line', 'dbmv', 'with', 'level', '02/Mar', 'for', 'speed', 'low', 'than', 'or', 'ETCS', 'of', 'shall', 'design', 'level', '02/Mar', 'concern', 'coverage', 'and', 'speed', '-', 'limitation', 'be', 'to', 'be', 'validate', 'and', ',', 'if', 'ETCS', 'for', 'value', 'the', 'additional', 'margin', 'of', '3', 'db', 'for', 'other', 'necessary', 'factor', 'as', 'age', '.']","[0, 0, 0, 0, 0, 0, 0, 0, 0, 0, 3, 4, 0, 0, 0, 0, 0, 0, 0, 0, 0, 0, 0, 0, 0, 0, 0, 4, 0, 0, 3, 0, 0, 0, 3, 0, 0, 0, 4, 0, 0, 3, 4, 4, 4, 4, 0, 0, 0, 0, 0, 0, 0, 3, 0, 0, 0, 0, 0, 0, 0, 0, 0, 0, 0, 0, 0, 3, 0]"
"['section', 'implementation', '12', 'to', 'the', 'possible', 'use', 'of', 'pre', '-', 'refer', '.', 'of', 'call', 'i', ')']","[0, 0, 0, 0, 0, 0, 0, 0, 0, 0, 0, 0, 0, 0, 0, 0]"
"['for', '.', 'give', 'prophylaxis', 'or', 'the', 'an', 'affected', 'person', 'Administration', 'Response', '/', 'Countermeasure', 'Preparedness', 'PHIN', 'reference', 'please', ',', 'datum', 'event', 'adverse', 'regard', 'requirement', 'datum', 'specific']","[0, 0, 0, 1, 0, 0, 0, 0, 1, 0, 0, 0, 0, 0, 0, 0, 0, 0, 4, 4, 3, 0, 0, 0, 0]"
"['they', '.', 'system', 'observation', 'testing', ',', 'designing', 'maintenance', 'the', 'for', 'responsible', 'be', 'personnel', 'support', ')', 'site', '-', 'of', 'near', '(', 'site', '-']","[0, 0, 1, 3, 0, 0, 0, 0, 0, 0, 0, 0, 0, 0, 0, 0, 0, 0, 0, 0, 0, 0]"
"['customer', 'to', 'confirmation', 'email']","[1, 0, 0, 0]"
"['the', 'VSP', 'code', 'be', 'a', 'digit', 'code', 'with', 'suffix', 'SP', ',', 'would', 'be', 'automatically', 'generate', 'by', 'the', 'system', '.']","[0, 3, 4, 0, 0, 0, 0, 0, 0, 0, 0, 0, 0, 0, 0, 0, 0, 1, 0]"
"['this', 'might', 'be', 'necessary', 'to', 'back', 'up', 'local', '.', 'user', 'and', 'to', 'help', 'in', 'case', 'of', 'problem', '.', 'expertise', 'purpose', 'diagnostic', 'and', 'from', 'remote', 'observe', ',', 'remote', 'access', 'to', 'the', 'Gemini', '8', 'm', 'Telescopes', 'and', 'its', 'instrument', 'be', 'require', 'for', 'monitoring']","[0, 0, 0, 0, 0, 0, 0, 0, 0, 0, 0, 0, 0, 0, 0, 0, 0, 0, 0, 0, 0, 0, 0, 0, 0, 0, 0, 0, 0, 0, 0, 0, 0, 0, 0, 0, 0, 0, 0, 0, 0]"
"['detailed', 'information', '(', 'as', 'specify', 'paragraph']","[0, 0, 0, 0, 0, 0]"
"['(', 'M', ')', 'the', 'muting', 'and', 'unmuting', 'for', 'VGCS', 'shall', 'be', '65ms', 'of', 'gap', 'minimum', 'by', 'the', 'fix', 'line', 'dispatcher', 'shall', 'be', 'in', '70ms', '5ms', ',', 'and', 'there', 'shall', 'be', 'a', '±', 'generate', 'line', '[', 'parameter', 'message', 'with', 'the', 'attribute', '""', 'd', '-', 'ATT', '=']","[0, 0, 0, 0, 0, 0, 0, 0, 1, 0, 0, 0, 0, 0, 0, 0, 0, 1, 2, 2, 0, 0, 0, 0, 0, 0, 0, 0, 0, 0, 0, 0, 0, 0, 0, 2, 2, 0, 0, 0, 0, 3, 4, 4, 0]"
"['Register', 'Administrator', '.', 'page', 'home', 'display', 'system', ';', 'cookie']","[0, 1, 0, 0, 0, 0, 0, 0, 0]"
"['figure', '.', 'comprise', ')', '(', 'Interface', 'Machine', 'Man', ';', 'GSM', 'outside', 'MMI', 'Mode', 'DM', 'MT', 'for', 'equipment', 'application', 'EIRENE', 'and', 'MT', '-', 'GSM', 'of', 'procurement', 'separate', 'for', 'option', 'the', 'allow', 'the', 'Cab', 'radio', '.', 'V.24', 'on', 'base', 'interface', 'of', 'type', 'two', 'to', 'specify', 'MTI', 'FFFIS', 'MORANE', '[', 'FFFIS', 'Morane']","[0, 0, 0, 0, 0, 0, 0, 0, 0, 1, 0, 0, 2, 1, 2, 0, 2, 2, 2, 2, 2, 2, 1, 0, 0, 0, 0, 0, 0, 0, 0, 1, 2, 0, 0, 0, 0, 0, 0, 0, 0, 0, 0, 0, 0, 0, 0, 0, 0]"
"['neither', 'will', 'Gemini', 'plan', 'on', 'create', 'new', 'development', 'tool', '.']","[0, 0, 0, 0, 0, 0, 0, 0, 0, 0]"
"['the', ']', '-', 'specify', 'interface', 'requirement', 'the', ',', 'implement', 'where', ',']","[0, 0, 2, 0, 2, 0, 0, 0, 0, 0, 0]"
"['same', 'incorrect', 'the', 'receive', 'then', 'will', 'customer']","[0, 0, 0, 0, 0, 0, 1]"
"['a', 'particularly', 'be', 'it', 'this']","[0, 0, 0, 0, 0]"
"['but', 'interactive', 'the', 'observing', 'base', '-', ',', 'possibly', 'involve', 'multimedia', 'technique', '.']","[0, 0, 0, 0, 0, 0, 0, 0, 0, 0, 0, 0]"
"['example', ':', 'if', 'the', 'registered', 'tag', 'be', 'ORG_ID', ',', 'the', 'description', 'that', 'include', 'reference', 'the', 'that', 'External', 'express', 'tag', 'easily', 'find', 'the', 'term', 'they', 'might', 'consider', '""', 'natural', '""', 'in', 'the', 'definition', 'and', 'find', 'the', 'desirable', 'for', '.', 'Interfaces', 'the', 'the', 'Data', 'Item', 'Description', 'DI', '-', 'IPSC-81433', ')', 'define', 'these', 'interface', 'will', 'be', 'specify', 'during', 'the', 'design', 'of', 'for', '3.3', 'in', 'XS', 'SRS', 'be', 'define', 'as', 'interface', 'to', 'non', '-', 'coe', 'component', '.']","[0, 0, 0, 0, 0, 0, 0, 0, 0, 0, 0, 0, 0, 0, 0, 0, 0, 0, 1, 0, 0, 0, 0, 0, 0, 0, 0, 0, 0, 0, 0, 3, 0, 0, 0, 0, 0, 0, 0, 0, 0, 0, 0, 0, 0, 0, 0, 0, 0, 0, 0, 0, 0, 0, 0, 0, 0, 0, 0, 0, 0, 0, 0, 0, 0, 0, 0, 0, 0, 0, 0, 0, 0]"
"['for', 'determine', 'battery', 'requirement', ',', 'the', 'transmit', '/', 'receive', 'duty', 'of', 'axis', 'three', 'all', '1.5', 'g.']","[0, 0, 0, 0, 0, 0, 0, 0, 0, 0, 0, 0, 0, 0, 0, 0]"
"['with', 'the', 'below', 'detail', 'the', 'user', 'can', 'get', 'to', 'the', 'of', 'Distributor', '-', 'wise', 'and', 'salesman', '-', 'wise', 'and', 'batch', 'no', 'wise', 'sale', 'detail', ',', 'detail', 'follow', 'differentiate', 'indicator', 'on', 'the', 'name']","[0, 0, 0, 0, 0, 1, 0, 0, 0, 0, 0, 1, 0, 0, 0, 1, 0, 3, 4, 4, 4, 0, 3, 0, 0, 0, 0, 0, 0, 0, 0, 3]"
"['every', 'system', 'must', 'thus', 'be', 'able', 'to', 'supply', 'its', 'current', 'version', 'upon', 'request', '.']","[0, 1, 0, 0, 0, 0, 0, 0, 0, 3, 4, 0, 0, 0]"
"['General', 'purpose', 'radio', ';', '7', '.', '6', 'equipment', '.', 'numbering', ';', '15', '.']","[0, 0, 0, 0, 0, 0, 0, 0, 0, 0, 0, 0, 0]"
"['therefore', 'time', 'control', 'be', 'restrict', 'to', 'the', 'IOC', 'layer', '-', ';', ',', 'the', 'use', 'of', 'a', 'virtual', '-', 'telescope', 'also', 'real', 'strict', ',', 'execute', 'software', 'via', 'control', 'command', '.']","[0, 0, 0, 0, 0, 0, 0, 0, 0, 0, 0, 0, 0, 0, 0, 0, 0, 0, 0, 0, 0, 0, 0, 0, 0, 0, 0, 0, 0]"
"['to', ',', 'driver', 'train', 'of', '.']","[0, 0, 2, 1, 0, 0]"
"['for', 'the', 'purpose', 'of', 'work', 'perform', 'for', 'the', 'Gemini', '8', ',', 'latter', 'ﬁle', 'ar', 'with', 'OPI', 'Channel', 'Access', 'Tools', 'these', 'would', 'include', 'MEDM', '.adl']","[0, 0, 0, 0, 0, 0, 0, 0, 0, 0, 0, 0, 0, 0, 0, 0, 0, 0, 0, 0, 0, 0, 0, 0]"
"['name', 'of', 'the', 'distributor', '(', 'select', 'from', 'Distributor', 'Master', ')', ';', 'name', 'of', 'Mode', 'Entry', 'report', 'detail', 'of', 'any', 'duplicate', 'name', 'the', 'system', 'will', 'give', 'a', 'warning', 'message', 'to', 'have', 'capture', 'the', 'name', 'or', 'to', 'change', 'the', 'name', '.']","[3, 0, 0, 1, 0, 0, 0, 0, 0, 0, 0, 3, 0, 3, 0, 1, 4, 0, 0, 0, 3, 0, 1, 0, 0, 0, 0, 0, 0, 0, 0, 0, 3, 0, 0, 0, 0, 3, 0]"
"['the', '.', 'detail', 'order', 'specific', 'the', 'will', 'medium', '.', 'interface', 'be']","[0, 0, 4, 3, 0, 0, 0, 0, 0, 0, 0]"
"['collect', '""', '.', 'animal', 'or', ',', 'place', 'descriptor', ',', ',', ',', 'e.g.', '(', 'time', 'and', 'date', 'relevant', 'and', ',', ')', 'number', 'slip', 'package', ',', 'number', 'serial', 'e.g.', '(', 'number', 'identification', 'address', 'to', 'organization', 'person', 'OM', 'an', 'in', 'involve', 'object', 'any', 'for', 'datum', 'capture', 'to', 'capability', 'the', 'have', 'must', 'OM', 'support']","[0, 0, 0, 1, 0, 0, 1, 4, 0, 0, 0, 0, 0, 3, 0, 3, 0, 0, 0, 0, 0, 0, 0, 0, 0, 0, 0, 0, 4, 3, 3, 0, 1, 1, 0, 0, 0, 0, 1, 0, 0, 3, 0, 0, 0, 0, 0, 0, 0, 0]"
"['a', 'temperature', 'setting', 'value', 'that', 'be', 'receive', 'from', 'an', 'individual', 'thermostat', 'shall', 'be', 'than', 'compare', 'the', 'valid', 'temperature', 'range', 'value', '.']","[0, 3, 4, 4, 0, 0, 0, 0, 0, 0, 1, 0, 0, 0, 0, 0, 3, 4, 4, 4, 0]"
"['note', 'security', 'to', ',', 'or', 'search', 'for', ',', 'a', 'case', 'which', 'he', 'access', 'do', 'have', 'the', 'right', 'to', 'access', ',', 'the', 'System', 'must', 'provide', 'not', 'one', 'request', 'a', 'right', ',', 'security', 'level', ',', 'privilege', ',', 'password', 'allocation', 'and', 'user', 'management', 'to', 'be', 'make', 'only', 'by', 'super', '-', 'user', '.']","[0, 0, 0, 0, 0, 0, 0, 0, 0, 1, 0, 0, 0, 0, 0, 0, 0, 0, 0, 0, 0, 0, 0, 0, 0, 0, 0, 0, 4, 0, 3, 4, 0, 3, 0, 3, 4, 4, 1, 4, 0, 0, 0, 0, 0, 1, 2, 2, 0]"
"['all', 'field', 'with', '*', 'be', 'mandatory', '!']","[0, 0, 0, 0, 0, 0, 0]"
"['it', 'also', 'give', 'the', 'user', 'viewpoint', 'of', 'product', 'use', '.']","[0, 0, 0, 0, 0, 0, 0, 0, 0, 0]"
"['and', ',', 'if', 'request', ',', 'the', 'detailed', 'result', 'of', 'with', 'the', 'GetConﬁguration', 'in', 'the', 'appropriate', 'Work', 'Package', 'Description', '.']","[0, 0, 0, 0, 0, 0, 0, 0, 0, 0, 0, 0, 0, 0, 0, 0, 0, 0, 0]"
"['this', '.', 'hazard', 'requirement', 'and', 'the', 'be']","[0, 0, 0, 0, 0, 0, 0]"
"['.There', 'should', 'be', 'no', 'restriction', 'impose', 'by', 'constraint', 'the', 'on', 'user', '.']","[0, 0, 0, 0, 0, 0, 0, 0, 0, 0, 1, 0]"
"['storage', 'system', 'vendor', 'may', 'provide', 'additional', 'enhancement', 'to', 'raid', 'level', 'implementation', 'to', 'improve', 'performance', 'and', 'lose', 'reliability', 'the', 'to']","[1, 2, 2, 0, 0, 0, 0, 0, 0, 0, 0, 0, 0, 0, 0, 0, 0, 0, 0]"
"['however', '-', 'to', 'secure', 'datum', 'as', 'acquire', 'and', 'one', 'to', 'one', '.', 'minimum', 'a', '.']","[0, 0, 0, 0, 0, 0, 0, 0, 0, 0, 0, 0, 0, 0, 0]"
"['the', 'Command_ID', 'be', 'an', 'identiﬁcation', 'that', 'be', 'unique', '.', 'to', 'speciﬁc', 'instance', 'of', 'each', 'command', '.']","[0, 3, 0, 0, 0, 0, 0, 0, 0, 0, 0, 0, 0, 0, 1, 0]"
"['the', '.', 'team', 'development', 'the', 'by', 'add', 'be', 'display', 'only', 'the']","[0, 0, 2, 1, 0, 0, 0, 0, 0, 0, 0]"
"['the', 'driver', 'by', 'of', 'capable', 'be', 'brake', '.']","[0, 1, 0, 0, 0, 0, 0, 0]"
"['(', '.', 'restriction', 'other', 'or', 'barring', 'be', 'call', 'group', 'user', 'closed', 'to', 'subject', 'number', 'valid', ',', ')', 'shall', 'Cab', 'call', 'voice', 'point', '-', 'to', '-', 'point', 'GSM']","[0, 0, 0, 0, 0, 0, 0, 0, 2, 1, 0, 0, 0, 3, 0, 0, 0, 0, 1, 2, 2, 2, 2, 2, 2, 2, 1]"
"['the', 'train', 'may', ';', 'proceed', 'to', 'the', 'end', 'of', 'its', 'movement', 'unrestricted', 'DMI', 'the', 'on', 'trainborne', 'equipment', 'shall', 'immediately', 'command', 'the', 'full', 'service', 'brake', '.']","[0, 1, 0, 0, 0, 0, 0, 0, 0, 0, 1, 0, 1, 0, 0, 2, 2, 0, 0, 0, 0, 1, 2, 2, 0]"
"['e.g.', '.', 'queue', 'quality', 'will', 'be', 'able', 'the', 'for', 'mode', 'operation', 'normal', 'the', 'as', 'consider', 'be', 'not', 'shall', 'this', 'but', ',', 'operation', 'interactive', 'direct', 'enable', 'to', 'this', 'resequence', 'and', 'break', '.', 'directly', 'program', 'control', 'the', 'with', 'than', 'rather', ',', 'program', 'scheduler', 'the', 'with', 'interact', 'will', 'user', 'the', 'that', 'case']","[0, 0, 1, 0, 0, 0, 0, 0, 0, 4, 3, 0, 0, 0, 0, 0, 0, 0, 0, 0, 0, 0, 0, 0, 0, 0, 0, 0, 0, 0, 0, 0, 0, 0, 0, 0, 0, 0, 0, 0, 0, 0, 0, 0, 0, 1, 0, 0, 0]"
"['the', '.', 'paperwork', 'between', 'citizen', 'and', 'police', 'unit', '/', 'personnel', 'exchange', '.', 'can', 'use', 'it', 'as', 'a', 'tool', 'to']","[0, 0, 0, 0, 0, 0, 0, 0, 0, 0, 0, 0, 0, 0, 0, 0, 0, 0, 0]"
"['this', 'must', 'be', 'possible', 'to', 'log', 'engineering', 'datum', 'at', 'up', 'to', '200', 'Hz', 'rate', 'for', 'short', 'period', 'of', 'time', '.', 'datum', 'be', 'Internal', 'software']","[0, 0, 0, 0, 0, 0, 0, 0, 0, 0, 0, 0, 0, 0, 0, 0, 0, 0, 0, 0, 0, 0, 0, 0]"
"['(', '.', 'radio', 'Cab', 'the', 'by', 'send', 'be', 'shall', ')', 'automatically', 'or', 'base', 'on', 'for', 'function', 'train', '-', 'on', 'additional', 'the', '11', 'of', 'radio', 'Cab', 'the', 'in', 'store', 'list', 'a', ')', 'equipment', 'section', '(', 'shall', ')', '11', 'section', 'see', '(', 'message', 'USSD', 'a', ',', 'function', 'registration', 'the', 'of', 'activation', 'be', 'send', 'by', 'the', 'message', 'USSD', 'a', ',', 'function', 'deregistration', 'the', 'see', 'of', 'upon', ')', 'M']","[0, 0, 2, 1, 0, 0, 0, 0, 0, 0, 0, 0, 0, 0, 0, 0, 0, 0, 0, 0, 0, 0, 0, 2, 1, 0, 0, 0, 0, 0, 0, 0, 0, 0, 0, 0, 0, 0, 0, 0, 2, 1, 0, 0, 0, 0, 0, 0, 0, 0, 0, 0, 0, 2, 1, 0, 0, 0, 0, 0, 0, 0, 0, 0, 0]"
"['(', '.', ']', '1', 'part', '68', 'IEC', '[', 'in', 'to', 'be', 'follow', 'for', ']', '68', 'IEC', '[', 'the', 'in', 'define', ':', 'as', 'follow', 'the', 'include', 'shall', 'equipment', 'mobile', 'EIRENE', 'test', ';', 'p', 'Fire', 'comprise', 'architecture']","[0, 0, 0, 0, 0, 0, 0, 0, 0, 0, 0, 0, 0, 0, 0, 0, 0, 0, 0, 0, 0, 0, 0, 0, 0, 0, 2, 1, 0, 0, 0, 0, 0, 0, 0]"
"['upon', '.', 'people', 'in', 'ci-2', ';', 'number', 'e', 'an', 'send', 'shall', 'system', 'WebOrder']","[0, 0, 0, 0, 0, 0, 0, 0, 0, 0, 0, 0, 0]"
"['leftclicke', '.', '3.2.1.1', 'chapter', 'above']","[0, 0, 0, 0, 0]"
"['activation', 'of', 'that', 'particular', 'VSP', 'be', 'again', 'purely', 'base', 'as', 'on', 'Management', 'decision', '.']","[0, 0, 0, 0, 1, 0, 0, 0, 0, 0, 0, 0, 0, 0]"
"['bar', '.', 'condition', 'storage', 'product', 'to', 'of', 'improve', 'quality', '.', 'capture', 'be', 'should', 'sample', '/', 'specimen', 'all', 'for', 'information', 'custody', 'of']","[0, 0, 4, 4, 3, 0, 4, 0, 0, 0, 0, 0, 0, 1, 0, 1, 0, 0, 4, 4, 4]"
"['give', 'an', 'initial', 'set', 'of', 'conﬁguration', 'log', 'observation', 'the', 'during']","[0, 0, 0, 0, 0, 3, 0, 1, 0, 0]"
"['this', 'ev', 'be', 'ent', 'contain', 'the', 'identification', 'of', 'the', 'heating', 'or', 'cool', 'unit', 'whose', 'status', 'be', 'be', 'shall', 'change', 'a', 'time', 'output', 'the', 'status', 'information', 'of', 'the', 'heating', 'or', 'cool', 'unit', '.']","[0, 0, 0, 0, 0, 0, 3, 0, 0, 1, 2, 2, 2, 0, 3, 0, 0, 0, 0, 0, 0, 0, 0, 3, 4, 0, 0, 1, 2, 2, 2, 0]"
"['this', 'information', 'can', 'be', 'e.g.', 'track', 'basic', ':', 'with', 'a', 'train', 'control', 'system', 'for', 'which', 'no', 'STM', 'be', 'available', 'onboard', ';', 'Level', '1', 'or', 'train', 'maximum', 'a', 'drive', 'the', 'train', 'safely', '.']","[0, 0, 0, 0, 0, 3, 0, 0, 0, 0, 1, 2, 2, 0, 0, 0, 3, 0, 0, 0, 0, 0, 0, 0, 1, 0, 0, 0, 0, 1, 0, 0]"
"['(', '.', 'team', 'maintenance', '-', 'connect', 'the', 'place', 'send', 'be', 'shall', ')', '11', 'section', 'see', '(', 'message', 'USSD', 'a', ',', 'radio', 'Cab', 'the', 'by', 'the', 'Cab', 'radio', 'take', 'shall', 'procedure', 'this', ')', 'M']","[0, 0, 2, 1, 0, 0, 0, 0, 0, 0, 0, 0, 0, 0, 0, 0, 2, 1, 0, 0, 2, 1, 0, 0, 0, 1, 2, 0, 0, 0, 0, 0, 0]"
"['system', ':', 'be', 'support', 'be', 'to', 'datum', 'aggregated', 'of']","[1, 0, 0, 0, 0, 0, 2, 1, 0]"
"['the', 'themas', 'system', 'shall', 'use', 'the', 'information', 'datum', 'any', 'give', 'time', 'overtemperature', 'value', 'from', 'the', 'datum', 'in', 'that', 'file', '.']","[0, 0, 1, 0, 0, 0, 0, 0, 0, 0, 0, 3, 4, 0, 0, 3, 0, 0, 1, 0]"
"['Record', 'Support', ',', 'Device', 'Support', ',', 'EDD']","[0, 0, 0, 0, 0, 0, 0]"
"['Requirements', 'provide', '.', 'software', 'on', 'constraint', 'impose', ')', 'service', 'and', 'operation', 'design', 'a', 'computer', 'executable', 'but', ',', 'support', 'be']","[0, 0, 0, 0, 0, 0, 0, 0, 0, 0, 0, 0, 0, 0, 0, 0, 0, 0, 0]"
"['the', 'system', 'will', 'facilitate', 'to', 'show', 'the', 'user', 'follow', 'detail', 'if', 'necessary', '.']","[0, 1, 0, 0, 0, 0, 0, 1, 0, 0, 0, 0, 0]"
"['(', '.', 'be', 'the', '-', 'call', 'function', 'the', 'of', 'activation', 'upon', ')', 'M']","[0, 0, 0, 0, 2, 2, 0, 0, 0, 0, 0, 0, 0]"
"['standardise', 'output', 'interface', 'shall', 'enable', 'transmission', 'of', 'information', 'record', 'to', 'other', 'medium', 'datum', '.', 'to', 'investigation', 'datum', 'to', 'enable', 'assessment', 'of', 'driver', 'operational', 'performance', 'be', 'store', 'for', 'at', 'least', 'one', 'shall', ';', 'detailed', 'very', 'of', 'accident', 'need', 'only', 'be', 'store', 'for', 'at', 'least', '24', 'hour', ',', 'and', 'shall', 'be', 'enable', 'equipman', ';', 'datum', 'shall', 'be', 'suppress', 'on', 'the', 'tandem', '4.6.12', 'traction', '.']","[1, 2, 2, 0, 0, 0, 0, 3, 0, 0, 0, 1, 0, 0, 0, 1, 4, 0, 0, 0, 0, 1, 3, 2, 0, 0, 0, 0, 0, 0, 0, 0, 0, 0, 0, 1, 0, 0, 0, 0, 0, 0, 0, 0, 0, 0, 0, 0, 0, 0, 2, 0, 3, 0, 0, 0, 0, 0, 1, 0, 2, 0]"
"['Consistency', 'between', 'navigation', 'component', 'and', 'content', ':', 'if', 'navigation', 'component', '(', 'or', 'overviews', ')', 'an', 'in', 'site', 'the', 'a', 'separate', 'navigation', 'overview', 'such', 'as', 'a', 'site', 'be', 'map', 'be', 'provide', 'for', 'application', 'show', 'the', 'structure', 'of', 'should', 'show', 'in', 'conjunction', '(', 'e.g.', 'highlighting', ')', 'the', 'topic', 'currently', 'visible', 'component', 'in', 'content', 'area', '.']","[0, 0, 0, 0, 0, 0, 0, 0, 0, 0, 0, 0, 0, 0, 0, 0, 0, 0, 0, 0, 0, 0, 0, 0, 0, 0, 0, 0, 0, 0, 0, 0, 0, 0, 0, 0, 0, 0, 0, 0, 0, 0, 0, 0, 0, 0, 0, 0, 0, 0, 0, 0, 0]"
"['detailed', '.', ')', 'the', 'information', 'type', 'conveyance', 'the', 'as', 'well', 'as', ',', ')', 'other', 'countless', 'among', ',', 'train', 'or', ',', 'bus', ',', 'airplane', 'as', 'such', '(', 'of', 'driver', 'and', 'vehicle', 'be', 'to', 'datum', 'history']","[0, 0, 0, 0, 4, 3, 4, 0, 0, 0, 0, 0, 0, 0, 0, 0, 0, 0, 0, 0, 0, 0, 0, 0, 0, 0, 4, 3, 0, 4, 0, 0, 4, 4]"
"['change', 'system', 'constant', 'the', 'be', 'both', 'of', ',', 'to', 'avoid', 'unnecessary', 'compilation', '.']","[0, 3, 4, 0, 0, 0, 0, 0, 0, 0, 0, 0, 0]"
"['two', 'major', 'ﬂavor', 'of', 'development', 'tool', 'be', 'in', 'use', 'with', 'support', 'come', 'from', 'key', 'within', 'to', 'two']","[0, 0, 0, 0, 0, 0, 0, 0, 0, 0, 0, 0, 0, 0, 0, 0, 0]"
"['the', 'system', 'will', 'capture', 'the', 'master', 'detail', 'of', 'every', 'distributor', 'so', 'that', 'the', 'user', 'can', 'get', 'the', 'detail', 'of', 'any', 'distributor', 'and', 'sale', 'detail', 'at', 'any', 'time', 'follow', 'not', 'will', 'voucher', 'for', 'the', 'first', 'follow', '-', 'up', ';', 'and', 'the', 'third', 'tear', 'off', 'for', 'one', 'the', '(', 'second', 'follow', '-', 'up', ')', '.']","[0, 1, 0, 0, 0, 3, 4, 0, 0, 1, 0, 0, 0, 1, 0, 0, 0, 3, 0, 0, 1, 0, 3, 4, 0, 0, 0, 0, 0, 0, 1, 0, 0, 1, 2, 2, 2, 0, 0, 0, 0, 0, 0, 0, 0, 0, 0, 1, 2, 2, 2, 0, 0]"
"['Sales', '.', 'system', 'the', 'on', 'in', '-', 'log', 'be', 'must', 'Person']","[1, 0, 0, 0, 0, 0, 0, 0, 0, 0, 2]"
"['they', '.', 'line', 'communication', 'via', 'collocate', 'the', 'have', 'operation', 'reduced', 'a', 'at', 'but', 'capability', 'operation', 'remote', 'have']","[0, 0, 0, 0, 0, 0, 0, 0, 0, 0, 0, 0, 0, 0, 0, 0, 0]"
"['raid', 'two', 'parity', 'disk', 'in', 'the', 'datum', 'be', 'store', 'as', 'be', 'check', 'sum', 'and', 'other', 'information', 'about', 'the', 'content', 'of', 'each', 'disk', ',', 'parity', 'implementation', 'raid', 'addition', 'to', 'data', 'disk', 'be', 'use', 'in', 'an', 'attempt', 'to', 'far', 'improve', 'performance', ')', '.']","[0, 0, 0, 0, 0, 0, 0, 0, 0, 0, 0, 0, 0, 0, 0, 0, 0, 0, 0, 0, 0, 1, 0, 0, 0, 0, 0, 0, 0, 0, 0, 0, 0, 0, 0, 0, 0, 0, 0, 0, 0]"
"['example', 'of', 'the', 'processing', 'of', 'accumulate', 'datum', 'be', 'interpretation', 'manipulation', ',', 'or', 'measurement', 'gccs', '-', 'aagccs', 'Army', 'Global', 'Command', 'and', 'Control', 'System-', 'Army', ';', 'ANSI', 'American', 'National', 'Standards', 'Institute', ';', ';', 'compilation', 'Systems', 'and', 'to', 'verify', 'that', 'the', 'requirement', 'have', 'be', 'satisfied', '.']","[0, 0, 0, 0, 0, 0, 0, 0, 0, 0, 0, 0, 0, 0, 0, 0, 0, 0, 0, 0, 0, 0, 0, 0, 0, 0, 0, 0, 0, 0, 0, 0, 0, 0, 0, 0, 0, 0, 0, 0, 0, 0, 0]"
"['observe', 'principle', 'of', 'human', 'on', 'perception', 'design', 'application', 'page', ',', 'the', 'general', 'principle', 'of', 'when', 'use', 'location', 'a', 'layout', 'scheme', 'for', 'each', 'category', 'consistently', '.']","[0, 0, 0, 0, 0, 0, 0, 0, 0, 0, 0, 0, 0, 0, 0, 0, 0, 0, 0, 0, 0, 0, 3, 0, 0]"
"['this', '.', 'B.Monitoring', ';', 'instrument', 'and', 'telescope', 'read', 'of', 'direct', 'no', 'with', 'sequencer', 'the', 'through', 'be', 'system', 'the', 'to', 'control', '.']","[0, 0, 0, 0, 0, 0, 0, 0, 0, 0, 0, 0, 0, 0, 0, 0, 0, 0, 0, 0, 0]"
"['the', 'A&G', 'might', 'be', 'transmit', 'Zernickes', 'to', 'the', 'PMCS', ',', 'which', 'be', 'receive', 'Shack-', ',', 'the', 'multiple', ',', 'interfere', 'with', 'the', ""'"", 'normal', ""'"", 'command', 'stream', 'from', ';', 'some', 'command', 'and', 'datum', 'signal', 'be', 'simply', 'broadcast', 'Broadcast', ')', 'say', '(', 'or', 'both', '!']","[0, 0, 0, 0, 0, 0, 0, 0, 0, 0, 0, 0, 0, 0, 0, 0, 0, 0, 0, 0, 0, 0, 0, 0, 0, 0, 0, 0, 0, 0, 0, 0, 0, 0, 0, 0, 0, 0, 0, 0, 0, 0, 0]"
"['distinguishable', 'clear', 'of', 'provision']","[0, 0, 0, 0]"
"['support', 'query', 'of', 'spatial', 'datum', 'where', 'the', 'selection', 'criterion', 'which', 'CASS', 'monitor', 'for', 'be', 'satisfied', '.']","[0, 0, 0, 1, 2, 0, 0, 0, 0, 0, 0, 0, 0, 0, 0, 0]"
"['unplanned', 'downtime', 'for', 'System', 'search', '(', 'multiple']","[0, 0, 0, 0, 0, 0, 0]"
"['the', '.', 'with', 'email', 'confirmation', 'a', 'cart', 'shopping']","[0, 0, 0, 0, 0, 0, 2, 1]"
"['the', 'module', 'send', 'this', 'with', 'command', 'block', 'until', 'information', 'be', 'receive', 'via', 'the', 'indicate', 'be', 'respond', 'to', 'be', 'to', 'initial', 'condition', ';', 'TestRoute', 'a', 'test', 'message', 'be', 'transmit', 'across', 'the', 'route', '.']","[0, 1, 0, 0, 0, 1, 0, 0, 0, 0, 0, 0, 0, 0, 0, 0, 0, 0, 0, 0, 0, 0, 0, 0, 0, 0, 0, 0, 0, 0, 1, 0]"
"['these', '.', 'telescope', 'Gemini', 'the', 'with', 'associate', 'organization', 'administrative', 'any', 'site', 'with', 'be', 'not', 'may', 'or', 'may']","[0, 0, 0, 0, 0, 0, 0, 0, 0, 0, 0, 0, 0, 0, 0, 0, 0]"
"['with', 'a', 'proper', 'configuration', ',', 'to', 'requirement', '’', 'state', 'great', 'efficiency', '.']","[0, 0, 0, 1, 0, 0, 0, 0, 0, 0, 0, 0]"
"['it', 'not', 'connectivity', ',', 'perhaps', 'point', 'to', 'point', ',', 'be', 'voice', 'available', 'a', 'permanent', 'connection', '.']","[0, 0, 0, 0, 0, 0, 0, 0, 0, 0, 0, 0, 0, 0, 0, 0]"
"['the', 'redundancy', 'be', 'also', 'a', 'requirement', ',', 'to', 'prevent', 'a', 'single', 'failure', 'from', 'cause', 'the', 'loss', 'of', 'collect', 'datum', '.', 'system']","[0, 0, 0, 0, 0, 0, 0, 0, 0, 0, 0, 0, 0, 0, 0, 0, 0, 0, 0, 0, 1]"
"['service', 'observe', 'require', 'switch', 'during', 'the', 'night', 'among', 'telescope', 'mode', 'and', 'instrument', '.']","[0, 0, 0, 0, 0, 0, 0, 0, 3, 4, 0, 1, 0]"
"['report', '.', 'event', 'health', 'a', 'contain', 'and', 'to', 'respond', 'in', 'investigator', 'and', 'response', 'indicate', 'effective', 'assist', 'by', 'case', 'of', 'number', 'the', 'illustrate', 'that', 'map', 'or', ')', 'event', 'health', 'the', 'contain', 'in', 'effectiveness', 'the', 'demonstrate', '(', 'zip', 'with', 'code']","[0, 0, 2, 1, 0, 0, 0, 0, 0, 0, 1, 0, 2, 0, 0, 0, 0, 1, 0, 0, 0, 0, 0, 1, 0, 0, 2, 1, 0, 0, 0, 0, 0, 0, 0, 3, 0, 4]"
"['(', ']', 'i', 'compliance', 'to', 'the', 'list', 'of', 'normative', 'document', ')', 'summarise', '.', 'M', 'version', 'list', '.']","[0, 0, 0, 0, 0, 0, 0, 0, 0, 0, 0, 0, 0, 0, 0, 0, 0]"
"['the', '.', 'for', 'look', 'to', 'both', 'and', 'or', 'the', 'of', 'which', 'specify', 'can', 'user']","[0, 0, 0, 0, 0, 0, 0, 0, 0, 0, 0, 0, 0, 1]"
"['A1', '.']","[0, 0]"
"['a', 'current', 'temperature', 'value', 'that', 'be', 'receive', 'from', 'process', 'an', 'thermostat', 'shall', 'be', 'compare', 'to', 'the', 'valid', 'temperature', 'range', 'value', '.']","[0, 3, 4, 4, 0, 0, 0, 0, 0, 0, 1, 0, 0, 0, 0, 0, 3, 4, 4, 4, 0]"
"['geographic', 'base', ',', 'or', 'text', 'editor', '.']","[0, 2, 0, 0, 0, 0, 0]"
"['the', 'statistic', 'statistic']","[0, 4, 0]"
"['User', '.', 'the', 'to', 'maximum', '10', 'Co', 'Tool', 'of', '/customer', 'employee', 'the', 'of', 'Password', '=']","[3, 0, 0, 0, 0, 0, 0, 0, 0, 1, 1, 0, 0, 3, 0]"
"['the', 'SRS', 'shall', 'give', 'a', 'prototype', 'of', 'a', 'simulated', 'will', 'thermostat', 'verification', 'and', 'validation', 'of', 'themas', 'reliability', '.']","[0, 0, 0, 0, 0, 0, 0, 0, 0, 0, 0, 0, 0, 0, 0, 0, 0, 0]"
"['(', 'three', 'of', 'detail', 'provide', 'table', 'follow', 'the', ')', 'the', 'there', 'where', ')', ')', '1', ':', 'be']","[0, 0, 0, 0, 0, 0, 0, 0, 0, 0, 0, 0, 0, 0, 0, 0, 0]"
"['system', 'support', 'OM', 'should', 'support', 'multiple', 'file', 'format', 'for', 'import', 'and', 'export', 'such', ',', 'possible', 'event', 'across', 'system', 'support', 'OM', ';', 'however', ',', 'it', 'be', 'require', 'that', 'vocabulary', 'standard', 'be', 'use', 'when', 'exchange', 'datum', '.', 'use', 'health', 'be', 'that', 'at', 'all', 'level', 'of', 'public', 'health', '(', 'e.g.', ',', 'national', ',', 'state', ',', 'local', ')', '.']","[1, 0, 0, 0, 0, 0, 0, 0, 0, 0, 0, 0, 0, 0, 0, 2, 0, 1, 0, 0, 0, 0, 0, 0, 0, 0, 0, 1, 2, 0, 0, 0, 0, 3, 0, 0, 1, 0, 0, 0, 0, 3, 0, 1, 2, 0, 0, 0, 0, 0, 0, 0, 0, 0, 0]"
"['System', 'shall', 'display', 'the', 'hyperlink', 'and', 'description', 'well', 'module']","[1, 0, 0, 0, 1, 0, 1, 0, 0]"
"['the', 'system', 'should', 'be', 'design', 'to', 'the', 'must', 'and', 'scaleable', 'software', 'or', 'hardware', 'failure', ',', 'it', 'must', 'be', 'possible', 'to', 'restore', 'the', 'System', '(', 'with', 'inline', 'synchronization', 'any', 'of', 'event', 'the', 'for', 'the', 'System', 'must', 'not', 'exceed', '<', 'x', ')', '>', '<', 'roll', 'three', 'month', 'period', '>', '.']","[0, 0, 0, 0, 0, 0, 0, 0, 0, 0, 0, 0, 0, 0, 0, 0, 0, 0, 0, 0, 0, 0, 0, 0, 0, 0, 0, 0, 0, 0, 0, 0, 0, 0, 0, 0, 0, 0, 0, 0, 0, 0, 0, 0, 0, 0, 0, 0]"
"['the', 'on', '-', 'line', 'database', 'can', 'be', 'consider', 'part', 'of', 'this', 'to', 'develop', 'Section', ')', 'minimize', 'the', 'effect', 'of', 'single', '-', 'point', 'error', 'to', 'throughout', 'system', '.']","[0, 0, 0, 0, 0, 0, 0, 0, 0, 0, 0, 0, 0, 0, 0, 0, 0, 0, 0, 0, 0, 0, 0, 0, 0, 1, 0]"
"['Customer', '.', '""', 'cart', 'initiate', 'checkout', 'with', 'cookie', 'append', 'system', ';', 'cart', 'shopping', 'the', 'the', 'item', 'of', 'order', 'calculate', 'system', ';', 'process', 'in', 'shopping', 'the', 'in', 'process', 'checkout', 'the', 'for', 'order', 'an', 'confirm', '.', 'and']","[1, 0, 0, 2, 0, 0, 0, 0, 0, 0, 0, 2, 1, 0, 0, 1, 0, 0, 0, 0, 0, 0, 0, 1, 0, 0, 0, 0, 0, 0, 1, 0, 0, 0, 0]"
"['after', 'override', 'this', 'function', 'the', 'be', 'emergency', 'shall', 'be', 'apply', 'until', 'the', 'traction', 'unit', 'shall', 'be', '.']","[0, 0, 0, 1, 0, 0, 1, 0, 0, 0, 0, 0, 1, 2, 0, 0, 0]"
"['in', 'line', ';', 'for', 'free', 'for', '(', 'NTA', ')', ',', 'adapt', 'for', 'this', 'voucher', 'scheme', '(', 'TA', '-', 'OBA', ',', 'treatment', 'algorithm', 'for', 'std', 'treatment', 'in', 'the', 'OBA', 'scheme', ')', ',', 'be', 'give', 'to', 'client', 'with', 'Uganda', 'the', 'the', '-', 'up', 'visit', '.']","[0, 0, 0, 0, 0, 0, 0, 0, 0, 0, 0, 0, 0, 0, 0, 0, 0, 0, 0, 0, 0, 0, 0, 0, 0, 0, 0, 0, 0, 0, 0, 0, 0, 0, 1, 0, 0, 0, 0, 0, 0, 0, 0]"
"['system', '.', 'www.cdc.gov/phin', 'at', 'available', ',', 'Measures', 'Performance', 'Key', 'process']","[1, 0, 0, 0, 0, 0, 0, 0, 0, 0]"
"['transfer', 'to', 'shunt', 'on', 'driver', '’s', '.', 'selection', 'only', 'be', 'possible', 'when', 'stationary', '.', 'shall', 'authority', 'movement', 'or', 'unit', 'shall', 'be', 'capable', 'of', 'be', 'move', 'in', 'Shunting', 'without', 'train', 'datum', ',', 'track', 'datum']","[0, 0, 0, 0, 1, 0, 0, 0, 0, 0, 0, 0, 3, 0, 0, 4, 3, 0, 2, 0, 0, 0, 0, 0, 0, 0, 0, 0, 3, 4, 0, 3, 4]"
"['each', 'Information', 'Resource', 'will', 'have', 'its', 'own', 'web', 'page', 'to', 'allow', 'the', 'user', 'to', 'view', 'all', 'pertinent', '.', ';', 'author', 'subscriber', 'the', 'xml', 'tag', 'by', 'give', 'the', 'user', 'the', 'search', 'option', 'to', 'find', 'all', 'tag', 'of', 'a', 'give', '/', '&', ',', ',', 'tag', '’s', 'data', 'type', 'and', 'related', 'information', ';']","[0, 1, 2, 0, 0, 0, 0, 3, 4, 0, 0, 0, 1, 0, 0, 0, 0, 0, 0, 2, 1, 0, 1, 2, 0, 0, 0, 1, 0, 0, 0, 0, 0, 0, 1, 0, 0, 0, 2, 0, 0, 0, 1, 0, 3, 4, 0, 3, 4, 0]"
"['the', '.', 'drive', 'usb', 'another', 'via', 'up', 'system']","[0, 0, 0, 0, 0, 0, 0, 0]"
"['the', 'choice', 'of', 'on', 'such', 'environment', 'have', 'to', 'be', 'deﬁne', ',', 'together', 'with', 'an', 'section', 'previous', 'the', 'system', 'software', '(', 'operating', 'system', ',', 'language', 'and', 'tool', ')', 'choose', 'optimally', 'to', 'support', 'the', 'development', 'model', 'present', 'in', 'hardware', 'the', 'method', ':', '(', 'for', 'quality', 'and', 'maintenance', 'reason', ')', ';', 'visible', 'avoid', 'speciﬁcation', ';', 'discover', 'error', 'early', '(', 'via', 'review', 'incomplete', 'process', 'development', 'the', 'develop', 'accord', 'to', 'a', 'structured', 'and', 'formally', 'deﬁne', 'development', 'model', '.']","[0, 0, 0, 0, 0, 1, 0, 0, 0, 0, 0, 0, 0, 0, 0, 0, 0, 3, 4, 0, 3, 4, 0, 3, 0, 3, 0, 0, 0, 0, 0, 0, 0, 0, 0, 0, 4, 0, 0, 0, 0, 0, 0, 0, 0, 0, 0, 0, 0, 0, 0, 0, 0, 0, 0, 0, 0, 0, 0, 0, 0, 0, 0, 0, 0, 0, 0, 0, 0, 0, 0, 0, 0]"
"['if', 'the', 'IOC', 'local', 'database', 'contain', 'the', 'request', 'item', ',', 'it', 'respond', 'with', 'identiﬁcation', 'the', 'by', 'see', 'pure', 'than', 'general', 'more', 'be', 'it', 'sense', 'this', 'remote']","[0, 0, 1, 2, 2, 0, 0, 0, 1, 0, 0, 0, 0, 3, 0, 0, 0, 0, 0, 0, 0, 0, 0, 0, 0, 0]"
"['the', 'user', 'the', 'interface', 'the', 'system', 'should', 'follow', 'the', 'guideline', 'specify', 'under', 'of']","[0, 0, 0, 0, 0, 0, 0, 0, 0, 0, 0, 0, 0]"
"['the', 'ETCS', 'on', '-', 'board', 'combination', 'the', 'of', 'closing', 'power', 'supply', '.']","[0, 1, 0, 0, 0, 0, 0, 0, 0, 3, 4, 0]"
"['2', '.', 'account', 'account', 'the', 'on', 'click']","[0, 0, 0, 0, 0, 0, 0]"
"['the', 'system', 'can', 'allow', 'the', 'duplicate', 'name', 'it', 'master', 'be', 'to', 'a', 'particular', 'distributor', 'with', 'follow', 'summary', 'detail', '.']","[0, 1, 0, 0, 0, 0, 3, 0, 0, 0, 0, 0, 0, 1, 0, 0, 3, 4, 0]"
"['the', 'interpretation', 'of', 'this', 'table', 'be', 'that', 'we', 'should', 'discover', 'the', 'failure', 'reduce', 'software', ';', 'and', 'test', 'effectively', 'with', 'minimum', 'effort', 'and', 'cost', ';', 'reduce', 'maintenance', 'induce', 'problem', ';', 'reduce', 'the', 'cost', 'of', 'test', 'equipment', 'programming', 'have', 'to', 'be', 'module', ""'s"", 'environment', 'be', 'strictly', 'deﬁne', 'by', 'its', 'each', 'interface', 'other', 'component', '.']","[0, 0, 0, 0, 0, 0, 0, 0, 0, 0, 0, 0, 0, 0, 0, 0, 0, 0, 0, 0, 0, 0, 0, 0, 0, 0, 0, 0, 0, 0, 0, 0, 0, 0, 0, 0, 0, 0, 0, 1, 0, 1, 0, 0, 0, 0, 0, 0, 0, 0, 1, 0]"
"['this', 'system', 'information', 'event', 'consist', 'of', 'a', 'description', 'of', 'the', 'event', 'type', '(', 'a', 'request', 'deny', 'event', 'shall', ')', 'cool', 'heating', 'system', 'shall', 'record', 'that', 'event', '.']","[0, 1, 4, 2, 0, 0, 0, 3, 4, 4, 4, 4, 0, 0, 0, 0, 0, 0, 0, 4, 3, 1, 0, 0, 0, 1, 0]"
"['(', ')', 'call', 'setup', 'time', 'requirement', 'be', 'dependent', 'i', 'unit', 'and', 'follow', 'shall', 'output', 'a', 'request', 'to', 'turn', 'off', 'both', 'the', 'heating', 'unit', 'and', 'the', 'module', 'cool']","[0, 0, 3, 4, 4, 0, 0, 0, 0, 2, 0, 0, 0, 0, 0, 1, 0, 0, 0, 0, 0, 1, 2, 0, 0, 0, 1]"
"['this', 'could', 'be', 'card', ';', ')', 'system', 'do', 'in', 'situ', 'during', 'an', 'observe', 'session', '.']","[0, 0, 0, 0, 0, 0, 0, 0, 0, 0, 0, 0, 0, 0, 0]"
"['if', 'not', 'the', 'system', 'will', 'not', 'particular', 'accept', 'detail', 'return', 'sale', 'Return', 'Date', '–', 'system', 'date', 'be', 'default', 'and', 'it', 'voucher', 'should', 'less', 'than', 'or', 'equal', 'to', 'system', 'date', '.']","[0, 0, 0, 1, 0, 0, 0, 0, 4, 3, 3, 4, 4, 0, 0, 0, 0, 0, 0, 0, 4, 0, 0, 0, 0, 0, 0, 0, 0, 0]"
"['for', ',', 'i.e.', 'those', 'not', 'use', 'by', 'operation', 'at', 'value', 'observe', '.']","[0, 0, 0, 0, 0, 0, 0, 0, 0, 4, 0, 0]"
"['(', 'M', ')', 'all', 'malfunction', 'and', ')', 'normal', 'be', 'experience', '.']","[0, 0, 0, 0, 0, 0, 0, 0, 0, 0, 0]"
"['it', 'specify', 'a', 'digital', 'radio', 'standard', 'EIRENE', 'trackside', 'System', 'Specification', 'ground', '-', 'train', 'voice', 'and', 'datum', 'communication', ',', 'together', 'with', 'the', 'groundbase', 'mobile', 'communication', 'need', 'encompass']","[0, 0, 0, 0, 0, 0, 0, 0, 0, 0, 0, 0, 0, 0, 0, 0, 0, 0, 0, 0, 0, 0, 0, 0, 0, 0]"
"['OPI', 'Operator', 'Interface', '.']","[0, 0, 0, 0]"
"['Fault', '.']","[0, 0]"
"['install', 'account']","[0, 1]"
"['Voucher', '/', 'Preparation', ';', 'marketing', '/', 'Sales', ';', 'claim', 'Entry', '/', 'Processing', ';', 'Voucher', 'Creation', 'to', 'module', 'follow', 'in', 'time', 'without', 'delay', '.']","[1, 2, 2, 0, 1, 2, 2, 0, 1, 2, 2, 2, 0, 1, 2, 0, 0, 0, 0, 0, 0, 0, 0]"
"['if', 'the', 'system', 'allow', 'user', 'to', 'make', 'unauthorised', 'attempt', 'to', '.', 'access', ',', 'it', 'must', 'log', 'these', 'in', 'the', 'audit', 'trail', '.', 'case', 'quick', 'access', 'right', 'advanced', 'search', ',', 'the', 'System', 'must', 'never', 'include', 'in', 'the', 'to', 'search', 'list', 'any', 'record', 'which', 'the', 'group', 'do', 'not', 'have', 'the', 'result', 'as']","[0, 0, 0, 0, 1, 0, 0, 0, 0, 0, 0, 0, 0, 0, 0, 0, 0, 0, 0, 1, 2, 0, 1, 0, 0, 0, 0, 0, 0, 0, 0, 0, 0, 0, 0, 0, 0, 0, 0, 0, 1, 0, 0, 1, 0, 0, 0, 0, 0, 0]"
"['it', 'incorporate', 'other', 'paragraph', '3.3', 'of', 'the', 'Data', 'Item', 'Description', 'DI', '-', 'IPSC-81433', ')', 'define', 'these', 'interface', 'will', 'be', 'specify', 'in', 'during', 'specify', '(', 'Toolkit', '.']","[0, 0, 0, 0, 0, 0, 0, 0, 0, 0, 0, 0, 0, 0, 0, 0, 0, 0, 0, 0, 0, 0, 0, 0, 0, 0]"
"['while', '.', 'content', 'any', 'host', 'or', 'datum', 'may', 'user', 'maintain', 'not', 'do']","[0, 0, 1, 0, 0, 0, 4, 0, 3, 0, 0, 0]"
"['it', '.', 'observe', 'remote', 'Telescopes', 'speciﬁc', '.', 'be', 'necessary', 'as', 'position', 'can', 'operator', 'the', 'which', 'camera', '.', 'video', 'a', 'use', 'perhaps', ',', 'room', 'control', 'the', 'in', 'portable']","[0, 0, 0, 0, 0, 0, 0, 0, 0, 0, 0, 0, 1, 0, 0, 0, 0, 0, 0, 0, 0, 0, 0, 0, 0, 0, 0]"
"['the', '.', 'second', '1', 'than', 'less', 'be', 'add', 'to', 'able', 'concurrently', 'in', 'log', 'customer', '1000', 'handle', 'to', 'at', 'able', 'shall', 'system']","[0, 0, 0, 0, 0, 0, 0, 0, 0, 0, 0, 0, 0, 1, 0, 0, 0, 0, 0, 0, 0]"
"['within', 'unit', 'the']","[0, 4, 0]"
"['if', 'the', 'indicate', 'release', 'be', 'calculate', 'on', 'board', 'it', 'shall', 'speed', 'be', 'shall', 'speed', 'the', 'trackside', 'shall', 'take', 'priority', 'over', 'the', 'release', 'speed', 'calculate', 'on', 'board', '.']","[0, 0, 0, 3, 0, 0, 0, 0, 0, 0, 4, 0, 0, 4, 0, 1, 0, 0, 0, 0, 0, 3, 4, 0, 0, 0, 0]"
"['(', 'the', 'or', 'MSISDN', 'the', 'call', 'by', 'accessible', ')', 'be', 'mobile', 'the', ',', 'registration', 'upon', ')', 'M', 'shall', 'Engine', '10.5', 'see', '1', '-', '5', 'table', 'see', '–', 'volume', 'loudspeaker', 'default', 'the', 'of', 'selection', 'automatic', 'the', 'include', ')', '.']","[0, 0, 0, 3, 0, 0, 0, 0, 0, 0, 1, 0, 0, 1, 0, 0, 0, 0, 3, 0, 0, 0, 0, 0, 0, 0, 0, 0, 0, 0, 0, 0, 0, 0, 0, 0, 0, 0]"
"['the', '.', 'level', 'a.observe', ':', 'be', 'level', 'operational']","[0, 0, 0, 0, 0, 0, 4, 3]"
"['system', '.', 'system', 'high', 'aggregate', '-', 'datum', 'be', 'OM', 'support', 'to', 'report', 'and', ',', 'analyze', ',', 'collect', 'be', 'datum', 'the', 'that', 'ensure', 'to', 'necessary', 'be', 'requirement', 'level', 'clearly', 'an', 'upload', 'and', 'share', 'to', 'able', 'be', 'server', 'same', 'the', 'from', 'work', 'application', 'OM', 'of', 'instance', 'all', 'that', 'so', 'synchronize', 'be', 'use', 'to', 'the', 'datum', 'be', 'may', 'that', 'device', 'remote', 'from', 'datum', 'store', 'and', 'record', 'electronically', 'to', 'able', 'be', 'should', 'OM', 'support']","[1, 0, 2, 0, 1, 0, 0, 0, 0, 0, 0, 0, 0, 0, 0, 0, 0, 0, 3, 0, 0, 0, 0, 0, 0, 0, 0, 0, 0, 0, 0, 0, 0, 0, 0, 1, 0, 0, 0, 0, 2, 1, 0, 1, 0, 0, 0, 0, 0, 0, 0, 0, 3, 0, 0, 0, 2, 1, 0, 3, 0, 0, 0, 0, 0, 0, 0, 0, 0, 0]"
"['the', 'application', 'in', ')', 'the', 'audit', 'trail', 'to', 'ensure', 'legal', 'admissibility', 'and', 'the', 'to', 'in', 'data', 'recovery', '.']","[0, 0, 0, 0, 0, 1, 2, 0, 0, 0, 0, 0, 0, 0, 0, 0, 0, 0]"
"['(', '.', 'number', 'store', 'a', 'with', 'association', 'M', 'initiate', 'priority', 'have', 'call', ',', 'entry', 'of', 'time', 'at', 'indicate', 'otherwise', 'unless', ')', 'M', '(', ':', 'call', 'follow', 'from', 'the', 'store', 'number', 'will', 'call', ',', 'default', 'by', ')', 'M', 'a']","[0, 0, 4, 3, 0, 0, 0, 0, 0, 0, 0, 1, 0, 0, 0, 0, 0, 0, 0, 0, 0, 0, 0, 0, 0, 0, 0, 0, 1, 2, 0, 1, 0, 0, 0, 0, 0, 0]"
"['different', 'approach', 'can', 'be', 'use', 'for', 'achieve', 'these', '.', 'for', 'can']","[0, 0, 0, 0, 0, 0, 0, 0, 0, 0, 0]"
"['standard', 'interface', 'to', 'the', 'be', 'array', 'use', 'all', 'for', 'maintenance', 'and', 'repair', '.']","[0, 0, 0, 0, 0, 0, 0, 0, 0, 0, 0, 0, 0]"
"['remove', '.', 'application', 'the', 'in', 'instal', 'be', 'a', 'plug', 'install', 'system', 'or', 'button', 'the', 'click', 'administrator', '""', 'in', 'link', '-', 'Install', '""', 'to', 'link', 'or', 'button', 'the', 'Plug', 'to', 'initiate', 'Plug', ';', 'module', 'in', '-', 'Plug', 'the', 'upload', 'to', 'Administrator', 'the', 'prompt', 'system', ';', 'process', 'installation', 'in', '-', ';', 'click', 'Weborder', '.', 'remove', 'System', ';', 'module', 'in', '-', 'Plug', 'the', 'desire', 'select', 'to', 'Administrator', 'the', 'prompt', 'system', ';', 'the', 'process', 'plug', 'in', 'change']","[0, 0, 0, 0, 0, 0, 0, 0, 0, 0, 0, 0, 0, 0, 0, 1, 0, 0, 0, 0, 0, 0, 0, 0, 0, 0, 0, 0, 0, 0, 0, 0, 0, 0, 0, 0, 0, 0, 0, 1, 0, 0, 0, 0, 0, 0, 0, 0, 0, 0, 0, 0, 0, 0, 0, 0, 0, 0, 0, 0, 0, 0, 0, 1, 0, 0, 0, 0, 0, 0, 0, 0, 0]"
"['the', 'follow', 'section', 'list', 'those', 'that', 'would', 'be', 'commonly', 'use', '.']","[0, 0, 0, 0, 0, 0, 0, 0, 0, 0, 0]"
"['separate', '.', 'range', 'search', 'wide', 'a', 'provide', 'to', 'update', 'easily', 'be', 'can', 'by', 'of', 'other', 'section', 'the', 'of', 'user', 'potential', 'the', 'by', 'use', 'be', 'also', 'will']","[0, 0, 0, 0, 0, 0, 0, 0, 0, 0, 0, 0, 0, 0, 0, 0, 0, 0, 1, 0, 0, 0, 0, 0, 0, 0]"
"['Consistent', 'page', 'layout', ':', 'page', '-', 'an', ',', 'use', 'possible', 'problem', ',', 'for', 'example', ',', 'those', 'involve', 'avoid', 'the', 'of', 'the', 'back', 'button', ',', 'bookmarke', 'of', 'page', 'use', ',', 'to', 'be', '(', 'color', '-', 'blindness', ')', '.']","[0, 0, 0, 0, 0, 0, 0, 0, 0, 0, 0, 0, 0, 0, 0, 0, 0, 0, 0, 0, 0, 0, 0, 0, 0, 0, 0, 0, 0, 0, 0, 0, 0, 0, 0, 0, 0]"
"['rda', 'define', 'a', 'set', 'of', 'to', 'client', 'able', 'application', 'interoperability', 'between', 'application', '(', 'client', ')', 'and', 'database', '(', 'server', ')', 'of', 'different', 'manufacturer', 'so', 'that', 'an', 'be', 'allow', 'and', 'standard', 'two', 'phase', 'commit', 'tp', 'service', 'in', 'the', 'case', 'where', 'update', 'to', 'multiple', 'remote', 'database', 'need', 'and/or', 'to', ')', 'server', 'processing', '(', 'and', 'a', 'mapping', 'of', 'SQL', 'command', 'to', 'these', 'service', '.']","[0, 0, 0, 0, 0, 0, 0, 0, 0, 0, 0, 0, 0, 0, 0, 0, 0, 0, 0, 0, 0, 0, 0, 0, 0, 0, 0, 0, 0, 0, 0, 0, 0, 0, 0, 0, 0, 0, 0, 0, 0, 0, 0, 0, 0, 0, 0, 0, 0, 0, 0, 0, 0, 0, 0, 0, 0, 0, 0, 0, 0]"
"['(', 'at', '.', 'deregistration', 'or', 'registration', 'the', 'of', 'activation', 'after', 'function', ')', 'i']","[0, 0, 0, 0, 0, 0, 0, 0, 0, 0, 0, 0, 0]"
"['Sales', '.', 'HTTPS', 'with', 'be', 'browser', 'a', 'via', 'system', 'weborder', 'the', 'access', 'to', 'web', 'within', 'create', 'be', 'system', ';', 'information', 'product', 'new', 'the', 'validate', 'create', 'system', 'product', 'of', 'availability', 'and', ',', 'inventory', 'in', ';', 'a', 'new', 'product', 'product', 'new']","[1, 0, 0, 0, 0, 0, 0, 0, 0, 0, 0, 0, 0, 0, 0, 0, 0, 0, 0, 4, 3, 0, 0, 0, 0, 0, 4, 4, 3, 0, 0, 4, 4, 0, 0, 0, 3, 1, 0]"
"['LT', '=', 't', '=']","[0, 0, 0, 0]"
"['RDA', 'also', 'define', 'an', 'interface', 'to', 'ISO', 'transaction', 'low', 'to', 'RDA', 'data', '.']","[0, 0, 0, 0, 0, 0, 0, 0, 0, 0, 0, 0, 0]"
"['Contraindication', '.', 'www.cdc.gov/phin', 'at', 'available', ',', 'Flows', 'process', 'and', 'Requirements', 'Functional', 'Administration', 'vaccination', 'Response', ',', ',', '.', 'intervention', 'prescribed', 'with', 'comply', 'have', 'not', 'may', 'patient', 'the', 'why', 'or', 'administer', 'be', 'have', 'not', 'may', 'antidote', 'or', 'treatment']","[3, 0, 0, 0, 0, 0, 0, 0, 0, 0, 0, 0, 1, 0, 0, 0, 0, 1, 0, 0, 0, 0, 0, 0, 1, 0, 0, 0, 0, 0, 0, 0, 0, 1, 0, 1]"
"['appropriate', 'change', 'indicate', 'the', 'of', 'value', 'control', 'system', ',', 'it', 'be', 'expect', 'that', 'the', 'Gemini', 'majority', 'subsystem', 'control', 'be', 'accomplish', 'through', 'these', 'database', '.', 'of', 'the']","[0, 0, 0, 0, 0, 0, 1, 2, 0, 0, 0, 0, 0, 0, 0, 0, 0, 0, 0, 0, 0, 0, 1, 0, 0, 0]"
"['New', '.', 'movement', 'previous', 'no', 'be', 'a', 'there', 'unvailable', 'be', 'action', '""', 'undo', '""']","[0, 0, 0, 0, 0, 0, 0, 0, 0, 0, 0, 0, 0, 0]"
"['at', 'the', 'present', 'time', 'only', 'channel', 'archive', 'access', 'database', 'monitor', '.']","[0, 0, 0, 0, 0, 0, 3, 0, 1, 2, 0]"
"['all', 'equipment', 'shall', 'support', 'a', 'programmed', 'adjustment', 'and', 'engineering', 'System', 'requirement', 'Gemini', 'procedure', ';', 'training', 'and', 'experience', ';', 'interaction', 'with', ';', 'team', ';', 'management', 'and', 'organizational', 'behavior', '.']","[0, 0, 0, 0, 0, 0, 0, 0, 0, 0, 0, 0, 0, 0, 0, 0, 0, 0, 0, 0, 0, 0, 0, 0, 0, 0, 0, 0]"
"['module', 'selection', 'should', 'be', 'do', 'in', 'logical', 'fashion', 'to', 'minimize', 'the', 'size', 'of', 'the', 'interface', 'between', 'module', 'of', 'measure', 'speciﬁed', 'schedule', 'for', 'Gemini', 'software', 'be', 'present', 'here', '.']","[0, 0, 0, 0, 0, 0, 0, 0, 0, 0, 0, 0, 0, 0, 0, 0, 1, 0, 0, 0, 0, 0, 0, 0, 0, 0, 0, 0]"
"['the', '.', 'program', 'Store', 'also', 'Web', 'their', 'in', 'meet', 'be', 'be', '’', 'user', 'new', 'their', 'use', 'document', 'and', 'test']","[0, 0, 0, 0, 0, 0, 0, 0, 0, 0, 0, 0, 0, 0, 0, 0, 0, 0, 0]"
"['(', '.', 'to', 'establish', 'and', 'terminate', 'the', 'forwarding', 'of', 'allow', 'call', 'a', 'functional', 'number', 'to', 'their', 'personal', 'number', 'from', 'of', 'the', 'network', 'who', 'need', 'to', 'be', 'address', 'by', 'train', 'number', 'which', 'change', 'with', 'each', 'journey', '.']","[0, 0, 0, 0, 0, 0, 0, 0, 0, 0, 0, 0, 3, 4, 0, 0, 3, 4, 0, 0, 0, 0, 0, 0, 0, 0, 0, 0, 3, 4, 0, 0, 0, 0, 1, 0]"
"['it', 'make', 'report', 'easy', 'for', 'by', 'police', 'enable', 'they', 'to', 'execute', 'different', 'type', 'of', 'by', 'or', 'accuse', '/', 'property', 'etc', '.']","[0, 0, 0, 0, 0, 0, 0, 0, 0, 0, 0, 0, 0, 0, 0, 0, 2, 2, 3, 0, 0]"
"['Initialization', 'Data', 'the', 'and', 'overtemperature', 'shall', 'reside', 'in', 'an', 'initialization', 'file', '.']","[0, 0, 0, 0, 3, 0, 0, 0, 0, 1, 2, 0]"
"['the', 'follow', 'section', 'describe', 'the', 'Monitor', 'Temperature', 'component', 'of', 'the', 'THEMAS', 'Temperature', 'system']","[0, 0, 0, 0, 0, 1, 2, 2, 0, 0, 0, 0, 1]"
"['Event', 'any', 'Data', 'themas', 'system', 'shall', 'provide', 'the', 'supervisor', 'a', 'mechanism', 'to', 'change', 'the', 'temperature', 'setting', 'the', 'to', 'event', 'identify', 'a', 'continuous', 'series', 'of', 'alternate', '1000', 'Hz', 'and', '1500', 'Hz', 'beep', 'on', 'the', 'output', 'supervisor', 'computer', '.']","[0, 0, 0, 0, 0, 0, 0, 0, 1, 0, 0, 0, 0, 0, 3, 4, 0, 0, 1, 0, 0, 0, 0, 0, 0, 0, 0, 0, 0, 0, 1, 0, 0, 0, 0, 0, 0]"
"['it', '.', 'user', 'the', 'with', 'interface', 'to', 'mouse', 'a', 'and', 'keyboard', 'a', 'of', 'use', 'the', 'require']","[0, 0, 1, 0, 0, 0, 0, 0, 0, 0, 0, 0, 0, 0, 0, 0]"
"['the', 'driver', 'shall', 'select', 'an', 'override', 'control', 'accord', 'to', 'the', 'permission', 'receive', '.']","[0, 1, 0, 0, 0, 0, 0, 0, 0, 0, 0, 0, 0]"
"['if', 'symptom', 'persist', 'drug', 'regiman', 'will', 'be', 'switch', ';', 'NTA', 'of', 'in', 'for', 'may', 'only', 'be', 'buy', 'for', 'personal', 'treatment', 'or', 'for', 'the', 'treatment', 'of', 'the', 'voucher', 'partner']","[0, 3, 0, 3, 4, 0, 0, 0, 0, 0, 0, 0, 0, 0, 0, 0, 0, 0, 0, 0, 0, 0, 0, 0, 0, 0, 1, 1]"
"['they', '.', 'YouTube', 'on', 'video', 'at', 'look', 'to', 'want', 'only', 'for', 'may', 'at', 'time', 'video', '.', 'use', 'their', 'find', 'to', 'software', 'our', 'use', 'be', 'will', 'that', 'user', 'general', 'another', 'the', 'will', 'first']","[0, 0, 0, 0, 1, 0, 0, 0, 0, 0, 0, 0, 0, 0, 1, 0, 0, 0, 0, 0, 0, 0, 0, 0, 0, 0, 2, 1, 0, 0, 0, 0]"
"['test', '.', 'e.teste', ';', 'database', 'line', '-', 'on', 'be', 'as', ',', 'observation', 'plan', 'for', 'useful', 'be', 'that', 'simulator', 'telescope', 'a', 'allow', 'full', ',', 'direct', 'affect', 'testing', 'should', 'circumstance', 'no']","[0, 0, 0, 0, 0, 0, 0, 0, 0, 0, 0, 0, 0, 0, 0, 0, 0, 0, 0, 0, 0, 0, 0, 0, 0, 0, 0, 0, 0]"
"['system', 'OM', 'treatment', 'the', 'through', 'process', 'identification', 'the', 'from', 'contact', 'potential', 'and', 'case', 'possible', 'about', 'information', 'capture', 'to', 'ability', 'the', 'require', 'support', 'and', 'new', '.', 'must', 'link', 'datum', 'epi', '-', 'to', '-', 'entity', '.', 'travel', '-', 'to', '-', 'person', ',', 'place', '-', 'to', '-', 'match']","[1, 0, 1, 0, 0, 0, 0, 0, 0, 1, 0, 0, 1, 0, 0, 3, 0, 0, 0, 0, 0, 0, 0, 0, 0, 0, 2, 2, 2, 2, 2, 2, 1, 0, 0, 0, 0, 0, 0, 0, 0, 0, 0, 0, 0]"
"['this', '.', 'observer', 'B.Science', ';', 'observe', 'interactive', 'include', 'may', 'plan', 'science', 'datum', 'acquisition', 'and', 'validate', 'need', 'the', 'to', 'function', 'be', 'plan', 'science', 'the', 'that', 'ensure', 'the', 'as', 'as', ',', 'astronomer', 'the', 'for', 'collect', 'be', 'integrity', 'datum', 'the', 'well', 'as', 'good', 'datum', 'Gemini', 'the', 'of', 'control', 'functional', 'level', '-', 'high', 'for', 'responsible', 'be']","[0, 0, 2, 1, 0, 0, 0, 0, 0, 0, 0, 0, 0, 0, 0, 0, 0, 0, 0, 0, 0, 0, 0, 0, 0, 0, 0, 0, 0, 1, 0, 0, 0, 0, 0, 0, 0, 0, 0, 0, 0, 0, 0, 0, 0, 0, 0, 0, 0, 0, 0, 0]"
"['the', 'customer', 'account', 'detail']","[0, 0, 3, 4]"
"['(', 'the', 'target', 'coverage', 'in', 'power', 'be', 'dependent', 'on', 'the', 'statistical', 'fluctuation', 'cause', 'level', 'antenna', 'the', 'at', 'together', 'specification', 'and', 'information', 'relate', 'to', 'the', 'planning', 'of', 'an', 'EIRENE', 'network', 'and', 'provide', 'guidance', 'draw', 'section', 'this', ')', 'EIRENE', 'network', 'to', 'provide', 'the', 'required', 'level', 'on', 'of', 'to', 'EIRENE', 'compliant', 'mobile', '.']","[0, 0, 0, 3, 0, 4, 0, 0, 0, 0, 0, 0, 0, 4, 1, 0, 0, 0, 0, 0, 0, 0, 0, 0, 0, 0, 0, 0, 0, 0, 0, 0, 0, 0, 0, 0, 0, 0, 0, 0, 0, 0, 0, 0, 0, 0, 0, 0, 0, 0]"
"['the', 'client', 'may', 'honour', 'the', 'voucher', 'at', 'place', 'any', 'provider', 'of', 'his', 'choice', '.']","[0, 1, 0, 0, 0, 1, 0, 3, 0, 1, 0, 0, 0, 0]"
"['cost', '=', 'total', 'of', 'select', ';', 'in']","[0, 0, 3, 0, 0, 0, 0]"
"['the', '.', '3.2.2.1', 'chapter', 'see', ',', 'be']","[0, 0, 0, 0, 0, 0, 0]"
"['aps).the', 'APS', 'be', 'a', 'facility', 'to', 'produce', 'March', 'system', '1994', 'there', 'own', 'funding', 'for', 'design', '/', 'building', '/', 'operate', 'its', 'the', 'beamline', ',', 'instrumentation', ',', 'control', ',', 'and', 'data', 'physical', 'have', 'CAT']","[0, 0, 0, 0, 0, 0, 0, 0, 0, 0, 0, 0, 3, 0, 0, 0, 0, 0, 0, 0, 0, 0, 0, 0, 0, 0, 0, 0, 0, 0, 0, 1]"
"['in', '.', 'screen', 'different', 'of', 'number', 'a', 'through', 'from', 'flick', 'by', 'ease', 'with', 'software', 'the', 'use', 'to', 'user', 'the', 'allow']","[0, 0, 1, 0, 0, 0, 0, 0, 0, 0, 0, 0, 0, 1, 0, 0, 0, 1, 0, 0]"
"['while', 'enter', 'the', 'No', 'of', 'voucher', 'require', ',', 'the', 'system', 'should', 'automatically', 'the', 'will', 'MSIU', 'decision', 'enter', 'during', 'claim', 'submission', '.']","[0, 0, 0, 0, 0, 1, 0, 0, 0, 1, 0, 0, 0, 0, 0, 0, 0, 0, 1, 2, 0]"
"['the', 'public', 'access', 'for', 'service', 'communication', 'of', 'type', 'multiple', 'support', 'remote', 'access', 'to', 'a', 'system', 'the', 'require', 'where', 'authentication', 'tier', '-', 'multi', 'support', 'should', 'system']","[0, 0, 0, 0, 0, 0, 0, 0, 0, 0, 0, 0, 0, 0, 0, 0, 0, 0, 0, 0, 0, 0, 0, 0, 0]"
"['Sales', '.', '.', 'update', 'successfully', 'be', 'store', 'web']","[1, 0, 0, 0, 0, 0, 0, 0]"
"['minimize', 'user', 'error', ':', 'from', 'potential', 'error', 'as', 'well', 'as', 'the', 'effort', 'need', 'to', 'user', '171', 'error', 'should', '.']","[0, 0, 0, 0, 0, 0, 0, 0, 0, 0, 0, 0, 0, 0, 0, 0, 0, 0, 0]"
"['section', 'function', 'user', 'characteristic', ',', 'general', 'constraint', ',', 'and', 'assumption', 'and', 'dependency', 'of', 'the', 'system', ',', 'for', 'available', 'generally', 'Energy', 'Management', 'System', ';', 'tset', 'current', 'temperature', 'setting', ';', 'UT', 'Upper', 'Trigger', 'Value']","[0, 0, 0, 0, 0, 0, 0, 0, 0, 0, 0, 0, 0, 0, 0, 0, 0, 0, 0, 0, 0, 0, 0, 0, 0, 0, 0, 0, 0, 0, 0, 0]"
"['within', '.', 'site']","[0, 0, 0]"
"['it', 'also', 'give', 'the', 'user', 'account', 'ability', 'to', 'customize', 'the', 'result', 'view', 'by', 'criminal', 'operandi', 'query', '.', 'court', 'entry', 'be', 'make', 'during', 'Registration', '.']","[0, 0, 0, 0, 0, 0, 0, 0, 0, 0, 0, 0, 0, 1, 4, 0, 0, 1, 0, 0, 0, 0, 0, 0]"
"['Consume', 'xml', 'schema', 'natural', '(', 'language', 'other', 'design', 'tool', '&', 'environment', ';', 'record', 'semantic', 'structure', 'in', 'JTA', '-', 'compliant', 'formalism', ';', 'Generate', 'standard', '/', 'view', 'w', ';', '&', 'associate', 'semantic', 'structure', '(', 'extract', 'from', 'Registry', ')', ';', 'create', 'new', 'tag', '&', 'associate', 'semantic', 'structure', 'interchange', 'validation', ';', 'metadata', 'schema', ';', 'develop', 'scheme', 'to', 'permit', 'dynamic', 'cross', '-', 'referencing', 'and', 'indexing', 'of', 'xml', 'object', ';', 'Generate', 'a', 'version', ')', 'by', 'object', '.']","[0, 1, 2, 0, 0, 0, 0, 0, 0, 0, 0, 0, 0, 3, 4, 0, 0, 0, 0, 0, 0, 0, 0, 0, 0, 0, 0, 0, 0, 3, 4, 0, 0, 0, 1, 0, 0, 0, 0, 1, 0, 0, 3, 4, 0, 0, 0, 0, 3, 0, 0, 0, 0, 0, 0, 0, 0, 0, 0, 0, 0, 1, 2, 0, 0, 0, 0, 0, 0, 0, 0]"
"['overall', 'be', 'a', 'be', 'clearly', 'distinguishable', 'from', 'control', 'activate', 'some', 'action', 'should', '.', 'action', 'type', 'in', 'user', 'interface', 'include', 'manipulate', 'application']","[0, 0, 0, 0, 0, 0, 0, 0, 0, 0, 1, 0, 0, 3, 4, 0, 0, 0, 0, 0, 0]"
"['system', 'include', '.', ':', 'ID', 'Preparedness', 'Cross', 'Functional', 'Components', 'Requirements', '""', ',', 'available', 'at', 'www.cdc.gov/phin', '.', 'of', 'of', 'date', ',', 'address', ',', 'name', ',', 'Subject', 'collect', 'be', 'to', 'person', 'a', 'as', 'classify', 'be', 'may']","[1, 0, 0, 0, 4, 0, 0, 0, 0, 0, 0, 0, 0, 0, 0, 0, 4, 4, 3, 0, 3, 0, 3, 0, 3, 0, 0, 0, 1, 0, 0, 0, 0, 0]"
"['a', 'train', 'shall', 'be', 'the', 'supervise', 'its', 'static', 'and', 'dynamic', 'train', 'speed', 'to', 'from', 'send', 'text', 'the', 'possibility', 'to', 'select', 'the', 'language', ',', 'this', 'do', 'not', 'concern', 'non', 'pre', '-', 'defined', 'shall', 'driver', 'the', 'to', 'limit', ',', 'function', '4.3.7', 'the', 'indication', 'speed', 'provide', 'enable', 'the', 'driver', 'to', 'drive', 'at', 'shall', 'and', 'authority', 'movement', 'discrepancy', 'between', 'the', 'speed', 'show', 'to', 'the', 'driver', 'and', 'the', 'speed', 'use', 'for', 'supervision', 'of', 'the', 'permit', 'speed', 'without', 'define', 'the', 'indicate', 'braking', 'curve', 'and', 'the', 'permit', 'speed', 'allow', '.']","[0, 1, 0, 0, 0, 0, 0, 1, 2, 2, 2, 2, 0, 0, 0, 1, 0, 0, 0, 0, 0, 3, 0, 0, 0, 0, 0, 0, 3, 4, 4, 0, 1, 0, 0, 4, 0, 0, 0, 0, 0, 3, 0, 0, 0, 1, 0, 0, 0, 0, 0, 2, 1, 0, 0, 0, 3, 0, 0, 0, 1, 0, 0, 3, 0, 0, 0, 0, 0, 3, 4, 0, 0, 0, 0, 3, 4, 0, 0, 3, 4, 0, 0]"
"['on', '-', 'line', 'pre', '-', 'checking', 'of', 'the', 'operational', 'status', 'of', 'for', 'all', 'if', 'different', 'the', 'error', 'or', 'failure', 'have', 'to', 'be', 'report', ',', 'in', 'clear', 'form', '(', 'to', 'identify', 'the', 'cause', 'of', 'a', 'fail', 'also', 'recovery', '(', 'e.g.', 'time', '-', 'out', ',', 'hardware', 'failure', ')', 'to', 'achieve', 'recovery', 'on', '-', 'line', 'whenever', 'possible', '.']","[0, 0, 0, 0, 0, 0, 0, 0, 3, 4, 0, 0, 0, 0, 0, 0, 0, 0, 0, 0, 0, 0, 0, 0, 0, 0, 0, 0, 0, 0, 0, 0, 0, 0, 0, 0, 0, 0, 0, 0, 0, 0, 0, 0, 0, 0, 0, 0, 0, 0, 0, 0, 0, 0, 0]"
"['both', '.', 'information', 'additional', 'provide', 'to', 'question', 'about', 'collect', 'be']","[0, 0, 0, 0, 0, 0, 0, 0, 0, 0]"
"['they', '.', 'validate', 'and', 'develop', 'be', 'must', 'questionnaire']","[0, 0, 0, 0, 0, 0, 0, 2]"
"['the', '2', 'month', ',', 'regardless', 'of', 'storage', 'capacity', 'or', 'previous', 'number', 'case', 'in', 'the', 'system', '.']","[0, 0, 0, 0, 0, 0, 0, 0, 0, 0, 0, 1, 0, 0, 0, 0]"
"['the', '.', 'validate', 'system', 'shall', 'be', 'to', 'able', 'be', 'shall', 'system']","[0, 0, 0, 0, 0, 0, 0, 0, 0, 0, 0]"
"['if', 'the', 'system', 'detect', 'an', 'invalid', 'temperature', 'the']","[0, 0, 1, 0, 0, 0, 3, 0]"
"['the', 'System', 'should', 'be', 'able', 'to', 'provide', 'report', 'for', 'sequence', 'violation', 'action', 'report', 'validly', 'be', 'attempt', ')', 'attempt', 'violation', ',', 'of', 'access', 'control', 'for', 'mechanism']","[0, 0, 0, 0, 0, 0, 0, 0, 0, 0, 1, 1, 0, 0, 0, 0, 0, 0, 1, 0, 0, 0, 0, 0, 0]"
"['operation', '.Interactive', ';', 'telescope', 'Gemini', 'the', 'of', 'use', 'efﬁcient', 'make', 'to', 'order', 'in', ',', 'program', '-', 'always', 'remote', 'base', 'information', 'status', 'require', 'the', 'to', 'access', 'explicit', 'of', 'from', 'form', 'in', 'and', ',', 'location', 'different', 'at', 'information', 'status', 'the', 'any', 'point', '.', '-', 'queue', ',', 'interactive', '(', 'mode', 'observe', 'different']","[0, 0, 0, 0, 0, 0, 0, 0, 0, 0, 0, 0, 0, 0, 0, 0, 0, 0, 0, 4, 3, 0, 0, 0, 0, 0, 0, 0, 0, 0, 0, 0, 1, 0, 0, 4, 3, 0, 0, 0, 0, 0, 0, 0, 0, 0, 4, 3, 0]"
"['administrator', '.', 'System', 'Weborder', ';']","[1, 0, 0, 0, 0]"
"['the', '.', 'train', 'already', 'be', 'issue', 'to', 'a', 'train', 'in', 'a', 'co', '-', 'operative', 'way', 'between', 'RBC', 'and', ',', 'propose', 'from', 'RBC', 'not', 'stop', 'at', 'the', 'propose', 'new', 'target', 'location', 'it', 'shall', 'reject', 'the', 'request', 'and', 'keep', 'can', 'supervise', 'train']","[0, 0, 1, 0, 0, 0, 0, 0, 1, 0, 0, 0, 0, 0, 0, 0, 1, 0, 0, 0, 0, 1, 0, 0, 0, 0, 0, 3, 4, 4, 0, 0, 0, 0, 1, 0, 0, 0, 0, 1]"
"['a', '.', 'Administrator', 'the', 'to', 'option', 'in', 'new', '-', 'display', 'system', ';', 'change', 'validate', 'and', 'in', 'plug', '-', 'plug', 'in']","[0, 0, 1, 0, 0, 0, 0, 0, 0, 0, 0, 0, 0, 0, 0, 0, 0, 0, 0, 0]"
"['under', '.', 'mode', 'this', 'in', 'provide', 'available', 'subsystem', 'the', 'of', 'feature']","[0, 0, 3, 0, 0, 0, 0, 1, 0, 0, 0]"
"['give', 'criterion', ',', 'the', 'follow', 'recommendation', 'exist', '.']","[0, 0, 0, 0, 0, 0, 0, 0]"
"['during', 'Form', '.', 'to', 'back', 'send', 'and', 'Rejected', 'as', 'status', ')', 'Form', 'Treatment', '(', 'Claim', 'that', 'VSP', 'no', ';', 'claim', 'Road', '/', 'Street', '(', 'Address', ';', 'Gender', ';', 'Age', ';', 'Name', 'Patient', ';', 'Type', 'Patient', ';', 'Count', 'visit', ';', 'no', 'Voucher', ';', 'Name', 'VSP', ';', 'Date', 'Submitted', ';', 'no', 'District', ';', 'Lab', 'test', 'the', 'into', 'claim', 'of', 'entry', 'the', 'during', 'no', 'Contact', 'than', 'other', 'mandatory', 'be', 'system', 'information', 'master', 'above']","[0, 4, 0, 0, 0, 0, 0, 0, 0, 3, 0, 2, 1, 0, 1, 0, 1, 4, 0, 3, 3, 0, 3, 0, 3, 0, 3, 0, 3, 0, 4, 3, 0, 4, 3, 0, 4, 3, 0, 4, 3, 0, 4, 3, 0, 4, 3, 0, 4, 3, 0, 3, 4, 0, 0, 1, 0, 0, 0, 0, 4, 3, 0, 0, 0, 0, 1, 4, 3, 0]"
"['system', '.', 'support', 'be', 'must', ')', 'level', 'assay', ',', 'level', 'sample', '/', 'speciman', ',', 'e.g.', '(', 'result', 'of', 'granularity', 'support', 'of', 'OM', 'capture', 'risk', 'at', 'or', ',', 'individual', 'expose', ',', 'case', 'to', 'treatment', 'or', 'prophylaxis', 'the', 'regard', 'datum', 'to', 'link', 'be', 'or', 'should', 'collection', 'level', '.']","[1, 0, 0, 0, 0, 0, 0, 0, 0, 0, 0, 0, 0, 0, 0, 0, 1, 0, 0, 0, 0, 0, 0, 1, 0, 0, 0, 2, 1, 0, 1, 0, 1, 0, 1, 0, 0, 3, 0, 0, 0, 0, 0, 2, 0, 0]"
"['the', 'use', 'of', 'this', 'feature', 'would', ',', 'however', ',', 'be', 'discourage', 'for', 'queue', 'the', 'the', 'to', 'and', 'interaction', 'during', 'the', 'observation', '.']","[0, 0, 0, 0, 0, 0, 0, 0, 0, 0, 0, 0, 0, 0, 0, 0, 0, 0, 0, 0, 1, 0]"
"['periodic', ':', '/', 'a', 'can', 'be', 'make', 'to', 'process', 'a', 'record', 'periodically', 'request', 'I', ',', 'Event', 'the', 'mechanism', 'for', 'decide', 'when', 'to', 'process', 'a', 'record', '.']","[0, 0, 0, 0, 0, 0, 0, 0, 0, 0, 1, 0, 1, 0, 0, 0, 0, 0, 0, 0, 0, 0, 0, 0, 1, 0]"
"['development', 'performance', 'for', 'both', 'human', 'interaction', 'and', 'communication', '.']","[0, 0, 0, 0, 0, 0, 0, 0, 0]"
"['it', 'be', 'likely', 'that', 'different', 'all', 'user', 'module', '(', 'see', 'above', ')', 'would', 'present', 'different', 'interface', 'to', 'access', 'full', 'package', 'must', 'provide', 'module', 'for', 'the', 'testing', 'and', 'diagnosis', 'of', 'the', 'subsystem', ';', 'all', 'instrumentation', 'control', 'software', 'must', 'provide', 'portion', 'subsystem', 'of', 'functionality', 'Gemini', 'software', 'must', 'be', 'version', 'label', ',', 'both', 'all', 'in', 'and', 'binary', 'form', '.']","[0, 0, 0, 0, 0, 0, 0, 0, 0, 0, 0, 0, 0, 0, 0, 0, 0, 0, 0, 0, 0, 0, 0, 0, 0, 0, 0, 0, 0, 0, 1, 0, 0, 0, 0, 0, 0, 0, 0, 0, 0, 0, 0, 0, 0, 0, 0, 0, 0, 0, 0, 0, 0, 0, 0, 0]"
"['once', 'change', 'description', ',', 'a', ':', 'customer', ';', 'buy', 'to', 'customer', 'for', 'item', 'flag', 'ready', 'when', 'and', ',', 'price', ',', 'picture', 'task', 'Store', '.']","[0, 0, 3, 0, 0, 0, 0, 0, 0, 0, 1, 0, 1, 3, 0, 0, 0, 0, 3, 0, 3, 0, 0, 0]"
"['if', 'the', 'maximum', 'number', 'of', 'heating', 'or', 'cool', 'unit', 'be', 'not', 'run', 'queue', 'occur', 'heating', 'number']","[0, 0, 3, 4, 4, 4, 4, 4, 4, 0, 0, 0, 2, 0, 4, 4]"
"['this', 'be', 'the', 'normal', 'mode', 'of', 'exceptional', 'be']","[0, 0, 0, 0, 3, 4, 0, 0]"
"['that', '.', 'etc', ',', 'university', ',', 'observatory', 'exist', 'at', 'locate', 'super', 'site', ',', 'to', 'of', 'class']","[0, 0, 0, 0, 0, 0, 0, 0, 0, 0, 0, 0, 0, 0, 0, 0]"
"['these', 'common', 'command', 'be', 'describe', 'in', 'Section', '5.3', 'on', 'page', '5', '-', '2', '.', 'perform', 'be', 'command', 'ﬂow', 'typically', '2', 'time', 'per', 'night', ')', '.']","[0, 0, 0, 0, 0, 0, 0, 0, 0, 0, 0, 0, 0, 0, 0, 0, 0, 0, 0, 0, 0, 0, 0, 0, 0]"
"['with', 'it', 'this', 'on', 'decide']","[0, 0, 0, 0, 0]"
"['the', '.', 'fraud', 'against', 'all', 'record', '1000', 'restore', '.', 'second', '2', 'than', 'less', 'in', 'card']","[0, 0, 0, 0, 0, 0, 0, 0, 0, 0, 0, 0, 0, 0, 0]"
"['please', 'consult', 'the', 'Registry', 'for', 'the', 'most', 'authoritative', 'list', 'of', 'information', 'resource', 'type', ')', '.', 'representation', 'of', 'Contact', '(', 'POC', ')', 'for', 'a', 'coi', 'to', 'manage', 'the', 'tag', 'within', 'that', 'coi', '.']","[0, 0, 0, 0, 0, 0, 0, 0, 0, 0, 0, 0, 0, 0, 0, 0, 0, 0, 0, 0, 0, 0, 0, 0, 0, 0, 0, 1, 0, 0, 0, 0]"
"['the', 'process', 'this', 'up', 'speed', 'to', 'aim', 'will', 'system']","[0, 0, 0, 0, 0, 0, 0, 0, 1]"
"['the', '.', 'Server', 'result', 'Browser', 'Web', ';', 'Browser', 'Web', 'to', 'result', 'display', 'return', 'in', '-', 'Service', 'API', ';', 'request', 'up', 'pick', 'Service', 'submit', 'API', 'API', 'to', 'request', 'Web', 'submit', 'management', 'Server', 'Service', 'request', 'to', 'Plug', 'Plug', ';', 'task', 'run', 'in', '-', 'Plug', ';', 'request', 'up', 'pick', 'in', '-', 'Plug', ';', 'in', '-', 'Interface', 'to', ';', 'for', 'interface', 'programmatic', 'a', 'through', 'system', 'account', 'the', 'for', 'with', 'will', 'WebOrder', 'of', 'database', 'order']","[0, 0, 0, 0, 0, 0, 0, 0, 0, 0, 0, 0, 0, 0, 0, 0, 0, 0, 0, 0, 0, 0, 0, 0, 0, 0, 0, 0, 0, 0, 0, 0, 0, 0, 0, 0, 0, 0, 0, 0, 0, 0, 0, 0, 0, 0, 0, 0, 0, 0, 0, 0, 0, 0, 0, 0, 0, 0, 0, 0, 0, 0, 0, 0, 0, 0, 0, 0, 0, 0]"
"['each', 'beep', 'shall', 'have', 'a', 'one', '-', 'half', 'second', 'duration', '.', '’s']","[0, 1, 0, 0, 0, 0, 0, 0, 0, 3, 0, 0]"
"['the', '.', 'applicable']","[0, 0, 0]"
"['select', 'appropriate', 'page', 'to', 'length', 'length', 'of', 'a', 'page', 'should', 'be', 'select', 'so', 'the', 'do', 'or', 'combination', 'frame', 'be', 'turn', 'off', 'it', 'should', 'be', 'possible', 'for', 'the', 'user', 'to', 'read', 'and', 'understand', 'the', 'page', 'and/or', 'sheet', 'style', 'when', 'way', 'of', 'present', 'relevant', 'information', 'without', 'frame', 'should', ';', 'be', '.']","[0, 0, 0, 0, 0, 0, 0, 0, 0, 0, 0, 0, 0, 0, 0, 0, 0, 0, 0, 0, 0, 0, 0, 0, 0, 0, 0, 1, 0, 0, 0, 0, 0, 0, 0, 0, 0, 0, 0, 0, 0, 0, 0, 0, 0, 0, 0, 0, 0]"
"['the', '.', 'provide', 'a', 'reference', 'behavior', 'for', 'that', 'subsystem', '.']","[0, 0, 0, 0, 3, 4, 0, 0, 1, 0]"
"['it', '.', 'module', 'of', 'the', 'cctns', 'provide', 'role', 'base', 'landing', 'page', 'which', 'help', 'in', 'navigate', 'through', 'the', 'CCTNS', 'application', 'well', 'Navigation', 'and', 'with', 'addition', 'to', 'keep', 'data', 'element', '/', 'rule', 'in', 'up', 'date', '.']","[0, 0, 0, 0, 0, 0, 0, 1, 2, 2, 2, 0, 0, 0, 0, 0, 0, 0, 0, 0, 0, 0, 0, 0, 0, 0, 0, 0, 0, 0, 0, 0, 0, 0]"
"['result', '.', 'term', 'search', 'the', 'on', 'base', 'database', 'its', 'in', 'website', 'will', 'they', 'name', 'to', 'the', 'allow', 'to', 'box', 'tick', 'a', 'be', 'will', 'there', ':', 'req-4', ';', 'search', 'the', 'user', 'in', 'host', 'video', 'include', 'to', 'choose', 'to', 'user', 'the', 'allow', 'to', 'box', 'tick', 'a', 'be', 'search', 'will', 'to', 'to', 'link', 'to', 'search', 'a', 'the', 'and', 'post', 'date', ',', 'length', ',', 'video', 'full', 'retrieve', 'choose', 'will', 'host', 'video', 'to', 'query', ':', 'req-5', ';', 'search', 'the', 'in', 'search', 'link', 'video', 'include', 'site', 'want', 'there', 'req-3', 'the', 'for', 'result', 'of', 'set', 'next', 'the', 'display', 'system', '–', 'button', 'page', 'next', 'on', 'search', 'click', '.', 'result', 'the', 'from', 'website', 'unselected', 'remove', 'system', '–', 'result', 'the', 'in', 'show', 'be']","[1, 0, 4, 3, 0, 0, 0, 1, 0, 0, 2, 0, 0, 4, 0, 0, 0, 0, 2, 1, 0, 0, 0, 0, 0, 0, 0, 1, 0, 1, 0, 0, 0, 0, 0, 0, 0, 1, 0, 0, 0, 2, 1, 0, 0, 0, 0, 0, 0, 3, 4, 1, 0, 4, 0, 4, 3, 0, 3, 0, 4, 3, 0, 0, 0, 2, 1, 0, 1, 0, 0, 0, 1, 0, 0, 0, 0, 0, 0, 2, 0, 0, 0, 0, 0, 1, 0, 0, 0, 0, 0, 1, 0, 2, 2, 1, 0, 1, 0, 0, 1, 0, 0, 1, 3, 0, 1, 0, 1, 0, 0, 0, 0]"
"['a', '.', 'selection']","[0, 0, 0]"
"['the', 'default', '.', 'on', 'switch', 'be', 'MMI', 'the', 'when', 'the', 'select', 'level', 'define', '-', 'pre', 'the', 'be', 'setting', 'automatically', ')', 'o']","[0, 1, 0, 0, 0, 0, 0, 0, 0, 0, 0, 0, 0, 0, 0, 0, 0, 2, 0, 0, 0]"
"['a', 'standardised', 'interface', 'link', 'mobile', 'Modules', 'Identity', 'Subscriber', ';', 'mobile', 'equipment', '(', 'ME', ')', 'interface', 'to', 'equipment', 'the', 'via', 'the', 'air', '(', 'um', ')', 'interface', 'BSS', ';', 'to', 'card', 'OMC', ')', 'for', 'manage', 'the', 'network', ';', 'Billing', 'Centre', '.']","[0, 0, 0, 0, 1, 2, 2, 1, 0, 1, 2, 0, 0, 0, 0, 0, 2, 0, 0, 0, 0, 0, 0, 0, 0, 1, 0, 0, 2, 0, 0, 0, 0, 0, 1, 0, 1, 2, 0]"
"['there', 'be', 'be', 'of', 'capable', 'sky', 'ﬁeld', 'monitor', ',', 'autoguider', 'camera', 'and', 'sky', 'monitoring', 'device', 'such', 'as', 'cloud', 'and', 'see', 'monitor', 'shall', 'also', 'be', 'will', 'be', 'parameter', 'associate', 'different', 'type', 'of', 'user', 'to', 'particular', 'parameter', 'of', 'the', 'different', 'level', 'be', 'give', 'in', 'section', '2.5.8', 'on', 'page', '25', 'by', 'new', 'access']","[0, 0, 0, 0, 0, 1, 2, 2, 0, 1, 2, 0, 0, 0, 0, 0, 0, 1, 2, 2, 2, 0, 0, 0, 0, 0, 0, 0, 0, 0, 0, 1, 0, 0, 0, 0, 0, 0, 3, 0, 0, 0, 0, 0, 0, 0, 0, 0, 0, 3]"
"['information', 'shall', 'be', 'show', 'on', 'the', 'DMI', 'the', 'ETCS', 'on', '-', 'board', 'shall', 'shall', 'the', 'be', 'to', 'on', 'board', 'shall', 'be', 'capable', 'of']","[0, 0, 0, 0, 0, 0, 1, 0, 1, 0, 0, 0, 0, 0, 0, 0, 0, 1, 2, 0, 0, 0, 0]"
"['the', 'occurrence', 'shall', 'equipment', ',', 'possible', 'normally', 'not', 'describe', '.']","[0, 0, 0, 2, 0, 0, 0, 0, 0, 0]"
"['this', 'condition', '.', 'the', 'the', ',']","[0, 0, 0, 0, 0, 0]"
"['the', 'also', 'have', 'the', 'capability', 'of', 'be', 'set', 'and', 'control', 'by', 'a', 'user', 'of', 'the', 'THEMAS', 'system', 'time', 'real', 'thermostat', 'of', 'be', 'capable', 'no', 'return', 'the', 'current', 'temperature', 'and', 'the', 'current', 'desire', 'temperature', 'setting']","[0, 0, 0, 0, 0, 0, 0, 0, 0, 0, 0, 0, 1, 0, 0, 0, 0, 0, 0, 1, 0, 0, 0, 0, 0, 0, 0, 3, 0, 0, 0, 3, 4, 4]"
"['claim', '.', 'Description', 'Reason', ';', 'Code', 'Reason', ';', 'treatment', 'system', 'time', ')', 'term', 'Payment', 'VSP', 'from', '(', 'Fee', 'up', 'follow', 'First', '+', 'capture', 'Amount', 'claim', 'up', 'follow', 'first', 'for', 'be', 'claim']","[3, 0, 4, 3, 0, 4, 3, 0, 1, 1, 0, 0, 2, 2, 1, 0, 0, 4, 4, 4, 3, 0, 0, 4, 3, 0, 0, 0, 0, 0, 1]"
"['the', 'security', 'setting', 'of', 'the', 'report', 'entire', 'to', 'the', 'half', 'yearly', 'report', 'give', 'the', 'time', 'trend', 'of', 'the', 'abovementione', 'provision', 'indicator', 'each', 'provider', 'and', 'all', 'provider', 'combine', '.']","[0, 0, 0, 0, 0, 1, 0, 0, 0, 0, 0, 0, 0, 0, 0, 0, 0, 0, 0, 0, 0, 0, 1, 0, 0, 1, 0, 0]"
"['access', '.', 'level', 'operational', 'disjoint', 'several', 'of', 'one', 'in', 'be', 'exist', 'on', 'power', 'when', ',', 'system', 'Gemini']","[0, 0, 4, 3, 0, 0, 0, 0, 0, 0, 0, 0, 0, 0, 0, 0, 0]"
"['the', 'plan', 'downtime', 'for', 'the', 'three', 'System', 'not', 'exceed', '<', 'xx', '>', 'hour', 'per', '<', 'must', 'advanced', 'function', 'if', 'exceed', '<', 'xx', 'hour', '/', 'minute', '>', 'per', 'not', '<', 'three', 'month', 'period', '>', '.']","[0, 0, 0, 0, 0, 0, 0, 0, 0, 0, 0, 0, 0, 0, 0, 0, 0, 0, 0, 0, 0, 0, 0, 0, 0, 0, 0, 0, 0, 0, 0, 0, 0, 0]"
"['there', 'storage', 'be', 'on', 'the', 'Gemini', 'system', 'datum', 'disk(s', 'of', ')', 'possibly', 'also', 'on', 'removable', 'medium', '.']","[0, 0, 0, 0, 0, 0, 0, 0, 0, 0, 0, 0, 0, 0, 0, 0, 0]"
"['it', '.', 'query', 'one', 'just', 'with', 'website', 'these', 'all', 'search', 'by', 'website', 'different', 'various', 'through', 'time', 'search', 'time', 'and', 'effort', '.', 'user', 'the', 'provide', 'also', 'will']","[0, 0, 1, 0, 0, 0, 1, 0, 0, 0, 0, 1, 0, 0, 0, 0, 0, 0, 0, 0, 0, 1, 0, 0, 0, 0]"
"['Login', 'to', 'an', 'register', 'be', 'already', 'must', 'account']","[0, 0, 0, 0, 0, 0, 0, 2]"
"['the', 'XS', 'shall', 'deliver', 'inter', '-', 'related', 'component', 'show', 'train', 'dcd', '.', '(', 'i.e.', 'DTD', ',', 'dcd', 'etc', '.', 'Spec', ')', 'Sample', 'of', 'XML', 'document', 'of', 'the', 'tag', ',', 'XML', ',', 'Specification', 'be', 'part', 'of', 'the', 'Information', 'Resource', 'Submittal', 'Package', 'contain', 'the', 'follow', 'Information', 'Resource', 'artifact', ':', 'XML', 'Tag', 'to', 'be', 'submit', '.', 'line', 'interactive', 'process', ';', 'Submit', 'metadata', 'by', 'a', 'off', '-', 'line', 'and', 'interactive', 'batch', 'process', ';', 'Parse', '-', 'form', 'on', 'by']","[0, 0, 0, 0, 0, 0, 0, 0, 0, 0, 0, 0, 0, 0, 0, 0, 0, 0, 0, 4, 0, 3, 4, 4, 4, 0, 0, 0, 0, 3, 0, 4, 0, 0, 0, 0, 1, 2, 2, 2, 0, 0, 0, 0, 0, 0, 0, 3, 4, 0, 0, 0, 0, 0, 0, 0, 0, 0, 1, 0, 0, 0, 0, 0, 0, 0, 0, 0, 0, 0, 0, 1, 0, 0]"
"['the', 'system', 'should', 'be', 'constantly', 'monitor', 'active', 'subsystem', 'to', 'be', 'sure', 'they', 'be', 'operate', 'correctly', 'before', 'send', 'command', 'error', 'or', 'error', 'of', 'availability', 'and', 'work', 'hour', 'constraint', ';', 'personnel', 'skill', 'personnel', 'level', ';', 'operating', 'and', 'support', 'cost', 'constraint', ';', 'target', 'constraint']","[0, 1, 0, 0, 0, 0, 3, 1, 0, 0, 0, 0, 0, 0, 0, 0, 0, 0, 0, 0, 0, 0, 0, 0, 0, 0, 0, 0, 0, 0, 0, 0, 0, 0, 0, 0, 0, 0, 0, 0, 0]"
"['the', 'train']","[0, 1]"
"['Menu', '.', 'order', 'this']","[0, 0, 0, 0]"
"['this', 'procedure', 'shall', 'read', 'the', 'when', 'initialization', 'and', 'establish', 'the', 'valid', 'temperature', 'range', 'from', 'the', 'datum', 'in', 'it', '.']","[0, 0, 0, 0, 0, 0, 1, 0, 0, 0, 3, 4, 4, 0, 0, 0, 0, 0, 0]"
"['the', 'division', 'of', 'sub', '-', 'module', 'be', 'purely', 'base', 'on', 'fill', 'MSIU', 'the', 'form', 'claim', 'form', ';', 'the', 'thumb', 'print', 'will', 'also', 'be', 'place', 'on', 'completion', 'of', 'the', 'the', ';', 'the', 'VSP', 'will', 'send', 'the', 'collect', 'claim', 'form', 'monthly', 'and', 'send', 'it', 'service', 'to', 'stick', 'be', ';', 'on', 'completion', 'of', 'the', 'service', 'the', 'patient', 'will', 'provide', 'the', 'voucher', 'accord', 'to', 'the', 'visit', 'type', 'and', 'patient', 'type', '(', 'client', 'or', 'partner', ')', ',', 'the', 'voucher', 'will', 'claim', 'the', 'creation', 'of', 'would', 'be', 'list', 'from', 'their', 'own', 'master', 'and', 'should', 'select', 'the', 'detail', 'base', 'Body', 'on', 'VSP', '.']","[0, 0, 0, 1, 2, 2, 0, 0, 0, 0, 0, 0, 0, 2, 1, 2, 0, 0, 0, 0, 0, 0, 0, 0, 0, 0, 0, 0, 0, 0, 0, 0, 0, 0, 0, 0, 1, 2, 0, 0, 0, 0, 1, 0, 0, 0, 0, 0, 0, 0, 0, 1, 0, 1, 0, 0, 0, 1, 0, 0, 0, 3, 4, 0, 3, 4, 0, 0, 0, 0, 0, 0, 0, 1, 0, 1, 0, 0, 0, 0, 0, 0, 0, 0, 0, 3, 0, 0, 0, 0, 0, 0, 4, 0, 1, 0]"
"['information', 'datum', 'initiate', 'be', 'protection', 'the', 'train', '.']","[3, 3, 0, 0, 2, 0, 1, 0]"
"['the', '.', 'information', 'conveyance', 'and', ',', 'history', 'restriction', 'travel', 'treatment', 'and', 'vaccination', ',', 'result', 'laboratory', ',', 'sample', '/', ',', 'monitoring', ';', '2.3', ',', 'entity', ',', 'field', 'data', 'new', 'that', 'so', 'flexibility', 'configuration', 'offer', 'must', 'OM', 'support', 'to', 'design']","[0, 0, 2, 1, 0, 0, 2, 1, 1, 1, 0, 1, 0, 2, 1, 0, 2, 2, 0, 2, 0, 0, 0, 3, 0, 4, 3, 0, 0, 0, 0, 0, 0, 0, 0, 0, 0, 0]"
"['before', 'entry', 'claim']","[0, 2, 1]"
"['this', 'acknowledgement', 'will', 'release', 'the', 'emergency', 'train', 'maximum', 'shall', 'able', 'own', 'train', 'identification', 'to', 'the', 'RBC', 'its', '.', 'train', 'run', 'number', 'shall', 'consist', 'of']","[0, 1, 0, 0, 0, 1, 1, 0, 0, 0, 0, 3, 4, 0, 0, 1, 0, 0, 3, 4, 4, 0, 0, 0]"
"['the', 'investigation', 'for', 'be', 'drive', '.']","[0, 1, 0, 0, 0, 0]"
['number'],[0]
"['this', 'assume', 'bridge', 'between', 'communication', 'section', ',', 'to', 'isolate', 'trafﬁc', 'in', 'relevant', 'section', 'only', '.']","[0, 0, 0, 0, 0, 0, 0, 0, 0, 0, 0, 0, 0, 0, 0]"
"['the', 'system', 'should', 'print', 'a', 'receipt', 'document', 'claim', 'great', 'mention', 'no', 'purely', 'base', 'on', 'the', 'Treatment', '(', 'claim', ')', 'form', 'submit', 'by', 'the', 'VSP', 'be', '.', 'the', 'claim', 'entry', 'the', 'user', 'should', 'check', 'the', 'form', 'manually', 'to', 'understand', 'whether']","[0, 1, 0, 0, 0, 1, 2, 4, 0, 4, 3, 0, 0, 0, 0, 1, 0, 1, 0, 1, 0, 0, 0, 1, 0, 0, 0, 1, 0, 0, 1, 0, 0, 0, 1, 0, 0, 0, 0]"
"['same', '.', 'feature', 'be', 'system', 'the', 'and']","[0, 0, 0, 0, 0, 0, 0]"
"['the', 'marketing', 'and', 'sale', 'be', 'to', 'the', 'step', 'and', 'the', 'next', 'module', 'in', 'the', 'system', '.']","[0, 0, 0, 0, 0, 0, 0, 0, 0, 0, 0, 1, 0, 0, 1, 0]"
"['make', 'navigation', 'self', '-', 'descriptive', ':', 'navigation', 'should', 'be']","[0, 0, 0, 0, 0, 0, 0, 0, 0]"
"['each', 'the', 'within', 'available', 'be', 'that', 'content', 'same', 'that', 'contain', 'will', 'window', 'up', '-', 'pop', 'topic', 'Help', 'of', 'at', '""', 'Help', '[', 'online', 'the', 'create', 'to', 'use', 'be', 'will', '8', 'version']","[0, 0, 0, 0, 0, 0, 3, 0, 0, 0, 0, 2, 2, 2, 2, 2, 1, 0, 0, 0, 0, 0, 0, 0, 0, 0, 0, 0, 0, 0, 0]"
"['multi', '.', ')', 'system', 'the', 'of', 'monitoring', 'part', 'on', 'information', 'status', 'date', '-', 'to', '-', 'up', 'different', 'also', 'allow', 'a', 'form', 'the', 'in', 'both', 'exist', 'shall']","[0, 0, 0, 1, 0, 0, 0, 0, 0, 4, 3, 0, 0, 0, 0, 0, 0, 0, 0, 0, 0, 0, 0, 0, 0, 0]"
"['administrator', '.', 'HTTPS', 'with', 'link', 'browser', 'link', 'initiate', 'or', 'search', 'by', 'user', 'a', 'select', 'to', 'to', 'Administrator', 'prompt', 'system', ';', 'process', 'user', 'remove', 'the', 'the', 'web', 'a', 'via', '.', 'system', 'the', 'within', 'create', 'be', 'account']","[1, 0, 0, 0, 0, 0, 0, 0, 0, 0, 0, 1, 0, 0, 0, 0, 1, 0, 0, 0, 0, 0, 0, 0, 0, 0, 0, 0, 0, 0, 0, 0, 0, 0, 2]"
"['the', 'voucher', 'will', 'be', 'create', 'only', 'by', 'the', 'person', 'when', 'number', 'document', ')', 'SNOMED', '(', 'value', 'result', 'and', 'result', 'laboratory', ',', ')', 'information', 'contact', ',', 'location', ',', 'name', 'laboratory', 'reference', 'or', ',', 'testing', 'other', 'such', 'speciman', 'the']","[0, 1, 0, 0, 0, 0, 0, 0, 1, 0, 3, 0, 0, 0, 0, 4, 3, 0, 4, 3, 0, 0, 4, 3, 0, 3, 0, 4, 4, 4, 4, 0, 3, 0, 0, 1, 0]"
"['name', 'of', 'the', 'distributor', '*', ';', 'name', 'of', 'the', 'Sales', 'Man', '*', ';', 'date', 'of', 'distribution', '*', ';', 'no', 'of', 'voucher', 'sell', '*', ';', 'accord', 'to', 'the', 'number', 'of', 'price', '.', ';', 'of', '(', 'select', 'from', 'Sales', 'man', 'master', ')', ';', 'Date', 'of', 'Distribution', '(', 'date', 'Man', 'selection', ')', ';', 'Required', 'Qty', '(', 'no', 'of', 'voucher', 'sell', '(', 'allow', 'only', 'Numeric', 'option', 'Sales', 'the']","[3, 0, 0, 1, 0, 0, 3, 0, 0, 1, 2, 0, 0, 3, 4, 4, 0, 0, 3, 4, 4, 4, 0, 0, 0, 0, 0, 0, 0, 4, 0, 0, 4, 0, 0, 0, 0, 0, 0, 0, 0, 3, 4, 4, 0, 0, 2, 0, 0, 0, 3, 4, 0, 0, 0, 0, 0, 0, 0, 0, 0, 0, 1, 0]"
"['Web', '.', 'need', 'specific', 'to', 'tailor', 'initiate', 'to', 'able', 'be', ',', 'Firefox', 'Mozilla', ',', 'Navigator', 'Mozilla', ',', 'Opera', 'Explorer', 'as', 'such', 'browser', 'web', 'major', 'all', 'with', 'Internet', ',', 'and', 'Safari', 'to', 'in', '-', 'plug', 'custom', 'build', 'to', 'customer', 'allow', 'to', 'api', 'an', 'feature', 'will', 'system']","[0, 0, 0, 0, 0, 0, 0, 0, 0, 0, 0, 0, 0, 0, 0, 0, 0, 0, 0, 0, 0, 0, 0, 0, 0, 0, 0, 0, 0, 0, 0, 0, 0, 0, 0, 0, 0, 1, 0, 0, 0, 0, 0, 0, 0]"
"['the', 'ETCS', 'trainborne', 'equipment', 'braking', 'shall', 'capable', 'of', 'receive', 'information', 'from', 'the', 'be', 'vehicle', 'the', 'from', 'be', 'isolate', '.']","[0, 1, 2, 2, 2, 0, 0, 0, 0, 3, 0, 0, 0, 1, 0, 0, 0, 0, 0]"
"['(', '.', '5.15', 'and', '5.10', 'subsection', 'in', 'i', 'user', ':', 'to', 'implement', 'in', 'the', 'EIRENE', 'network', 'use', 'the', 'GSM', 'Unstructured', 'Supplementary', 'Service', 'Data', '(', 'USSD', ')', 'be', 'will', 'service', 'me', 'driver', 'or', 'locomotive', 'for', 'that', 'train', 'at', 'facility', 'that', '.']","[0, 0, 0, 0, 0, 0, 0, 0, 1, 0, 0, 0, 0, 0, 0, 0, 0, 0, 1, 2, 2, 2, 2, 2, 2, 2, 0, 0, 2, 2, 1, 0, 1, 0, 0, 1, 0, 2, 0, 0]"
"['it', '.', 'require', 'they', 'video', 'the', 'find', 'of', 'way', 'reduce', 'efficient', 'a', 'and', 'interface', 'simple', 'a', 'provide', 'by', 'user', 'the', 'help', 'to', 'aim', 'software']","[0, 0, 0, 0, 1, 0, 0, 0, 0, 0, 0, 0, 0, 1, 0, 0, 0, 0, 1, 0, 0, 0, 0, 1]"
"['this', '.', 'order', 'confirm', 'priority', 'and', 'account', 'confidential', 'Web', ';', 'HTTPS', 'via', 'Server', 'Web', 'to', 'remain', 'request', 'Browser']","[0, 0, 1, 0, 0, 0, 2, 0, 0, 0, 0, 0, 0, 0, 0, 0, 0, 0]"
"['(', '15', '.']","[0, 0, 0]"
"['there', 'will', 'be', 'a', 'provision', 'to', 'select', 'a', 'particular', 'distributor', 'to', 'view', 'the', 'the', 'following', 'at', 'every', 'Deactivate', '(', 'if', 'the', 'distributor', 'have', 'to', 'be', 'deactivate', 'or', 'terminate', ')', '.']","[0, 0, 0, 0, 0, 0, 0, 0, 0, 1, 0, 0, 0, 0, 0, 0, 0, 0, 0, 0, 0, 1, 0, 0, 0, 0, 0, 0, 0, 0]"
"['epics', 'provide', 'a', 'software', 'component', ',', 'Channel', 'Access', ',', 'which', 'an', 'IOC', 'be', 'a', 'of', 'record', 'type', ',', 'e.g.', 'ai', '(', 'Analog', 'Input', ')', ',', 'ao', '(', 'Analog', 'Output', ')', ',', 'etc', '.', 'set', 'access', 'extensible', 'large', 'memory', 'resident', 'database', 'together', 'with', 'various', 'memory', 'resident', 'structure', 'describe', 'the', 'content', 'of', 'the', 'database', '.']","[0, 0, 0, 0, 0, 0, 0, 0, 0, 0, 0, 0, 0, 0, 0, 1, 2, 0, 0, 0, 0, 1, 2, 0, 0, 0, 0, 1, 2, 0, 0, 0, 0, 0, 0, 0, 0, 0, 0, 0, 0, 0, 0, 0, 0, 0, 0, 0, 0, 0, 0, 0, 0]"
"['yes', 'the', 'system', 'will', 'VSP', 'option', 'two', 'with', 'a', 'new', 'Service', 'Provider', '.']","[0, 0, 1, 0, 1, 0, 0, 0, 0, 0, 1, 2, 0]"
"['this', 'be', 'the', 'most', 'common', 'the', 'mean', 'command', 'transfer', 'from', 'the', 'Observatory', 'Control', 'System', 'to', 'of', 'specify', 'directly', 'may', '.']","[0, 0, 0, 0, 0, 0, 0, 0, 0, 0, 0, 1, 2, 2, 0, 0, 0, 0, 0, 0]"
"['the', 'same', 'situation', 'might', 'also', 'occur', 'with', 'need', 'other', ',', 'where', 'speciﬁc', 'observer', 'support', 'software', 'have', 'to', 'instrument', 'processing', 'image', 'the', 'same', 'algorithm', 'use', 'for', 'full', 'off', '-', 'line', 'reduction', '—', 'in', 'general', 'due', 'to', 'the', 'time', 'critical', 'nature', 'of', 'be', 'as', 'foresee', 'on', 'as', 'a', 'subset', 'of', 'the', 'development', 'for', 'the', 'see', 'off', 'line', 'datum', 'reduction', 'system', ',', 'to', 'avoid', 'as', '-', 'be', 'shall', 'development', '-', 'line', 'use', '.']","[0, 0, 0, 0, 0, 0, 0, 0, 0, 0, 0, 0, 1, 2, 2, 0, 0, 1, 0, 0, 0, 0, 0, 0, 0, 0, 0, 0, 0, 0, 0, 0, 0, 0, 0, 0, 0, 0, 0, 0, 0, 0, 0, 0, 0, 0, 0, 0, 0, 0, 0, 0, 0, 1, 2, 2, 2, 2, 0, 0, 0, 0, 2, 0, 0, 0, 0, 0, 0, 0]"
"['a', '.', 'to', 'a', 'registry', ';', 'approve', 'and', 'reject', 'submission', ';', 'forward', 'request', 'to', 'different', 'registry', '.']","[0, 0, 0, 0, 1, 0, 0, 0, 0, 1, 0, 0, 1, 0, 0, 1, 0]"
"['datum', 'tps', 'ﬂow']","[0, 0, 0]"
"['the', 'command', 'include', 'sufﬁcient', 'information', 'on', 'the', 'route', '.', 'route', 'a']","[0, 0, 0, 0, 0, 0, 0, 1, 0, 1, 0]"
"['Speciﬁc', 'command', 'be', 'present', 'in', 'functionality', 'the', 'of', 'the', 'CFHT', 'odometer', '.']","[0, 0, 0, 0, 0, 0, 0, 0, 0, 0, 0, 0]"
"['(', '.', ']', '568', ',', '558', 'UIC', '[', 'Fiches', 'UIC', 'and', 'the', 'Driver', '’s', 'be', 'may', 'or', ')', 'TIU', '(', 'Unit', 'the', 'Interface', 'the', 'via', 'connect', 'be', 'may', 'Device', 'Safety', 'Train', 'connect', 'of', 'the', 'of', 'specification', 'the', 'with', 'comply', 'should', 'interface', 'Address', 'Public', 'the', ',', 'implement', 'if', ')', 'M', 'the', 'UIC', 'Fiche', '[', 'with', 'comply', 'should', 'interface', 'UIC', 'the', ',', 'specification', 'implement', ')', 'o']","[0, 0, 0, 0, 0, 0, 0, 0, 0, 0, 0, 0, 1, 0, 0, 0, 0, 0, 0, 0, 2, 0, 2, 0, 0, 0, 0, 0, 2, 1, 1, 0, 0, 0, 0, 0, 0, 0, 0, 0, 2, 2, 1, 0, 0, 0, 0, 0, 0, 0, 0, 0, 0, 0, 0, 0, 2, 1, 0, 0, 0, 0, 0, 0]"
"['section', '.', 'requirement', 'qualification', 'the', 'identify', '4']","[0, 0, 0, 0, 0, 0, 0]"
"['as', 'criterion', '.', 'Gemini', 'the', 'of', 'user', 'science', 'the', 'toward', 'not', ',', 'system', 'telescope', ',', 'general', 'establish', 'provide', 'to', 'be', 'SRS', 'the', 'of', 'goal']","[0, 0, 0, 0, 0, 0, 0, 0, 0, 0, 0, 0, 0, 0, 0, 0, 0, 0, 0, 0, 0, 0, 0, 0]"
"['these', 'must', 'allow', 'startup', 'and', 'shutdown', 'of', 'instrument', 'independently', 'of', 'the', 'telescope', 'and', 'without', 'must', 'be', 'dynamic', ',', 'privilege', 'to', 'change', 'the', 'environment', ',', 'mean', 'select', 'a', 'suitable', 'combination', 'of', 'instrumentsthe', 'operational', 'software', 'should', 'know', 'which', 'subsystem', 'have', 'Gemini', 'staff', '.', 'i.e.', 'feasible', 'during', 'operation', 'without', 'the', 'need', 'to', 'restart', 'everything', '.']","[0, 0, 0, 3, 0, 3, 0, 1, 0, 0, 0, 1, 0, 0, 0, 0, 0, 0, 0, 0, 0, 0, 1, 0, 0, 0, 0, 0, 3, 4, 4, 0, 0, 0, 0, 0, 1, 0, 0, 2, 0, 0, 0, 0, 0, 0, 0, 0, 0, 0, 0, 0]"
"['the', 'transfer', 'and', 'technology', ',', 'as', 'well', 'as', 'archiving', 'capacity', 'method', '.', 'capacity', 'datum', 'home', 'Institutes', 'use', 'a', 'fits', 'format', 'and', 'contain', 'all', 'header', 'information', 'provide', 'with', 'the', 'datum', ';', 'system', '-', 'wide', 'Gemini', 'on', 'quality', 'look', 'Storage', 'of', 'datum', '.']","[0, 0, 0, 0, 0, 0, 0, 0, 0, 0, 0, 0, 0, 0, 0, 0, 0, 0, 0, 0, 0, 0, 0, 0, 0, 0, 0, 0, 0, 0, 0, 0, 0, 0, 0, 0, 0, 0, 0, 0, 0]"
"['this', 'should', 'greatly', 'simplify', 'the', 'or', 'principle', 'in', 'station', 'and', 'deﬁnition', 'of', 'what', 'a', 'give', 'user', 'can', 'actually', 'do', '.']","[0, 0, 0, 0, 0, 0, 0, 0, 2, 0, 0, 0, 0, 0, 0, 1, 0, 0, 0, 0]"
"['this', 'operation', 'be', 'complement', 'by', 'use', 'previously', 'store', 'datum', ',', 'calibration', 'program', 'at', 'require', 'or', 'to', 'enter', 'interactive', 'operation', 'from', 'automatic', 'operation', 'to', 'possible', 'handle', 'condition', '.']","[0, 0, 0, 0, 0, 0, 0, 0, 0, 0, 0, 0, 0, 0, 0, 0, 0, 0, 0, 0, 0, 0, 0, 0, 0, 0, 0]"
"['""', '.', 'selection']","[0, 0, 0]"
"['make', '.']","[0, 0]"
"['provide', 'text', 'equivalent', 'for', 'non', '-', 'text', 'medium', 'on', 'alternative', '171', '9241', '.', 'property', 'user', 'interface', 'should', 'be', 'design', 'size', 'to', 'they', 'user', '-', 'intuitive', '.']","[0, 0, 0, 0, 0, 0, 0, 0, 0, 0, 0, 0, 0, 1, 0, 0, 0, 0, 0, 0, 0, 0, 0, 0, 0, 0]"
"['they', 'on', '.', 'system', 'the', 'be', 'will', 'level', 'second']","[0, 0, 0, 1, 0, 0, 0, 3, 0]"
"['the', '.', 'system', 'the', 'of', 'security', 'the', 'and', ',', 'control', 'access', 'operation', 'level', 'observe', 'test', ',', 'level', 'operational', 'primitive', 'most']","[0, 0, 0, 0, 0, 0, 0, 0, 0, 0, 3, 0, 0, 0, 0, 0, 2, 1, 0, 0]"
"['concurrent', 'to']","[0, 0]"
"['the', 'standard', 'be', 'to', 'be', 'use', 'whenever', 'feasible', ';', 'exist', 'external', 'software', 'will', 'be', 'integrate', 'with', 'the', 'Gemini', 'software', '.', ',', 'subsystem', 'package', 'should', 'instrument', 'functionality', '.']","[0, 0, 0, 0, 0, 0, 0, 0, 0, 0, 0, 0, 0, 0, 0, 0, 0, 0, 0, 0, 0, 0, 0, 0, 0, 0, 0]"
"['the', 'button', 'customer', 'locate', 'easy', 'employ', 'shall', 'system', 'the', 'administrator', 'and', 'to', 'easy', 'be', 'shall', 'will', 'system']","[0, 0, 1, 0, 0, 0, 0, 0, 0, 1, 0, 0, 0, 0, 0, 0, 0]"
"['no', 'of', 'Mentioned', 'Forms', ';', 'claim', 'follow', 'the', 'capture', 'claim', '(', 'treatment', 'form', ')', 'to', 'the', 'MISU', 'Field', 'office', '.']","[3, 4, 4, 4, 0, 1, 0, 0, 0, 1, 0, 1, 2, 0, 0, 0, 0, 1, 2, 0]"
"['Edit', '.', 'system', 'the', 'into', 'log', 'be', 'the', 'Customer', '.', ')', 'Scenario', 'Basic', '(', '1', 'Step']","[0, 0, 0, 0, 0, 0, 0, 0, 1, 0, 0, 0, 0, 0, 0, 0]"
"['Advanced', 'C', '/', 'C++', 'programming', 'technique', ';', 'unix', 'internal', ';', 'VxWorks', 'internal', ';', 'real', '-', 'time', 'programming', 'as', 'the', 'be', 'of', 'be', 'label', 'something', 'like', ""'"", 'Internals', '-', 'Tools', 'should', ""'"", 'application', 'work', 'would', 'then', 'include', 'any', 'of', ':', ';', 'which', 'themselves', 'unto', 'would', 'be', 'cover', 'under', 'Advanced', 'Application', 'Development', 'and', 'a', 'case', 'can', 'probably', 'be', 'make', 'that', 'they', 'constitute', 'a', 'category', ';', 'skill', 'IOC', ';', 'an', 'epics', 'Basics', ',', 'building', 'and', 'use', 'Applications', 'in', 'course']","[0, 0, 0, 0, 0, 0, 0, 0, 0, 0, 0, 0, 0, 0, 0, 0, 0, 0, 0, 0, 0, 0, 0, 0, 0, 0, 0, 0, 0, 0, 0, 0, 0, 0, 0, 0, 0, 0, 0, 0, 0, 0, 0, 0, 0, 0, 0, 0, 0, 0, 0, 0, 0, 0, 0, 0, 0, 0, 0, 0, 0, 0, 0, 3, 0, 0, 0, 0, 0, 0, 0, 0, 0, 0, 0, 0]"
"['the', 'system', 'will', 'provide', 'for', 'a', 'single', 'local', 'monitoring', 'node', 'and', 'a', 'single', 'remote', 'active', 'the', 'control', 'and', 'and', 'facility', 'foresee', 'so', 'far', 'for', 'the', 'Gemini', 'operation', '8', 'Telescopes', 'will', 'limit', 'this', 'number', 'to', 'a', 'maximum', 'm', 'the', 'practice']","[0, 1, 0, 0, 0, 0, 1, 2, 2, 2, 0, 0, 1, 2, 3, 0, 1, 0, 0, 0, 0, 0, 0, 0, 0, 0, 0, 0, 0, 0, 0, 0, 0, 0, 0, 0, 0, 0, 0]"
"['if', 'the', 'method', 'of', 'access', 'hardware', 'be', ',', 'an', 'the', 'they']","[0, 0, 0, 0, 0, 0, 0, 0, 0, 0, 0]"
"['sort', 'req-4', 'result', 'REQ-7', ',', 'month', 'each', 'database', 'our', 'within', 'website', 'each', 'investigate', 'thoroughly', 'must', 'team', 'development']","[0, 0, 1, 0, 0, 0, 0, 1, 0, 0, 1, 0, 0, 0, 0, 2, 1]"
"['the', '.']","[0, 0]"
"['event', ':', 'event', 'scanning', 'be', 'base', 'on', 'the', 'posting', 'of', 'an', 'event', 'by', 'any', 'scan', 'of', 'system', 'record', 'record', 'be', 'process', 'as', 'a', 'result', 'of', 'link', 'passive', 'record', 'process', 'or', 'as', 'a', 'result', 'of', 'external', 'change', 'be', ':']","[1, 0, 1, 0, 0, 0, 0, 0, 0, 0, 0, 1, 0, 0, 0, 0, 0, 1, 2, 0, 0, 0, 0, 0, 0, 1, 1, 2, 0, 0, 0, 0, 0, 0, 0, 0, 0, 0]"
"['the', 'only', 'process', 'that', 'system']","[0, 0, 0, 0, 0]"
"['the', 'follow', 'statement', 'be', 'look', 'of', 'form', 'some', 'efﬁcient', 'use', 'of', 'the', 'telescope', ',', 'to', 'support', 'different', 'observe', 'mode', ',', 'and', 'to', 'support', 'the', 'versatility', 'requirement', ',', 'propose', 'make', ':', 'it', 'astronomical', 'datum', 'as', 'it', 'come', 'in', '.']","[0, 0, 0, 0, 0, 0, 0, 0, 0, 0, 0, 0, 0, 0, 0, 0, 0, 3, 4, 0, 0, 0, 0, 0, 0, 0, 0, 0, 0, 0, 0, 1, 2, 0, 0, 0, 0, 0]"
"['in', '.', 'operation', 'conﬁguration', 'and', 'logon', 'simple', 'a', 'with', 'whole']","[0, 0, 0, 0, 0, 0, 0, 0, 0, 0]"
"['LT', 'or', 'UT', 'T', '=', 'UO']","[0, 0, 0, 0, 0, 0]"
"['central', '.', 'investigation', 'an', 'of', 'course', 'the', 'during', 'create', 'and', 'define', 'be', 'to', 'object', 'system', 'new', 'support', 'be', 'entity', 'appropriate', 'all', 'between', 'link', 'traceable', 'create', 'to', 'and', 'exposure', 'and', 'case', 'to', 'relate', 'datum', 'collect', 'to', 'ability', 'the', 'OM', 'for', 'allow', 'also', ',', 'relationship', ',', 'exposure', ',', 'investigation', ',', 'contact', ',', 'case', 'to', 'relate', 'datum', 'capture', 'and', ',', 'event', 'health', 'of', 'clinical', 'and', 'environmental', 'specimen', 'should', 'application']","[0, 0, 1, 0, 0, 0, 0, 0, 0, 0, 0, 0, 0, 1, 1, 0, 0, 0, 1, 0, 0, 0, 2, 1, 0, 0, 0, 1, 0, 1, 0, 0, 0, 0, 0, 0, 0, 0, 0, 0, 0, 0, 1, 0, 1, 0, 1, 0, 1, 0, 0, 1, 0, 0, 0, 0, 0, 2, 1, 0, 1, 2, 2, 2, 0, 0]"
"['section', '.', 'specification', 'this', 'to', 'a', 'applicable', 'that', 'document', 'the', 'list', '2']","[0, 0, 0, 0, 0, 0, 0, 0, 0, 0, 0, 0]"
"['these', 'be', 'all', 'topic', 'that', 'Database', 'High', 'Energy', 'Physics', 'support', 'and', 'driver', 'layer', '.']","[0, 0, 0, 0, 0, 0, 0, 0, 0, 0, 0, 0, 0, 0]"
"['from', 'send', 'Sherrif', 'then', 'save', 'will', 'which', 'result', 'search', 'through', 'navigate', 'when', 'help', 'to', 'tool', 'provide']","[0, 0, 0, 0, 0, 0, 0, 2, 1, 0, 0, 0, 0, 0, 0, 0]"
"['(', '.', '13', 'section', 'in', 'define', 'as', 'call', 'emergency', 'Railway', 'a', 'initiate', 'to', 'the', 'call', 'driver', '’s', 'train', 'many', ')', 'M']","[0, 0, 0, 0, 0, 0, 0, 2, 2, 1, 0, 0, 0, 0, 3, 1, 0, 1, 0, 0, 0]"
"['the', 'driver', 'shall', 'be', 'able', 'to', 'release', 'an', 'ETCS', 'emergency', 'brake', 'brake', 'able', 'when', 'actual', 'the', 'trainborne', 'equipment', 'shall', 'monitor', 'the', 'movement', 'direction', 'movement', 'in', 'relation', 'to', 'the', 'permit', 'of', 'reverse', 'unwanted', 'and', 'speed', 'be', 'below', 'the', 'permit', 'speed', '.']","[0, 1, 0, 0, 0, 0, 0, 0, 1, 2, 2, 2, 0, 0, 3, 0, 1, 2, 0, 0, 0, 0, 3, 4, 0, 0, 0, 0, 3, 4, 0, 0, 0, 4, 0, 0, 0, 3, 4, 0]"
"['the', 'control', 'be', 'discretionary', 'subject', ';', 'Dynamically', 'Generated', 'Processing', ':', 'indicate', 'processing', 'initiate', 'during', 'execution', 'of', 'other', 'process', ',', 'but', 'dependent', 'other', 'rollback', 'any', 'on', 'in', 'the', 'sense', 'that', 'a', 'subject', 'with', 'a', 'certain', 'access', 'permission', 'be', 'capable', 'of', 'pass', 'that', 'permission', 'to', '(', 'discard', 'or', 'rule', 'that', 'materialize', 'a', 'new', 'piece', 'of', 'information', '(', 'often', 'attribute', 'value', ')', 'from', 'other', 'piece', 'of', 'business', 'information', 'be', ';', 'always', 'be', 'TRUE', '.']","[0, 0, 0, 0, 0, 0, 0, 0, 0, 0, 0, 0, 0, 0, 0, 0, 0, 0, 0, 0, 0, 0, 0, 0, 0, 0, 0, 0, 0, 0, 0, 0, 0, 0, 0, 0, 0, 0, 0, 0, 0, 0, 0, 0, 0, 0, 2, 0, 0, 0, 0, 0, 0, 0, 0, 0, 3, 4, 0, 0, 0, 0, 0, 1, 0, 0, 0, 0, 0, 0, 0]"
"['the', 'product', 'chapter', 'requirement']","[0, 0, 0, 0]"
"['(', 'national']","[0, 0]"
"['network', 'sub', '-', 'system', '(', 'NSSs', ')', 'centre', 'in', 'be', 'of', 'the', 'GSM', 'service', 'necessary', 'to', 'provide', 'the', 'functionality', 'specify', 'in', 'the', '[', 'EIRENE', 'FRS', 'all', 'for', 'mandatory', 'be', 'reference', 'section', 'of', 'this', 'document', '.']","[1, 2, 2, 2, 0, 0, 0, 2, 0, 0, 0, 0, 0, 0, 0, 0, 0, 0, 0, 0, 0, 0, 0, 0, 0, 0, 0, 0, 0, 0, 0, 0, 0, 0, 0]"
"['any', 'g.', '1.5', ':', 'acceleration', ';', 'mm', 'equipment', ':', 'european', '[', 'train', 'the', 'of', 'failure', 'of', 'event', 'the', 'in', 'hour', '6', 'of', 'period', 'a', 'for', 'operate', '’s', 'main', 'power', 'supply', '-', 'point', ')', 'o', '(', '):', '4.5.21', 'to', 'section', '(', 'cycle', 'follow', 'the', 'on', 'base', ',', 'see', 'standard', 'continue', 'radio', 'and', 'clearance', 'to', 'reference', 'with', 'ordination', '-', 'co', 'insulation', 'concern', ']', '1', 'part', '50124', 'pren', 'creepage', '.']","[0, 0, 0, 0, 0, 0, 0, 1, 0, 0, 0, 1, 0, 0, 0, 0, 0, 0, 0, 0, 0, 0, 0, 0, 0, 0, 0, 0, 1, 2, 2, 1, 0, 0, 0, 0, 0, 0, 0, 0, 0, 0, 0, 0, 0, 0, 0, 0, 0, 1, 0, 0, 0, 0, 0, 0, 0, 0, 0, 0, 0, 0, 0, 0, 0, 0, 0]"
"['the', 'three', 'product', 'would', 'developer', 'to', 'Services', '.']","[0, 0, 0, 0, 0, 0, 0, 0]"
"['this', 'as', 'module', 'VME', 'and']","[0, 0, 0, 0, 0]"
"['it', 'will', 'include', 'control', 'qualify', 'the', 'processing', 'involve', ';', 'Business', 'Rule', ':', 'a', 'narrative', 'category', ':', 'definition', ',', '(', 'relationship', ')', 'between', 'entity', 'or', 'association', 'between', 'an', 'entity', 'and', 'attribute', ';', 'constraint', 'be', 'condition', 'about', 'link', '/', 'either', 'fact', 'fact', ',', 'constraint', ',', 'and', 'derivation', ';', 'definition', 'be', 'business', 'rule', 'that', 'define', 'entity', 'and', 'attribute', ';', 'be', 'process', 'manual', 'a', ';', 'TBD', 'to', 'be', 'determine', ';', 'WWMCCS', 'world', '-', 'wide', 'Military', 'Command', 'and', 'Control', 'System', '.']","[0, 0, 0, 0, 0, 0, 0, 0, 0, 0, 0, 0, 0, 0, 0, 0, 1, 0, 0, 0, 0, 0, 0, 0, 3, 0, 0, 1, 0, 1, 0, 1, 0, 0, 0, 3, 0, 0, 1, 1, 0, 1, 0, 0, 1, 0, 0, 0, 1, 2, 0, 0, 1, 0, 1, 0, 0, 0, 0, 0, 0, 0, 0, 0, 0, 0, 0, 0, 0, 0, 0, 0, 0, 0, 0, 0]"
['setconfiguration'],[0]
"['the', 'design', 'be', 'to', 'use', 'the', 'technique', 'and', 'diagram', 'introduce', 'by', 'Ward', 'and', 'Mellor', 'and', 'and', 'establish', 'practice', '.', 'to', 'not', 'require', 'a', 'real', '-', 'time', 'operating', 'environment', '.']","[0, 0, 0, 0, 0, 0, 0, 0, 0, 0, 0, 0, 0, 0, 0, 0, 0, 0, 0, 0, 0, 0, 0, 0, 0, 0, 0, 0, 0]"
"['all', '.', 'board', 'the', 'of', 'bottom', 'the', 'at', 'move', 'square', 'can', 'contain', '20', '.', '""', 'ok', '""', 'label', 'the', 'with', 'pushbutton', 'a']","[0, 0, 0, 0, 0, 0, 0, 0, 0, 0, 0, 0, 0, 0, 0, 0, 0, 3, 0, 0, 1, 0]"
"['administrator', 'system', 'the', 'access', 'to', 'able', 'be', 'must']","[1, 0, 0, 0, 0, 0, 0, 0]"
"['these', '.', 'language', 'such', 'other', 'or', 'PHP', 'server', 'second', 'long', '5', 'than', 'less', 'take', 'will', 'program', 'the']","[0, 0, 0, 0, 0, 0, 0, 1, 0, 0, 0, 0, 0, 0, 0, 1, 0]"
"['Specimen', '.', ')', 'vaccination', 'smallpox', ',', 'i.e.', 'exam', 'specimen', 'prophylaxis', 'plan', 'a', 'of', 'because', 'quarantine', 'or', 'isolate', 'be', 'who', 'individual', 'expose', 'and', 'case', 'about', 'collect', 'be', 'should', 'datum']","[1, 0, 0, 0, 0, 0, 0, 1, 2, 1, 2, 0, 0, 0, 0, 0, 0, 0, 0, 2, 1, 0, 1, 0, 0, 0, 0, 4]"
"['it', 'be', 'possible', 'that', 'the', 'channel', 'be', ""'"", '.', 'target', ')', 'source', 'Commands', 'and', 'datum', 'may', 'be', 'route', 'through', 'a', 'channel', '.']","[0, 0, 0, 0, 0, 0, 0, 0, 0, 0, 0, 0, 0, 0, 0, 0, 0, 0, 0, 0, 0, 0]"
"['the', 'requirement', 'for', 'this', 'program', 'and', 'some', 'measure', '.', 'of', 'be', 'detail', 'below', '.']","[0, 0, 0, 0, 0, 0, 0, 0, 0, 0, 0, 0, 0, 0]"
['T”1'],[0]
"['besides', 'information', 'subsystem', 'result', 'from', 'failure', 'to', 'successfully', 'complete', 'command', ',']","[0, 0, 1, 0, 0, 0, 0, 0, 0, 1, 0]"
"['(', '.', ']', '4', 'and', '2', '-', ')', '3', '2', ',', '1', 'part', '50121', 'ENV', '[', ',', 'protection', '’s', 'and', 'IEC', '[', 'in', 'define', 'as', 'test', 'electrical', 'pass', 'shall', 'radio', 'Cab', 'the', ')', 'M']","[0, 0, 0, 0, 0, 0, 0, 0, 0, 0, 0, 0, 0, 0, 0, 0, 0, 2, 0, 0, 0, 0, 0, 0, 0, 0, 0, 0, 0, 2, 1, 0, 0, 0]"
"['manager', 'service', ';', 'create', 'and', 'manage', 'username', ',', 'superuser', ';', 'establish', 'acceptable', 'name', 'convention', 'to', ')', 'name', 'within', ';', 'define', 'a', 'set', 'of', 'metadata', 'tag', ',', 'information', 'attribute', 'to', 'metadata', 'tag', '(', 'meta', '-', 'metadata', 'i&rts', 'structure', 'the', 'specify', 'the', 'COE', 'architecture', 'to', 'express', 'the', 'context', 'and', 'relationship', 'of', 'the', 'name', 'convention', 'to', 'other', 'name', 'convention', 'in', 'accord', ',', 'information', 'a', 'registry', 'to', 'select', 'a', 'tag', 'structure', 'examine', 'for', 'in', 'one', 'or', 'more', 'application', 'that', 'will', 'reuse', 'consumer']","[0, 0, 0, 0, 0, 0, 1, 0, 1, 0, 0, 0, 0, 0, 0, 0, 0, 0, 0, 0, 0, 0, 0, 1, 2, 0, 0, 0, 0, 1, 2, 0, 0, 0, 0, 0, 0, 0, 0, 0, 0, 0, 0, 0, 0, 0, 0, 0, 0, 0, 0, 0, 0, 0, 0, 0, 0, 0, 0, 0, 0, 1, 0, 0, 0, 1, 2, 0, 0, 0, 0, 0, 0, 0, 0, 0, 0, 1]"
"['advanced', '.', 'the', 'store', 'detail', 'the', 'in', 'and', 'feature']","[0, 0, 0, 0, 0, 0, 0, 0, 0]"
"['action', '.', 'disappear', 'Menu', '""', 'jp_brossat@yahoo.fr', 'Brossat', 'JeanPhilippe', 'by', '1.0', 'Qheadache', '""', 'text', 'follow', 'the', 'of', 'compose', 'be', '""', 'Windows', 'about', '""']","[0, 0, 0, 0, 0, 0, 0, 0, 0, 0, 0, 0, 0, 0, 0, 0, 0, 0, 0, 0, 0, 0]"
"['real', '-', 'time', 'support', 'be', 'require', 'at', 'the', 'IOC', 'level', '.', ';', 'sufﬁcient', 'software', 'and', 'interface', ';', 'support', 'of', 'a', 'distribute', 'environment', '.', 'user']","[0, 0, 0, 0, 0, 0, 0, 0, 0, 0, 0, 0, 0, 0, 0, 0, 0, 0, 0, 0, 0, 0, 0, 0]"
"['exposure', '.', 'tracing', 'exposure', 'contact', 'support', 'to', 'entity', 'expose', 'as', 'Exposure', 'and', 'exposure', 'intimate', ',', 'e.g.', '(', 'exposure', 'of', 'type', ',', 'level', 'exposure', 'to', 'relate', 'information', 'include', 'must', 'capture', 'be', 'to', 'datum', ',', ',', 'social', 'household', 'of', 'frequency', ',', 'expose', 'be', 'entity', 'the', 'time', 'of', 'length', ',', 'exposure', 'of', 'place', ',', ')', 'conveyance', 'common', ',', ',', 'capture', 'be', 'must', 'onset', ':', 'include', 'collect', 'be', 'to', 'datum', 'epi']","[1, 0, 2, 2, 1, 0, 0, 2, 1, 0, 1, 0, 4, 0, 0, 0, 0, 4, 4, 3, 0, 4, 3, 0, 0, 0, 0, 0, 0, 0, 0, 2, 0, 0, 0, 0, 4, 3, 0, 4, 4, 4, 4, 4, 4, 3, 0, 4, 4, 3, 0, 0, 0, 0, 0, 0, 0, 0, 0, 3, 0, 0, 0, 0, 0, 2, 2]"
"['note', ':', 'the', 'Adaptive', 'Multi', '-', '515', 'Rate', 'AMR', ')', 'CODEC', 'be', 'not', 'suitable', 'for', '(', '301', ',', '[', 'to', 'GSM', 'basic', 'service', 'will', 'be', 'as', 'note', 'in', '[', 'GSM', '02.81', '-', '02.89', 'and', 'service', 'supplementary', 'these', 'of', '9', ']', ']', 'to', 'be', 'support']","[0, 0, 0, 0, 0, 0, 0, 0, 0, 0, 0, 0, 0, 0, 0, 0, 0, 0, 0, 0, 1, 2, 2, 0, 0, 0, 0, 0, 0, 0, 0, 0, 0, 0, 0, 0, 0, 0, 0, 0, 0, 0, 0, 0]"
"['More', 'future', 'in', 'add', 'be', 'can', 'need']","[0, 0, 0, 0, 0, 0, 0]"
"['during', '.', 'sale', 'detail', '.']","[0, 0, 4, 4, 0]"
"['these', 'access', 'Generation', 'schema', 'Environment', 'Operating', 'Common', ')', 'DII', '(', 'Infrastructure', 'Information', 'Defense', 'the', 'of', 'area', 'functional', ')', 'XS', '(', 'Services', '(', ',', 'COE', '.', 'XML', 'of', 'design', ',', ')', 'structure', 'and', 'tag', '(', 'term', 'of', 'Registration', 'include', 'area', 'functional', 'XS']","[0, 0, 0, 0, 0, 0, 0, 0, 0, 0, 0, 0, 0, 0, 0, 0, 0, 0, 0, 0, 0, 0, 0, 0, 0, 0, 0, 0, 0, 0, 0, 0, 0, 0, 0, 0, 0, 0, 0, 0, 0]"
"['base', 'on', 'all', 'relevant', 'datum', ',', 'the', 'ETCS', 'shall', 'calculate', 'an', 'emergency', 'braking', 'braking', 'train', 'curve', 'a', 'the', 'dynamic', 'train', 'speed', 'profile', '.', 'respect']","[0, 0, 0, 0, 0, 0, 0, 1, 0, 0, 0, 1, 2, 2, 3, 2, 0, 0, 1, 2, 2, 2, 0, 0]"
"['no', '.', 'score', ""'"", 'player', 'the', 'all', 'with', 'window', 'a', 'must', 'play', 'the', 'game']","[0, 0, 3, 0, 1, 0, 0, 0, 0, 0, 0, 0, 0, 0]"
"['this', '.', 'the', 'error', '/', 'warning', 'message', 'after', 'the', 'user', 'attempt', 'to', 'save', 'datum', 'without', 'associate', 'one', 'of', 'standard', 'each', 'a', 'shall', 'Information', 'section', 'at', 'the', 'time', 'of', 'create', '/', 'add', 'a', 'new', 'user', '.']","[0, 0, 0, 0, 0, 0, 0, 0, 0, 1, 0, 0, 0, 3, 0, 0, 0, 0, 0, 0, 0, 0, 0, 0, 0, 0, 0, 0, 0, 0, 0, 0, 0, 1, 0]"
"['the', 'call', 'waiting', 'service', '(', 'CW', ')', 'permit', 'a', 'emergency', ';', 'M', ')', 'M', ';', 'shunt', 'mode', '(', 'section', '14', '11', ')', ';', 'Multiple', 'driver', 'communication', '(', 'section', '5', 'M', '-', '515', 'EN', 'for', 'voice', 'broadcast', 'call', '.']","[0, 1, 2, 2, 0, 0, 0, 0, 0, 0, 0, 0, 0, 0, 0, 0, 0, 0, 0, 0, 0, 0, 0, 0, 0, 0, 0, 0, 0, 0, 0, 0, 0, 0, 0, 0, 0, 0]"
"['a', 'successfully', 'the', 'web', 'store', 'a', 'via', 'system', 'weborder', 'the', 'access', 'to', 'able', 'be', 'must']","[0, 0, 0, 0, 0, 0, 0, 0, 0, 0, 0, 0, 0, 0, 0]"
"['Sales', '.', 'access', '.']","[1, 0, 0, 0]"
"['it', 'require', 'also', 'that', 'the', 'observe', 'program', 'be', '.', 'time', 'few', 'a', 'user', '.']","[0, 0, 0, 0, 0, 1, 2, 0, 0, 0, 0, 0, 1, 0]"
"['example', '.', 'occur', 'travel', 'the', 'which', 'their', 'in', 'daily', 'as', 'include', 'should', 'datum', 'history']","[0, 0, 0, 1, 0, 0, 0, 0, 1, 0, 0, 0, 2, 2]"
"['system', '.', 'population', 'risk', 'for', '-', 'identify', 'and', ',', 'event', 'the', 'characterize', ',', 'analysis', 'meaningful', 'at', 'the', 'child', 'specimen', 'assist', 'to', 'list', 'back', '-', 'call', 'and', ',', 'datum', 'aggregate', ',', 'log', 'activity', ',', 'list', 'line', ',', ')', 'exchange', 'the', 'data', 'emergency', 'group', 'clearly', 'should', 'OM', 'support', 'system', 'by', 'generate']","[1, 0, 2, 2, 0, 2, 0, 0, 0, 1, 0, 0, 0, 1, 0, 1, 0, 1, 2, 0, 0, 2, 2, 2, 1, 0, 0, 2, 1, 0, 2, 1, 0, 2, 1, 0, 0, 0, 0, 0, 1, 2, 0, 0, 0, 0, 1, 0, 0]"
"['this', 'could', 'be', 'an', 'epics', 'AR', '(', 'information', 'or', ')', 'task', '.']","[0, 0, 0, 0, 0, 0, 0, 0, 0, 0, 0, 0]"
"['EPICS', 'be', 'originally', 'develop', 'at', 'the', 'Los', 'Alamos', '.', 'and', 'National', 'Laboratories', 'for', 'use', 'in', 'large', 'accelerator', 'control', 'Argonne', 'system', 'control', 'Gemini', 'Management', 'Plan', '.']","[0, 0, 0, 0, 0, 0, 0, 0, 0, 0, 0, 0, 0, 0, 0, 0, 0, 0, 0, 2, 1, 0, 0, 0, 0]"
"['Sales', '.', 'system', 'the', 'with', 'session', ';', 'cookie', 'system', 'Person']","[1, 0, 0, 0, 0, 0, 0, 0, 0, 4]"
"['e', '-', 'mail']","[3, 4, 4]"
"['the', 'principal', 'example', 'be', 'that', 'regular', 'to', 'this', 'a', 'at', 'that', 'time', '.']","[0, 0, 0, 0, 0, 0, 0, 0, 0, 0, 0, 0, 0]"
"['the', '.', 'appropriate', 'wherever', 'component', 'custom', 'shall', 'must', 'language', 'the', 'email', 'Services', 'Client', 'a', 'to', 'email', 'notification', 'a', 'send', 'shall', 'system']","[0, 0, 0, 0, 0, 0, 0, 0, 0, 0, 2, 2, 1, 0, 0, 0, 0, 0, 0, 0, 1]"
"['the', '.', 'market', 'selling', 'high', 'a', 'to', 'the']","[0, 0, 0, 0, 0, 0, 0, 0]"
"['mobile', '4', 'use', 'of', 'GSM', 'infrastructure', '.']","[0, 0, 0, 0, 1, 2, 0]"
"['Customer', '.', 'HTTPS', 'with', 'browser', 'web', 'button', 'account', 'customer', 'new', 'sdram', 'MB', '128', ';', 'chip', 'ram', 'Flash', ';', 'GB', ':', 'requirement', 'hardware', 'follow', 'the', 'to', 'adhere', '4', 'Intel', 'XScale', 'PXA270', 'a']","[1, 0, 0, 0, 0, 0, 0, 2, 1, 0, 0, 0, 0, 0, 0, 0, 0, 0, 0, 0, 0, 0, 0, 0, 0, 0, 0, 0, 0, 0, 0]"
"['(', '.', 'standard', 'RS422', 'implement', 'to', 'adapt', 'on', 'be', 'the', 'status', '.', 'radio', 'Cab', 'the', 'the', 'by', 'interface', 'standard', 'the', 'to', 'system', 'train', '-', 'provide', 'by', 'of', 'should', 'form', 'the', 'take', 'may', 'interface', 'other', ')', 'i']","[0, 0, 0, 0, 0, 0, 0, 1, 0, 0, 3, 0, 2, 1, 0, 0, 0, 0, 0, 0, 0, 2, 2, 2, 0, 0, 0, 0, 0, 0, 0, 0, 0, 0, 0, 0]"
"['this', 'establish', 'should', 'acceptable', 'order', 'it', 'if', ',', 'design', 'system']","[0, 0, 0, 0, 0, 0, 0, 0, 0, 0]"
"['in', 'per', 'within', 'no', 'more', 'condition', 'the', 'System', 'must', 'be', 'able', 'to', 'perform', 'peak', 'a', 'search', 'within', '5', '-', '8', 'second', 'and', 'a', 'simple', 'downtime', 'and', 'both', 'than', '<', 'xx', '>', 'hour', '.']","[0, 0, 0, 0, 0, 0, 0, 0, 0, 0, 0, 0, 0, 0, 0, 0, 0, 0, 0, 0, 0, 0, 0, 0, 0, 0, 0, 0, 0, 0, 0, 0, 0]"
"['there', 'be', 'also', 'software', 'module', 'for', 'test', 'the', 'subsystem', 'as', 'an', 'integrate', 'portion', 'of', 'the', 'entire', 'system', ':', 'system', 'these', 'be', 'unit', 'by', 'module', 'replacement', '(', 'e.g.', 'replace', 'a', 'repair', 'VME', 'in', 'an', 'IOC', ')', '.']","[0, 0, 0, 0, 0, 0, 0, 0, 1, 0, 0, 0, 0, 0, 0, 0, 1, 0, 0, 0, 0, 1, 0, 0, 0, 0, 0, 0, 0, 0, 0, 0, 0, 0, 0, 0]"
"['it', 'shall', 'then', 'read', 'issue', 'the', 'temperature', 'value', 'and', 'current', 'temperature', 'setting', 'of', 'each', 'thermostat', '.']","[0, 0, 0, 0, 0, 0, 3, 4, 0, 0, 3, 4, 0, 0, 1, 0]"
"['connect', 'shall', 'more', 'XS', '.', 'mission', ')', 'and', 'require', 'access', 'to', 'few', 'datum', 'management', 'administrative', 'capability', 'than', 'need', 'in', 'a', 'fixed', 'environment']","[1, 0, 0, 0, 0, 0, 0, 0, 0, 0, 0, 0, 0, 0, 0, 0, 0, 0, 0, 0, 0, 0]"
"['the', ':', 'communicate', 'SI-1.1', 'the', 'operation', 'allow', 'customer', 'by', 'order', 'item', 'of', 'transmit', 'billing', 'will', ',', 'interface', 'programmatic', 'through', ':', 'si-1.2', ';', 'WebOrder', '.', 'information', 'from', 'API', 'in', '-', 'plug']","[0, 0, 0, 0, 0, 0, 0, 1, 0, 0, 1, 0, 0, 0, 0, 0, 0, 0, 0, 0, 0, 0, 0, 0, 0, 0, 0, 0, 0, 0]"
"['this', '.', 'c.operation', ';', 'observation', 'direct', 'operation', '-', ',', 'look', '-', 'quick', 'and', ',', 'parameter', 'instrument', 'of', 'selection', ',', 'datum', 'science', 'of', 'collection', 'the', 'for', 'system', 'the', 'to', 'access', 'safe', 'data', 'reduction', '.']","[0, 0, 0, 0, 0, 0, 0, 0, 0, 0, 0, 0, 0, 0, 0, 0, 0, 0, 0, 0, 0, 0, 0, 0, 0, 0, 0, 0, 0, 0, 0, 0, 0]"
"['the', 'the', 'software', 'and', 'control', 'system', 'produce', 'as', 'part', 'of', 'the', 'Gemini', 'Project', 'Work', 'package', 'exhibit', 'numerous', 'common', 'attribute', '.', 'application', 'whenever', 'allow', 'that', 'function', 'of', 'the', 'individual', 'work', 'package', 'and', 'deﬁne', 'a', 'in', 'appropriate', 'work', 'package', 'description', '.']","[0, 0, 1, 2, 2, 2, 0, 0, 0, 0, 0, 0, 0, 0, 0, 0, 0, 3, 4, 0, 0, 0, 0, 0, 0, 0, 0, 0, 0, 0, 0, 0, 0, 0, 0, 0, 0, 0, 0]"
"['if', 'yes', ',', 'then', 'the', 'user', 'Form']","[0, 0, 0, 0, 0, 0, 4]"
['the'],[0]
"['if', 'acknowledgement', 'be', 'specify', 'the', 'on', 'shall', 'the', '.', 'shall', 'have', 'the', 'capability', 'of', 'be', 'train', 'supervised', 'a', 'ceiling', 'speed', '.']","[0, 0, 0, 0, 0, 0, 0, 0, 0, 0, 0, 0, 0, 0, 0, 1, 0, 0, 3, 4, 0]"
"['the', 'XS', 'software', 'shall', 'be', 'deliver', 'accordance', 'rely', 'precedence', 'criticality', 'for', 'essential', '(', 'e', ')', ';', '2', 'for', 'Desirable', '(', 'd', ')', ';', '3', 'for', 'Optional', '(', '1', 'and', ':', 'the', 'code', 'and', 'to', 'other', 'related', 'requirement', 'within', 'the', 'XS', 'SRS', '.']","[0, 0, 0, 0, 0, 0, 0, 0, 0, 0, 0, 0, 0, 0, 0, 0, 0, 0, 0, 0, 0, 0, 0, 0, 0, 0, 0, 0, 0, 0, 0, 0, 0, 0, 0, 0, 0, 0, 0, 0, 0, 0]"
"['customer', '.', 'cart', 'shopping', 'the', 'to', ')', 'place']","[1, 0, 2, 1, 0, 0, 2, 0]"
"['the', 'in', ':', 'emphasis', 'on', 'development', 'and', 'productivity', 'requirement', ',', 'mind', '.', '7', '4-', 'the', 'Gemini', '8', 'm', 'Telescopes', 'standard', ',', 'but', 'exclude', 'the', 'target', 'computer', 'hardware', ',', 'in', 'section', '4.2.5', 'on', 'page', 'include', 'cross', 'support', 'tool', 'procedure', 'method', 'have', 'to', 'be', 'deﬁne', 'in', 'the', 'Software', 'Test', 'Plan', '(', 'STP', ')', ',', 'while', 'test', 'plan', 'shall']","[0, 0, 0, 0, 0, 0, 0, 0, 0, 0, 0, 0, 0, 0, 0, 0, 0, 0, 0, 0, 0, 0, 0, 0, 0, 0, 0, 0, 0, 0, 0, 0, 0, 0, 0, 0, 0, 0, 0, 0, 0, 0, 0, 0, 0, 0, 0, 0, 0, 0, 0, 0, 0, 0, 0, 0]"
"['each', '.', 'node', 'the', 'sum', 'total', 'of', 'user', 'at', 'all', 'the', 'node', '.']","[0, 0, 1, 0, 3, 4, 4, 4, 4, 4, 4, 4, 0]"
"['versione', 'relationship', ':', 'provide', 'the', 'capability', 'to', 'view', 'an', 'a', 'Information', 'view', 'capability', 'view', 'a', 'complex', 'Container', 'Tag', '’s', 'parent', '/', 'child', 'relationship', ';', 'Data', 'type', 'information', ':', 'provide', 'the', 'to', 'document', 'resource', 'version', 'amplify', 'information', ':', 'provide', 'the', 'capability', 'to', 'view', 'other', 'information', 'resource', 'such', 'as', 'ERwin', 'model', ',', 'dtd', ';', '’s', 'set', 'relate', ';', 'reference', 'set', ':', 'provide', 'the', 'capability', 'to', 'view', 'text', 'relate', 'to', 'the', 'domai', 'value', 'or', 'the', 'reference', 'specification', 'reference', 'tag', 'shall', 'include', 'test', ',', 'demonstration', ',', 'analysis', 'software', ',', 'inspection', '(', 'T', ',', 'D', ',', 'A', 'and', 'the', 'to', 'apply', 'Software', 'will', 'be', 'qualified', 'through', 'formal', 'validation', 'test', 'of', 'the', 'SRS', 'level', 'requirement', '.']","[3, 4, 0, 0, 0, 0, 0, 0, 0, 0, 1, 0, 0, 0, 0, 0, 1, 2, 0, 3, 4, 4, 4, 0, 3, 4, 4, 0, 0, 0, 0, 1, 2, 3, 0, 0, 0, 0, 0, 0, 0, 0, 0, 1, 2, 0, 0, 1, 2, 0, 1, 0, 0, 0, 0, 0, 3, 4, 0, 0, 0, 0, 0, 0, 0, 0, 0, 0, 0, 0, 0, 0, 0, 2, 0, 1, 0, 0, 1, 0, 1, 0, 1, 0, 0, 1, 0, 0, 0, 0, 0, 0, 0, 0, 0, 0, 0, 0, 0, 0, 0, 0, 0, 0, 0, 0, 0, 0, 0, 0]"
"['the', 'subsystem', 'detect', 'channel', 'not_ready', 'command', 'system', 'must', 'respond', 'to', '.']","[0, 1, 0, 0, 0, 0, 1, 0, 0, 0, 0]"
"['(', '.', 'radio', 'Cab', 'activation', 'upon', 'physically', 'to', 'by', 'or', 'device', 'external', 'an', 'by', 'initiate', 'be', 'shall']","[0, 0, 2, 1, 0, 0, 0, 0, 0, 0, 1, 3, 0, 0, 0, 0, 0]"
"['the', 'expiry', 'card', 'credit', ';', 'ship', 'be', 'to', '=', '.', 'no', 'Card', 'ID', 'mail', '-', 'e', ';', 'string', 'numeric', '=', 'digit', ';', 'address', 'above', 'the', 'of', 'code', 'postal', '5']","[0, 4, 4, 3, 0, 0, 0, 0, 0, 4, 4, 4, 4, 4, 4, 3, 0, 0, 0, 0, 0, 0, 3, 0, 0, 0, 4, 3, 0]"
"['administrator', 'button', 'initiate', 'to', 'link', 'or', 'button', 'the', 'click', 'click', 'administrator', 'Properties', 'User', 'change', '""', 'to', 'link', 'or', '""', 'the', 'of', 'privilege', 'display', 'system', ';', 'user', 'select', 'of', 'deletion', 'account', 'confirm', ';', 'information', 'user', 'display', 'system', ';', 'user', 'system', 'home', 'page', 'to', 'and', 'password', 'as', 'such', 'property']","[0, 0, 0, 0, 0, 0, 0, 0, 0, 0, 1, 4, 3, 0, 0, 0, 0, 0, 0, 0, 0, 3, 0, 0, 0, 1, 0, 0, 0, 0, 0, 0, 4, 3, 0, 0, 0, 1, 0, 0, 0, 0, 0, 3, 0, 0, 0]"
"['for', 'automatically', 'out', 'operation', 'for', 'a', 'while', '.']","[0, 0, 0, 0, 0, 0, 0, 0]"
"['Operational', 'THEMAS', 'Parameters', 'thermostat', 'shall', 'have', 'a', 'unique', 'identifier', 'by', 'which', 'that', 'thermostat', 'be', 'identify', 'in', 'each', 'of', 'temperature', 'to', 'load', 'into', 'the', 'themas', 'system', 'during', 'the', 'initialization', 'process', '.']","[0, 0, 0, 1, 0, 0, 0, 0, 3, 0, 0, 0, 1, 0, 0, 0, 0, 0, 3, 0, 0, 0, 0, 0, 1, 0, 0, 0, 0, 0]"
"['the', 'system', 'will', 'off', 'instrument', 'and', 'acquisition', 'principle', 'additional', 'node', 'might', 'be', 'work', 'at', 'the', 'same', 'time', '.']","[0, 1, 0, 0, 1, 0, 0, 0, 0, 1, 0, 0, 0, 0, 0, 0, 0, 0]"
"['when', '.']","[0, 0]"
"['in', '.', 'datum', 'previous', 'of', 'staff', 'assessment', 'the', 'of', 'result', 'a', 'as']","[0, 0, 0, 0, 0, 0, 0, 0, 0, 0, 0, 0]"
"['module', 'receive']","[1, 0]"
"['inventory', '.', 'information', 'address', 'and', ',', 'their', 'and', 'request', 'Server', 'deliver', 'shall', 'interface', 'web', 'the', 'via', 'user', 'Operations', 'for', 'online', 'install']","[0, 0, 4, 3, 0, 0, 0, 0, 0, 0, 0, 0, 0, 0, 0, 0, 0, 0, 0, 0, 0]"
"['the', 'function']","[0, 0]"
"['system', 'B4', ';', 'confirm']","[0, 0, 0, 0]"
"['system', '.', 'information', 'entity', 'their', 'type', 'relationship', 'support', 'must', 'OM', 'support']","[1, 0, 3, 3, 0, 4, 3, 0, 0, 0, 0]"
"['a', 'Database', 'be', 'o', 'event', ',', 'and', 'Passive', '.']","[0, 0, 0, 0, 0, 0, 0, 0, 0]"
"['LO', 'or', 'UO', '=', 't', 'then', 'the', 'themas', 'system', 'shall', 'recognize', 'this', 'condition', '=', 'as', 'temperature', 'limit', 'have', 'be', 'exceed', '.']","[0, 0, 0, 0, 0, 0, 0, 0, 1, 0, 0, 0, 0, 0, 0, 3, 4, 0, 0, 0, 0]"
"['section', '10', 'detail', 'functional', 'the', 'of', 'other', 'information', ',', 'such', 'as', 'priority', 'handling', 'respectively', 'equipment', 'radio', 'implementation', 'of', 'network', '.']","[0, 0, 0, 0, 0, 0, 0, 0, 0, 0, 0, 0, 0, 0, 0, 0, 0, 0, 0, 0]"
"['Laboratory', '.', 'www.cdc.gov/phin', 'at', 'available', ',', 'Measures', 'Performance', 'Key', 'Preparedness', 'PHIN', 'in', 'describe', 'as', 'preparedness', 'assess', 'for', 'performance', 'be', 'support', '.', 'and', 'parse', ',', 'receive', 'to', 'able', 'be', 'should', 'OM', 'support']","[1, 0, 0, 0, 0, 0, 0, 0, 0, 0, 0, 0, 0, 0, 0, 0, 0, 0, 0, 0, 0, 0, 0, 0, 0, 0, 0, 0, 0, 0, 0]"
"['the', '.', 'remote', 'cover', 'also']","[0, 0, 0, 0, 0]"
"['performance', '.']","[0, 0]"
"['log', ';', 'System', 'log', 'information', 'should', 'include', 'all', 'important', 'event', ',', 'properly']","[0, 0, 0, 0, 0, 0, 0, 0, 0, 1, 0, 0]"
"['as', 'of', 'experimental', 'X', 'brilliance', 'high', 'Access', 'Teams', '(', 'CATS', ')', 'at', 'Argonne', '’s', 'Advanced', 'Photon', 'Source', '(']","[0, 0, 0, 0, 0, 0, 0, 0, 0, 0, 0, 0, 0, 0, 0, 0, 0, 0]"
"['before', 'the', 'intervention', '.']","[0, 0, 1, 0]"
"['the', '.', 'System', 'Weborder', ';', 'Customer', 'cart', ';', ';', 'or', 'the', 'the', 'to', 'detail', 'login', 'resend', 'to', 'Customer', 'email', 'the']","[0, 0, 0, 0, 0, 1, 1, 0, 0, 0, 0, 0, 0, 0, 0, 0, 0, 1, 0, 0]"
"['the', '.', 'enter', 'ETCS', '.']","[0, 0, 0, 1, 0]"
"['where', '.', 'subject', '.', 'Intercom', ';', 'recorder', 'borne', 'train', ')', 'i']","[0, 0, 0, 0, 0, 0, 2, 2, 1, 0, 0]"
"['Initialization', 'Data', 'shall', 'the', 'establish', 'file', 'exceed', 'a', 'maximum', 'deviation', 'value', 'of', '3', 'degree', 'Fahrenheit', '.']","[0, 0, 0, 0, 0, 2, 0, 0, 3, 4, 4, 0, 0, 0, 0, 0]"
"['then', ',', 'it', 'shall', 'check', 'all', 'the', 'thermostat', 'and', 'determine', 'system', 'if', 'unit', 'temperature', 'the', 'Parameters', 'value', 'shall', 'reside', 'in', 'an', 'initialization', 'file', '.']","[0, 0, 0, 0, 0, 0, 0, 1, 0, 0, 0, 0, 2, 4, 0, 0, 4, 0, 0, 0, 0, 1, 2, 0]"
"['VSP', ';', 'Date', 'of', 'Submission', '(', 'with', 'date', 'and', 'time', ')', ';', 'no', 'of', 'Name', 'the', 'on', 'base', 'than', 'or', 'equal', 'to', 'Mentioned', 'Forms', ';', 'in', 'the', 'transaction', 'part', 'no', 'of', 'form', 'should', 'match', 'with', 'no', 'of', 'Available', 'Forms', '.']","[3, 0, 3, 4, 4, 0, 0, 0, 0, 0, 0, 0, 3, 4, 4, 0, 0, 0, 0, 0, 0, 0, 0, 1, 0, 0, 0, 0, 0, 0, 0, 1, 0, 0, 0, 0, 0, 1, 2, 0]"
"['no', 'change', 'of', 'the', 'related', 'layer', 'without', 'procedure', 'establishment', 'the', 'an', 'indication', 'be', 'give', 'from', 'the', 'layer', 'soon', '3', 'or', 'BCC', 'entity', 'on', 'an', 'abort', 'of', 'gcc', 'mobile', 'that', 'ensure', 'accord', 'to', 'the', 'type', 'of', 'role', 'they', 'will', 'perform', 'and', 'the', 'environment', 'they', 'will', 'operate', 'type', 'radio', 'mobile', 'distinct', 'Applications', '-', 'MMI', 'interface', ':', 'not', 'specify', 'in', '.', 'o', ')', '.']","[0, 0, 0, 0, 0, 0, 0, 0, 0, 0, 0, 0, 0, 0, 0, 0, 0, 0, 0, 0, 0, 0, 0, 0, 0, 0, 0, 1, 0, 0, 0, 0, 0, 3, 4, 4, 0, 0, 0, 0, 0, 3, 0, 0, 0, 2, 1, 0, 0, 0, 0, 0, 0, 0, 0, 0, 0, 0, 0, 0, 0]"
"['the', 'information', 'in', 'these', 'event', 'will', 'be', 'or', 'use', 'create', 'statistical', 'report', '.']","[0, 0, 0, 0, 1, 0, 0, 4, 0, 0, 1, 2, 0]"
"['system', 'the', 'context', 'of', 'a', 'should', 'information']","[1, 0, 0, 0, 0, 0, 4]"
"['all', 'other', 'software', 'Tools', 'software', 'Server', 'and', ',', 'i.e.', 'the', 'component', 'of', 'epics', 'without', 'which', 'epics', 'would', 'not', 'function', ',', 'be', ':', 'Channel', 'Access', '-', 'Client', 'component', 'software', 'be', '.', 'application', 'developer', 'would', 'not', 'start', 'from', 'scratch', 'develop', 'an', 'record', 'device', 'support', '.']","[0, 0, 0, 0, 0, 0, 0, 0, 0, 0, 0, 0, 0, 0, 0, 0, 0, 0, 0, 0, 0, 0, 0, 0, 0, 0, 0, 2, 0, 0, 0, 0, 0, 0, 0, 0, 0, 0, 0, 0, 0, 0, 0]"
"['it', '.', 'software', 'the', 'build', 'to', 'guide', 'as', 'manager', 'project', 'and', 'system', 'the', 'of', 'developer', 'the', 'for', 'intend', 'be', 'product', 'to', 'get', 'their']","[0, 0, 1, 0, 0, 0, 0, 0, 2, 1, 0, 1, 0, 0, 1, 0, 0, 0, 0, 1, 0, 0, 0]"
"['(', 'all', 'handheld', 'mobile', 'equipment', 'shall', 'be', 'capable', 'of', 'withstand', 'the', 'follow', 'shock', ':', '(', 'M', ')', 'M']","[0, 0, 1, 2, 2, 0, 0, 0, 0, 0, 0, 0, 0, 0, 0, 0, 0, 0]"
"['the', 'system', 'should', 'generate', 'message', 'allow', 'the', 'user', 'to', 'Village', '/', 'Town', 'from', 'the', 'master', 'during', 'VSP', 'creation', ',', 'if', 'any', 'of', 'they', 'be', 'not', 'available', 'in', 'the', 'system', ',', 'then', 'the', 'system', 'will', 'have', 'the', 'provision', 'to', ',']","[0, 1, 0, 0, 0, 0, 0, 1, 0, 3, 0, 3, 0, 0, 0, 0, 1, 0, 0, 0, 0, 0, 0, 0, 0, 0, 0, 0, 1, 0, 0, 0, 1, 0, 0, 0, 0, 0, 0]"
"['each', 'railway', 'shall', 'as', 'for', 'condition']","[0, 1, 0, 0, 0, 0]"
"['privilege', 'be', 'deﬁne', 'as', 'node', '.']","[3, 0, 0, 0, 2, 0]"
"['simple', 'mechanism', 'should', 'exist', 'for', 'replace', 'a', 'subsystem', 'with', 'its', 'simulation', 'simulator', 'have', 'nominally', 'be', 'address', 'in', 'the', 'context', 'of', 'the', 'mountain', 'environment', 'be', 'where', 'system', 'will', 'be', 'operate', '.']","[0, 0, 0, 0, 0, 0, 0, 1, 0, 0, 0, 1, 0, 0, 0, 0, 0, 0, 0, 0, 0, 0, 0, 0, 0, 1, 0, 0, 0, 0]"
"['the', 'observe', 'a', 'functional', 'tool', 'for']","[0, 0, 0, 0, 0, 0]"
"['this', 'call', 'for', 'a', 'homogeneous', 'be', 'user', ',', 'which', 'can', 'be', 'achieve', 'only', 'by', 'apply', 'interface', 'philosophy', 'same', 'the', 'operational', 'and', 'maintenance', 'reason', 'that', ',', 'in', 'spite', 'of', 'the', 'obvious', 'difference', 'of', 'the', 'setup', 'and', 'command', 'available', ',', 'essential', 'and', 'instal', 'be', '.']","[0, 0, 0, 0, 0, 0, 0, 0, 0, 0, 0, 0, 0, 0, 0, 0, 0, 0, 0, 0, 0, 0, 0, 0, 0, 0, 0, 0, 0, 0, 0, 0, 0, 0, 0, 0, 0, 0, 0, 0, 3, 0, 0]"
"['how', '.', 'display', 'board', 'game']","[0, 0, 0, 0, 0]"
"['the', 'i', '/', 'o', 'event', '/', 'component', 'software', 'IOC', 'time', 'interval', 'be', 'support', '.']","[0, 0, 0, 0, 0, 0, 0, 0, 0, 0, 0, 0, 0, 0]"
"['the', '.', 'environment', 'production', 'the', 'to', 'Team', 'name', ']', 'build', 'review', 'code', 'perform', 'shall', 'Lead', 'Technical']","[0, 0, 2, 1, 0, 0, 2, 0, 0, 1, 4, 3, 0, 0, 2, 1]"
"['strict', 'checking', 'should', 'be', 'apply', 'on', 'practical', 'this', 'preserve', 'maintainability', 'and', 'reconﬁguration', 'of', 'the', 'system', '.', 'to', 'and', 'safety', 'by', 'the', 'system', 'and', 'regain', 'the', 'previous', 'state', '.']","[0, 0, 0, 0, 0, 0, 0, 0, 0, 0, 0, 0, 0, 0, 1, 0, 0, 0, 0, 0, 0, 1, 0, 0, 0, 0, 1, 0]"
"['field', 'within', 'the', 'command', 'be', 'label', 'ascii', 'and', 'be', 'permit', 'use', 'brace', '(', '{', ',', '}', 'nesting', 'as', 'represent', 'be', 'accomplish', 'use', 'the', 'same', 'communication', 'and', 'database', 'access', 'command', 'as', 'give', 'above', '.']","[0, 0, 0, 0, 0, 0, 0, 0, 0, 0, 0, 0, 0, 0, 0, 0, 0, 0, 0, 0, 0, 0, 0, 0, 0, 0, 0, 0, 0, 0, 0, 0, 0]"
"['the', '.', 'any', 'simple', 'level', 'of', '8', 'Gemini', 'the', 'for', 'requirement', 'a', 'be']","[0, 0, 0, 0, 0, 0, 0, 0, 0, 0, 0, 0, 0]"
"['controller', 'equipment', 'specification', ';', '9', '.']","[0, 0, 0, 0, 0, 0]"
"['the', 'in', ',', 'as', 'be', 'software', 'access', 'requirement', '.']","[0, 0, 0, 0, 0, 0, 0, 0, 0]"
"['the', '.', 'site', 'the', 'easy', 'to', 'be', 'that', 'fix', 'or', ',', 'update', ',', 'do', 'change', 'to', '.', 'easy', 'be', 'shall', 'system']","[0, 0, 0, 0, 0, 0, 0, 0, 0, 0, 0, 0, 0, 0, 0, 0, 0, 0, 0, 0, 0]"
"['module', 'm', 'repair']","[0, 0, 0]"
"['the', 'cpu', 'Disks', '(', 'RAID', '):', 'a', 'raid', 'shadow', 'appear', 'as', 'one', 'very', 'large', ',', 'reliable', 'disk', 'to', 'the', '.', ';', 'system', 'network', 'to', 'an', 'object', 'potentially', 'imply', 'access', 'to', 'the', 'information', 'it', 'contain', '.']","[0, 0, 0, 0, 0, 0, 0, 0, 0, 0, 0, 0, 0, 0, 0, 0, 0, 0, 0, 0, 0, 0, 0, 0, 0, 1, 0, 0, 0, 0, 0, 3, 0, 0, 0]"
"['this', 'may', 'require', 'additional', 'item', ',', 'not', 'require', 'for', 'ETCS', ',', 'to', 'be', 'connect', 'not', 'be', 'unit', 'datum', 'may', 'be', 'enter', 'automatically', 'from']","[0, 0, 0, 0, 1, 0, 0, 0, 0, 0, 0, 0, 0, 0, 0, 0, 4, 4, 0, 0, 0, 0, 0]"
"['all', '.', 'master', 'treatment', 'MSIU', 'on', 'base', 'level', 'treatment', 'any', 'in', 'level', '.']","[0, 0, 0, 0, 0, 0, 0, 0, 1, 0, 0, 4, 0]"
"['the', 'system', 'will', 'check', 'the', 'duplicate', 'ID', 'for', 'the', 'distributor', '.']","[0, 1, 0, 0, 0, 0, 3, 0, 0, 1, 0]"
"['it', '.', 'enclosure', 'the', 'with', 'collocate', 'control', 'facility', 'be']","[0, 0, 0, 0, 0, 0, 0, 1, 0]"
"['Drugs', '.', 'Name', 'Measure', 'Code', ';', 'Measure', 'first', ';']","[3, 0, 3, 3, 4, 0, 3, 3, 0]"
"['the', '.', 'page', 'help', 'the', 'of', 'each', 'on', 'screen', 'the', 'of', 'side', 'right', ',', 'must', 'top', 'exhibit', 'of', 'system']","[0, 0, 2, 1, 0, 0, 0, 0, 1, 0, 0, 0, 0, 0, 0, 0, 0, 0, 1]"
"['the', '.', 'second', 'backup', 'per', 'validate', 'card', 'shall', 'system']","[0, 0, 0, 0, 0, 0, 0, 0, 0]"
"['depend', 'on', 'funding', ',', 'it', 'be', 'probably', 'reasonable', 'here', 'to', 'make', 'a', 'on', 'to', 'the', 'should', 'support', ';', '.local', 'processing', 'power', 'must', 'be', 'such', 'be', 'that', 'and', 'instrument', 'control', 'do', 'not', 'represent', 'a', 'signiﬁcant', 'telescope', 'must', 'access', 'network', 'identical', 'internal', 'datum', 'representation', ')', ';', '.Common', 'development', 'and', 'implementation', 'tool', 'must', 'be', 'both', 'available', 'and', '.', ';', 'identical', 'overhead', 'solve', 'in', 'whole', 'device', 'to', 'act', ')', ';', 'the', 'choice', 'of', 'physical', 'a', 'hardware', 'architecture', 'with', 'computer', 'at', 'various', 'performance', 'level', 'scalable', 'for', 'take', 'it', 'process', 'of', 'execute', 'an', 'observe', 'program', '(', 'the', 'overhead', ',', 'if', 'any', ',', 'should', 'be', 'limit', 'by', 'the', 'time', 'the', 'full', 'remote', 'operation', 'a', 'goal', ',', 'at', 'introduce', 'no', 'modiﬁcation', 'to', 'as', 'already', 'part', '.']","[0, 0, 0, 0, 0, 0, 0, 0, 0, 0, 0, 0, 0, 0, 0, 0, 0, 0, 0, 0, 0, 0, 0, 0, 0, 0, 0, 0, 0, 0, 0, 0, 0, 0, 0, 0, 0, 0, 0, 0, 0, 0, 0, 0, 0, 0, 0, 0, 0, 0, 0, 0, 0, 0, 0, 0, 0, 0, 0, 0, 0, 0, 0, 0, 0, 0, 0, 0, 0, 0, 0, 0, 0, 0, 0, 0, 0, 0, 0, 0, 0, 0, 0, 0, 0, 0, 0, 0, 0, 0, 0, 0, 0, 0, 0, 0, 0, 0, 0, 0, 0, 0, 0, 0, 0, 0, 0, 0, 0, 0, 0, 0, 0, 0, 0, 0, 0, 0]"
"['if', '.', 'identifier', 'contact', 'and', 'case', 'to', 'result', 'laboratory', 'multiple', 'associate', 'unambiguously', 'must', 'from', 'linkage', 'another', '/', 'result', 'laboratory', ',', ')', 'sample', 'source', 'a', 'from', 'create', 'type', 'speciman', 'new', 'and', ',', 'aliquot', ',', 'e.g.', '(', 'sample', 'speciman', '-']","[0, 0, 4, 4, 4, 3, 0, 2, 1, 0, 0, 0, 0, 0, 1, 0, 0, 2, 1, 0, 0, 0, 0, 0, 0, 0, 0, 0, 0, 0, 0, 0, 0, 0, 0, 1, 1, 0]"
"['this', 'datum', 'reduction', 'proceed', 'sequentially', 'observe', 'and', 'instrument', 'remove', '.']","[0, 0, 0, 0, 0, 0, 0, 0, 0, 0]"
"['the', 'be', 'through', 'care', 'be', 'take', 'to', 'avoid', 'conﬁguration', 'value', 'that', 'that', 'would', 'in', 'motion', ',', 'etc', '.']","[0, 0, 0, 0, 0, 0, 0, 0, 0, 0, 0, 0, 0, 0, 0, 0, 0, 0]"
"['this', 'requirement', 'be', 'of', '.', 'the', 'access', 'System', 'must', 'be', 'able', 'to', 'retrieve', 'and', 'display', 'within', 'within', '-', '8', 'second', 'the', 'case', 'which', 'have', 'be', '5']","[0, 0, 0, 0, 0, 0, 0, 0, 0, 0, 0, 0, 0, 0, 0, 0, 0, 0, 0, 0, 0, 1, 0, 0, 0, 0]"
"['XML', '.', 'Compliance', 'COE', ';', 'service', 'management', 'datum', ',', 'capability', 'transfer', ',', 'source', 'and', 'type', 'heterogeneous', 'Version', 'that', 'time', '&', ""O'Reilly"", ',', '""', 'Guide', ""'s"", 'Programmer', 'Lewine,""POSIX', '1993.Donald', ',', 'Publishing', 'Electronic', 'House', 'Random', ',', '""', 'NT', 'Associates', 'operation', ',', '1991', '-', 'real', 'the', 'be', 'this', ':', 'Mode', 'environmental', '""', 'xml', 'in', 'namespace', '""', 'Draft', 'Working']","[0, 0, 0, 0, 0, 0, 0, 0, 0, 0, 0, 0, 0, 0, 0, 0, 0, 0, 0, 0, 0, 0, 0, 0, 0, 0, 0, 0, 0, 0, 0, 0, 0, 0, 0, 0, 0, 0, 0, 0, 0, 0, 0, 0, 0, 0, 0, 0, 0, 0, 0, 0, 0, 0, 0]"
"['the', 'Pohaku', 'Hale', 'to', 'restrict', 'be', 'might', 'control', 'telescope', '.', 'of', 'the', 'operation', 'with', 'speciﬁe', 'be', 'have', 'operation', 'remote', 'in', 'involve', 'hardware', 'the', 'that', 'assume', 'be', 'it', ';', 'dynamic', 'and', ',', 'themselves', 'remote', ',', 'site', 'Kea', 'site', 'different', 'at', 'observer', 'multiple', 'with', ',', 'observe', 'team', ';', 'remotely', 'operation', 'full', 'do', 'to', 'possible', 'be', 'should']","[0, 0, 0, 0, 0, 0, 0, 0, 0, 0, 0, 0, 0, 0, 0, 0, 0, 0, 0, 0, 0, 0, 0, 0, 0, 0, 0, 0, 0, 0, 0, 0, 0, 0, 0, 0, 0, 0, 0, 0, 0, 0, 0, 0, 0, 0, 0, 0, 0, 0, 0, 0, 0, 0]"
"['—', 'plan', 'and', 'the', 'element', 'of', 'the', 'plan', 'be', 'this', 'detail', '.']","[0, 0, 0, 0, 0, 0, 0, 0, 0, 0, 0, 0]"
"['many', 'record', 'type', ',', 'in', 'particular', 'all', 'type', 'device', 'database', 'a', 'complicated', 'each', 'record', 'type', 'can', 'have', 'a', 'set', 'of', 'device', 'support', 'module', '.']","[0, 1, 2, 0, 0, 0, 0, 0, 1, 0, 0, 0, 0, 1, 2, 0, 0, 0, 0, 0, 1, 2, 2, 0]"
"['the', 'perspective', 'general', 'more', 'a', 'from', 'system', 'Gemini', 'the', 'of', 'control', '.', 'datum', 'control', 'design']","[0, 0, 0, 0, 0, 0, 0, 0, 0, 0, 0, 0, 0, 0, 0]"
"['in', 'the', 'requirement', 'of', 'this', 'version', 'document', '(', 'M', ')', '=']","[0, 0, 0, 0, 0, 0, 0, 0, 0, 0, 0]"
"['Syndrome', '.', 'claim', 'a', 'of', 'detail', 'transaction', 'the', 'be', 'information', 'list', 'below', 'and', 'informationd', 'master', 'the', 'be', 'detail', 'above']","[3, 0, 1, 0, 0, 4, 3, 0, 0, 0, 0, 0, 0, 0, 0, 0, 0, 0, 0]"
"['Speciﬁcally', 'the', 'IOC', 'core', 'software', 'be', 'almost', 'exclusively', 'in', ',', 'of', 'and', 'software', 'community', 'be', 'that', 'only', 'a', 'core', 'group', 'of', 'Internals', 'developer', 'be', 'require', 'for', 'maintenance', 'and', 'enhancement', 'of', 'epics', 'IOC', 'the', 'domain', 'of', 'the', 'and', 'Argonne', '.']","[0, 0, 0, 0, 0, 0, 0, 0, 0, 0, 0, 0, 0, 0, 0, 0, 0, 0, 0, 0, 0, 0, 0, 0, 0, 0, 0, 0, 0, 0, 0, 0, 0, 0, 0, 0, 0, 0, 0]"
"['as', '.', 'they', 'use', 'should', 'OM', 'support', 'be']","[0, 0, 0, 0, 0, 0, 0, 0]"
"['the', 'the', 'police', 'personnel', 'at', 'the', 'cutting', 'edge', 'to', 'which', 'turn', 'can', 'improve', 'the', 'outcome', 'in', 'the', 'in', 'value', 'provide', 'that', 'key', 'guide', 'principle', 'behind', 'the', 'functional', 'design', 'of', 'CCTNS', 'V1.0', 'be', 'to', 'focus', 'on', 'the', 'critical', 'functionality', '.', 'area', 'to', 'interface', 'support', 'to', 'capability', 'have', 'should', 'system']","[0, 0, 0, 0, 0, 0, 0, 0, 0, 0, 0, 0, 0, 0, 0, 0, 0, 0, 0, 0, 0, 0, 0, 0, 0, 0, 0, 0, 0, 0, 0, 0, 0, 0, 0, 0, 0, 0, 0, 0, 0, 0, 0, 0, 0, 0, 0, 0]"
"['for', '.', 'possible', 'project', 'of', 'goal', 'the', 'suit', 'well', 'it', 'if', 'technology', 'their', 'to', 'establish', 'a', 'much', 'be']","[0, 0, 0, 0, 0, 0, 0, 0, 0, 0, 0, 0, 0, 0, 0, 0, 0, 0]"
"['the', 'recommendation', 'be', ':', ';', 'the', 'ioc', 'will', 'use', 'the', 'real', '-', 'time', 'operating', 'system', 'VxWorks', 'development', 'system', 'operating', 'development', 'be', 'develop', 'use', 'a', 'formally', 'deﬁned', 'model', '.', 'to']","[0, 0, 0, 0, 0, 0, 0, 0, 0, 0, 0, 0, 0, 0, 0, 0, 0, 0, 0, 0, 0, 0, 0, 0, 0, 0, 0, 0, 0]"
['f”3'],[0]
"['so', ',', 'one', 'do', 'not', 'want', 'to', 'lose', 'the', 'advantage', 'and', 'the', 'extra', 'ﬂexibility', 'of', 'ground', '-', 'base', 'astronomy', '.', 'same']","[0, 0, 0, 0, 0, 0, 0, 0, 0, 0, 0, 0, 0, 0, 0, 0, 0, 0, 0, 0, 0]"
"['the', 'heating', '/', 'cool', 'delay', 'shall', 'on', 'off', 'thermostat', 'be', 'in', 'the', 'correct', 'format', 'for', 'the', 'themas', 'system', 'to', 'use', '.', '/']","[0, 3, 4, 4, 0, 0, 4, 3, 1, 0, 0, 0, 0, 0, 0, 0, 0, 0, 0, 0, 0, 4]"
"['functional', 'analysis', 'be', 'do', 'use', 'a', 'case', 'integration', 'tool', 'for', 'use', 'with', 'Ward', '/', 'Mellor', 'technique', ',', 'suitable', 'and', 'testing', ';', 'cover', ':', 'analysis', ',', 'design', 'and', 'development', 'method', ';', 'review', 'procedure', ';', 'documentation', ';', 'coding', 'and', 'debugging', ';', 'simulation', 'use', 'such', 'is', '.', 'result', 'in', 'operation', 'with', 'a', 'different', 'instrument', ';', 'may', 'under', 'condition', ',', 'the', 'number', 'of', 'warning', 'should', 'be', 'normal', 'error', 'other', ';', 'possible', 'to', 'continue', 'operation', 'with', 'degraded', 'performance', '.']","[0, 0, 0, 0, 0, 0, 0, 0, 0, 0, 0, 0, 0, 0, 0, 0, 0, 0, 0, 0, 0, 0, 0, 0, 0, 0, 0, 0, 0, 0, 0, 0, 0, 0, 0, 0, 0, 0, 0, 0, 0, 0, 0, 0, 0, 0, 0, 0, 0, 0, 1, 0, 0, 0, 0, 0, 0, 0, 0, 0, 0, 0, 0, 0, 0, 0, 0, 0, 0, 0, 0, 0, 0, 0]"
"['this', 'document', 'will', 'help', 'the', 'system', 'in', 'development', 'to', 'understand', 'the', 'overall', 'and', 'detailed', 'function', 'of', 'every', 'small', 'team', 'the', ')', '(', 'reader', 'to', 'interface', 'all', 'transaction', 'detail', '.']","[0, 0, 0, 0, 0, 0, 0, 0, 0, 0, 0, 0, 0, 0, 0, 0, 0, 0, 0, 0, 0, 0, 2, 0, 0, 0, 3, 4, 0]"
"['once', 'the', 'train', 'start', 'reverse', 'the', 'MA', 'shall', 'be', 'cancel', '.', 'equip']","[0, 0, 1, 0, 0, 0, 1, 0, 0, 0, 0, 0]"
"['due', 'only', '-', 'essential', 'task', 'may', 'employ', 'it', '.']","[0, 0, 0, 0, 0, 0, 0, 0, 0]"
"['if', '.', 'erase', 'be', 'movement', 'block', 'of', 'number', 'great', 'with', 'file', 'the', 'of', 'statistic', 'player', 'the', ',', 'record', 'already', 'be', 'statistic', 'player', 'file', 'be', 'correctly', 'update', 'user']","[0, 0, 0, 0, 4, 4, 4, 3, 0, 0, 1, 0, 0, 2, 1, 0, 0, 0, 0, 0, 2, 1, 1, 0, 0, 0, 1]"
"['the', 'interface', 'standardized', 'a', 'through', 'available', 'make', 'be', 'must', '.', ',', 'respond', 'to', 'mode', 'this', 'in', 'operate', 'of', 'capable', 'be', 'must', 'instrument']","[0, 0, 0, 0, 0, 0, 0, 0, 0, 0, 0, 0, 0, 3, 0, 0, 0, 0, 0, 0, 0, 2]"
"['the', 'requirement', 'speciﬁc', 'to', 'service', 'observe', 'be', ':', 'the', 'observe', 'program', 'must', 'be', 'automate', 'to', 'make', 'this', 'feasible', 'the', 'astronomer', ';', 'this', 'programming', 'environment', 'should', 'be', 'available', 'both', 'to', 'the', 'astronomer', ',', 'for', 'develop', 'the', 'program', ',', 'to', 'only', 'interface', '-', '.']","[0, 0, 0, 0, 0, 0, 0, 0, 0, 1, 2, 0, 0, 0, 0, 0, 0, 0, 0, 1, 0, 0, 0, 0, 0, 0, 0, 0, 0, 0, 1, 0, 0, 0, 0, 0, 0, 0, 0, 0, 0, 0]"
"['the', 'easy', 'read', 'be', 'shall', 'system']","[0, 0, 0, 0, 0, 0]"
"['minimize', 'the', 'use', 'of', 'key', 'cost', 'board', 'any', 'number', 'entry', 'to', 'have', 'a', 'fast', 'transaction', 'data', 'entry', 'for', 'menu', 'medicine', 'selection', 'minimize', 'data', 'entry', 'error', '.']","[0, 0, 0, 0, 0, 0, 0, 0, 0, 0, 0, 0, 0, 0, 0, 0, 0, 0, 0, 0, 0, 0, 0, 0, 0, 0]"
"['it', '.', 'facility', 'single', 'a', 'of', 'be', 'use', 'for', 'instance', 'for', '(', 'site', 'same', 'the', 'on', 'telescope', ',', 'Gemini', '-', 'non', 'perhaps', ',', 'nearby', 'with', 'conjunction', 'in', 'a', 'interferometry', 'be', 'if', 'context', 'user', '-', 'multi', ';', 'context', 'instrument', 'visitor', '.', ';', 'instrument', '-', 'multi', ';', 'concept', 'telescope', '-', 'multi', 'context']","[0, 0, 1, 0, 0, 0, 0, 0, 0, 0, 0, 0, 0, 0, 0, 0, 0, 0, 0, 0, 0, 0, 0, 0, 0, 0, 0, 0, 0, 0, 0, 0, 0, 0, 0, 0, 0, 0, 0, 0, 0, 0, 0, 0, 0, 0, 0, 0, 0, 0]"
"['the', 'System', 'who', 'on', 'where', 'can', 'case', 'organise', ':']","[0, 0, 0, 0, 0, 0, 1, 0, 0]"
"['maintenance', 'worker', 'system', 'of', 'level', 'skill', '.']","[0, 0, 1, 0, 4, 3, 0]"
"['regression', 'test', 'should', 'be', 'a', 'part', 'of', 'every', 'Gemini', '8', 'm', 'Telescopes', 'software', 'package', 'subsystem', 'must', 'notify', 'the', 'of', 'conﬁguration', 'be', 'log', 'to', 'aid', 'in', 'track', 'down', 'problem', '.']","[0, 0, 0, 0, 0, 0, 0, 0, 0, 0, 0, 0, 0, 0, 0, 0, 0, 0, 0, 4, 0, 0, 0, 0, 0, 0, 0, 0, 0]"
"['this', 'section', 'of', 'the', 'specification', 'give', 'detail', 'feature', 'of', 'core', 'requirement', ',', 'while', 'section', '5', '-', 'these', 'EIRENE', '70ms', 'shall', '6', ']', ']', 'to', 'the', 'mobile', 'of', 'the', 'talk', 'subscriber', 'only', 'if', 'it', 'have', 'receive', '[', 'Index', ',', '515', 'set', '-', 'parameter', 'message', 'with', 'the', 'attribute', 'the', '""', '-', 'ATT', '=']","[0, 0, 0, 0, 0, 0, 0, 0, 0, 0, 0, 0, 0, 0, 0, 0, 0, 0, 0, 0, 0, 0, 0, 0, 0, 1, 0, 0, 3, 1, 0, 0, 0, 0, 0, 0, 0, 0, 0, 1, 2, 2, 2, 0, 0, 0, 0, 0, 4, 4, 0]"
"['o', 'card', '.']","[0, 0, 0]"
"['compatibility', 'view', ',', 'information', 'contact', 'configure', ',', 'profile', 'their', 'customer', 'store', 'to', 'account', 'create', 'to', 'able', 'be', 'their', 'will', 'purchase', ',', 'log', 'and', ',', 'in', 'log', ',', 'register', 'history', 'to', 'be', 'will']","[0, 0, 0, 4, 3, 0, 0, 2, 0, 1, 0, 0, 1, 0, 0, 0, 0, 0, 0, 3, 0, 0, 0, 0, 0, 0, 0, 0, 4, 0, 0, 0]"
"['the', 'themas', 'system', 'shall', 'determine', 'wh', 'en', 'a', 'reported', 'temperature', 'or', 'a', 'change', '.', 'identify']","[0, 0, 1, 0, 0, 0, 0, 0, 0, 3, 0, 0, 3, 0, 0]"
"['if', '.', 'selection', 'Menu', 'game', 'the']","[0, 0, 0, 0, 1, 0]"
"['to', '.', ')', '.']","[0, 0, 0, 0]"
"['in', 'of', 'the', 'system', 'and', 'to', 'prevent', 'intrusion', 'from', 'the', 'wide', 'area', 'network', 'into', 'the', 'Gemini', '8', 'm', 'Telescopes', '.', 'be', 'part', 'destructive']","[0, 0, 0, 1, 0, 0, 0, 0, 0, 0, 0, 0, 0, 0, 0, 0, 0, 0, 0, 0, 0, 0, 0]"
"['it', '.', 'site', 'off-', 'also', 'eavesdropping', 'telescope', 'of', 'control', 'with', ',', 'operation', 'telescope', 'remote', 'and', 'the', ',', 'monitoring', ',', 'however', ',', 'observation', 'during', 'site', '-', 'on', 'staff', 'support', 'be', 'always', 'will', 'there']","[0, 0, 0, 0, 0, 0, 0, 0, 0, 0, 0, 0, 0, 0, 0, 0, 0, 0, 0, 0, 0, 1, 0, 0, 0, 0, 2, 1, 0, 0, 0, 0]"
"['the', '.', 'tool', 'help', 'online', 'the', 'through', 'tool', 'user', 'to', 'system', ']', 'name', 'system', '[', 'the', 'the', 'shall', 'help', 'the', '.', 'tool', 'help', 'online', 'the', 'through', 'material', 'topic', 'specific', 'find', 'quickly', 'to', 'user', 'the', 'to']","[0, 0, 2, 2, 1, 0, 0, 2, 1, 0, 1, 0, 0, 0, 0, 0, 0, 0, 2, 0, 0, 2, 2, 1, 0, 0, 2, 1, 0, 0, 0, 0, 1, 0, 0]"
['design'],[0]
"['none', 'record', '.', 'start', 'the', 'since', 'time', ';', 'start', 'the', 'since', 'movement', 'block', 'of', 'number', ':', 'game', 'the', 'during', 'record', 'be', 'statistic', 'follow', 'user']","[0, 0, 0, 4, 4, 4, 3, 0, 4, 4, 4, 4, 4, 4, 3, 0, 1, 0, 0, 0, 0, 0, 0, 1]"
"['the', 'transmit', 'shall', 'equipment', 'to', 'be', 'drive', 'backwards', 'for', 'a', 'certain', 'distance', 'define', 'by', 'national', 'value']","[0, 0, 0, 2, 0, 0, 0, 0, 0, 0, 0, 3, 0, 0, 3, 4]"
"['at', '.', 'responsibility', 'and', 'control', 'it', 'of', 'single', 'a', 'establish', 'to', 'rather', 'but', 'way', 'any', 'point', 'be', 'not', 'clear', 'status', 'operational', 'the', 'change', 'to', 'able', 'be', 'shall']","[0, 0, 0, 0, 0, 0, 0, 0, 0, 0, 0, 0, 0, 0, 0, 0, 0, 0, 0, 4, 3, 0, 0, 0, 0, 0, 0]"
"['the', '.', 'Safari', 'and', ',', 'Firefox', ',', 'Explorer', 'have', 'Internet', 'for', ',', 'browser', 'web', 'different', 'with', 'work', 'will', 'it']","[0, 0, 0, 0, 0, 0, 0, 0, 0, 0, 0, 0, 2, 1, 0, 0, 0, 0, 0]"
"['voucher', 'creation', '–', 'the', 'voucher', 'number', 'be', 'system', 'generate', 'and', 'create', 'entire', 'VSP', 'by', 'agree', 'file', 'office', 'will', 'validate', 'the', 'claim', 'form', 'manually', 'and', 'through', 'system', ',', ';', 'the', 'if', 'of', 'mandatory', 'information', 'be', 'miss', 'or', 'any', 'FALSE', 'information', 'be', 'exist', 'then', 'the', 'any', ';', ',', 'database', 'Lab', 'Test', 'and', 'drug', ')', 'of', 'the', 'patient', 'be', 'call', 'a', 'claim', ',', ';', 'the', 'VSP', 'will', 'submit', 'the', 'claim', 'to', 'VMIU', 'field', 'office', 'to', 'enter', 'those', 'into', 'the', 'field', 'office', 'will', 'reject', 'return', 'the', 'claim', 'with', 'satisfactory', 'detail', ',', 'the', 'claim', 'will', 'be', 'enter', 'on', 'to', 'the', 'system', ',', 'in', 'the', 'following', 'month', '’s', 'batch', ';', 'base', 'on', 'the', 'payment', 'term', 'VSP', 'Client', 'the', ',', 'the', 'claim', 'back', 'to', 'VSP', 'and', 'the', 'system', 'will', 'keep', 'those', 'claim', 'in', 'a', 'quarantine', 'area', ';', 'the', 'quarantine', 'form', 'will', 'be', 'send', 'back', 'to', 'the', 'VSP', 'for', 'verification', 'if', 'stick', ';', 'sale', 'syndrome', 'of', 'urethral', 'discharge', ';', 'abnormal', 'vaginal', 'discharge', ';', 'genital', 'ulcer', ';', 'inguinal', 'the', 'bubo', 'Ophthalmia', 'neonatorum', ';', 'acute', 'scrotal', 'swell', ';', 'Pelvic', 'inflammatory', 'disease', '.']","[1, 2, 0, 0, 3, 4, 0, 0, 0, 0, 0, 0, 0, 0, 0, 1, 2, 0, 0, 0, 1, 2, 0, 0, 0, 0, 0, 0, 0, 0, 0, 0, 0, 0, 0, 0, 0, 0, 0, 0, 0, 0, 0, 0, 0, 0, 0, 3, 4, 0, 3, 0, 0, 0, 1, 0, 0, 0, 1, 0, 0, 0, 0, 0, 0, 0, 1, 0, 0, 1, 2, 0, 0, 0, 0, 0, 1, 2, 0, 0, 0, 0, 1, 0, 0, 3, 0, 0, 1, 0, 0, 0, 0, 0, 0, 1, 0, 0, 0, 0, 0, 0, 0, 0, 0, 0, 0, 3, 4, 0, 1, 0, 0, 0, 1, 0, 0, 0, 0, 0, 1, 0, 0, 0, 1, 0, 0, 0, 0, 0, 0, 3, 1, 0, 0, 0, 0, 0, 0, 0, 0, 0, 0, 0, 0, 2, 0, 0, 0, 0, 0, 0, 0, 0, 0, 0, 0, 0, 0, 0, 0, 0, 0, 0, 0, 0, 0, 0, 0, 0, 0, 0]"
"['[', 'en', 'may']","[0, 0, 0]"
"['Lab', '.', 'Description', 'Diagnosis', ';', 'Code', 'Diagnosis', ';', 'Master', 'Master', 'Code', 'Drug', ';', 'follow', 'with', 'Master']","[3, 0, 4, 3, 0, 4, 3, 0, 4, 4, 4, 3, 0, 0, 0, 0]"
"['this', 'be', 'similar', 'to', 'be', ':', 'different', 'science', 'program', 'in', 'use', 'at', 'each', 'CAT', 'which', 'have', 'complex', 'associate', 'datum', 'acquisition', 'and', 'reduction', 'routine', 'concern', 'of', 'of']","[0, 0, 0, 0, 0, 0, 0, 0, 0, 0, 0, 0, 0, 1, 0, 0, 0, 0, 0, 0, 0, 0, 0, 0, 0, 0]"
"['since', 'the', 'Gemini', 'software', 'will', 'be', 'develop', 'in', 'stage', 'be', '90', 'to', 'design', 'its', 'documentation', 'must', 'be', 'develop', 'with', 'this', 'expandability', 'and', 'in', ',', 'use', 'general', 'industry', 'standard', '.']","[0, 0, 0, 0, 0, 0, 0, 0, 0, 0, 0, 0, 0, 0, 0, 0, 0, 0, 0, 0, 0, 0, 0, 0, 0, 0, 0, 0, 0]"
"['the', 'system', 'should', 'be', 'develop', 'system', 'to', 'deploy', 'in', 'a', '3', '-', 'tier', 'datacenter', 'architecture', 'be', 'and', ')', 'SOA', 'be', 'design', 'in', 'manner', 'that', 'operational', 'datum', 'be', 'should', 'not', 'in', 'case', 'of', 'any', 'failure', 'of', 'equipment', 'or', 'lose', 'communication', 'system', 'interface', 'extension', '.']","[0, 0, 0, 0, 0, 0, 0, 0, 0, 0, 0, 0, 0, 0, 0, 0, 0, 0, 0, 0, 0, 0, 0, 0, 0, 0, 0, 0, 0, 0, 0, 0, 0, 0, 0, 0, 0, 0, 0, 0, 0, 0, 0]"
"['the', 'system', 'future', 'will', 'control', 'the', 'existence', 'of', 'fraud', 'in', 'claim', 'and', 'will', 'help', 'the', 'service', 'provider', 'also', 'the', 'for', 'plan', 'process', 'to', 'maximize', 'the', 'quality', 'of', 'the', 'project', 'to', 'understand', 'the', 'progress', 'and', 'timely', 'out', 'come', 'of', 'the', 'project', 'to', 'take', 'necessary', 'step', 'by', 'the', 'MSIU', 'Admin', 'team', 'to', 'to', 'manual', 'reach', 'payment', 'the', 'system', 'easy', 'for', 'understanding', ',', 'developing', ',', 'testing', 'and', 'to', 'implement', '.', 'make']","[0, 1, 0, 0, 0, 0, 0, 0, 0, 0, 0, 0, 0, 0, 0, 1, 2, 0, 0, 0, 0, 0, 0, 0, 0, 0, 0, 0, 0, 0, 0, 0, 0, 0, 0, 0, 0, 0, 0, 0, 0, 0, 0, 0, 0, 0, 0, 0, 0, 0, 0, 0, 0, 1, 0, 0, 0, 0, 0, 0, 0, 0, 0, 0, 0, 0, 0, 0]"
"['the', 'this', 'be', 'to', 'ﬂush', 'buffer', 'associate', 'with', 'this', 'route', 'command']","[0, 0, 0, 0, 0, 0, 0, 0, 0, 1, 0]"
"['give', '.', 'at', 'any', 'give', 'time', '.']","[0, 0, 0, 0, 0, 0, 0]"
"['it', 'on', 'shall', 'be', 'possible', ',', 'to', 'allow', 'the', 'also', 'information', 'send', 'to', 'shall', 'be', 'capable', 'of', 'receive', 'track', 'description', 'from', 'the', 'trackside', '.']","[0, 0, 0, 0, 0, 0, 0, 0, 0, 0, 3, 0, 0, 0, 0, 0, 0, 0, 3, 4, 0, 0, 1, 0]"
"['the', 'fix', 'patch', 'organization', 'our', 'with', 'feature', 'and', 'enhancement', 'future', 'and', 'on', 'shall']","[0, 0, 0, 0, 0, 0, 0, 0, 0, 0, 0, 0, 0]"
"['it', 'should', 'be', 'recognize', 'that', 'such', 'to', 'operational', 'at', 'on', 'to', 'change', 'in', 'weather', 'and', 'other', 'condition', 'by', 'react', 'allocate', 'current', 'use', 'of', 'the', 'telescope', 'to', 'the', 'optimal', 'the', 'of', 'possibility', 'the', ',', 'any', 'time', 'the', 'user', 'be', 'allow', 'to', 'break', 'a', 'sequence', ',', 'etc', '.', ')', '.']","[0, 0, 0, 0, 0, 0, 0, 3, 0, 0, 0, 0, 0, 0, 0, 0, 0, 0, 0, 0, 0, 0, 0, 0, 0, 0, 0, 0, 0, 0, 0, 0, 0, 0, 0, 0, 1, 0, 0, 0, 0, 0, 0, 0, 0, 0, 0, 0]"
"['ICT', 'accessibility', ':', 'ISO', '9241', '-', '20', 'shall', 'be', 'the', 'the', 'equivalent', 'textual', 'description', 'alternative', 'access', 'path', 'for', 'navigate', 'to', 'a', ':', 'specific', 'of', 'content', 'should', 'be', 'offer', 'to', 'support', 'unit', 'path', 'access', 'alternative', 'the', 'navigation', 'structure', 'and', 'of', 'the', 'current', 'segment', 'position', 'with', 'respect', 'to', 'the', 'overall', 'structure', '.']","[0, 0, 0, 0, 0, 0, 0, 0, 0, 0, 0, 0, 0, 0, 0, 0, 0, 0, 0, 0, 0, 0, 0, 0, 0, 0, 0, 0, 0, 0, 0, 0, 0, 0, 0, 0, 0, 0, 0, 0, 0, 0, 0, 0, 0, 0, 0, 0, 0, 0]"
"['this', 'GSM', 'service', 'specification', 'to', 'be', 'implement', 'in', 'order', 'to', 'achieve', 'be', ',', 'requirement', 'different', 'communication', ')', '.']","[0, 0, 0, 0, 0, 0, 0, 0, 0, 0, 0, 0, 0, 0, 0, 0, 0, 0]"
"['the', 'system', 'will', 'capture', 'the', 'follow', 'information', 'during', 'the', 'rate', 'Treatment', ')', 'number', 'be', 'mandatory', 'during', 'the', 'sale', 'return', 'Distributor', 'Name', '-', 'will', 'information', 'list', 'Distributor', 'Master', ';', 'Sales', 'Man', 'Name', '-', 'will', 'list', 'from', 'from', 'above']","[0, 1, 0, 0, 0, 0, 0, 0, 0, 0, 4, 0, 3, 0, 0, 0, 0, 0, 0, 3, 4, 0, 0, 0, 0, 0, 0, 0, 3, 4, 4, 0, 0, 0, 0, 0, 0]"
"['protection', 'must', 'also', 'clearly', 'user', 'to', 'the', 'of', 'node', ',', 'which', 'be', 'deﬁne', 'as', 'the', 'term', 'number', 'workstation', ',', 'or', 'in', 'term', 'of', 'user', ',', 'of', 'in', 'express', 'be', 'current', 'operation', 'level', 'and', 'check', 'the', 'compatibility', 'between', 'subsystem', 'in', 'different', 'mode', '.']","[0, 0, 0, 0, 1, 0, 0, 0, 0, 0, 0, 0, 0, 0, 0, 0, 3, 4, 0, 0, 0, 0, 0, 1, 0, 4, 0, 0, 0, 0, 3, 4, 0, 0, 0, 0, 0, 1, 0, 0, 3, 0]"
"['a', 'maximum', 'of', '12', 'digit', 'may', 'be', 'information', 'require', 'time', 'setup', 'ISDN', 'connection', ')', 'must', 'take', 'less', 'than', 'send', '250ms']","[0, 0, 0, 0, 0, 0, 0, 0, 0, 4, 4, 0, 0, 0, 0, 0, 0, 0, 0, 0]"
"['engineering', 'Logging', ';', 'it', 'available', 'to', 'external', 'software', 'package', 'for', 'analysis', ';', 'long', '-', 'term', 'logging', 'of', 'engineering', 'datum', 'must', 'be', 'possible', 'at', 'be', 'the', 'must']","[0, 0, 0, 0, 0, 0, 0, 1, 2, 0, 0, 0, 0, 0, 0, 0, 0, 0, 0, 0, 0, 0, 0, 0, 0, 0]"
"['EIRENE', 'operator', 'network', ';', 'controller', 'equipment', ';', 'specialise', 'overall', 'railway', '(', 'eg', 'train', 'control', 'system', ')', '.', 'system', 'public', 'safety', 'the', 'GSM', 'capability', ',', 'a', 'direct', 'mode', 'capability', 'may', 'be', 'provide', 'for', 'railway', 'mobile', 'for', 'set', 'a', 'to', 'addition', 'in', 'transmission', 'link', 'between', 'train', '-', 'bear', 'and', 'of', 'trackside', '/', 'ETCS', 'application', '.']","[0, 2, 2, 0, 1, 2, 0, 1, 0, 2, 0, 0, 0, 0, 0, 0, 0, 2, 1, 0, 0, 0, 0, 0, 0, 0, 0, 0, 0, 0, 0, 0, 1, 2, 0, 0, 0, 0, 0, 0, 0, 0, 0, 3, 4, 4, 0, 0, 3, 2, 2, 2, 0]"
"['frequently', ',', 'however', 'page', 'iso', ',', 'one', 'the', 'different', 'page', '.']","[0, 0, 0, 0, 0, 0, 0, 0, 0, 1, 0]"
"['(', 'bi', '-', 'directional', 'trafﬁc', ')']","[0, 0, 0, 0, 0, 0]"
"['datum', 'jurisdiction', 'church', ',', 'e.g.', '(', 'people', 'of', 'gathering', 'private', 'or', 'public', 'any', 'about', 'datum', 'capture', 'to', 'capability', 'the', 'have', 'must', 'social', 'OM', ',', 'game', 'etc', ',', 'event', 'the', 'of', 'nature', ',', 'location', ',', 'time', ':', 'include', ',', 'investigation', 'OM', 'an', 'in', 'involve', ')', 'ball', '.', 'support', '.', 'any', 'about', 'datum', 'capture', 'to', 'capability', 'the', 'have', 'must', 'OM', 'support']","[3, 0, 0, 0, 0, 0, 2, 2, 2, 2, 2, 1, 0, 0, 3, 0, 0, 0, 0, 0, 0, 0, 0, 0, 0, 0, 0, 1, 0, 0, 3, 0, 3, 0, 3, 0, 0, 0, 1, 0, 0, 0, 0, 0, 0, 0, 0, 0, 0, 0, 3, 0, 0, 0, 0, 0, 0, 0, 0]"
"['the', '.', 'available']","[0, 0, 0]"
"['section', '.', 'capability', 'COE', 'DII', 'the', 'for', 'database', ')', 'remote', 'and', 'local', '(', 'distribute', 'to', 'access', 'for', 'function', 'management', 'datum', 'provide', 'also', 'service']","[0, 0, 0, 0, 0, 0, 0, 0, 0, 0, 0, 0, 0, 0, 0, 0, 0, 0, 0, 0, 0, 0, 0]"
"['many', 'site', 'contribute', 'custom', 'CA', 'client', 'tool', 'as', 'this', 'generally', 'involve', 'C', 'or', 'C++', 'programming', 'under', 'Alamos', 'item', 'Los', 'group', 'Los', 'Alamos', 'AOT-8', 'ofﬁce', '.']","[0, 0, 0, 0, 0, 0, 0, 0, 0, 0, 0, 0, 0, 0, 0, 0, 0, 0, 0, 0, 0, 0, 0, 0, 0]"
"['the', '.', 'Telescopes', 'm', '8', 'Gemini', 'the', 'on', 'provide', 'be', 'to', 'have', 'possibility']","[0, 0, 0, 0, 0, 0, 0, 0, 0, 0, 0, 0, 0]"
['t.'],[0]
"['Customer', '.', 'register', 'to', 'be', 'to', 'the', 'the', 'and', 'email', 'her', '/', 'his', 'for', 'initiate', 'customer', 'prompt']","[1, 0, 0, 0, 0, 0, 0, 0, 0, 3, 0, 0, 0, 0, 0, 1, 0]"
"['information', '.', 'document', 'this', 'of', 'other', 'Exchange', 'facility', 'be', 'the', 'and', ',', 'number', 'tracking', 'shipment', ',', ')', 'FedEx', ',', 'UPS', ',', 'e.g.', '(', 'shipper', 'the', 'include', ',', 'collect', 'must', 'send', 'Data', 'Integration', 'a', 'for', 'request', 'test', 'laboratory', 'a', 'create', 'to', 'able', 'be', 'must', 'OM', 'support']","[0, 0, 0, 0, 0, 0, 0, 1, 0, 0, 0, 0, 4, 4, 3, 0, 0, 0, 0, 0, 0, 0, 0, 3, 0, 0, 0, 0, 0, 1, 0, 0, 0, 0, 2, 2, 1, 0, 0, 0, 0, 0, 0, 0, 0]"
"['the', 'onboard', 'equipment', 'shall', 'display', 'plain', 'text', 'message', 'as', 'receive', '.']","[0, 1, 2, 0, 0, 1, 2, 2, 0, 0, 0]"
"['a', 'measure', 'of', 'fault', 'restart', 'of', 'after', 'failure']","[0, 0, 0, 0, 0, 0, 0, 0]"
"['all', '.', 'home', 'the', 'within', 'distribution', 'video', 'author', 'on', 'http://www.surfthechannel.com', 'http://www.bbc.co.uk/iplayer/', 'series', 'a', 'in', 'identify', 'be', 'product', 'a', 'such', 'for', 'demand', 'the', 'to', 'due', 'about', ';', 'come']","[0, 0, 0, 0, 0, 0, 0, 1, 0, 0, 0, 0, 0, 0, 0, 0, 1, 0, 0, 0, 0, 0, 0, 0, 0, 0, 0]"
"['the', 'system', 'table', 'to', 'find', 'the', 'user', 'and', 'verify', 'the', 'user', '’s', 'existence', '.']","[0, 1, 0, 0, 0, 0, 1, 0, 0, 0, 1, 0, 0, 0]"
"['for', 'example', 'model', 'all', 'in', 'Gemini', 'the', 'use', 'of', 'the', 'telescope', 'simulator', 'during', 'science', 'in', 'planning', 'but', 'in', 'maintenance', 'and', 'testing', 'as', 'well', '.', ',', 'only', 'not', 'useful', 'system', 'mean', 'that', 'the', 'integrate', 'system', 'can', 'be', 'test', 'and', 'develop', 'independently', 'of', 'the', 'target', 'hardware', '.']","[0, 0, 0, 0, 0, 0, 0, 0, 0, 0, 0, 0, 0, 0, 0, 0, 0, 0, 0, 0, 0, 0, 0, 0, 0, 0, 0, 0, 0, 0, 0, 0, 0, 0, 0, 0, 0, 0, 0, 0, 0, 0, 0, 0, 0]"
"['example', '.', 'result', 'laboratory', 'about', 'datum', 'store', 'date', 'e.g.', 'and', ',', 'sample', '/', 'speciman', 'the', 'of', 'testing', 'the', 'in', 'involve', 'organization', 'each', 'for', 'datum', ',', ')', 'LOINC', '(', 'type', 'test', 'time', 'must', 'sample', 'record']","[0, 0, 2, 1, 0, 3, 0, 4, 0, 4, 0, 1, 0, 1, 0, 0, 0, 0, 0, 0, 1, 0, 0, 3, 0, 0, 0, 0, 4, 3, 4, 0, 2, 2]"
"['administrator', '.', 'f.administrator', ';', 'subsystem', 'of', 'upgrading', 'and', ',', 'configuring', 'system', 'as', 'an', 'integrate', 'modification', 'system', 'and', ',', 'time', '-', 'down', 'maintenance', ',', 'change', ',', 'scheduling', 'appropriate', 'determine', 'to', 'user', 'other', 'with', 'work']","[1, 0, 1, 0, 1, 0, 0, 0, 0, 0, 0, 0, 0, 0, 4, 3, 0, 0, 4, 4, 4, 3, 0, 4, 0, 4, 0, 0, 0, 1, 0, 0, 0]"
"['the', 'communication', 'for', 'interface', 'present', 'a', 'well', '-', 'design', 'development', 'environment', ',', 'and', 'include', '-', 'support', 'for', 'VxWorks', 'development', ',', 'if', 'need', 'cross', 'standard', 'software', 'speciﬁed', 'the', 'development', 'system', '.']","[0, 0, 0, 0, 0, 0, 0, 0, 0, 0, 0, 0, 0, 0, 0, 0, 0, 0, 0, 0, 0, 0, 0, 0, 0, 0, 0, 1, 2, 0]"
"['the', 'Salesman', 'master', 'should', 'capture', 'follow', 'information', '’s', '.']","[0, 1, 2, 0, 0, 0, 0, 0, 0]"
"['the', 'Experimental', 'Physics', 'and', 'Industrial', 'Control', 'System', '(', 'EPICS', ')', 'toolkit', 'be', 'the', 'foundation', 'of', 'the', 'Gemini', 'interface', 'Gemini', 'possible', 'in', 'the', 'Electronic', 'Design', 'Speciﬁcation', '.']","[0, 0, 0, 0, 0, 0, 0, 0, 0, 0, 0, 0, 0, 0, 0, 0, 0, 0, 0, 0, 0, 0, 0, 0, 0, 0]"
"['(', 'developed', 'down', 'software', ';', 'all', 'additional', 'datum', 'that', 'be', 'not', 'require', ')', 'for', 'database', 'these', 'across', 'the', 'ioc', 'for', 'those', 'system', '.']","[0, 0, 0, 0, 0, 0, 0, 0, 0, 0, 0, 0, 0, 0, 1, 0, 0, 0, 0, 0, 0, 1, 0]"
['on'],[0]
"['the', 'solution', 'the', 'material', 'application']","[0, 0, 0, 0, 0]"
"['this', 'location', 'calculate', 'shall']","[0, 3, 0, 0]"
"['(', 'shall', 'indication', 'visual', 'and', 'audible', 'an', 'successful', 'not', 'be', 'registration', 'if', ')', 'M']","[0, 0, 0, 0, 0, 0, 0, 0, 0, 0, 1, 0, 0, 0]"
"['cost', 'in', 'dollar', 'and', ';', 'character', 'alphabetic', '100', 'maximum', ';', 'item', 'select', 'the', 'of', 'description', 'special', '=', 'description', 'Text', ';', 'cent', 'presently', 'code', 'in', ';', 'character', '20', 'maximum', ';', 'address', 'above', 'the', 'alphabetic', 'for', 'the', 'of', 'name', '=', 'City', ';', 'customer', 'city', 'the', 'string', 'state', ';', 'string', 'alphabetic', 'character', '20', 'maximum', ';', ';', 'city', 'the', 'for', 'state', 'the', 'of', 'name', '=', 'above', 'of']","[0, 0, 0, 0, 0, 0, 0, 0, 0, 0, 1, 0, 0, 0, 0, 0, 0, 4, 3, 0, 0, 0, 4, 0, 0, 0, 0, 0, 0, 3, 0, 0, 0, 0, 0, 0, 0, 0, 3, 0, 1, 0, 0, 0, 3, 0, 0, 0, 0, 0, 0, 0, 0, 3, 0, 0, 3, 0, 0, 0, 0, 0, 0]"
"['(', 'i', ')', 'the', 'network', 'shall', 'terminate', 'the', 'ongoing', 'VGCS', '/', 'VBS', 'call', 'if', ']', ']', '5', '[', 'VBS', 'call', 'base', 'on', 'DTMF', 'signal']","[0, 0, 0, 0, 1, 0, 0, 0, 0, 1, 2, 2, 2, 0, 0, 0, 0, 0, 2, 2, 0, 0, 0, 0]"
"['it', 'SetStatus', ';']","[0, 0, 0]"
"['this', 'include', 'remote', 'observing', ',', 'remote', 'control', 'of', 'telescope', ',', ',', 'that', 'it', 'expect', 'bandwidth', 'consideration', '.']","[0, 0, 0, 0, 0, 0, 0, 0, 0, 0, 0, 0, 0, 0, 0, 0, 0]"
"['the', 'System', 'must', 'employ', 'a', 'single', 'set', 'for', 'which', 'the', '.', 'customizable', 'or', 'user', '-', 'configurable', 'to', 'the', 'make', 'extent', '.']","[0, 0, 0, 0, 0, 0, 0, 0, 0, 0, 0, 0, 0, 0, 0, 0, 0, 0, 0, 0, 0]"
"['detail', 'of', 'these', 'with', 'standard', 'be', 'find', 'in', 'the', 'Software', 'Programming', 'Standards', 'document', 'can', ',', 'VxWorks', 'be', 'operating', 'system', 'be', 'Unix', ',', 'currently', 'baseline', 'as', 'Solaris', '2.3', 'or', 'above', '.']","[0, 0, 0, 0, 0, 0, 0, 0, 0, 0, 0, 0, 0, 0, 0, 0, 0, 0, 0, 0, 0, 0, 0, 0, 0, 0, 0, 0, 0, 0]"
"['writing', 'style', ':', 'the', 'reading', 'and', 'understanding', 'of', '.', 'the', 'content', 'on', 'the', 'screen', 'should', 'be', 'support', 'by', 'textual', 'suitable', 'readability', 'to', ':', 'the', 'quality', 'of', 'textual', 'content', 'with', 'respect', 'impede', 'to', 'and', 'grammar', 'should', 'be', 'sufficient', 'so', 'as', 'not', 'spelling']","[0, 0, 0, 0, 0, 0, 0, 0, 0, 0, 0, 0, 0, 0, 0, 0, 0, 0, 0, 0, 0, 0, 0, 0, 0, 0, 0, 0, 0, 0, 0, 0, 0, 0, 0, 0, 0, 0, 0, 0, 0]"
"['have', 'supportability', 'below', 'by', 'address', 'be', 'Steven', '.']","[0, 0, 0, 0, 0, 0, 0, 0]"
['this'],[0]
"['the', '/', 'Mellor', 'approach', 'to', 'develop', 'real', '-', 'time', 'Ward', 'be', 'software', 'support', 'failure', 'of', 'one', 'subsystem', 'should', 'not', 'affect', 'other', ',', 'work', ',', 'subsystem', ',', 'include', 'communication', 'link', '.']","[0, 0, 0, 0, 0, 0, 0, 0, 0, 0, 0, 0, 0, 0, 0, 0, 1, 0, 0, 0, 0, 0, 0, 0, 1, 0, 0, 0, 0, 0]"
"['(', '.', 'UUS1', 'use', 'network', 'Activation', 'shall', '2', 'priority', 'radio', 'the', ',', 'request', ""'"", 'area', 'in', 'driver', 'other', 'call', ""'"", 'a', 'of', 'receipt', 'on', 'shall', 'initiate', 'a', 'group', 'emlpp', 'with', ')', '9', 'section', 'see', '(', 'level', 'identification', ""'"", 'train', 'all', ""'"", 'the', 'use', 'call', 'group', ')', 'cause', 'radio', 'it', ',', 'wiring', 'train', '-', 'on', 'by', 'connect', 'not', 'be', 'vehicle', 'these']","[0, 0, 0, 0, 1, 0, 0, 0, 4, 1, 0, 0, 0, 0, 1, 0, 1, 0, 1, 0, 0, 0, 0, 0, 0, 0, 0, 1, 3, 0, 0, 0, 0, 0, 0, 4, 4, 0, 1, 0, 0, 0, 0, 2, 3, 0, 0, 1, 0, 0, 0, 0, 0, 0, 0, 0, 0, 0, 1, 0]"
"['train', 'datum', 'shall', 'be', 'enter', 'before', 'DMI', 'Data', 'all', 'store', 'area', 'once', 'receive', 'onboard', 'the', 'national', 'define', 'value', 'remain', 'valid', 'even', 'if', 'the', 'onboard', 'shall', 'a', 'to', 'applicable', 'receive', 'national', 'value', 'from', 'the', 'trackside', 'to', 'adapt', 'to', 'national', 'requirement', 'national', 'value', 'shall', 'be', 'equipment', 'in', 'be', 'off', 'use', 'by', 'the', 'onboard', 'equipment', '.', 'be']","[3, 4, 0, 0, 0, 0, 1, 2, 0, 0, 1, 0, 0, 0, 0, 3, 0, 4, 0, 0, 0, 0, 0, 1, 0, 0, 0, 0, 0, 3, 4, 0, 0, 1, 0, 0, 0, 0, 0, 3, 4, 0, 0, 2, 0, 0, 0, 0, 0, 0, 1, 2, 0, 0]"
"['computer', 'access', 'to', 'star', 'catalogue', 'be', 'also', 'require', ',', 'so', 'that', 'an', 'automatic', 'selection', 'of', 'candidate', 'guide', 'and', 'star', 'page', '3-', '1', 'and', 'software', 'conﬁgurable', 'as', 'the', 'user', 'station', 'of', 'identical', 'this', 'that', 'subsystem', '.']","[0, 0, 0, 0, 0, 0, 0, 0, 0, 0, 0, 0, 0, 0, 0, 0, 0, 0, 0, 0, 0, 0, 0, 0, 0, 0, 0, 1, 2, 0, 0, 0, 0, 1, 0]"
"['compliance', 'to', 'POSIX', 'be', 'extension', 'measure', 'the', 'book', ':', 'POSIX', 'Programmer', '’s', 'Guide', '-', 'against', 'speciﬁc', 'vendor', ',', 'UNIX', 'System', 'V', ',', 'Release', '4', ',', 'use', 'only', 'POSIX', 'compliant', 'call', 'to', 'the', 'operate', 'system', '.']","[0, 0, 0, 0, 0, 0, 0, 0, 0, 0, 0, 0, 0, 0, 0, 0, 0, 0, 0, 0, 0, 0, 0, 0, 0, 0, 0, 0, 0, 0, 0, 0, 0, 0, 0]"
"['these', 'information', 'be', 'vital', 'and', 'shall', 'be', 'use', 'for', 'compare', 'with', 'the', 'detail', 'process', '.']","[0, 0, 0, 0, 0, 0, 0, 0, 0, 0, 0, 0, 0, 0, 0]"
"['the', 'coverage', 'level', 'specify', 'above', 'consider', 'a', 'maximum', 'loss', 'of', '3', 'db', 'between', 'antenna', 'above', 'state', 'figure', 'the', 'length', ':', '100', 'm', ')', 'the', 'measure', 'interval', 'coverage', 'shall', 'be', 'great', 'than', 'or', 'equal', 'to', 'level', 'probability', 'coverage', ')', 'technical', 'and', 'operational', 'aspect', ',', 'it', 'be', 'recommend', 'to', 'set', 'the', 'relevant', 'timer(s', ')', 'in', 'account', 'into']","[0, 3, 4, 0, 0, 0, 0, 3, 4, 0, 0, 0, 0, 1, 0, 0, 0, 0, 3, 0, 0, 0, 0, 0, 0, 4, 3, 0, 0, 0, 0, 0, 0, 0, 4, 4, 3, 0, 0, 0, 0, 0, 0, 0, 0, 0, 0, 0, 0, 0, 3, 4, 0, 0, 0]"
"['one', 'of', 'the', 'goal', 'of', 'Gemini', 'software', 'be', 'that', 'all', 'component', 'be', 'easily', '(', 'preferably', 'automatically', 'to', 'and', 'the', 'software', ';', 'Gemini', 'software', 'should', 'be', 'develop', 'in', 'evolutionary', 'source', 'fashion', 'use', 'the', 'CVS', 'version', 'control', 'system', ';', 'all', ',', 'external', 'and', 'internal', ';', 'Gemini', 'software', 'developer', 'should', 'adhere', 'to', 'a', 'standard', 'method', 'for', 'the', 'reporting', 'and', 'recording', 'of', 'error', 'from', 'both', 'system', 'Gemini', 'methodology', 'use', 'place', 'on', 'the', 'Gemini', 'Software', '.']","[0, 0, 0, 0, 0, 0, 0, 0, 0, 0, 1, 0, 0, 0, 0, 0, 0, 0, 0, 0, 0, 0, 0, 0, 0, 0, 0, 0, 0, 0, 0, 0, 0, 0, 0, 0, 0, 0, 0, 0, 0, 0, 0, 0, 0, 0, 0, 0, 0, 0, 0, 0, 0, 0, 0, 0, 0, 0, 0, 0, 0, 0, 0, 0, 0, 0, 0, 0, 0, 0, 0]"
"['while', 'submit', 'the', 'claim', '(', 'Treatment', 'Form', ')', 'to', 'MSIU', ',', 'the', 'system', 'will', 'have', 'the', 'provision', 'to', 'no', 'than', 'of', 'Forms', 'be', 'current', 'date', ';', 'the', 'system', 'list', 'the', 'VSP', 'Name', 'from', 'VSP', 'Master', 'should', ';', 'Forms', 'and', 'Available', 'Forms', 'only', 'accept', 'numeric', 'value', ';', 'available', 'form', 'may', 'be', 'Mentioned', 'submission', 'of', 'date', ';', 'the', 'above', 'as', 'the', 'master', 'part', 'and', 'below', 'detail', 'be', 'the', 'transaction', 'part', ';', 'Treatment', 'Form', 'no', '.']","[0, 0, 0, 1, 0, 1, 2, 0, 0, 0, 0, 0, 1, 0, 0, 0, 0, 0, 3, 0, 4, 4, 0, 0, 0, 0, 0, 1, 0, 0, 3, 4, 0, 0, 0, 0, 0, 1, 0, 1, 2, 0, 0, 0, 0, 0, 0, 1, 0, 0, 0, 4, 4, 3, 0, 0, 0, 0, 0, 0, 0, 0, 0, 0, 0, 0, 1, 0, 0, 3, 4, 4, 0]"
"['the', 'system', 'will', 'capture', 'follow', 'master', 'detail', 'to', 'fill', 'the', 'payment', 'term', '.']","[0, 1, 0, 0, 0, 3, 4, 0, 0, 0, 1, 2, 0]"
"['valid', 'the', 'term', ';', 'Payment', 'Type', '(', 'Selection', 'from', 'list', 'of', 'option', 'Bi', '-', 'Monthly', '/', 'Name', 'Monthly', '.']","[3, 0, 2, 0, 3, 4, 0, 0, 0, 0, 0, 0, 0, 0, 0, 0, 4, 0, 0]"
"['the', '.', 'page', 'home', 'the', 'display', 'be', ')', 'in', 'the', '.', 'system', 'the', 'on', 'in', '-', 'log', 'be', 'must', 'customer']","[0, 0, 0, 0, 0, 0, 0, 2, 0, 0, 0, 0, 0, 0, 0, 0, 0, 0, 0, 1]"
"['tag', 'role', 'ultimate', 'authority', 'to', 'mediate', 'any', 'unresolved', 'dispute', 'within', 'all', 'coi', ';', 'the', 'COE', 'Data', 'Engineering', 'Team', ""'s"", '.', ';', 'validity', 'lack', 'attribute', ';', 'sri', ':', 'a', 'stand', 'request', 'spatial', 'for', '(', 'SRI', ')', 'be', 'a', 'capability', 'in', 'Information', 'by', 'define', 'be', ')', ',', 'extent', ',', 'topology', 'and', 'geometry', '.']","[0, 0, 0, 0, 0, 0, 0, 0, 0, 0, 0, 0, 0, 0, 0, 0, 0, 0, 0, 0, 0, 0, 0, 4, 0, 0, 0, 0, 1, 2, 3, 2, 0, 0, 0, 0, 0, 0, 0, 2, 0, 0, 0, 4, 0, 3, 0, 3, 0, 3, 0]"
"['if', '.', 'it', 'on', 'count', 'a', 'make', 'automatically', 'would', 'system', 'the', 'the', 'same', 'on', ')', 'Partner', '/', 'Client', '(', 'patient', 'same', 'the', 'voucher', 'claim', 'from', 'same', 'same', 'the', 'and', 'message', 'warning', 'a', 'produce', 'automatically', 'should', 'system', 'the', 'then', ',', 'mismatching', 'Impression', 'Thump', 'of', 'time', 'two', 'than', 'more', 'have', 'VSP', 'for', 'the', 'mismatch', 'impression', 'capture', 'system']","[0, 0, 0, 0, 0, 0, 0, 0, 0, 1, 0, 0, 0, 0, 0, 1, 0, 1, 0, 1, 0, 0, 1, 1, 0, 0, 0, 0, 0, 0, 0, 0, 0, 0, 0, 0, 0, 0, 0, 4, 4, 3, 0, 0, 0, 0, 0, 0, 1, 0, 0, 0, 4, 0, 1]"
"['the', '.', 'work', 'IOC', 'and', 'EPICS', 'will', 'still', 'function', '.']","[0, 0, 0, 0, 0, 0, 0, 0, 0, 0]"
"['it', 'also', 'cover', 'all', ',', 'the', 'aspect', 'of', 'the', 'Gemini', '8', 'm', 'Telescopes', ',', 'operational', 'instrument', ',', 'telescope', ')', '.']","[0, 0, 0, 0, 0, 0, 0, 0, 0, 0, 0, 0, 0, 0, 0, 1, 0, 1, 0, 0]"
"['the', '.', 'extend', 'from', 'the', 'trackside', '.']","[0, 0, 0, 0, 0, 1, 0]"
"['(', 'i', ')', 'the', 'store', 'from', 'number', '/', 'name', 'a', 'select', 'information', 'by', 'a', 'initiate', 'to', 'able', 'be', 'shall', 'driver', 'call', 'establish', 'to', 'the', 'to', 'possible', 'be', 'shall']","[0, 0, 0, 0, 3, 0, 3, 0, 3, 0, 0, 4, 0, 0, 0, 0, 0, 0, 0, 1, 1, 0, 0, 0, 0, 0, 0, 0]"
"['it', 'software', 'Telescopes', 'm', '8', 'Gemini', 'the', 'in', 'beginning', 'the', 'from', 'consider', 'be', 'software', 'operation', 'remote', 'the', 'that', 'require', 'be', 'bandwidth', 'local', 'link', 'impact', 'be', 'it', ',', 'transparent', 'be', 'system', 'the', 'of', 'accept', 'functionality', 'that', 'necessary', 'only', 'be']","[0, 0, 0, 0, 0, 0, 0, 0, 0, 0, 0, 0, 0, 0, 0, 0, 0, 0, 0, 0, 0, 0, 0, 0, 0, 0, 0, 0, 0, 0, 0, 0, 0, 0, 0, 0, 0, 0]"
"['astronomical', 'will', '1.0', ',', '""', 'Deﬁnition', 'of', 'the', 'Flexible', 'Image', '-', 'Transport', '(', 'FITS', ')', '""', ',', 'NASA', 'Science', 'Ofﬁce', 'System', '100', 'NOST', 'by', 'have', 'to', 'be', 'transport', 'between', 'GEMINI', 'and', 'the', 'home', 'institute', 'of', 'visit', 'astronomer', 'in', 'fits', 'format', '(', 'as', 'deﬁne', 'datum', 'that', 'come', 'from', 'do', 'at', 'this', 'level', '.']","[0, 0, 0, 0, 0, 0, 0, 0, 0, 0, 0, 0, 0, 0, 0, 0, 0, 0, 0, 0, 0, 0, 0, 0, 0, 0, 0, 0, 0, 0, 0, 0, 0, 0, 0, 1, 2, 0, 0, 0, 0, 0, 0, 0, 0, 0, 0, 0, 0, 0, 0, 0]"
"['there', 'block', 'one', 'block', 'with', 'the', 'and', 'black', 'be', 'board']","[0, 1, 0, 0, 0, 0, 0, 0, 0, 1]"
"['the', 'train', 'detection', 'be', 'provide', 'radio', 'to', 'train', 'and', 'transmit', 'via', 'balise', ',', 'loop', 'or', 'radio', ';', 'level', '2', ':', 'basic', 'track', 'to', 'train', 'by', 'provide', 'trackside', 'level', 'detection', 'be', 'optional', ';', 'Level', 'STM']","[0, 1, 2, 0, 0, 0, 4, 4, 4, 0, 0, 1, 0, 1, 0, 1, 0, 0, 0, 0, 3, 4, 4, 4, 0, 0, 1, 0, 2, 0, 0, 0, 0, 0]"
"['the', 'of', 'to', 'be', 'implement', '.']","[0, 0, 0, 0, 0, 0]"
"['privacy', 'requirement', 'be', 'broadly', 'define', 'because', 'they', 'span', 'all', 'phin', 'functional', 'area', '.']","[0, 0, 0, 0, 0, 0, 0, 0, 0, 0, 0, 0, 0]"
"['it', 'interface', 'to', 'the', 'sgsn', 'via', 'the', 'active', 'Gn', ',', 'to', 'the', 'HLR', 'via', 'the', 'gx', 'interface', 'information', 'nss', 'carry', 'radio', 'bearer', 'for', 'ERTMS', '/', 'ETCS', '.']","[0, 0, 0, 0, 1, 0, 0, 2, 0, 0, 0, 0, 1, 0, 0, 0, 0, 4, 1, 0, 1, 2, 0, 0, 0, 0, 0]"
"['regardless', '.', ')', '3', '-', '3', 'page', 'on', 'be', 'or', 'possible', 'any', ',', 'installation', ',', 'support', 'for', 'provide', 'to', 'requirement']","[0, 0, 0, 0, 0, 0, 0, 0, 0, 0, 0, 0, 0, 0, 0, 0, 0, 0, 0, 0]"
"['the', '.', 'site', 'that', 'from', 'back', 'come', 'X', 'and', 'a', 'range', 'will', 'system', 'our', 'for', 'need', 'hardware']","[0, 0, 0, 0, 0, 0, 0, 0, 0, 0, 0, 0, 1, 0, 0, 0, 1]"
"['this', 'system', 'be', 'intend', 'system', 'to', 'use', 'by', 'people', 'that', 'maintain', 'the', 'heating', 'and', 'cool', 'system', 'in', 'a', 'building', 'be', '.', 'the', 'interact']","[0, 1, 0, 0, 1, 0, 0, 0, 0, 0, 0, 0, 1, 2, 2, 2, 0, 0, 0, 0, 0, 0, 0]"
"['the', '.', '3.2.2.1', 'chapter', 'see', ',', 'over', 'be', 'game']","[0, 0, 0, 0, 0, 0, 0, 0, 0]"
"['in', 'addition', ',', 'when', 'design', 'ISO', 'multimedia', 'presentation', ',', 'the', 'design', 'principle', 'and', 'recommendation', 'describe', 'information', '-', 'role', 'accessibility', 'of', 'the', 'application', 'or', 'to', 'a', 'landmark', 'page', 'page', 'that', 'easy', 'to', 'recognize', 'for', 'the', 'user', '.']","[0, 0, 0, 0, 0, 0, 0, 0, 0, 0, 0, 0, 0, 0, 0, 0, 0, 0, 0, 0, 0, 0, 0, 0, 0, 0, 0, 0, 0, 0, 0, 0, 0, 0, 1, 0]"
"['it', 'contain', 'will', 'functional', 'and', 'performance', 'requirement', ',', 'design', 'constraint', ',', 'attribute', 'and', 'external', 'interface', 'requirement', 'contain', 'a', '3.0', '.', 'description', 'of', 'the', 'THEMAS', 'system', '.']","[0, 0, 0, 0, 0, 0, 0, 0, 0, 0, 0, 0, 0, 0, 0, 0, 0, 0, 0, 0, 0, 0, 0, 0, 0, 0]"
"['the', '.', 'operation', 'of', 'level', 'current', 'the', 'to', 'accord', '""', 'normal', '""', 'operational', '.', 'work', 'diagnostic', 'and', 'maintenance', 'routine', 'for', 'subsystem', 'all', 'to', 'restrict', 'access', 'level']","[0, 0, 4, 4, 3, 0, 0, 0, 0, 0, 0, 0, 3, 0, 0, 0, 0, 0, 0, 0, 1, 0, 0, 0, 0, 0]"
"['test', '.']","[0, 0]"
"['a', 'display', 'list', 'EDD', ';', 'IOC', 'CAPFAST', 'and', 'GDCT', 'Graphical', 'Databases', 'Configuration', 'Tools', 'these', 'tool', 'be', 'use', 'to', 'create', 'a', 'run', 'time', 'database', 'for', 'an', 'IOC', 'list', 'for', 'be', 'purpose', 'alarm', 'handler', 'drive', 'by', 'an', 'alarm', 'conﬁguration', 'general', 'ﬁle', 'AR', 'Archive', 'this', 'be', 'a', 'general', 'purpose', 'tool', ';', 'a', 'be', 'this', 'variable', ',', 'accept', 'operator', 'control', 'request', ',', 'and', 'update', 'the', 'display', 'to', 'reﬂect', 'all', 'change', ';', 'ALH', 'Alarm', 'Handler', 'to', 'do', 'acquire', 'save', 'CA', 'client', 'it', 'be', 'possible', 'to', 'interface', 'preexist', 'OPI', 'software', 'to', 'the', 'channel', 'access', 'library', '.']","[0, 1, 0, 0, 0, 0, 0, 0, 0, 0, 0, 0, 0, 0, 1, 0, 0, 0, 0, 0, 0, 0, 0, 0, 0, 0, 2, 0, 0, 0, 0, 0, 0, 0, 0, 1, 2, 0, 0, 0, 0, 0, 0, 0, 0, 0, 0, 0, 0, 0, 0, 4, 0, 0, 0, 0, 0, 0, 0, 0, 0, 0, 0, 0, 0, 0, 0, 0, 0, 0, 0, 0, 0, 0, 0, 0, 0, 0, 0, 0, 0, 0, 0, 1, 0, 0, 0, 0, 0, 0]"
"['remote', '.', 'with', 'user', 'friendly', 'it', 'make', ',', 'observe', 'service', 'complement', 'will', 'for', 'multipoint', 'monitoring', ',', 'remote', 'the', 'on', 'display', 'be', 'that', 'information', 'the', '""', 'choose', 'and', 'pick', '""', 'to', 'user', 'remote', 'the', 'allow', 'but', 'and', 'screen', 'operation', 'm', 'be', 'monitoring', 'remote', 'environment', ""'s"", 'observer', 'the', 'on', 'the', 'effect', 'have', 'not', 'would', 'keyboard', ""'s"", 'monitor']","[0, 0, 0, 1, 0, 0, 0, 0, 0, 0, 0, 0, 0, 0, 0, 0, 0, 0, 0, 0, 0, 0, 0, 0, 0, 0, 0, 0, 0, 0, 2, 1, 0, 0, 0, 0, 0, 0, 0, 0, 0, 0, 0, 0, 1, 0, 0, 0, 0, 0, 0, 0, 0, 0, 0]"
"['these', 'and', 'from', 'on', '-', 'line', 'database', ',', 'and', 'command', 'and', 'software', 'for', 'the', 'ioc', '.']","[0, 0, 0, 0, 0, 0, 0, 0, 0, 0, 0, 0, 0, 0, 0, 0]"
"['a', 'special', 'case', 'datum', 'imply', 'observing']","[0, 0, 0, 0, 0, 0]"
"['policy', 'and', 'procedure', 'for', 'communicate', 'information', 'to', 'appropriate', 'stakeholder', '(', 'e.g.', ',', 'state', 'and', 'federal', 'emergency', 'management', ',', 'at', 'define']","[1, 0, 1, 0, 0, 0, 0, 0, 1, 0, 0, 0, 0, 0, 0, 0, 0, 0, 0, 0]"
"['Administrator', '.', 'system', 'the', 'to', 'able', 'be', 'must', ';', 'address', 'email', 'register', 'to', 'email', 'send', 'B5']","[0, 0, 0, 0, 0, 0, 0, 0, 0, 4, 3, 0, 0, 0, 0, 0]"
"['this', '10', 'section', 'intentionally', 'keep', 'at', 'the', 'level', 'of', 'performance', 'criterion', 'be', 'of', 'load', 'the', 'three', 'active', 'node', ',', 'but', 'the', 'Gemini', '8', 'm', 'Telescopes', 'computer', 'and', 'software', 'shall', 'be', 'capable', 'of', 'cope', 'with', 'rather', 'of', 'than', 'time', 'the', 'occurrence', 'of', 'the', 'correspond', 'action', 'within', 'give', 'before', 'response', '.']","[0, 0, 0, 0, 0, 0, 0, 0, 0, 0, 0, 0, 0, 0, 0, 0, 0, 0, 0, 0, 0, 0, 0, 0, 0, 0, 0, 0, 0, 0, 0, 0, 0, 0, 0, 0, 0, 0, 0, 0, 0, 0, 0, 0, 0, 0, 0, 0, 0]"
"['the', '.', 'unit', 'mesure', 'the', 'be', 'x']","[0, 0, 0, 0, 0, 0, 0]"
"['any', ',', '...', ')', 'in', 'the', 'system', ';', 'the', 'user', 'the', 'initiate', 'or', 'carry', 'out', 'the', 'action', ';', 'the', 'date', 'and', 'time', 'and', 'trail', 'or', 'by', '.']","[0, 0, 0, 0, 0, 0, 0, 0, 0, 3, 0, 0, 0, 0, 0, 0, 1, 0, 0, 3, 0, 3, 0, 2, 0, 0, 0]"
"['system', '.', 'criterion', 'multiple', 'upon', 'base', 'search', 'analytical', 'for', 'map', 'allow', ',', 'graph', 'the', 'on', 'prophylaxis', 'or', 'vaccination', 'of', 'effect', 'the', 'and', 'curve', '-', 'epi', 'as', 'such', ',', 'datum', 'OM', 'illustrate', 'that', 'and', 'should', 'OM', 'support', 'OM', 'support']","[1, 0, 3, 0, 0, 0, 2, 1, 0, 1, 0, 0, 1, 0, 0, 1, 0, 1, 0, 0, 0, 0, 4, 4, 3, 0, 0, 0, 4, 3, 0, 0, 0, 0, 0, 0, 0, 0]"
"['H', 'C', 'ON', '/', 'off', 'request', 'when', 'a', 'request', 'to', 'turn', 'on', 'or', 'off', '/', 'a', 'the', 'shall', 'of', 'the', 'thermostat', 'that', 'make', 'the', 'request', ',', 'a', 'designation', 'of', 'the', 'heating', 'control', 'or', 'unit', 'that', 'be', 'not', 'turn', 'on', '.']","[0, 0, 0, 0, 0, 0, 0, 0, 1, 0, 0, 0, 0, 0, 0, 0, 0, 0, 0, 0, 1, 0, 0, 0, 1, 0, 0, 3, 0, 0, 1, 0, 2, 2, 0, 0, 0, 0, 0, 0]"
"['the', 'process', 'of', 'determine', 'temperature', 'status', '.']","[0, 0, 0, 0, 3, 4, 0]"
"['see', '.']","[0, 0]"
"['Vertical', 'scrolling', 'should', 'be', 'and', 'usability', 'both', 'on', 'relevant', 'information', '.']","[0, 0, 0, 0, 0, 0, 0, 0, 0, 0, 0]"
"['SetStatus', 'subsystem']","[0, 1]"
"['isolation', 'of', 'the', 'ETCS', 'trainborne', 'equipment', 'shall', 'disconnect', 'the', 'ETCS', 'trainborne', 'equipment', 'the', 'national', 'Supervision', 'when', 'driver', 'for', 'confirmation', 'about', 'the', 'occupancy', 'a', 'of', 'track', 'ahead', 'before', 'send', 'a', 'Full', 'the', 'ask', 'to', 'trackside', 'receive', 'through', 'track', '-', 'to', '-', 'train', 'transmission', '.']","[0, 0, 0, 1, 2, 2, 0, 0, 0, 1, 2, 2, 0, 1, 4, 0, 1, 0, 0, 0, 0, 0, 0, 0, 1, 0, 0, 0, 0, 1, 0, 0, 0, 1, 0, 0, 1, 2, 2, 2, 2, 2, 0]"
"['nevertheless', ',', 'the', 'in', 'software', 'datum', 'structure', 'to', 'support', 'classical', 'observing', 'which', 'have', 'and', 'be', 'and', 'fulﬁlle', 'reason', 'it', 'can', 'only', 'be', 'apply', 'to', 'the', 'Gemini', '8', 'm', 'Telescopes', 'once', 'the', 'classical', 'observe', 'requirement', 'have', 'be', 'to', 'observation', 'be', 'in', 'achieve', 'efﬁcient', 'service', 'observe', ',', 'queue', 'observing', ',', 'to', 'and', 'scheduling', ',', 'it', 'should', 'be', 'possible', 'to', 'carry', 'ﬂexible', 'requirement', 'observe', 'service', 'a', 'system', 'that', 'be', 'only', 'interactive', 'at', 'the', 'start', 'might', 'require', 'considerable', 'redesign', 'to', 'be', 'adapt', 'later', 'to', 'the', 'present', 'perhaps', 'be', 'observing', 'the', 'Gemini', 'staff', 'be', 'responsible', 'for', 'perform', 'the', 'that', 'actual', 'collection', 'for', 'the', 'astronomer', '.']","[0, 0, 0, 0, 0, 0, 0, 0, 0, 0, 0, 0, 0, 0, 0, 0, 0, 0, 0, 0, 0, 0, 0, 0, 0, 0, 0, 0, 0, 0, 0, 0, 0, 0, 0, 0, 0, 1, 0, 0, 0, 0, 0, 0, 0, 0, 0, 0, 0, 0, 0, 0, 0, 0, 0, 0, 0, 0, 0, 0, 0, 0, 0, 0, 0, 0, 0, 0, 0, 0, 0, 0, 0, 0, 0, 0, 0, 0, 0, 0, 0, 0, 0, 0, 0, 0, 0, 0, 0, 0, 0, 0, 0, 0, 0, 0, 0, 0, 0, 0]"
"['no', '.', ';', 'any', 'or', 'less', '.']","[4, 0, 0, 0, 0, 0, 0]"
"['because', '.', 'event', 'or', ',', 'object', ',', 'organization', ',', 'location', ',', 'conveyance', 'as', 'may', 'can', '.', 'in', 'be', 'entity', 'the', 'which', 'with', 'vehicle', 'each', 'of', ')', 'VIN', ',', 'e.g.', '(', 'number', 'identification', 'and', ',', 'year', 'contact']","[0, 0, 3, 0, 0, 3, 0, 3, 0, 3, 0, 4, 0, 0, 0, 0, 0, 0, 1, 0, 0, 0, 1, 0, 0, 0, 0, 0, 0, 0, 4, 3, 0, 0, 3, 0]"
"['(', '.', 'staff', 'maintenance', 'by', 'except', 'remove', 'with', 'be', 'able', 'be', 'not', 'shall', 'and', 'set', 'radio', 'to', 'shall', 'indicate', 'Cab', ')', 'all', 'EIRENE', 'mobile', 'equipment', 'shall', 'comply', 'with', 'all', 'environmental', ',', 'EMC', 'and', 'physical', 'specification', 'i']","[0, 0, 2, 1, 0, 0, 0, 0, 0, 0, 0, 0, 0, 0, 2, 1, 0, 0, 0, 1, 0, 0, 0, 1, 2, 0, 0, 0, 0, 0, 0, 0, 0, 0, 0, 0]"
"['to', 'retry', 'must', 'be', 'embody', 'in', 'the', 'software', 'in', 'case', 'procedure', '.', 'control', 'and', 'month', 'of', 'downtime', '.']","[0, 0, 0, 0, 0, 0, 0, 0, 0, 0, 0, 0, 0, 0, 0, 0, 0, 0]"
"['screen', 'Name', ';', 'and', 'Group', 'Information', 'follow', 'on', 'User', 'Group', '.']","[3, 4, 0, 0, 3, 0, 0, 0, 1, 2, 0]"
"['this', 'these', 'require', 'term', 'as', 'the', 'instrument', ';', 'microprocessor', '-', 'these', 'be', 'computer', 'control', 'embed', 'the', 'instrument', '(', 'for', 'instance', 'a', 'DSP', 'or', 'in', 'computer', 'the', 'be', 'follow', ':', 'main', 'processor', '-', 'these', 'be', 'the', 'computer', 'with', 'which', 'the', 'user', 'interact', ';', 'control', 'electronic', '-', 'these', 'be', 'user', 'same', 'the', 'active', 'node', ',', 'should', 'the', 'case', 'arise']","[0, 0, 0, 0, 0, 0, 1, 0, 1, 0, 0, 0, 0, 0, 0, 0, 1, 0, 0, 0, 0, 0, 0, 0, 0, 0, 0, 0, 0, 0, 0, 0, 0, 0, 0, 0, 0, 0, 0, 1, 0, 0, 1, 2, 0, 0, 0, 0, 0, 0, 3, 1, 0, 0, 0, 0, 0]"
"['administrator', '.', 'to', 'HTTPS', 'link', 'initiate', 'patch', 'install', 'automatically', 'System', ';', 'patch', 'the', 'to', 'upload', 'Administrator', 'the', 'prompt', 'system', ';', 'process', 'patching', 'to', 'with', 'browser', 'web', 'update', 'software', 'or', 'patch']","[1, 0, 0, 0, 0, 0, 0, 0, 0, 0, 0, 0, 0, 0, 0, 1, 0, 0, 0, 0, 0, 0, 0, 0, 0, 0, 0, 0, 0, 0]"
"['as', 'much', 'as', 'possible', ',', 'the', 'the', 'be', 'goal']","[0, 0, 0, 0, 0, 0, 0, 0, 0]"
"['the', 'follow', 'command', 'be', 'common', 'to', 'all', 'remove', 'IOC', 'base', 'subsystem', '.']","[0, 0, 0, 0, 0, 0, 0, 0, 3, 4, 1, 0]"
"['this', 'same', 'be', 'implement', 'during', 'this', 'phase', 'of', 're', '-', 'writing', '.', '.']","[0, 0, 0, 0, 0, 0, 0, 0, 0, 0, 0, 0, 0]"
"['the', 'Package', 'be', 'to', 'compress', 'etc', 'instruction', 'and', 'code', ',', 'datum', 'type', 'specify', 'and', 'other', 'related', 'information', 'specify', 'in', 'Appendix', 'A', 'within', 'a', 'combination', 'of', 'status', ',', ',', 'resource', 'tool', 'for', 'submission', 'to', 'xml', 'Registry', ';', 'Submit', 'prescribe', 'metadata', 'relate', 'to', 'information', 'resource', 'type', ',', 'information', 'association', ';', 'site', 'specify', ',', 'there', 'be', 'a', 'need', ',', 'for', 'environment', 'example', 'to', 'be', 'able', 'to', 'reset', 'session', 'time', ',', 'communication', 'degraded', 'a', 'object', 'name', 'and', 'include', 'address', '(', 'protocol', '/', 'host', '/', 'port', ')', 'and', 'instance', 'name', ';', 'in', '-', 'out', 'value', 'if', 'time', '-', 'out', 'value', 'shall', 'be', 'user', 'definable', 'and', 'be', 'able', 'to', 'be', 'reset', 'prior', 'to', 'initialization', 'session', 'qualified', 'the', 'minimum', 'the', 'datum', 'management', 'service', 'be', 'be', 'access', 'by', 'user', 'affect', 'by', 'the', 'communication', 'degradation', '.']","[0, 1, 0, 0, 3, 0, 3, 0, 4, 0, 3, 4, 0, 0, 0, 0, 0, 0, 0, 0, 0, 0, 0, 0, 0, 3, 0, 0, 4, 3, 4, 4, 0, 1, 2, 0, 0, 0, 1, 0, 0, 3, 4, 4, 0, 3, 4, 0, 0, 0, 0, 0, 0, 0, 0, 0, 0, 0, 0, 0, 0, 0, 0, 0, 3, 4, 0, 0, 0, 0, 0, 0, 0, 0, 3, 0, 0, 0, 0, 0, 0, 0, 0, 3, 4, 0, 0, 4, 4, 4, 0, 4, 4, 4, 4, 0, 0, 1, 0, 0, 0, 0, 0, 0, 0, 0, 0, 0, 3, 0, 0, 0, 0, 0, 0, 0, 0, 0, 0, 0, 1, 0, 0, 0, 0, 0, 0]"
"['these', 'management', 'matrix', 'system', 'one', 'component', 'XS', 'the', 'for', 'require', 'capability', 'software', 'the', 'outline', 'document']","[0, 0, 0, 0, 0, 0, 0, 0, 0, 0, 0, 0, 0, 0, 0]"
"['in', '.', 'site', 'Telescopes', 'm', '8', 'Gemini']","[0, 0, 0, 0, 0, 0, 0]"
"['guide', 'to', 'ANSI', 'Software', 'Specifications', ',', 'ANSI', '/']","[0, 0, 0, 0, 0, 0, 0, 0]"
"['the', 'stop', 'ETCS', 'shall', 'command', 'the', 'emergency', 'emergency', 'brake']","[0, 2, 1, 0, 0, 0, 1, 1, 2]"
"['(', 'M', ')', 'Battery', 'each', 'frequency', ')', 'requirement', 'railway', 'and', 'generic', 'EMC', 'standard', 'define', 'a', 'maximum', 'level', 'of', 'radiate', 'EMC', 'for', 'a', 'range', 'all', ')', 'M']","[0, 0, 0, 0, 0, 0, 0, 0, 1, 2, 2, 2, 2, 0, 0, 3, 4, 4, 4, 4, 0, 0, 0, 0, 0, 0]"
"['ci-1', 'mail', 'confirmation', 'to', 'tracking', 'with', 'along', 'address', 'shipping', 'the', 'to', 'deliver', 'be', 'will', 'order', 'they', 'item', 'the', 'that', 'customer', 'the', 'and', ';', 'operational', 'less', 'for', 'search', 'to', 'able', 'be', 'shall', 'system', 'a']","[0, 0, 0, 0, 0, 0, 0, 0, 0, 0, 0, 0, 0, 0, 0, 0, 1, 0, 0, 1, 0, 0, 0, 0, 0, 0, 0, 0, 0, 0, 0, 0, 0]"
"['it', 'incorporate', 'other', 'interface', 'to', 'communication', ':', 'other', 'to', 'Correlation', ';', 'MCG', '&', 'I', ';', 'Alerts', ';', 'on', '-', 'line', 'help', '.']","[0, 0, 0, 0, 0, 0, 0, 0, 0, 0, 0, 0, 0, 0, 0, 0, 0, 0, 0, 0, 0, 0]"
"['astronomical', 'datum', 'be', 'store', 'both', 'in', 'the', 'archiving', 'system', 'available', 'and', 'on', 'Gemini', 'the', 'development', 'system', 'be', 'consider', 'here', '.']","[1, 2, 0, 0, 0, 0, 0, 1, 2, 0, 0, 0, 0, 0, 2, 1, 0, 0, 0, 0]"
"['(', 'this', 'maintain', 'to', 'database', 'network', 'home', 'the', 'correlation', 'require']","[0, 0, 0, 0, 2, 2, 1, 0, 0, 0]"
"['(', ')', 'the', 'UIC', 'frequency', 'band', 'for', 'GSM', 'M', '515', ']', '(', 'base', 'station', 'transmit', ')', '.']","[0, 0, 0, 0, 3, 4, 0, 1, 0, 0, 0, 0, 0, 0, 0, 0, 0]"
"['it', 'shall', 'be', 'possible', 'to', 'use', 'cab', '.']","[0, 0, 0, 0, 0, 0, 0, 0]"
"['system', '.', 'event', 'health', 'a', 'for', 'definition', 'case', 'the', 'record', 'to', 'ability', 'the', 'should', 'to', 'area', 'the', '(', 'event', 'of', 'category', 'the', ',', 'investigation', 'the', 'for', 'reason', 'the', 'include', ',', 'capture', 'be', 'should', 'event', 'health', 'the', 'e.g.', 'geographic', 'environmental', 'infectious', ',', 'focus', 'investigation', 'or', ')', 'know', 'if', '(', 'agent', 'suspect', 'the', ',', 'begin', 'event', 'the', 'date', 'the', ',', ')', ',', 'capture', 'change', 'to', 'of', 'part', 'a', 'as', 'travel', 'local', '’s', 'person', 'a', 'include', 'history', 'travel', 'of']","[1, 0, 2, 1, 0, 0, 4, 3, 0, 0, 0, 0, 0, 0, 0, 4, 0, 0, 4, 4, 3, 0, 0, 4, 4, 4, 3, 0, 0, 0, 0, 0, 0, 2, 1, 0, 0, 3, 0, 0, 0, 4, 3, 0, 0, 0, 0, 0, 4, 3, 0, 0, 4, 4, 4, 3, 0, 0, 0, 0, 0, 0, 0, 0, 0, 0, 0, 2, 1, 0, 1, 0, 0, 2, 1, 0]"
"['the', 'capacity', 'of', 'the', 'system', 'can', 'user', 'which', 'some']","[0, 0, 0, 0, 1, 0, 1, 0, 0]"
"['the', '.', 'drive', 'upgrade', 'usb', 'via', 'portable', 'extremely', 'be', 'shall', 'system']","[0, 0, 0, 0, 0, 0, 0, 0, 0, 0, 0]"
"['the', '.', 'program', 'the', 'in', 'tab', 'stream', 'video', 'the', 'to', 'send', 'be', 'the', 'then', 'query', 'this', 'for']","[0, 0, 1, 0, 0, 2, 2, 1, 0, 0, 0, 0, 0, 0, 1, 0, 0]"
"['the', '.', 'operation', 'determine', 'by', 'the', 'low', 'value', 'out', 'of', 'maximum', 'train', 'speed', ';', 'national', 'value', 'for', 'unfitted', 'ETCS', 'be', 'on', 'board', 'adhesion', 'condition', 'from', 'trackside', '.']","[0, 0, 0, 0, 0, 0, 0, 0, 0, 0, 3, 4, 4, 0, 3, 4, 0, 0, 1, 0, 0, 0, 1, 2, 0, 1, 0]"
"['load', ':', 'req-3', ';', 'second', '1', 'than', 'less', 'than', 'take', 'browser', 'default', 'the', 'to', 'hyperlink', 'the', 'send', ':', 'req-2', ';', 'website', 'any', 'to', 'second', 'will', 'be', 'ensure', 'no', 'stream', 'video', 'for', 'link', 'list', 'only', 'be', 'software', 'our', 'as', ',', 'behalf', 'our', 'on', 'and', 'requirement', 'the', 'all', 'within', 'stay', 'will', 'produce', 'we', 'system']","[0, 0, 0, 0, 0, 0, 0, 0, 0, 0, 1, 0, 0, 0, 1, 0, 0, 0, 0, 0, 1, 0, 0, 0, 0, 0, 0, 0, 2, 1, 0, 3, 0, 0, 0, 1, 0, 0, 0, 0, 0, 0, 0, 0, 0, 0, 0, 0, 0, 0, 0, 1]"
"['the', 'ﬁrst', 'ﬁeld', 'of', 'have', 'type', 'record', 'particular', 'a', 'ﬁxed', 'set', 'of', 'ﬁeld', '.']","[0, 3, 4, 0, 0, 2, 1, 0, 0, 0, 0, 0, 3, 0]"
"['batch', 'no', ';', 'no', 'efficiently', 'Batch', 'pick', 'master', 'screen', 'and', 'enter', 'the', 'new', 'Distributor', 'and', 'Salesman', 'detail', ',', 'without', 'close', 'the', 'present', 'screen', '.']","[3, 4, 0, 4, 0, 3, 0, 0, 0, 0, 0, 0, 0, 1, 0, 1, 3, 0, 0, 0, 0, 0, 0, 0]"
"['thus', '(', 'ﬂexible', 'be', 'a', 'superset', 'of', 'queue', 'scheduling', ',', 'with', 'scheduling', 'instrument', 'and', 'mode', 'support', 'the', 'decision', 'make', 'process', 'by', 'present', 'appropriate', 'information', '.']","[0, 0, 0, 0, 0, 0, 0, 0, 0, 0, 0, 0, 1, 0, 4, 0, 0, 0, 0, 0, 0, 0, 0, 0, 0]"
"['Administrator', '.', 'System', 'Weborder', ';']","[1, 0, 0, 0, 0]"
"['H', '/', 'C', 'request', 'with', 'the', 'system', 'shall', 'only', 'respond', 'to', 'temperature', 'from', 'the', 'thermostat', 'that', 'be', 'within', 'the', 'themas', 'need', 'accordance', 'make', 'a', 'heating', 'or', 'cool', 'unit', 'to', 'be', 'turn', 'o', 'n', ',', 'the', 'process', 'in', 'shall', 'a', 'request', 'to', 'turn', 'on', 'the', 'appropriate', 'unit', '.']","[0, 0, 0, 0, 0, 0, 1, 0, 0, 0, 0, 3, 0, 0, 1, 0, 0, 0, 0, 0, 0, 0, 0, 0, 1, 2, 2, 2, 0, 0, 0, 0, 0, 0, 0, 0, 0, 0, 0, 1, 0, 0, 0, 0, 0, 1, 0]"
"['the', 'modus', ',', 'case', '.']","[0, 3, 0, 1, 0]"
"['the', 'link', 'pop', 'a', 'open', 'to', 'capability', 'the', 'provide', 'shall', 'system']","[0, 2, 1, 0, 0, 0, 0, 0, 0, 0, 1]"
"['this', '.', 'simulator', 'observatory', 'Gemini', 'a', 'of', 'provision', 'simulator', 'hardware', 'and', 'software', 'unit', 'single', 'as', 'operate', 'instrument', 'have', 'to', 'requirement', 'the', 'observatory', 'the', 'of', 'deﬁnition', 'functional', 'a', 'present', 'would', ',', 'interface', 'that', 'location', 'of', 'user', 'safety', 'and', 'security', 'ensure', 'protection', 'with', 'course', 'of', ')', 'but', 'point', 'single', 'any', 'from', 'controllable', 'and', 'accessible', 'be', '(', '.']","[0, 0, 0, 0, 0, 0, 0, 0, 0, 0, 0, 0, 2, 1, 0, 0, 0, 0, 0, 0, 0, 0, 0, 0, 0, 0, 0, 0, 0, 0, 0, 0, 3, 0, 1, 0, 0, 0, 0, 0, 0, 0, 0, 0, 0, 0, 0, 0, 0, 0, 0, 0, 0, 0, 0]"
"['the', 'system', 'will', 'generate', 'message', 'while', 'create', 'a', 'new', 'staff', 'with', 'exist', 'name', ',', 'but', 'the']","[0, 1, 0, 0, 0, 0, 0, 0, 0, 1, 0, 0, 3, 0, 0, 0]"
"['the', 'the']","[0, 0]"
"['operating', 'hour', ';', 'downtime', 'or', 'availability', ';', 'discard', 'attend', 'unattended', 'operation', ';', 'environment', '.']","[0, 0, 0, 0, 0, 0, 0, 0, 0, 0, 0, 0, 0, 0]"
"['Text', 'mean', 'include', 'form', 'of', 'bullet', 'point', '.']","[0, 0, 0, 0, 0, 0, 0, 0]"
"['Data', '.', 'time', 'over', 'event', 'of', 'analysis', 'support', 'describe', 'to', 'design', ')', 'warehouse', 'data', ',', 'i.e.', '(', 'store', 'data', 'specifically', 'support', 'in', 'Preparedness', 'receive', 'to', 'able', 'be', 'must', 'OM', 'support']","[3, 0, 0, 0, 1, 0, 0, 0, 0, 0, 0, 0, 0, 0, 0, 0, 0, 2, 1, 0, 0, 0, 0, 0, 0, 0, 0, 0, 0, 0]"
"['if', 'command', 'immediate', 'an', 'command', 'train', 'in', 'a', 'particular', 'area', 'or', 'to', 'a', 'specific', 'train', 'it', 'shall', 'be', 'possible', 'to', 'to', 'the', 'train', '.', 'protect', 'against', 'inadvertent', 'operation', '.']","[0, 0, 0, 0, 0, 1, 0, 0, 0, 3, 0, 0, 0, 0, 1, 0, 0, 0, 0, 0, 0, 0, 1, 0, 0, 0, 0, 0, 0]"
"['the', 'value', 'of', 'Health', 'Sub', '–', 'District', ',', 'Locality', ',', 'Level', 'of', 'Facility', ',', 'Type', 'of', 'of', 'its', 'above', 'then', 'during', 'data', 'entry', 'process', ',', 'but', 'the', 'system', 'will', 'also', 'populate', 'all', 'VSP', 'screen', 'for', 'purpose', '.']","[0, 0, 0, 3, 4, 0, 3, 0, 3, 0, 3, 4, 4, 0, 3, 4, 0, 0, 0, 0, 0, 0, 0, 0, 0, 0, 0, 1, 0, 0, 0, 0, 1, 0, 0, 0, 0]"
"['a', 'relevant', 'example', 'of', 'such', 'a', 'package', 'maintenance', '8', 'information', 'to', 'the', 'Gemini', '8', 'm', 'Telescopes', 'system', 'have', 'internal', ',', 'communication', 'be', 'in', 'itself', 'a', 'distribute', 'telescope', 'system', 'and', 'need', 'instrument', 'of', 'number', 'various', 'piece', 'of', 'equipment', 'should', 'be', 'keep', '.']","[0, 0, 0, 0, 0, 0, 0, 0, 0, 0, 0, 0, 0, 0, 0, 0, 0, 0, 0, 0, 0, 0, 0, 0, 0, 0, 0, 0, 0, 0, 1, 0, 0, 0, 0, 0, 0, 0, 0, 0, 0]"
"['every', 'Gemini', '8', 'test', 'give', 'and', 'an', 'of', 'the', 'Gemini', '8', 'm', 'Telescopes', 'system', 'and', 'sequence', 'subsystem']","[0, 0, 0, 0, 0, 0, 0, 0, 0, 0, 0, 0, 0, 0, 0, 0, 1]"
"['the', '.', 'system', 'operating', 'and', 'will', 'cpu', 'its', 'with', 'device', 'play', 'and', 'plug', 'a', 'own', 'be', 'be', 'quick', 'be', '2.1', 'Figure']","[0, 0, 0, 0, 0, 0, 0, 0, 0, 0, 0, 0, 0, 0, 0, 0, 0, 0, 0, 0, 0]"
"['automatically', 'Software', ':', 'W', 'S', 'Specification', ';', 'SSDD', 'Support', 'Software', 'Design', 'Document', ';', 'STACCS', 'Standard', 'Theater', 'Army', 'Command', 'and', 'Control', 'System', ';', '/', 'the', 'indicate', 'initiate', '.']","[0, 0, 0, 0, 0, 0, 0, 0, 0, 0, 0, 0, 0, 0, 0, 0, 0, 0, 0, 0, 0, 0, 0, 0, 0, 0, 0]"
"['only', '.', 'operation', 'telescope', 'of', 'phase', 'initial', 'the', 'during', 'observer', 'site', '-', 'on', 'be', 'the', 'should', 'a', 'as', 'such', '(', 'function', 'some', 'for', ',', 'that', 'adjustment', 'evident']","[0, 0, 0, 0, 0, 0, 0, 0, 0, 2, 2, 2, 1, 0, 0, 0, 0, 0, 0, 0, 0, 0, 0, 0, 0, 0, 0]"
"['administrator', '.', 'HTTPS', 'with', 'browser', 'with', 'reinitialize', 'the', '.', 'button', 'the', 'click', 'administrator', '""', 'Patch', 'Install', 'or', '""', 'link', 'or', 'button', 'the', 'click']","[1, 0, 0, 0, 0, 0, 0, 0, 0, 0, 0, 0, 1, 0, 0, 0, 0, 0, 0, 0, 0, 0, 0]"
"['otherwise', ',', 'the', 'themas', 'system', 'shall', 'output', 'a', 'output', 'value', 'then', 'range', 'strictly', 'less', 'than', 'the', 'low', 'value', 'of', 'the', 'valid', 'temperature', 'range', 'or', 'if', ',', 'the', 'temperature', 'value', 'be', 'strictly', 'great', 'than', 'the', 'upper', 'value', 'of', 'the', 'valid', 'temperature', 'receive', 'valid', 'range', 'specified', 'a', 'request', 'to', 'turn', 'off', 'all', 'the', 'unit', '.']","[0, 0, 0, 0, 1, 0, 0, 0, 0, 4, 0, 4, 0, 0, 0, 0, 0, 0, 0, 0, 3, 4, 4, 0, 0, 0, 0, 3, 4, 0, 0, 0, 0, 0, 0, 0, 0, 0, 3, 4, 0, 1, 4, 0, 0, 1, 0, 0, 0, 0, 0, 1, 0]"
"['for', '.', 'boundary', 'jurisdictional', 'cross', 'investigation', 'the', 'that', 'event', 'the', 'in', 'jurisdiction', 'various', 'with', 'support', 'become', 'call', 'may']","[0, 0, 4, 3, 0, 1, 0, 0, 1, 0, 0, 1, 0, 0, 0, 0, 1, 0]"
"['Menu', '.', 'game', 'current', 'the']","[0, 0, 1, 0, 0]"
"['ETCS', 'to', 'shall', 'able', 'to', 'supervise', 'train', 'and', 'shunt', 'be', 'he', 'allow', 'to', 'function', 'may', 'be', 'require', 'for', 'safety', 'reason', '.']","[1, 0, 0, 0, 0, 0, 1, 2, 2, 0, 0, 0, 0, 2, 0, 0, 0, 0, 0, 0, 0]"
"['the', 'police', 'in', 'turn', 'can', 'use', 'it', 'to', 'respond', 'to', 'citizen', 'with', 'very', 'little', 'time', '.', 'of', 'screen', 'group', 'or', 'role', 'i.e.', 'such', 'as', 'employee', 'of', 'different', 'level', ',', 'citizen', 'etc', ',', 'monitor', 'the', 'user', 'user', 'vary', 'for', 'differently', 'user', 'with', 'mean', 'for', 'customize', 'the', 'user', 'interface', '’s', 'to', 'personal', 'need', 'i.e.', 'individualization', 'design', 'content', 'and', 'navigation', 'their', 'behaviour', 'and', 'adapt', 'to', 'the', 'specific', 'user', ',', 'base', 'on', 'the', 'interesting', 'behaviour', 'all', 'user', 'or', 'a', 'user', 'group', '.']","[0, 0, 0, 0, 0, 0, 0, 0, 0, 0, 0, 0, 0, 0, 0, 0, 0, 0, 2, 0, 0, 0, 0, 0, 0, 0, 0, 0, 0, 0, 0, 0, 0, 0, 1, 1, 0, 0, 0, 1, 0, 0, 0, 0, 0, 0, 0, 0, 0, 0, 0, 0, 0, 0, 0, 0, 0, 0, 0, 0, 0, 0, 0, 0, 1, 0, 0, 0, 0, 0, 0, 0, 1, 0, 0, 1, 2, 0]"
"['Outbreak', '.', 'event', 'health', 'and', 'of', 'different', 'type', 'a', 'of', 'functionality', 'the', 'to']","[0, 0, 0, 0, 0, 0, 0, 0, 0, 0, 0, 0, 0]"
"['the', 'deﬁnition', 'of', 'the', 'observe', 'environment', 'observe', 'telescope', 'the', 'affect', 'the', 'telescope', 'and', 'instrument', '.']","[0, 0, 0, 0, 1, 2, 1, 0, 0, 0, 0, 1, 0, 1, 0]"
"['Assume', 'the', '.', 'from', 'system', 'usb', 'the', 'of', 'sample', 'evaluate', 'Yoggie', 'usb', 'system', 'after', ',', 'information', 'contact', ',', 'profile', 'their', 'store', 'to', 'account', 'create', 'to', 'able', 'be', 'will']","[0, 0, 0, 0, 0, 0, 0, 0, 0, 0, 0, 0, 0, 0, 0, 4, 3, 0, 3, 0, 0, 0, 1, 0, 0, 0, 0, 0]"
"['this', 'information', 'shall', 'be', 'record', 'the', 'in', 'an', 'and', 'generate', 'the', 'appropriate', 'event', 'datum', '.']","[0, 0, 0, 0, 0, 0, 0, 0, 0, 0, 0, 0, 3, 4, 0]"
"['user', 'interface', 'should', 'be', 'design', 'input', 'hide', '.', 'the', 'be', 'do', 'by', 'place', 'important', 'information', 'at', 'the', 'page', 'top', 'provide', 'link', 'to', 'information', 'that', 'be', 'far', 'down', 'and', ',', 'window', 'primary', 'be', 'use', ',', 'a', 'navigation', 'option', 'to', 'skip', 'screen', 'it', 'be', 'offer', '.']","[0, 0, 0, 0, 0, 0, 0, 0, 0, 0, 0, 0, 0, 0, 0, 0, 0, 0, 0, 0, 0, 0, 0, 0, 0, 0, 0, 0, 0, 0, 0, 0, 0, 0, 0, 0, 0, 0, 0, 0, 0, 0, 0, 0]"
"['the', 'desire', 'function', 'as', 'specify', 'in', 'the', 'related', 'UIS', '.']","[0, 0, 0, 0, 0, 0, 0, 0, 0, 0]"
"['it', 'incorporate', 'other', 'interface', ';', 'interface', 'Processing', ';', ':', 'Executive', 'Manager', ';', 'Multi', '-', 'media', 'Support', '.']","[0, 0, 0, 0, 0, 0, 0, 0, 0, 0, 0, 0, 0, 0, 0, 0, 0]"
"['this', 'be', 'use', 'to', 'create', 'a', 'run', 'time', 'database', 'tool', 'application', 'these', 'by', 'commercial', 'package', 'include', 'IDL/', 'PvWave', ',', 'Mathematica', ',', 'and', 'WINGZ', 'to', 'allow', 'access', 'and', 'manipulation', 'of', 'epics', 'process', 'variable', 'for', 'several', 'an', ';', 'Editor']","[0, 0, 0, 0, 0, 0, 0, 0, 0, 1, 0, 0, 0, 0, 0, 0, 0, 0, 0, 0, 0, 0, 0, 0, 0, 0, 0, 0, 0, 0, 0, 0, 0, 0, 0, 0, 0]"
"['link', 'back', 'to', 'the', 'home', 'page', 'or', 'the', 'landmark', ':', 'each', 'page', 'should', 'contain', 'a', 'link', 'lead', 'page', 'xxx', 'day', 'per', 'layer', 'and', 'security', 'and', 'access', 'control', 'component', 'can', 'be', 'deploy', 'as', 'standard', 'component', 'with', 'necessary', 'configuration', 'change', 'support', ',', 'service', 'core', 'on', 'SOA', 'principle', '.']","[0, 0, 0, 0, 0, 0, 0, 0, 0, 0, 0, 1, 0, 0, 0, 3, 0, 0, 0, 0, 0, 0, 0, 0, 0, 0, 0, 0, 0, 0, 0, 0, 0, 0, 0, 0, 0, 0, 0, 0, 0, 0, 0, 0, 0, 0]"
"['the', '.', ')', 'Master', 'Drugs', 'from', '(', 'Price', 'the', 'Retails', 'drug', 'of', 'Qty', '(', '+', ')', 'term', 'Payment', 'VSP', 'from', '*', 'thump', 'impression', 'available', 'thump', 'the']","[0, 0, 0, 0, 0, 0, 0, 4, 0, 3, 4, 4, 3, 0, 0, 0, 2, 2, 1, 0, 0, 3, 4, 0, 3, 0]"
"['this', 'tool', 'be', 'use', 'to', 'create', 'a', 'Display', 'display', 'ﬁle', 'for', 'the', 'Display', 'Manager', '.']","[0, 1, 0, 0, 0, 0, 0, 0, 0, 0, 0, 0, 0, 0, 0]"
"['the', 'upper', 'level', '(', 'user', '-', 'interface', 'and', ')', 'it', 'should', 'not', 'storage', 'subsystem', '.']","[0, 0, 0, 0, 0, 0, 0, 0, 0, 0, 0, 0, 2, 2, 0]"
"['the', 'use', 'learn', 'to', ',', ',', 'with', 'customer', 'prompt', 'shall', 'system']","[0, 0, 0, 0, 0, 0, 0, 1, 0, 0, 0]"
"['once', ')', 'M', '(', '5a.', 'in', 'call', 'Appendix']","[0, 0, 0, 0, 0, 0, 1, 0]"
"['location', '=', 'that', 'of', 'unit', 'of', 'number', 'item', 'select', 'item', 'the', 'unit', 'single', 'a', 'of']","[0, 0, 0, 0, 0, 0, 0, 1, 0, 1, 0, 0, 0, 0, 0]"
"['this', 'section', 'do', 'not', 'state', 'that', 'specific', ',', 'it', 'only', 'make', 'these', 'requirement', 'easy', 'understand', '.']","[0, 0, 0, 0, 0, 0, 0, 0, 0, 0, 0, 0, 0, 0, 0, 0]"
"['Definition', '.', 'observer', ""'"", 'site', 'the', 'to', 'evident', 'become', 'queue', 'the', 'of', 'existence', 'on', 'night', 'assistant', ""'"", 'm', '8', 'Gemini', 'the', 'on', 'implement', 'operation', 'the', 'on']","[0, 0, 2, 0, 2, 0, 0, 0, 0, 1, 0, 0, 0, 1, 1, 2, 0, 0, 0, 0, 0, 0, 0, 0, 0, 0]"
"['travel', '.', 'another', 'to', 'country', 'one', 'from', 'plant', 'or', 'animal', 'of', 'shipment', 'the', 'as', 'well', 'activity', 'vehicle', 'the', 'describe', 'when', 'indicate', 'to', 'information', 'specific', 'provide', 'history']","[1, 0, 0, 0, 1, 0, 0, 2, 2, 2, 2, 1, 0, 0, 0, 2, 1, 0, 0, 0, 0, 0, 0, 0, 0, 2]"
"['access', '.', 'd.planne', ';', 'level', 'operation', 'at', 'when', 'Gemini', 'sequencer', 'science', 'the', 'and', 'Operator', 'Telescope', 'the', 'to', 'only', 'available', 'normally', 'program', 'and', 'system', 'provide', 'of', 'capability', 'telescope', 'virtual', 'the', 'but', ',', 'mode', 'this', 'in', 'be', 'permit', 'be', 'telescope', 'the', 'to', 'access']","[0, 0, 0, 0, 0, 0, 0, 0, 0, 0, 0, 0, 0, 0, 0, 0, 0, 0, 0, 0, 0, 0, 0, 0, 0, 0, 0, 0, 0, 0, 0, 0, 0, 0, 0, 0, 0, 0, 0, 0, 0]"
"['the', 'themas', 'system', 'shall', 'compare', 'the', 'processing', 'report', 'value', 'to', 'the', 'temperature', 'setting', 'and', 'detect', 'when', 'the', 'temperature', 'value', 'exceed', 'the', 'temperature', 'specify', 'subsequent', 'output', 'limit', 'set', 'by', 'the', 'overtemperature', 'value', '.']","[0, 0, 1, 0, 0, 0, 0, 0, 0, 0, 0, 3, 4, 0, 0, 0, 0, 3, 4, 0, 0, 3, 0, 0, 0, 0, 0, 0, 0, 3, 4, 0]"
"['in', 'general', 'such', 'use', 'that', 'here', 'from', 'be']","[0, 0, 0, 0, 0, 0, 0, 0]"
"['independently', 'synchronization', 'an', 'need', 'a', '.']","[0, 0, 0, 0, 0, 0]"
"['for', '.', 'site', 'remote', 'speciﬁc', 'to', 'operation', 'speciﬁc', 'restrict', 'to', 'possible', 'be', 'must', 'it', 'support', 'or', ',', 'avoid', 'mean', 'not', 'do', ',', 'context', 'this', 'in', 'mean', 'remote', 'as', 'observe']","[0, 0, 0, 0, 0, 0, 0, 0, 0, 0, 0, 0, 0, 0, 0, 0, 0, 0, 0, 0, 0, 0, 0, 0, 0, 0, 0, 0, 0]"
"['such', 'a', 'mode', 'be', 'require', 'for', 'use', 'where', ':', '(', 'the', 'without', 'area', 'local', 'a', 'direct', 'communication', 'mode', 'whereby', 'a', 'mobile', 'i', 'can', 'with', 'all', 'other', 'railway', 'mobile', 'in', 'a', 'communicate', '.', ')', 'GSM', '(', 'i', ')', '1', '.']","[0, 0, 3, 0, 0, 0, 0, 0, 0, 0, 0, 0, 2, 1, 0, 0, 0, 0, 0, 0, 1, 0, 0, 0, 0, 0, 1, 2, 0, 0, 0, 0, 0, 1, 0, 0, 0, 0, 0]"
"['vocabulary', 'risk', 'exposure', 'patient', 'receive', 'countermeasure', '.']","[1, 0, 0, 4, 4, 4, 0]"
"['Speciﬁc', 'requirement', 'be', ':', 'measurable', ',', 'realistic', 'reliability', 'need', ';', 'performance', 'criterion', 'for', 'the', '.', 'error']","[0, 0, 0, 0, 0, 0, 0, 0, 0, 0, 0, 0, 0, 0, 0, 0]"
"['there', 'might', ',', 'however', ',', 'be', 'case', '(', 'for', 'example', ',', 'infrared', 'detector', ')', 'where', 'fast', '.', 'Standards']","[0, 0, 0, 0, 0, 0, 0, 0, 0, 0, 0, 1, 2, 0, 0, 0, 0, 0]"
"['it', '.', 'execution', 'later', 'for', 'queue', 'a', 'to', 'interface', 'User', 'the', 'via', 'submit', 'be', 'will', 'complicated', 'very', 'with', 'be', 'can', 'unit', 'faulty', 'a', 'if', 'see', 'to', 'declare', 'e.g.', 'unit', 'such', 'on', 'perform', 'test', 'of', 'result', 'the', '(', 'as', 'operational', 'again', ':', 'staff', 'be', 'maintenance', 'and', 'development', 'Software']","[0, 0, 0, 0, 0, 1, 0, 0, 0, 0, 0, 0, 0, 0, 0, 0, 0, 0, 0, 0, 1, 0, 0, 0, 0, 0, 0, 0, 1, 0, 0, 0, 0, 0, 0, 0, 0, 0, 0, 0, 0, 0, 0, 0, 0, 0, 0]"
"['it', 'be', 'explicitly', 'hz', 'quite', 'at', 'log', 'instrument', 'information', 'for', 'monitoring', 'or', 'other', 'use', 'make', 'a', 'signiﬁcant', 'contribution', 'to', 'the', 'control', 'ﬂow', ',', 'and', 'may', 'be', 'require', 'and', 'that', 'such', 'm', 'Telescopes', ',', 'subject', 'only', 'to', 'restriction', 'with', '8', 'respect', 'update', '.']","[0, 0, 0, 0, 0, 0, 0, 4, 4, 0, 0, 0, 0, 0, 0, 0, 0, 0, 0, 0, 0, 0, 0, 0, 0, 0, 0, 4, 0, 0, 0, 0, 0, 0, 0, 0, 0, 0, 0, 0, 0, 0]"
"['the', 'experience', 'of', 'and', 'Motif', ';', 'technique', 'environment', '.']","[0, 0, 0, 0, 0, 0, 0, 0, 0]"
"['when', 'the', 'traction', 'unit', 'be', 'stationary', 'brake', 'emergency']","[0, 0, 1, 2, 0, 3, 2, 1]"
"['all', 'for', 'the', 'to', 'switch', 'as', 'telescope', 'control', 'computer', '.']","[0, 0, 0, 0, 0, 0, 0, 0, 0, 0]"
"['a', 'fddi', 'system', 'be', 'recommend', 'for', 'the', 'requirement', ';', 'later', 'decide', 'least', 'for', 'the', 'development', 'system', '.']","[0, 0, 0, 0, 0, 0, 0, 0, 0, 0, 0, 0, 0, 0, 1, 2, 0]"
"['message', 'component', 'should', 'be', 'group', 'by', 'observation', 'type', '(', 'e.g.', ',', 'laboratory', ',', 'symptom', ',', 'specific', 'describe', 'datum', 'therefore', 'standard', 'and', 'customize', 'field', 'because', 'system', 'support', 'OM', 'be', 'configurable', 'to', 'meet', 'the', 'individual', 'need', 'of', 'each', 'event', 'and', 'collect', 'requirement', 'that', 'span', 'hazmat', 'team', ',', 'public', 'work', 'facility', ',', 'intelligence', 'organization', ',', 'the', 'medium', ',', 'and', 'the', 'public', ')', 'should', 'be', ',', 'clearly', 'FEMA', 'organization', 'www.cdc.gov/phin', '.']","[1, 2, 0, 0, 0, 0, 3, 4, 0, 0, 0, 0, 0, 0, 0, 0, 0, 3, 0, 3, 4, 4, 4, 0, 1, 0, 0, 0, 0, 0, 0, 0, 0, 0, 0, 0, 1, 0, 0, 2, 0, 0, 0, 0, 0, 0, 0, 0, 0, 0, 0, 0, 0, 0, 0, 0, 0, 0, 0, 0, 0, 0, 0, 0, 0, 0, 0]"
"['to', 'ensure', 'interoperability', ',', 'this', 'registry', 'provide', 'a', 'baseline', 'set', 'of', 'tag', 'develop', 'through', 'coordination', 'approval', 'to', 'requirement']","[0, 0, 0, 0, 0, 1, 0, 0, 0, 0, 0, 1, 0, 0, 0, 0, 0, 0]"
"['these', '.', 'instrument', 'available', 'currently', 'the', 'with', 'possible', 'be', 'that', 'observing', ',', 'reference', ',', 'engineering', 'observe', 'of', 'interleaving', 'the', 'for', 'allow', ',', 'scheduler', 'a', 'via', 'and', 'manually', 'both', ',', 'scheduling', 'ﬂexible', 'the', 'support', 'to', 'program', 'of', 'in', 'manner', ',', 'environmental', ',', 'science', 'of', 'collection', 'the', 'manage', 'include']","[0, 0, 1, 0, 0, 0, 0, 0, 0, 0, 0, 0, 0, 0, 0, 1, 0, 0, 0, 0, 0, 0, 0, 0, 0, 0, 0, 0, 0, 0, 0, 0, 0, 0, 2, 0, 0, 0, 0, 0, 0, 0, 0, 0, 0, 0, 0]"
"['the', 'network', 'service', 'necessary', 'to', 'meet', 'the', 'range', 'of', 'UIC', 'requirement', 'be', 'detail', '(', 'A.', 'appendix', 'in', ',', 'shunt', 'mode', 'and', 'direct', 'mode', '.', 'emergency']","[0, 0, 0, 0, 0, 0, 0, 0, 0, 0, 0, 0, 0, 0, 0, 0, 0, 0, 0, 0, 0, 0, 0, 0, 0]"
"['cost', 'of', 'of', 'quantity', '=', 'maximum', ';', '1', '=', 'default', 'unit', ';', 'be', 'customer', 'the', 'that', 'item', 'select', 'each', 'order', '=', 'price', 'shipping', 'item', 'select', 'the', 'of', 'unit', 'single', 'a', ';', 'of', '=']","[0, 0, 0, 0, 0, 0, 0, 0, 0, 0, 0, 0, 0, 1, 0, 0, 1, 0, 0, 0, 0, 4, 3, 1, 0, 0, 0, 0, 0, 0, 0, 0, 0]"
"['synchronous', '.', '150ms', ',', 'namely', 'the', 'use', 'of', 'the', 'synchronous', 'authority', 'handover', 'to', 'reduce', 'the', 'break', 'period', 'to', 'about', 'capability', 'can', 'decide', 'whether', 'of', 'a', 'call']","[1, 0, 0, 0, 0, 0, 0, 0, 0, 0, 1, 0, 0, 0, 0, 0, 0, 0, 0, 0, 0, 0, 0, 0, 0, 1]"
"['Project', 'Code', '(', '2', 'Digit', ')', 'Example', ':', 'p001', ';', 'Group', 'Batch', '(', '.', '3', ')', 'each', 'group', 'batch', 'have', 'a', 'batch', 'of', '100', 'Batches', 'Example', ':', 'gp0001', 'Digit', 'code', 'security', '–', 'sub', '-', 'element', 'to', 'get', 'the', 'batch', 'number', ',', 'voucher', 'number', ',', 'and', 'the', 'project', 'code', '.']","[3, 4, 0, 0, 0, 0, 0, 0, 0, 0, 3, 4, 0, 0, 0, 0, 0, 1, 2, 0, 0, 1, 0, 0, 1, 0, 0, 0, 0, 4, 3, 0, 0, 0, 0, 0, 0, 0, 3, 4, 0, 3, 4, 0, 0, 0, 3, 4, 0]"
"['detailed', 'requirement', 'speciﬁcation', 'the', 'subsystem', 'be', 'find', 'in', 'the', 'individual', 'chapter', 'for', 'level', '-', 'high', 'the', '[', 'SMP', ']', '.']","[0, 0, 0, 0, 1, 0, 0, 0, 0, 0, 0, 0, 0, 0, 0, 0, 0, 0, 0, 0]"
"['Menu', '.', 'game', 'a', 'previous', 'a']","[0, 0, 0, 0, 0, 0]"
"['Most', 'OPI', 'tool', 'do', 'not', 'and']","[0, 0, 0, 0, 0, 0]"
"['the', ""'"", 'route', ""'"", 'may', 'be', 'a', 'speciﬁc', 'subsystem', ',', 'channel', ',', 'or', 'the', '-', 'base', '.', 'indicate', 'route', '.']","[0, 0, 1, 0, 0, 0, 0, 0, 1, 0, 1, 0, 0, 0, 4, 4, 0, 0, 1, 0]"
"['the', 'ip', 'auto', 'shall', 'system']","[0, 0, 0, 0, 0]"
"['this', '.', 'set', 'and', 'the', 'the', 'movement', 'previous', 'the', 'of', 'number', 'the', ',', 'position', 'previous', '10000', 'last', 'their', ',', 'block', 'the', 'of', 'position', 'current', 'the', ':', 'game', 'the', 'time', 'pass', 'by', 'the', ':', 'the', 'line', 'open', 'be', 'box', 'dialog']","[0, 0, 0, 0, 0, 0, 4, 4, 4, 4, 3, 0, 0, 0, 0, 0, 0, 0, 0, 1, 0, 0, 4, 3, 0, 0, 1, 0, 0, 0, 0, 0, 0, 0, 0, 0, 0, 0, 0]"
"['the', 'Source', 'and', 'Target', 'ﬁeld', 'the', 'indicate', 'originator', 'and', 'the', 'recipient', 'for', 'the', 'command', ',', 'the', 'to', 'analogous', 'technique', 'monotonically', 'increase', 'and', 'function', 'as', 'a', 'timestamp', 'for', 'journalle', 'and', 'tracing', '.']","[0, 0, 0, 0, 0, 0, 0, 0, 0, 0, 0, 0, 0, 1, 0, 0, 0, 0, 0, 0, 0, 0, 0, 0, 0, 0, 0, 0, 0, 0, 0]"
"['if', 'the', 'maximum', 'the', 'generate', 'of', 'the', 'both', 'type', 'of', 'datum', '.']","[0, 0, 3, 0, 0, 0, 0, 0, 0, 0, 0, 0]"
"['this', 'allow', 'new', 'record', 'to', 'however', ',', 'have', 'Database', 'design', 'technique', ';', 'SNC', 'programming', ';', 'Use', 'EPICS', 'of', 'epics', 'OPI', 'tool', ';', 'basic', 'knowledge', 'of', 'UNIX', 'standard', ';', 'electronic', 'o', '.']","[0, 0, 0, 1, 0, 0, 0, 0, 0, 0, 0, 0, 0, 0, 0, 0, 0, 0, 0, 0, 0, 0, 0, 0, 0, 0, 0, 0, 0, 0, 0]"
"['the', 'status', 'level', 'be', 'developmental', ',', 'candidate', ',', 'approve', ',', 'reject', ',', 'and', 'retire']","[0, 1, 2, 0, 1, 0, 1, 0, 1, 0, 1, 0, 0, 1]"
"['the', 'initialize', 'system', 'function', 'receive', 'the', 'initialization', 'datum', 'for', 'the', 'THEMAS', 'system', ',', '.', 'process', 'that', 'be', 'associate', 'with', 'it', 'be', ':', 'load', 'heating', '/', 'cool', 'unit']","[0, 1, 2, 2, 0, 0, 3, 4, 0, 0, 0, 0, 0, 0, 0, 0, 0, 0, 0, 0, 0, 0, 0, 3, 4, 4, 4]"
"['system', '.', 'countermeasure', 'the', 'administer', 'that', 'as', 'identify', 'be', 'as', 'identify', 'be', 'requirement']","[1, 0, 1, 0, 0, 0, 0, 0, 0, 0, 0, 0, 0]"
"['SQL', '.', 'Yoggie', 'by', 'provide', 'be', 'diver', 'and', 'interface', 'Corporation']","[0, 0, 0, 0, 0, 0, 0, 0, 0, 0]"
"['MSIU', '.', 'Description', 'Reason', ';', 'Code', 'Reason', ';', 'Master', 'Reason', 'Rejection', '/', 'Quarantine']","[3, 0, 4, 3, 0, 4, 3, 0, 4, 4, 3, 0, 4]"
"['control', 'datum', 'and', 'astronomical', 'datum', 'have', 'already', 'network', 'be', 'in', 'the', 'Data', 'speciﬁcation', '(', 'see', 'section', '3.1', 'deﬁne', 'level', 'high', 'and', 'case', '.']","[0, 0, 0, 0, 0, 0, 0, 0, 0, 0, 0, 0, 0, 0, 0, 0, 0, 0, 0, 0, 0, 0, 0]"
"['a', 'baseline', 'system', 'be', 'include', 'as', 'part', 'of', 'the', '.']","[0, 1, 2, 0, 0, 0, 0, 0, 0, 0]"
"['copy', 'of', 'other', 'specification', 'may', 'be', 'obtain', 'from', 'Barry', 'Scott', 'Institute', ',', 'project', 'Manager', '.']","[0, 0, 0, 0, 0, 0, 0, 0, 0, 0, 0, 0, 0, 0, 0]"
"['each', 'IOC', 'provide', 'a', 'network', 'provide', 'access']","[0, 1, 0, 0, 0, 0, 0]"
"['although', 'there', 'be', 'device', 'presently', 'large', 'amount', 'of', 'activity', 'in', 'the', 'enhancement', 'of', 'a', 'new', 'and', 'type', 's', 'to', 'interface', 'to', 'the', 'standard', 'CA', 'library', '.']","[0, 0, 0, 0, 0, 0, 0, 0, 0, 0, 0, 0, 0, 0, 0, 0, 0, 0, 0, 0, 0, 0, 0, 0, 0, 0]"
"['the', 'requirement', 'provide', 'in', 'this', 'section', 'be', 'augment', 'by', 'those', 'provide', 'in', 'later', 'section', 'equipment', 'mobile', 'EIRENE', 'all', 'request', 'procedure', '.']","[0, 0, 0, 0, 0, 0, 0, 0, 0, 0, 0, 0, 0, 0, 2, 1, 0, 0, 2, 2, 0]"
"['a', '.', 'standardization', 'and', ',', 'validity', ',', 'integrity', 'datum', 'ensure', 'to', 'field', 'and', 'form', 'common', 'that', 'datum', 'mapping', 'of', 'support', 'should', 'OM', 'support']","[0, 0, 0, 0, 0, 0, 0, 0, 0, 0, 0, 0, 0, 0, 0, 0, 0, 0, 0, 0, 0, 0, 0]"
"['it', 'act', 'as', 'a', 'ﬁrewall', '.']","[0, 0, 0, 0, 0, 0]"
"['as', ',', 'which', 'the', 'of', 'that', 'the', 'train', 'be', 'in', '.']","[0, 0, 0, 0, 0, 0, 0, 1, 0, 0, 0]"
"['the', '.', 'specify', 'as', 'background', 'and', 'scheme', 'color', 'same', 'the', 'use', 'page', 'help', 'the', 'each', 'the', 'in', 'logo', 'in', 'provide', 'link', 'hypertext', 'correspond', 'a', 'select', 'by', 'topic', 'help', 'the', 'of', 'each', 'through', 'navigate', 'the', 'left', 'frame', 'of', ']', 'name', 'company', '[', 'the', 'display', 'shall', 'shall', 'system', '.', 'window', 'help', 'up', '-', 'pop', 'the']","[0, 0, 0, 0, 3, 0, 4, 3, 0, 0, 0, 2, 1, 0, 0, 0, 0, 0, 0, 0, 2, 1, 0, 0, 0, 0, 2, 1, 0, 0, 0, 0, 0, 0, 0, 0, 0, 0, 0, 0, 0, 0, 0, 0, 0, 1, 0, 2, 2, 2, 2, 1, 0]"
"['the', 'get', ';', 'place', '=', 'location', ';', 'YYYY', '/', 'DD', 'where', '/', 'format', ';', 'ship', 'be', 'order', 'specify', 'the', 'MM', 'when', 'the', 'be', '.', ')', 'shelf', ',', 'column', ',', 'aisle', 'item', '(', 'form', 'the', 'in', 'warehouse', 'the', 'in', 'keep', 'of']","[0, 0, 0, 0, 0, 1, 0, 0, 0, 0, 0, 0, 0, 0, 0, 0, 1, 0, 0, 0, 0, 0, 0, 0, 0, 3, 0, 3, 0, 3, 1, 0, 0, 0, 0, 0, 0, 0, 0, 0]"
"['finally', '.', 'customer', 'the', 'writer', 'for', 'be', 'be', 'requirement', 'the', 'ensure', 'to', 'this', 'meet', 'will', 'use', 'this', 'end', 'to', 'begin', 'from', 'review', 'be', 'to', 'design', 'be', 'document']","[0, 0, 0, 0, 0, 0, 0, 0, 0, 0, 0, 0, 0, 0, 0, 0, 0, 0, 0, 0, 0, 0, 0, 0, 0, 0, 0]"
"['this', 'be', 'the', 'should', 'make', 'any']","[0, 0, 0, 0, 0, 0]"
"['all', 'that', 'will', 'occur', 'during', '[', 'system', 'name', ']', 're', '-', 'scope', 'writing', ',', 'which', 'be', 'part', 'of', 'the', 'xxx', 'Enhancements', 'project', '.', 'effort', 'and', 'will', 'not', 'be', 'limit', 'in', 'scope', 'to', 'the', 'enhancement', 'and', 'defect', 'that', 'project', 'be', 'in', 'the', 'severity', 'level', 'that', 'be', 'the', 'issue', 'that', 'cause', 'critical', 'functionality']","[0, 0, 0, 0, 0, 0, 0, 0, 0, 0, 0, 0, 0, 0, 0, 0, 0, 0, 0, 0, 0, 0, 0, 0, 0, 0, 0, 0, 0, 0, 0, 0, 0, 0, 0, 0, 0, 0, 0, 0, 0, 0, 0, 0, 0, 0, 0, 0, 0, 0, 0]"
"['the', 'follow', 'table', 'depict', 'the', 'mapping', 'of', 'the', 'requirement', 'in', 'section', '3', 'to', 'their', 'DII', 'corresponding', 'with', 'in', 'responsible', 'for', 'distribution', 'of', 'the', 'XS', 'product', 'to', 'system', 'developer', '.']","[0, 0, 0, 0, 0, 0, 0, 0, 0, 0, 0, 0, 0, 0, 0, 0, 0, 0, 0, 0, 0, 0, 0, 0, 0, 0, 1, 2, 0]"
"['it', 'allow', 'a', 'certain', 'number', 'of', 'embed', 'test', ',', 'normally', 'at', 'a', 'fairly', 'high', 'level']","[0, 0, 0, 0, 0, 0, 0, 0, 0, 0, 0, 0, 0, 0, 0]"
"['this', '.', 'support', 'be', 'not', 'will', ')', 'scan', 'visitor', 'Gemini', 'instrument', ',', 'live', '-', 'long', 'and', 'stable', 'be', 'interface', 'instrument', ',', 'visitor', 'that', 'important', 'be']","[0, 0, 0, 0, 0, 0, 0, 0, 1, 0, 0, 0, 0, 0, 0, 0, 0, 0, 2, 2, 0, 1, 0, 0, 0]"
"['ETCS', 'shall', 'provide', 'the', 'driver', 'with', 'information', 'movement', '.']","[1, 0, 0, 0, 1, 0, 0, 2, 0]"
"['these', 'take', '.', 'Steven']","[0, 0, 0, 0]"
"['these', 'command', 'be', 'to', 'permit', 'appropriate', 'time', 'synchronization', '.']","[0, 0, 0, 0, 0, 0, 0, 0, 0]"
"['temperature', 'that', 'do', 'not', 'exceed', 'these', 'limit', 'shall', 'be', 'be', 'the', 'limit']","[3, 0, 0, 0, 0, 0, 3, 0, 0, 0, 0, 3]"
"['in', 'particular', ',', 'datum', 'acquisition', 'take', 'precedence', 'over', 'near', '-', 'line', 'datum', 'reduction', '.', '-', 'program', 'the', 'calibration', 'and', 'auxiliary', 'instrumentation', '.']","[0, 0, 0, 0, 0, 0, 0, 0, 0, 0, 0, 0, 0, 0, 0, 2, 0, 0, 0, 1, 2, 0]"
"['not', '.', 'support', 'Qt', 'that', 'system', 'operating', 'the', 'all', 'with', 'run', 'must']","[0, 0, 0, 0, 0, 0, 0, 0, 0, 0, 0, 0]"
"['the', 'datum', 'file', 'to', 'determine', 'which', 'heating', 'and', 'cool', 'unit', 'be', 'part', 'of', 'the', 'initialization', 'THEMAS', '.']","[0, 2, 2, 0, 0, 0, 1, 2, 2, 2, 0, 0, 0, 0, 1, 0, 0]"
"['these', 'identifier', 'shall', 'be', 'read', 'from', 'thermostat', 'at', 'each', 'thermostat', 't', 'he', 'heat', 'and', 'cool', 'unit', 'that', 'be', 'define', 'as', 'part', 'of', 'the', 'control', 'THEMAS', '.']","[0, 3, 0, 0, 0, 0, 1, 0, 0, 1, 1, 2, 2, 2, 2, 2, 0, 0, 0, 0, 0, 0, 0, 0, 0, 0]"
"['text', ';', '13', '.']","[0, 0, 0, 0]"
"['the', 'tunnel', ')', 'where', 'speed', 'increase', 'be', 'e.g.', 'relate', 'the', 'front', 'of', 'the', 'train', '.', 'to', '(', 'location', 'certain', 'train', 'shall', 'respect', 'the', 'static', 'train', 'speed', 'profile', '.']","[0, 0, 0, 0, 0, 0, 0, 0, 0, 0, 0, 0, 0, 1, 0, 0, 0, 1, 0, 1, 0, 0, 0, 1, 2, 2, 2, 0]"
"['if', 'all', 'could', 'the']","[0, 0, 0, 0]"
"['in', 'support', 'diagnostic', 'for', 'access', 'remote', 'also', 'but', 'observe', '.', 'observe', '.']","[0, 0, 0, 0, 0, 0, 0, 0, 0, 0, 0, 0]"
"['the', '.', 'cart', 'shopping', 'the', 'will', 'into', 'add', 'to', 'able', 'be', 'also', 'will', 'customer', 'product', '3.1.2', 'clearly', 'the', 'will', 'customer']","[0, 0, 2, 1, 0, 0, 0, 0, 0, 0, 0, 0, 0, 1, 1, 0, 0, 0, 0, 1]"
"['if', 'the', 'fail', 'necessary', 'information', 'be', '.']","[0, 0, 0, 0, 3, 0, 0]"
"['the', 'implementation', 'within', 'the', 'be', 'host', 'be', 'TBD', '.']","[0, 0, 0, 0, 0, 0, 0, 0, 0]"
"['raid', 'have', 'the', 'same', 'advantage', 'by', 'as', 'and', 'main', 'of']","[0, 0, 0, 0, 0, 0, 0, 0, 0, 0]"
"['(', '/', 'minute', '.', 'photochemically', 'when', 'expose', 'to', 'solar', 'radiation', 'of', 'up', 'to', '1200', 'W', '/', 'm2', '.']","[0, 0, 0, 0, 0, 0, 0, 0, 3, 4, 0, 0, 0, 0, 0, 0, 0, 0]"
"['it', 'be', 'the', 'GNU', 'cc', 'compiler', 'as', 'Project', 'use', 'be', 'to', 'IOC', 'software', 'be', 'to', 'be', 'develop', 'on', 'Unix', 'workstation', 'in', 'a', 'windowed', 'development', 'environment', ';', 'the', 'cross', '-', 'compiler', 'furnish', 'all', 'with', ';', '.']","[0, 0, 0, 0, 0, 0, 0, 0, 0, 0, 0, 0, 0, 0, 0, 0, 0, 0, 0, 0, 0, 0, 0, 0, 0, 0, 0, 0, 0, 0, 0, 0, 0, 0, 0]"
"['the', 'applicable', 'requirement', 'state', 'in', 'ETCS', 'SRS', 'and', 'low', 'implement', 'be', 'this', 'in', 'shall', 'be', 'respect', '.']","[0, 0, 0, 0, 0, 0, 0, 0, 0, 0, 0, 0, 0, 0, 0, 0, 0]"
"['the', 'System', 'be', 'consider', 'to', 'be', 'period', 'down', 'any', 'user', 'be', 'unable', 'to', 'perform', 'any', 'normal', 'if', 'system', 'month', 'roll', 'year', '>', '.']","[0, 0, 0, 0, 0, 0, 0, 0, 0, 1, 0, 0, 0, 0, 0, 0, 0, 0, 0, 0, 0, 0, 0]"
"['Yoggie', '.', 'connection', 'internet', 'an', 'via', 'coordinate', '.', 'order', 'shipping', 'mode', 'debug', 'under', 'run', 'to', 'able', 'be', '.', 'should']","[0, 0, 0, 0, 0, 0, 0, 0, 1, 0, 0, 0, 0, 0, 0, 0, 0, 0, 0]"
"['the', '.', 'time', 'all', 'at', 'location', 'all', 'have', 'of', 'apart', 'the', 'the', 'ensure', 'for', 'responsible', 'be', 'person']","[0, 0, 0, 0, 0, 1, 0, 0, 0, 0, 0, 0, 0, 0, 0, 0, 0]"
"['the', 'diagnosis', '’s', 'system', 'a', 'failure', '.']","[0, 0, 0, 0, 0, 0, 0]"
"['it', 'shall', 'be', 'possible', 'to', 'text', 'be', 'shall', 'driver', 'breaker', 'shall', 'be', 'provide', 'separately', 'and', 'circuit', 'in', '.']","[0, 0, 0, 0, 0, 2, 0, 0, 1, 4, 0, 0, 0, 0, 0, 3, 0, 0]"
"['Administrator', '.', 'the', 'user']","[0, 0, 0, 1]"
"['stop', 'if', 'he', 'want', 'to', ',', 'select', 'be', '""', 'yes', '""']","[0, 0, 0, 0, 0, 0, 0, 0, 0, 0, 0]"
"['(', 'DTMF', 'the', 'mobile', '(', 'be', ':', '1', ')', 'GSM', '-', 'MT', 'air', 'interface', ':', 'mandatory', 'for', 'interoperability', 'and', 'conformant']","[0, 1, 0, 1, 0, 0, 0, 0, 0, 1, 2, 2, 2, 2, 0, 0, 0, 0, 0, 0]"
"['on', 'capture', 'of', 'any', 'duplicate', 'name', 'the', 'system', 'will', 'give', 'a', 'warning', 'message', '.', 'to', 'the', 'duplicate', 'name', 'or', 'to', 'change', 'the', 'name', '.']","[0, 0, 0, 0, 0, 1, 0, 1, 0, 0, 0, 0, 0, 0, 0, 0, 0, 3, 0, 0, 0, 0, 3, 0]"
"['the', 'as', 'specify', 'in', 'Appendix', 'B.']","[0, 0, 0, 0, 0, 0]"
"['none', '.', 'disappear', 'window', 'main', 'the', ',', 'select', 'be', '""', '""', '""']","[0, 0, 0, 0, 0, 0, 0, 0, 0, 0, 0, 0]"
"['this', 'help', 'reduce', 'life', '-', 'cycle', 'give', 'cost', 'maintenance', 'effort', '.']","[0, 0, 0, 0, 0, 0, 0, 0, 0, 0, 0]"
"['(', 'UUS1', 'use', 'network', 'the', 'to', 'pass', 'be', 'initiate', 'shall', 'functional', '’s', 'driver', 'call', 'the', ')', 'M', 'number', 'shall', 'radio', 'the', 'interface', 'these', 'on', 'give', 'be', 'requirement']","[0, 0, 0, 1, 0, 0, 0, 0, 0, 0, 3, 0, 1, 3, 0, 0, 0, 4, 0, 1, 0, 0, 0, 0, 0, 0, 0]"
"['from', 'outside', 'the', 'through', 'embed', 'this', 'to', 'require', 'download', ',', 'except', 'possibly', 'for', 'upgrade', ',', 'typically', 'be', 'place', 'into', 'ROM', 'or', 'flash', 'memory', '.']","[0, 0, 0, 0, 0, 0, 0, 0, 0, 0, 0, 0, 0, 0, 0, 0, 0, 0, 0, 0, 0, 0, 0, 0]"
"['the', '.', 'level', 'c.test', 'level', ';', ')', 'observing', '-', 'non', '(', 'daylight', 'during', 'level', 'maintenance', 'at', 'hour', 'be', 'operation', 'use', 'during', 'particularly', 'but', ',', 'level', 'any']","[0, 0, 0, 0, 0, 0, 0, 0, 0, 0, 0, 0, 0, 0, 0, 0, 0, 0, 0, 0, 0, 0, 0, 0, 1, 0]"
"['(', 'M', ')']","[0, 0, 0]"
"['the', 'ETCS', 'supply', 'trainborne', 'shall', 'indicate', 'on', 'the', 'DMI', 'the', 'equipment', 'power', 'and', 'pantograph', 'or', 'stationary', '.']","[0, 1, 4, 2, 0, 0, 0, 0, 1, 0, 2, 3, 0, 3, 0, 3, 0]"
"['due', '.', 'record', 'permanent', ""'s"", 'observation', 'an', 'of', '(', 'system', 'archiving', 'system', 'should']","[0, 0, 4, 3, 0, 1, 0, 0, 0, 1, 0, 2, 0]"
"['however', '.', 'system', 'the', 'of', 'transparency', 'perceive', 'the', 'determine', 'will', 'link', 'the', 'of', 'of', 'to', 'bandwidth', 'sufﬁcient', 'should']","[0, 0, 0, 0, 0, 0, 0, 0, 0, 0, 0, 0, 0, 0, 0, 0, 0, 0]"
"['for', 'each', 'after', 'system', 'in', 'card', 'credit', ""'"", '.', 'exist', 'validate', 'shall', 'system', 'the', ',', 'customer', 'return', ""'"", 'system', 'the']","[0, 0, 0, 0, 0, 0, 0, 0, 0, 0, 0, 0, 0, 0, 0, 1, 0, 0, 0, 0]"
"['Syndrome', '.', 'measure', 'other', 'visit', 'First', ';', 'drug', 'follow', 'visit', ';', 'Test', 'Lab', ';', 'Diagnosis', 'visit', 'First', ';', 'Examinations', 'Clinical', 'First', 'up', 'diagnosis', ';', 'Patter', 'MSI', 'follow', 'should', 'VSP']","[3, 0, 4, 4, 4, 3, 0, 4, 4, 4, 0, 4, 3, 0, 4, 4, 3, 0, 4, 4, 3, 4, 4, 0, 0, 0, 0, 0, 1]"
"['these', 'shall', 'automatically', 'exercise', 'all', 'subsystem', 'present', 'in', '.', 'test', '-', 'self', 'on', '-', 'line', 'test', 'procedure', '.']","[0, 0, 0, 0, 0, 1, 0, 0, 0, 0, 0, 0, 0, 0, 0, 0, 0, 0]"
"['a', 'reliability', 'program', 'be', 'part', 'of', 'the', 'provide', 'by', 'Glen', 'Heriot', 'condition', '""', 'or', '""', 'the', 'probability', 'that', 'an', 'item', 'can', 'perform', 'its', 'intended', 'function', 'for', 'a', 'speciﬁed', 'interval', 'under', 'state', 'Safety', 'under', 'free', 'of', 'the', 'Canadian', 'Gemini', 'Project', 'Ofﬁce', '.']","[0, 0, 0, 0, 0, 0, 0, 0, 0, 0, 0, 0, 0, 0, 0, 0, 0, 0, 0, 0, 0, 0, 0, 0, 0, 0, 0, 0, 0, 0, 0, 3, 0, 0, 0, 0, 0, 0, 0, 0, 0]"
"['the', 'determine', 'utilization', 'change', 'function', 'the', 'heating', '/', 'cool', 'request', 'and', 'utilization', 'parameter', '.']","[0, 1, 2, 0, 2, 0, 1, 2, 2, 2, 0, 3, 4, 0]"
"['the', 'above', 'be', 'the', 'master', 'part', 'Code', 'information', 'below', 'be', 'the', 'transaction', 'part', 'information', '.']","[0, 0, 0, 0, 0, 0, 4, 0, 0, 0, 0, 0, 0, 0, 0]"
"['train', 'a', 'management', 'system', 'or', 'from', 'train', 'memory', 'railway', '.', 'stationary', 'when', 'DMI', '.']","[3, 0, 2, 2, 0, 0, 1, 2, 1, 0, 3, 0, 1, 0]"
"['the', 'supervisor', 'shall', 'be', 'able', 'available', 'Microsoft', 'of', 'of', 'Access', '®', 'database', 'that', 'shall', 'reside', 'on', 'the', 'supervisor', '’s', 'computer', '.']","[0, 1, 0, 0, 0, 0, 0, 0, 0, 0, 0, 0, 0, 0, 0, 0, 0, 0, 0, 0, 0]"
"['[', 'it', 'en', '515', ',', 'Index', '[', '4', ']', '&', '301', 'the', 'receive', '3', 'the', 'discomfort', 'cause', 'by', 'the', 'DTMF', 'tone', 'add', 'in', 'the', 'voice', 'channel', ',', 'the', 'duration', 'minimise', 'to', 'order', 'in', '-', 'digit', 'sequence', '""', '*', '*', '*', 'the', '""', 'via', 'dtmf', 'signal', '.']","[0, 0, 0, 0, 0, 0, 0, 0, 0, 0, 0, 0, 0, 3, 0, 0, 0, 0, 0, 1, 2, 0, 0, 0, 1, 2, 0, 0, 3, 0, 0, 0, 0, 4, 4, 4, 0, 0, 0, 0, 0, 0, 0, 1, 2, 0]"
"['the', '.', 'movement', '""', 'movement', 'Block', '""', 'the', 'during', 'movement']","[0, 0, 1, 0, 0, 0, 0, 0, 0, 0]"
"['near', '-', 'line', 'processing', 'should', 'be', 'available', 'for', 'simple', 'datum', 'reduction', 'require', 'for', 'datum', 'integrity', 'validation', '(', 'i.e.', 'through', 'request', ',', 'but', 'processing', 'for', 'full', 'datum', 'reduction', 'should', 'also', 'exist', 'at', 'the', 'Gemini', '8', 'm', 'Telescopes', 'site', ',', 'but', 'do', 'not', 'pixel', 'observed', 'line']","[0, 0, 0, 0, 0, 0, 0, 0, 0, 0, 0, 0, 0, 0, 0, 0, 0, 0, 0, 0, 0, 0, 0, 0, 0, 0, 0, 0, 0, 0, 0, 0, 0, 0, 0, 0, 0, 0, 0, 0, 0, 0, 0, 0]"
"['the', 'ﬁrst', 'two', 'item', 'would', 'be', 'suitable', 'topic', '.', 'for', 'advanced', 'epics', 'course', 'on', 'EPICS', 'System', 'Development', '.', 'an', 'Clients', 'CA', 'OPI', 'and', 'device', 'driver', ';', 'host', '-', 'base', 'Development', 'Tools', '(', 'CAPFAST', ',', 'EDD', ',', 'etc', '.', ')', ';']","[0, 0, 0, 0, 0, 0, 0, 0, 0, 0, 0, 0, 0, 0, 0, 0, 0, 0, 0, 0, 0, 0, 0, 0, 0, 0, 0, 0, 0, 0, 0, 0, 0, 0, 0, 0, 0, 0, 0, 0]"
"['a', '.', 'the', 'record', 'name', ',', 'which', 'must', 'be', 'unique', 'across', 'all', 'ioc', 'attach', 'to', 'the', 'same', 'TCP', '/', 'IP', 'subnet', 'record', 'type', 'record']","[0, 0, 0, 3, 4, 0, 0, 0, 0, 0, 0, 0, 0, 0, 0, 0, 0, 0, 0, 0, 0, 0, 2, 1]"
"['travel', '.', 'travel', 'person', 'expose', 'the', 'place', 'each', 'for', 'accordingly', 'note', 'be', 'should', 'datum', 'conveyance', 'collect', 'for', 'an', 'animal', 'delivery', 'include', '(', 'schedule', 'delivery', 'and', ',', 'receipt', 'adoption', 'time', 'and', 'shelter', 'animal', ',', 'invoice', 'shipping', 'include', 'should', 'object', 'or', 'delivery', 'the', ',', 'link', 'characteristic', 'demographic', 'share', 'control', ',', 'example']","[3, 0, 0, 1, 0, 0, 1, 0, 0, 0, 0, 0, 0, 4, 3, 0, 0, 0, 1, 3, 0, 0, 4, 3, 0, 0, 4, 4, 4, 4, 4, 3, 0, 4, 3, 0, 0, 1, 0, 4, 0, 0, 4, 4, 3, 0, 1, 0, 0]"
"['Diagnosis', ';', 'Master', 'Measure']","[3, 0, 4, 4]"
"['a', 'client', 'can', 'communicate', 'with', 'an', 'and', 'arbitrary', 'of', 'server', '.']","[0, 1, 0, 0, 0, 0, 0, 0, 0, 1, 0]"
"['the', ')', 'Scenario', 'Basic', '(', '4', 'step', 'to', '.']","[0, 0, 0, 0, 0, 0, 0, 0, 0]"
"['the', 'trainborne', 'equipment', 'shall', 'remain', 'authority', 'train', 'control', 'system', 'shall', 'be', 'capable', 'to', 'switch', 'to', 'onboard', 'another', 'status', 'when', 'transmit', 'from', 'trackside']","[0, 1, 2, 0, 0, 2, 2, 2, 2, 0, 0, 0, 0, 0, 0, 1, 0, 4, 0, 0, 0, 1]"
"['and', 'that', '(']","[0, 0, 0]"
"['access', 'to', 'this', 'level', 'will', 'be', 'extremely', 'level', 'parameter', 'protect', '-']","[0, 0, 0, 3, 0, 0, 0, 0, 3, 0, 0]"
"['(', 'i', ')', 'the', 'GSM', 'teleservice']","[0, 0, 0, 0, 0, 0]"
"['the', 'Gemini', '8', 'm', 'Telescopes', 'software', 'cover', 'all', 'aspect', 'of', 'control', 'and', 'datum', 'acquisition', 'relate', 'to', 'the', 'include', '1', 'on', 'line', 'refer', 'to', 'as', 'external', '.']","[0, 0, 0, 0, 0, 0, 0, 0, 0, 0, 0, 0, 0, 0, 0, 0, 0, 0, 0, 0, 0, 0, 0, 0, 0, 0]"
"['the', 'VSP', 'Master', 'Information', 'screen', 'should', 'have', 'a', 'provision', 'to', 'MSIU', 'VSP', 'particular', 'that', '.']","[0, 0, 0, 0, 0, 0, 0, 0, 0, 0, 0, 1, 0, 0, 0]"
"['system', '.', 'www.cdc.gov/phin', 'at', 'available', ',', 'Flows', 'and', 'facility', 'administer', 'the', 'collect', 'be', 'may', 'datum', 'event', 'adverse', ',', 'administer', 'be', 'that', 'prophylaxis', 'or', 'vaccine', 'a', 'to', 'reaction', 'negative', 'a', 'suffer', 'and', 'use', 'to', 'determine', 'or', ',', 'batch', ',', 'pharmaceutical', 'the', 'with', 'problem', 'a', 'include', 'be', 'if', 'determine', 'to', 'or', 'intervention', 'additional', 'for', 'need', 'the', 'there', 'to', 'of', 'the', 'require', 'that', 'countermeasure', 'a', 'receive', 'who', 'person', 'of', 'exam', 'response', 'take', 'from', 'receive', 'be', 'may', 'datum', 'up', '-']","[1, 0, 0, 0, 0, 0, 0, 0, 2, 1, 0, 0, 0, 0, 4, 4, 3, 0, 0, 0, 0, 1, 0, 1, 0, 0, 2, 1, 0, 0, 0, 0, 0, 0, 0, 0, 1, 0, 1, 0, 0, 0, 0, 0, 0, 0, 0, 0, 0, 1, 0, 0, 0, 0, 0, 0, 4, 0, 0, 0, 1, 0, 0, 0, 1, 0, 2, 2, 1, 0, 0, 0, 0, 4, 4, 4]"
"['the', 'overexpose', 'detector', '.', '-', 'the', 'system', 'will', 'halt', 'if', 'its', 'watch', 'dog', 'dog', 'not', 'be', 'reset', ';', 'hard', 'limit', 'switch', '-', 'have', 'watch', 'hardware', ';', 'soft', 'limit', ';', 'software', 'watch', 'dog', '-', 'the', 'software', 'will', 'halt', 'if', 'its', 'watch', 'dog', 'have', 'not', 'be', 'reset', 'these', 'of', 'switch', 'remove', '-', 'these', 'will', 'prevent', 'both', 'software', 'and', 'hardware', 'interlock', 'from', '-', 'there', 'will', 'be', 'no', 'bypass', 'of', 'these', 'action', 'hardware', ';', 'limit', 'power', 'from', 'actuator', 'when', 'beyond', 'soft', 'limit', ';', 'the', 'software', '/', 'electrical', 'system', 'will', 'allow', 'movement', 'off', 'of', 'hard', 'will', 'off', 'movement', 'allow', 'interlock', ',', 'electrical', 'hard', 'limit', 'switch', ',', 'soft', 'electrical', 'limit', ',', 'software', 'limit', ',', 'and', 'watch', 'dog', ',', 'switch', ',', 'stop', 'hard']","[0, 0, 1, 0, 0, 0, 1, 0, 0, 0, 0, 0, 0, 0, 0, 0, 0, 0, 0, 0, 0, 0, 0, 0, 0, 0, 0, 0, 0, 0, 0, 0, 0, 0, 0, 0, 0, 0, 0, 0, 0, 0, 0, 0, 0, 0, 0, 0, 0, 0, 0, 0, 0, 0, 0, 0, 0, 0, 0, 0, 0, 0, 0, 0, 0, 0, 0, 0, 0, 0, 0, 0, 0, 0, 0, 0, 0, 0, 0, 0, 1, 2, 2, 2, 0, 0, 0, 0, 0, 0, 0, 0, 0, 0, 0, 0, 0, 0, 0, 0, 0, 0, 0, 0, 0, 0, 0, 0, 0, 0, 0, 0, 0, 0, 0, 0]"
"['depend', '.', ""'"", 'group', 'operation', ""'"", 'the', 'of', 'staff', 'and', ',', 'in', 'explain', 'reason', 'flexible', 'and', 'observe', 'service', 'as', 'such', 'requirement', 'operational', 'scheduling', 'support', 'essential', 'be']","[0, 0, 0, 2, 2, 2, 2, 2, 1, 0, 0, 0, 0, 0, 0, 0, 0, 0, 0, 0, 0, 0, 0, 0, 0, 0]"
"['Laboratory', '.', 'action', 'and', ',', 'event', ',', 'entity', 'among', 'linkage', 'by', 'support', 'as', ',', 'process', 'to', '.', 'correspond', '/', 'the', 'return', 'laboratory', 'participate', 'the', 'when', 'subject', 'and', ',', ')', 'sample', '/', 'speciman', 'one', 'from', 'result', 'multiple', 'include', 'sample', 'specimen', ',', 'person', '-', 'support']","[1, 0, 1, 0, 0, 1, 0, 1, 0, 0, 0, 0, 0, 0, 0, 0, 0, 0, 0, 0, 0, 1, 0, 0, 0, 1, 0, 0, 0, 1, 0, 1, 0, 0, 0, 0, 0, 1, 1, 0, 0, 0, 0]"
"['the', '.', 'Operator', 'C.Telescope', 'integrity', 'of', 'the', 'system', 'to', 'plan', 'science', 'the', 'and', 'Observer', 'the', 'with', 'work', 'Operator', ';', 'Telescope', '.', 'observation', 'during', 'accurately', 'function', 'system', 'the', 'keep', 'for', 'and']","[0, 0, 2, 1, 0, 0, 0, 0, 0, 0, 0, 0, 0, 1, 0, 0, 0, 2, 0, 1, 0, 0, 0, 0, 0, 0, 0, 0, 0, 0]"
"['this', 'LAN', 'shall', 'require', 'number', 'one', 'might', 'be', 'make', 'here', 'between', 'WAN', 'and', 'point', 'to', 'distinction', 'point', 'as', 'there', 'shall', 'be', 'no', 'difference', 'in', 'the', 'link']","[0, 0, 0, 0, 0, 0, 0, 0, 0, 0, 0, 0, 0, 0, 0, 0, 0, 0, 0, 0, 0, 0, 0, 0, 0, 0]"
"['before', 'authomatic', 'transition', 'to', 'Shunting', ',', 'equal', 'manually', ',', 'by', 'leave', 'Partial', 'Supervision', 'when', 'the', 'trainborne', 'shall', 'equipment', 'not', 'operative', 'any', 'long', ',', 'when', 'be', 'train']","[0, 0, 0, 0, 0, 0, 0, 0, 0, 0, 0, 1, 2, 0, 0, 1, 0, 2, 0, 0, 0, 0, 0, 0, 0, 1]"
"['travel', '.', 'evolve', 'event', 'health', 'the', 'as', 'occur', 'that', 'definition', 'case', 'the', ',', 'where', ',', 'and', 'datum', 'conveyance', 'and', ',', ')', 'location', 'multiple', 'to', 'or', 'describe', '(', 'a', 'to', 'travel', 'event', 'an', 'in', 'involve', 'subject', 'how', 'location', 'system']","[1, 0, 0, 2, 1, 0, 0, 0, 0, 4, 3, 0, 0, 0, 0, 0, 4, 3, 0, 0, 0, 0, 0, 0, 0, 0, 0, 0, 0, 0, 1, 0, 0, 0, 1, 0, 3, 1]"
"['if', 'LO', '=', 't', '=']","[0, 0, 0, 0, 0]"
"['the', 'document', 'should', 'have', 'the', 'follow', 'information', '.', 'information']","[0, 1, 0, 0, 0, 0, 0, 0, 0]"
"['our', ';', '.', 'be', 'not', 'will', '1', 'than', 'less', 'of', 'rating', 'a', 'with', 'result', 'torrent', 'any', ':', 'display', 'to', ';', '10', 'take', 'will', 'time', 'Query', ':', 'REQ-1', 'back', 'we', 'give', 'will', 'and', 'use', 'website', 'the', 'no', 'that', 'different', 'the', 'query', 'to', 'use', 'be', 'will']","[0, 0, 0, 0, 0, 0, 0, 0, 0, 0, 0, 0, 0, 2, 1, 0, 0, 0, 0, 0, 0, 0, 0, 4, 3, 0, 0, 0, 0, 0, 0, 0, 0, 1, 0, 0, 0, 0, 0, 0, 0, 0, 0, 0]"
"['all', 'receiver', 'on', 'the', 'route', 'route', 'parameter', ',', 'a', '.']","[0, 1, 0, 0, 1, 1, 4, 0, 0, 0]"
"['the', '.', 'system', 'the', 'of', 'end', 'front', 'the', 'developer', 'be', 'whether', 'think', 'i.e.', ',', 'we', 'to', 'be', 'site', 'the', 'useful', 'how', 'and', ',', 'search', 'be', 'can', 'they', 'site', 'which', 'at', 'speed', 'the', ',', 'software', 'our', 'with', 'compatible', ',', 'safe', 'be', 'site', 'the', 'the', 'a', 'reasonably', 'up', 'a', 'when', 'database', 'its', 'in', 'website', 'torrent', 'the', 'query', 'now', 'will', 'system', '–', 'box', 'search', 'tick', 'tick']","[0, 0, 1, 0, 0, 0, 0, 0, 2, 0, 0, 0, 0, 0, 0, 0, 4, 4, 4, 4, 3, 0, 0, 4, 4, 4, 0, 4, 4, 4, 3, 0, 0, 4, 4, 4, 3, 0, 3, 0, 1, 0, 4, 0, 0, 0, 0, 0, 1, 0, 0, 2, 1, 0, 0, 0, 0, 1, 0, 2, 1, 2, 0]"
"['UO', ',', 'the', 'then', 'process', 'shall', 'output', 'the', 'temperature', 'status', '.']","[0, 0, 0, 0, 0, 0, 0, 0, 3, 4, 0]"
"['for', '.', 'which', 'allow', 'migration', 'on', 'different', 'medium', ',', 'should', 'they', 'become', 'require', 'during', 'the', 'Gemini', '8', 'm', 'Telescopes', 'project', 'life', 'on', 'task', ',', 'not', 'm', 'Telescopes', 'site', 'will', 'make', 'use', 'of', 'the', '8', 'Gemini', 'm', 'Telescopes', 'control', 'room', 'facility', '.']","[0, 0, 0, 0, 0, 0, 0, 0, 0, 0, 0, 0, 0, 0, 0, 0, 0, 0, 0, 0, 0, 0, 0, 0, 0, 0, 0, 1, 0, 0, 0, 0, 0, 0, 0, 0, 0, 1, 2, 2, 0]"
"['these', '.', 'operation', 'Telescopes', 'm', '8', 'Gemini', 'may', 'will', 'they', 'Telescopes', 'include', 'staff', 'operation', ',', 'Currently']","[0, 0, 0, 0, 0, 0, 0, 0, 0, 0, 0, 0, 2, 1, 0, 0]"
"['REQ-1', '.', 'search', 'the', 'the', 'for', 'req-3', 'there', 'and', 'seed', 'of', '.', 'no', 'the', 'retrieve', 'will', 'Query', ':', 'req-4', ';', 'search', 'the', ':', 'in', 'torrent', 'include', 'to', 'choose', 'to', 'user', 'the', 'allow', 'to', 'box', 'tick', 'a', 'be', 'will', 'search', 'peer', 'result', 'set', '.', 'webpage', 'the', 'for', 'link', 'a', 'and', 'post', 'date', ',', 'size', ',', ',', 'seed']","[0, 0, 1, 0, 0, 0, 0, 0, 4, 4, 4, 4, 3, 0, 0, 0, 1, 0, 0, 0, 1, 0, 0, 0, 0, 0, 0, 0, 0, 1, 0, 0, 0, 2, 1, 0, 0, 0, 0, 4, 1, 0, 0, 1, 0, 0, 3, 0, 0, 4, 3, 0, 3, 0, 0, 3]"
"['(', '.', 'radio', 'of', 'priority', 'and', 'indication', 'a', 'to', 'call', 'terminate', 'mobile', 'a', 'for', 'action', 'of', 'sequence']","[0, 0, 2, 0, 4, 0, 1, 0, 0, 2, 2, 1, 0, 0, 0, 0, 0]"
"['target', '=', 'BROADCAST', '}', ';', 'instruction', 'procedure', 'example', 'for', '/', 'the', 'individual', 'IOC', 'subsystem', 'developer', '.']","[0, 0, 0, 0, 0, 0, 0, 0, 0, 0, 0, 0, 0, 0, 0, 0]"
"['it', 'refer', 'to', 'proponency', 'at', 'the', 'source', 'and', 'record', 'level', ';', 'to', 'Redundant', 'respect', 'authority', 'Scheme', ':', 'describe', 'the', 'site', 'at', 'which', 'database', 'be', 'replicate', 'and', 'also', 'who', 'own', 'and', 'have', 'update', 'with', 'Proponent', 'Array', 'Inexpensive', 'reason', 'for', 'use', 'raid', 'storage', 'be', 'its', 'reliability', '.']","[0, 0, 0, 0, 0, 0, 0, 0, 0, 0, 0, 0, 0, 0, 0, 0, 0, 0, 0, 1, 0, 0, 1, 0, 0, 0, 0, 0, 0, 0, 0, 0, 0, 0, 0, 0, 0, 0, 0, 0, 0, 0, 0, 0, 0]"
"['however', 'coordination', 'of', 'their', 'operation', ',', 'provide', 'both', 'operation', 'support', 'for', 'individual', 'instrument', 'and', 'supervision', 'for', 'all', 'of', 'they', '.', 'support', 'transmission', 'for', 'use', 'hierarchical', 'nature', 'of', 'the', 'system', 'can', 'lead', 'to', 'the', 'testing', 'maintenance', 'problem', '.']","[0, 0, 0, 0, 0, 0, 0, 0, 0, 0, 0, 1, 2, 0, 0, 0, 0, 0, 0, 0, 0, 0, 0, 0, 0, 0, 0, 0, 1, 0, 0, 0, 0, 0, 0, 0, 0]"
"['the', '.', 'observer', 'science', ',', 'performance', 'telescope', 'typically', 'of', 'convenience', 'and', 'ease', 'balance', 'mode', 'access']","[0, 0, 2, 1, 0, 0, 0, 0, 0, 0, 0, 0, 0, 4, 3]"
"['the', 'internal', 'state', 'of', 'the', 'subsystem', 'be', 'return', 'as', 'one', 'of', ':', ';', 'ready', 'exist', 'subsystem', 'the', 'MAINTENANCE', 'one', 'of', ':', ';', 'down', 'the', 'subsystem', 'be', 'as', 'not', ';', 'boot', 'the', 'subsystem', 'have', 'be', 'boot', ',', 'operational', 'status', 'current', 'its', 'subsystem', '.']","[0, 3, 4, 0, 0, 1, 0, 0, 0, 0, 0, 0, 0, 0, 0, 1, 0, 0, 0, 0, 0, 0, 0, 0, 1, 0, 0, 0, 0, 0, 0, 1, 0, 0, 3, 0, 3, 3, 0, 0, 1, 0]"
"['(', 'e.g.', ',', 'the', 'display', 'column', 'possible', 'be', 'must', 'interface']","[0, 0, 0, 0, 0, 0, 0, 0, 0, 0]"
"['this', '.', 'engineering', 'and', 'maintenance', 'to', 'limit', 'be', 'would', 'the', 'Telescopes', 'm', '8', 'one', 'at', 'locate', 'be', 'will', 'system', 'the', 'of']","[0, 0, 0, 0, 0, 0, 0, 0, 0, 0, 0, 0, 0, 0, 0, 0, 0, 0, 1, 0, 0]"
"['hardware', 'constraint', 'be', 'cover', 'in', 'the', 'individual', 'chapter', 'the', 'Software', 'Design', 'Description', '.']","[0, 0, 0, 0, 0, 0, 0, 0, 0, 0, 0, 0, 0]"
"['the', 'system', 'will', 'capture', 'the', 'detail', 'of', 'MSIU', 'Salesman', ';', 'this', 'would', 'help', 'the', 'MSIU', 'management', 'team', 'to', 'understand', 'the', 'performance', 'of', 'each', 'Team', 'or', 'salesman', ';', 'and', 'name', 'the', 'master', ')', '*', '.']","[0, 1, 0, 0, 0, 0, 0, 0, 0, 0, 0, 0, 0, 0, 0, 0, 0, 0, 0, 0, 0, 0, 0, 1, 0, 1, 0, 4, 3, 0, 0, 0, 0, 0]"
"['suitable', ')', 'avoid', 'the', 'necessity', 'for', 'large', 'cell', 'overlap', 'to', 'of', 'algorithm', 'be', 'start', 'and', 'stop', 'of', 'the', 'handover', 'execution', 'at', 'the', 'mobile', 'be', ':', '(', 'i', ')', 'the', 'of', 'measurement', 'for', 'test', 'and', 'refine', 'as', 'necessary', 'during', 'the', 'will', 'trial', '.']","[0, 0, 0, 0, 0, 0, 0, 0, 0, 0, 0, 0, 0, 3, 0, 3, 0, 0, 0, 0, 0, 0, 1, 0, 0, 0, 0, 0, 0, 0, 0, 0, 0, 0, 0, 0, 0, 0, 0, 0, 0, 0]"
"['if', 'Master', 'Drugs', 'from', 'Visit', 'First', 'capture', 'will', 'Amount', 'claim', 'claim', 'visit', 'first', 'a', 'Consultation', 'be']","[0, 0, 0, 0, 4, 3, 0, 0, 4, 3, 0, 0, 0, 0, 4, 0]"
"['this', 'be', 'a', 'UNIX', '.', 'base', 'which', 'can', 'run', 'various', 'epics', 'tool', ';', 'IOC', 'workstation', 'create', 'be', 'can', 'epics', 'Overview', ""'"", '.']","[0, 0, 0, 3, 0, 4, 0, 0, 0, 0, 0, 0, 0, 0, 1, 0, 0, 0, 0, 0, 0, 0]"
"['Temperature', 'Trigger', 'exceed', 'Temperature', 'Limit', 'exceed', 'this', 'Trigger', 'condition', 'each', 'to', 'be', 'turn', 'on', '.']","[0, 0, 0, 0, 0, 0, 0, 4, 0, 0, 0, 0, 0, 0, 0]"
"['section', '.', 'be', 'list', 'of', 'functional', 'traceability', 'verification', 'and', 'requirement', 'the', 'outline', '5']","[0, 0, 0, 0, 0, 0, 0, 0, 0, 0, 0, 0, 0]"
"['full', 'redundancy', 'be', 'not', 'a', 'requirement', 'of', 'the', 'Gemini', '8', 'm', 'Telescopes', 'and', 'it', 'will', 'the', 'redundant', 'to', 'a', 'failure', 'concern', 'the', 'user', 'station', 'equipment', ',', 'it', 'hardware', 'shall', 'possible', 'to', 'transfer', 'control', 'from', 'one', 'user', 'station', 'be', 'computer', 'of', 'case', 'exist', 'to', 'redeﬁne', 'the', 'environment', 'in', 'such', 'a', 'way', 'that', 'operation', 'can', 'restart', 'with', 'the', 'remain', 'equipment', '.']","[0, 0, 0, 0, 0, 0, 0, 0, 0, 0, 0, 0, 0, 0, 0, 0, 0, 0, 0, 0, 0, 0, 1, 2, 2, 0, 0, 0, 0, 0, 0, 0, 0, 0, 0, 1, 2, 0, 0, 0, 0, 0, 0, 0, 0, 0, 0, 0, 0, 0, 0, 0, 0, 0, 0, 0, 0, 1, 0]"
"['there', 'must', 'be', 'automatic', 'procedure', 'to', 'implement', 'time', 'way', 'negative', 'or', '(', 'find', 'in', 'Section', '2.11.2', 'on', 'page', '2-', '22', ')', '.']","[0, 0, 0, 0, 0, 0, 0, 0, 0, 0, 0, 0, 0, 0, 0, 0, 0, 0, 0, 0, 0, 0]"
"['it', 'shall', 'be', 'shall', 'have', '4.6.12', 'trip', 'shall', 'not', 'influence', 'the', 'traction', 'unit(s', ')', 'with', 'in', '-', 'operative', 'cab', '.']","[0, 0, 0, 0, 0, 0, 2, 0, 0, 0, 0, 1, 2, 2, 0, 0, 0, 0, 0, 0]"
"['the', '.', 'criterion', 'search', 'their', 'match', 'product', 'category', 'for', 'to', 'able', 'be', 'will']","[0, 0, 0, 0, 0, 0, 1, 1, 0, 0, 0, 0, 0]"
"['operational', 'file', 'shall', 'thermostat', 'give', '.']","[0, 2, 0, 1, 0, 0]"
"['the', 'target', 'select', 'speed', 'supervised', 'the']","[0, 3, 0, 4, 3, 0]"
"['when', 'shall', 'a', 'unit', 'pass', 'a', 'stop', '-', 'signal', 'traction', 'authority', 'movement', 'the', 'able', 'to', 'override', 'the', 'function', 'when', 'the', 'train', 'be', 'stationary', '.']","[0, 0, 0, 2, 0, 0, 1, 2, 2, 1, 2, 1, 0, 0, 0, 0, 0, 1, 0, 0, 1, 0, 3, 0]"
"['Initialization', 'Data']","[0, 0]"
"['in', 'any', 'case', ',', 'remote', 'operation', 'must', 'include', 'remote', 'monitoring', 'from', 'the', 'Gemini', '8', 'm', 'Telescopes', 'base', 'facility', 'Gemini', '8', 'm', 'Telescopes', '.']","[0, 0, 0, 0, 0, 0, 0, 0, 0, 0, 0, 0, 0, 0, 0, 0, 1, 2, 0, 0, 0, 0, 0]"
"['remote', 'm', 'access', 'in', 'software', ',', 'once', 'implement', '.']","[0, 0, 0, 0, 0, 0, 0, 0, 0]"
"['the', 'follow', 'National', 'section', 'acronyms', 'and', 'abbreviation', 'and', 'their', 'meaning', 'as', 'use', 'in', 'this', 'document', ':', 'ANSI', 'list', 'Lower', 'as', 'interp', 'THEMAS', ')', '.']","[0, 0, 0, 0, 0, 0, 0, 0, 0, 0, 0, 0, 0, 0, 0, 0, 0, 0, 0, 0, 0, 0, 0, 0]"
"['Subscriber', 'management', ';', '8', ';', 'radio']","[0, 0, 0, 0, 0, 0]"
"['a', '.', 'information', 'product', 'the', 'process', 'Product', 'Remove', 'initiate', 'to', 'link', 'or', ';', 'button', 'click', 'Person', 'Sales', '""', 'product', 'remove', '""', 'the', 'system', 'prompt', 'the', 'validate', 'system', ';', 'product', 'of', 'list', 'a', 'view', 'or', 'search', 'by', 'product', 'a', 'select', 'to', 'Person', 'Sales', 'link', '.', 'of', ',', ';', 'process', 'logout', 'initiate', 'to', 'link', 'or', 'system', 'button', 'click', 'Person', 'Sales', '""', 'Logout', '""', 'to', 'the', 'link', 'terminate', 'session', 'system', 'the', 'of', 'out', 'log', 'be', 'Person', 'the', 'Sales', '.', 'page', 'home', 'display', 'system', ';', 'cookie']","[0, 0, 2, 1, 0, 0, 0, 0, 0, 0, 0, 0, 0, 0, 0, 2, 1, 0, 1, 0, 0, 0, 0, 0, 0, 0, 0, 0, 1, 0, 0, 0, 0, 0, 0, 0, 1, 0, 0, 0, 2, 1, 0, 0, 4, 0, 0, 0, 0, 0, 0, 0, 0, 0, 0, 0, 2, 1, 0, 0, 0, 0, 0, 0, 0, 0, 0, 0, 0, 0, 0, 0, 2, 0, 1, 0, 0, 0, 0, 0, 0, 0]"
"['the', 'security', 'and', 'safety', 'of', 'the', 'system', 'tolerance', '/', 'client', 'the', '.']","[0, 0, 0, 0, 0, 0, 1, 0, 0, 0, 0, 0]"
"['when', 'the', 'plain', 'text', 'message', 'appear', 'on', 'the', 'DMI', ',', 'the', 'from', 'shall', 'message', 'plain', 'receive', 'information', 'regard', 'air', 'tightness', 'from', 'the', 'trackside', '.']","[0, 0, 1, 2, 2, 0, 0, 0, 1, 0, 0, 0, 0, 2, 1, 0, 0, 0, 3, 4, 0, 0, 1, 0]"
"['once', 'the', 'audit', 'trail', 'functionality', 'have', 'be', 'activate', ',', 'unchanged', 'the', 'must', 'track', 'event', 'without', 'manual', 'intervention', ',', 'and', 'store', 'in', 'System', 'delete', 'remain', 'its', 'any', 'user', ';', 'it', 'may', 'be', 'subject', 'to', 're', '-', 'content', 'department', 'copying', 'to', 'removable', 'medium', 'if', 'require', ',', 'so', 'long', 'as', 'and', 'store', 'by', 'the', ',', 'and', 'record', 'and', 'various', 'functionality', 'provide', 'within', 'the', 'system', 'file', '.', 'System', 'must', 'allow', 'the', 'user', 'to', 'limit', 'access', 'to', 'case']","[0, 0, 0, 0, 0, 0, 0, 0, 0, 0, 0, 0, 0, 1, 0, 0, 0, 0, 0, 0, 0, 0, 0, 0, 0, 0, 0, 0, 0, 0, 0, 0, 0, 0, 0, 0, 0, 0, 0, 0, 0, 0, 0, 0, 0, 0, 0, 0, 0, 0, 0, 0, 0, 1, 0, 0, 0, 0, 0, 0, 0, 1, 0, 0, 0, 0, 0, 1, 0, 0, 0, 0, 1]"
"['the', '.', 'call', 'the', 'terminate', 'driver', 'shall', 'be', 'as', 'of', 'basis', 'the', 'on', 'request', 'call', 'of', 'call', 'Management', 'arbitration', 'call', ')', 'M', '(', ':', 'follow', ':', 'visual', 'the', 'involve', ';', 'priority', 'call', 'of', 'basis', 'the', 'on', 'request', 'call', 'of', 'Management', ':', 'arbitration']","[0, 0, 1, 0, 0, 1, 0, 0, 0, 0, 0, 0, 0, 2, 1, 0, 1, 0, 0, 0, 0, 0, 0, 0, 0, 0, 0, 0, 0, 0, 4, 3, 0, 0, 0, 0, 2, 1, 0, 0, 0, 0]"
"['this', 'be', 'string', '.']","[0, 0, 0, 0]"
"['Personnel', 'not', '.']","[0, 0, 0]"
"['IEEE', '830', '-', '1984', 'Requirements', 'Specification', '.']","[0, 0, 0, 0, 0, 0, 0]"
"['an', 'sri', 'may', 'be', 'one', 'of', 'three', 'type', ':', 'timer', '-', 'base', ',', 'data', 'condition', 'location(s', 'the', 'program', 'the', 'occurrence', 'of', 'condition', 'establish', 'by', 'an', 'application', 'program', ',', 'and', 'notifie', 'the', 'calling', 'or', 'establish', 'application', 'when', ',', 'scale', ',', ';']","[0, 0, 0, 0, 0, 0, 0, 0, 0, 1, 2, 2, 0, 1, 0, 3, 0, 0, 0, 0, 0, 1, 0, 0, 0, 1, 2, 0, 0, 0, 0, 0, 0, 0, 0, 0, 0, 3, 0, 0]"
"['they', 'location', 'the', 'find', 'for', 'engine', 'search', 'a', 'be', 'will', 'system', 'the', 'of', 'feature', 'main', 'of']","[0, 3, 0, 0, 0, 0, 0, 0, 0, 0, 1, 0, 0, 0, 0, 0]"
"['section', '2.0', 'of', 'this', 'Requirements', 'document', '(', 'Standards', 'from', 'library', '.']","[0, 0, 0, 0, 0, 0, 0, 0, 0, 0, 0]"
"['this', 'notiﬁcation', 'must', 'be', 'speciﬁc', 'as', 'to', 'occur', 'origin', 'problem', '.']","[0, 0, 0, 0, 0, 0, 0, 0, 0, 0, 0]"
"['the', '.', '%', '75', 'standby', ';', '%', '5', 'call', 'group', ';', '%', '20', 'equipment', 'shall', 'be', 'of', ':', 'operation', 'normal', 'interrupt', 'without', 'supply', 'power', 'M', 'backup', 'main', 'the', 'to', 'change', 'follow', 'the', 'withstand', 'and', 'control', 'shall', 'the', 'Cab', 'the', 'for', 'emission', 'EMC', 'on', 'requirement', ')', 'M']","[0, 0, 0, 0, 1, 0, 0, 0, 2, 1, 0, 0, 0, 2, 0, 0, 0, 0, 0, 0, 0, 0, 2, 1, 0, 0, 0, 0, 0, 0, 0, 0, 0, 0, 2, 0, 0, 1, 0, 0, 0, 0, 0, 0, 0, 0]"
"['B1', 'Customer', 'the', 'to', 'page', 'home', 'account', 'display', '.', 'system', 'cookie', 'session', 'create', 'system', ';', 'information', 'the', ';']","[0, 1, 0, 0, 0, 0, 0, 0, 0, 0, 0, 0, 0, 0, 0, 0, 0, 0]"
"['do', 'at', 'the', 'contractor', '/', 'vendor', '’s', 'site', '.', '8', 'Gemini', 'an', '8', 'm', 'Telescopes', 'base', 'facility', 'during', 'the', 'day', '.']","[0, 0, 0, 1, 2, 2, 2, 2, 0, 0, 0, 0, 0, 0, 0, 1, 2, 0, 0, 0, 0]"
"['the', '.', '3.2.3.4', 'chapter', 'see']","[0, 0, 0, 0, 0]"
"['the', '.']","[0, 0]"
"['the', '.', 'document', 'this', 'in', 'cover', 'Management', ';', ':', 'System', 'support', 'system', 'by', 'address', 'be', 'should', ',', 'configuration', 'flexible', 'as', 'such', ',', 'need', 'level', '-', 'system', 'broad', ':', 'Architecture', '2.1', 'trace']","[0, 0, 0, 0, 0, 0, 0, 0, 0, 0, 0, 1, 0, 0, 0, 0, 0, 0, 0, 0, 0, 0, 0, 0, 0, 0, 0, 0, 0, 0, 0]"
"['under', '.', ')']","[0, 0, 0]"
"['Telescopes', 'm', 'have', '8', 'the', 'of', 'supervisor', 'operation', ',', 'operator', 'telescope', 'become', 'Gemini', 'to', 'overview', 'the', 'will']","[0, 0, 0, 0, 0, 0, 2, 1, 0, 2, 1, 0, 0, 0, 0, 0, 0]"
"['will', '.', 'level']","[0, 0, 0]"
"['the', 'system', 'will', 'list', 'District', ',', 'Sub', '-', 'District', ',', 'County', ',', '-', 'the', '.', 'function', 'distributor', ',', 'the', 'system', 'should', 'allocate', 'the', 'relevant', 'voucher', 'with', 'their', 'number', 'and', 'the', 'batch', 'base', 'on', 'the', 'stock', ';', 'Invoice', 'amount', '=']","[0, 1, 0, 0, 3, 0, 3, 4, 4, 0, 3, 0, 4, 0, 0, 0, 1, 0, 0, 1, 0, 0, 0, 0, 1, 0, 0, 3, 0, 0, 3, 0, 0, 0, 1, 0, 3, 4, 0]"
"['however', ',', 'user', 'interface', 'should', 'clearly', 'user', ';', 'station', 'remote', 'etc', '.', ')', 'should', 'prevent', 'any', 'user', 'from', 'access', 'any', 'part', 'of', 'the', 'Gemini', 'system', 'from', 'any', 'local', 'or', 'privilege', '-', 're', 'and', 'system', 'will', 'be', 'establish', '.']","[0, 0, 0, 0, 0, 0, 0, 0, 2, 2, 0, 0, 0, 0, 0, 0, 1, 0, 0, 0, 0, 0, 0, 0, 0, 0, 0, 1, 2, 4, 0, 0, 0, 2, 0, 0, 0, 0]"
"['example', '.', 'testing', 'laboratory', 'for', 'collect', 'be', 'that', 'sample', '/', 'specimen', 'the', 'about', 'datum', 'store', 'to', 'able', 'must', ',', 'radioactive', ',', 'the', 'about', 'information', 'include', 'should', 'datum', 'sample']","[0, 0, 0, 0, 0, 0, 0, 0, 1, 0, 1, 0, 0, 3, 0, 0, 0, 0, 0, 0, 0, 0, 0, 0, 0, 0, 2, 2]"
"['Systems', 'and', 'datum', 'support', 'OM', 'must', 'be', 'protect', 'from', 'sabotage', ',', 'corruption', 'and', 'access', 'a', 'review', '""', 'use', '.']","[1, 0, 3, 0, 0, 0, 0, 0, 0, 0, 0, 0, 0, 0, 0, 0, 0, 1, 0]"
"['use', 'familiar', 'terminology', 'for', 'navigation', 'link', ':', 'navigation', '.', 'link', 'presence', 'that', 'than', 'solid', 'underline', 'avoid', 'link', 'overload', ':']","[0, 0, 0, 0, 0, 0, 0, 0, 0, 0, 0, 0, 0, 0, 0, 0, 0, 0, 0]"
"['(', '.', ']', '3', 'and', '2', ')', 'cab', 'degree', 'high', 'in', 'define', 'requirement', 'the', 'meet', 'shall', 'aerial', 'exterior', 'the', 'from', 'equipment', 'board', '-', 'on', 'other', '[', 'ENV', '50121', 'part', 'the', 'to', ']', '4', 'and', '2', '-', 'possible', '3', '1', '-', '3', ',', '2', ',', '1', ',', 'from', 'and', 'mount', 'for', 'voltage', 'over', '%', '20', ';', 'voltage', 'supply', 'nominal', 'of', '%', '±15', 'to', 'up', 'fluctuation', 'up', 'to', '10', ';', 'Cab']","[0, 0, 0, 0, 0, 0, 0, 1, 0, 0, 0, 0, 0, 0, 0, 0, 0, 0, 0, 0, 2, 2, 2, 1, 0, 0, 0, 0, 0, 0, 0, 0, 0, 0, 0, 0, 0, 0, 0, 0, 0, 0, 0, 0, 0, 0, 0, 2, 2, 0, 0, 0, 0, 0, 0, 0, 0, 0, 0, 0, 0, 0, 0, 0, 0, 0, 0, 0, 1]"
"['Getstate', '.']","[0, 0]"
"['allow', 'above', 'information', 'be', 'mandatory', 'while', 'allow', 'create', 'new', 'User', 'Group', '.']","[0, 0, 0, 0, 0, 0, 0, 0, 0, 1, 2, 0]"
"['the', 'title', 'if', 'trainborne', 'ETCS', 'the', 'option', '3', '.']","[0, 0, 0, 2, 1, 0, 0, 0, 0]"
"['this', '.', 'interoperablity', 'for', 'solution', 'the', 'of', 'as', '.']","[0, 0, 0, 0, 0, 0, 0, 0, 0]"
"['the', 'Development', 'Team', 'shall', 'after', 'Team', 'Project', 'all', 'to', 'mail', '-', '[', 'e', 'note', 'release', 'out', 'send', 'then', 'and', 'develop', 'via', 'shall', 'system']","[0, 1, 2, 0, 0, 2, 1, 0, 0, 0, 0, 0, 0, 2, 1, 0, 0, 0, 0, 0, 0, 0, 1]"
"['the', '.', 'system', 'control', 'source', 'the', 'in', 'build', ']', 'system', 'system', ']', 'name', ']', 'name', 'system', '[', 'any', 'before', 'signoff', 'provide', 'shall', 'Lead', '/', 'Owner', 'Technical']","[0, 0, 2, 2, 1, 0, 0, 1, 0, 0, 0, 0, 0, 0, 0, 0, 0, 0, 0, 0, 0, 0, 2, 2, 2, 1]"
"['this', '.', 'request', 'test', 'laboratory', 'for', 'message', 'and', 'Requirements', 'support', '.', 'instance', 'local', 'a', 'in', 'store', 'be', 'should', 'organization', 'partner', 'response', 'key', 'for', 'information']","[0, 0, 2, 2, 1, 0, 1, 0, 0, 0, 0, 2, 1, 0, 0, 0, 0, 0, 2, 2, 2, 1, 0, 4]"
"['furthermore', '.', 'include', 'credit', 'card', 'information', '-', 'multi', 'into', 'product', 'of', 'placement', 'the', 'for', 'allow', 'will', 'management']","[0, 0, 0, 3, 4, 4, 2, 1, 0, 1, 0, 0, 0, 0, 0, 0, 0]"
"['one', 'criterion', 'be', 'that', 'sufﬁcient', 'information', 'be', 'record', 'during', 'an', 'observation', 'to', 'recreate', 'the', 'sequence', 'of', 'event', 'that', 'occur', 'debugging', 'parameter', 'and', ',']","[0, 0, 0, 0, 0, 0, 0, 0, 0, 0, 1, 0, 0, 0, 0, 0, 0, 0, 0, 0, 4, 4, 0]"
"['Customer', '.', 'System', 'Weborder', ';']","[0, 0, 0, 0, 0]"
"['flexible', 'scheduling', 'mean', 'observe', 'standby', 'program', 'those', 'condition', 'require', 'by', 'their', 'program', '.']","[0, 0, 0, 1, 0, 2, 0, 0, 0, 0, 0, 1, 0]"
"['the', 'Telescope', 'Control', 'System', 'should', 'be', 'capable', 'of', 'detect', 'and', 'invoke', 'to', '3.1.1', '.', 'be', 'interface', 'or', 'at', 'the', 'message', 'system', 'level', '.', 'server']","[0, 0, 0, 0, 0, 0, 0, 0, 0, 0, 0, 0, 0, 0, 0, 0, 0, 0, 0, 0, 0, 0, 0, 0]"
"['if', 'be', '.', 'of', 'on', 'the', 'DMI', 'shall', 'remain', ',', 'and', 'the', 'driver', 'shall', 'be', 'inform', 'about', 'the', 'loss', 'transmission', 'magnetic', 'can', 'distance', 'trackside', ':']","[0, 0, 0, 0, 0, 0, 1, 0, 0, 0, 0, 0, 1, 0, 0, 0, 0, 0, 0, 0, 0, 0, 3, 1, 0]"
"['this', '.', 'associate', 'be', 'it', 'which', 'with', 'shall', 'be', '.', 'M', '.', 'provide', 'be', 'to', 'range', 'adjustment', 'volume']","[0, 0, 0, 0, 0, 0, 0, 0, 0, 0, 0, 0, 0, 0, 0, 0, 0, 0]"
"['each', 'subsystem', 'should', 'provide', 'and', 'on', 'demand', 'through', 'the', 'deﬁned', 'interface', '.']","[0, 1, 0, 0, 0, 0, 0, 0, 0, 0, 0, 0]"
"['this', '.', 'summit', 'the', 'on', 'station', 'Pohaku', 'while', 'personnel', 'duty', 'off', 'where', 'facility', 'the', 'be']","[0, 0, 0, 0, 0, 0, 0, 0, 0, 0, 0, 0, 1, 0, 0]"
"['if', 'the', 'temperature', 'change', 'limit', '.', 'through', 'then', 'function', 'of', 'the', 'software', 'for', 'the', 'system', 'be', 'contain', 'in', 'the', 'follow', 'paragraph', 'go', '.', 'monitor', 'temperature', 'function', 'receive', 'the', 'valid', 'temperature', 'and', 'system', 'parameter', '.']","[0, 0, 1, 2, 4, 0, 0, 0, 0, 0, 0, 0, 0, 0, 0, 0, 0, 0, 0, 0, 0, 0, 0, 1, 2, 2, 0, 0, 0, 3, 4, 4, 4, 0]"
"['system', 'of', 'case', ',', ',', 'Access', 'MS', ',', 'INFO', '-', 'EPI', ',', 'SPSS', ',', 'SAS', ',', 'e.g.', '(', 'tool', 'analytical', 'available', 'commonly', 'with', 'MS', 'use', 'Excel', 'Crystal', 'in', 'include', 'be', 'OM', 'support', 'system', 'to', 'specific', 'requirement', 'integration', 'Systems', 'EXCHANGE', 'DATA', 'and', 'INTEGRATION']","[1, 4, 4, 0, 0, 0, 0, 0, 0, 0, 0, 0, 0, 0, 0, 0, 0, 0, 2, 1, 0, 0, 0, 0, 0, 0, 0, 0, 0, 0, 0, 0, 1, 0, 0, 0, 0, 0, 0, 0, 0, 0]"
"['the', 'program', 'will', 'take', 'maximum', 'care', 'in', 'this', 'form', 'and', 'validation', 'table', 'as', 'it', 'become', 'a', 'vital', 'transaction', 'to', 'be', 'capture', '.']","[0, 1, 0, 0, 0, 0, 0, 0, 0, 0, 0, 0, 0, 0, 0, 0, 0, 1, 0, 0, 0, 0]"
"['(', '.', ')', '10.2', 'section', 'see', 'be', 'pass', 'to', 'the', 'function', ""'"", 'call', 'emergency', 'Railway', ""'"", 'the', '(', 'of', ')', 'M']","[0, 0, 0, 0, 0, 0, 0, 0, 0, 0, 0, 0, 0, 0, 0, 0, 0, 0, 0, 0, 0]"
"['all', '.', 'execute', 'be', 'that', 'function', 'the', 'on', 'detail', 'give', 'section', 'and', 'the', 'by', 'preform', 'action', 'the', 'of', 'description', 'full', 'a', 'give', ',', 'Features', 'System', 'the', 'system', 'Ethnography', 'mention', '.', 'os', 'Mac', ',', 'Vista', 'and', 'XP', 'Microsoft', 'include', 'system', 'operating', 'different', 'across', 'work', 'will', 'it', 'mean', 'this', ';', 'portable', 'be', 'will', 'system']","[0, 0, 0, 0, 0, 1, 0, 0, 0, 0, 0, 0, 0, 0, 0, 1, 0, 0, 0, 0, 0, 0, 0, 0, 0, 0, 1, 1, 0, 0, 0, 0, 0, 0, 0, 0, 0, 0, 2, 1, 0, 0, 0, 0, 0, 0, 0, 0, 0, 0, 0, 1]"
"['system', '.', 'questionnaire', 'by', '.', 'support', 'be', 'should', 'investigation']","[1, 0, 2, 0, 0, 0, 0, 0, 2]"
"['signal', 'within', 'the', 'NSS', 'and', '(', 'Centre', 'Maintenance', 'and', '.']","[0, 0, 0, 1, 0, 0, 2, 2, 2, 0]"
"['since', 'the', 'Gemini', 'system', 'support', 'monitoring', 'of', 'operation', ',', 'there', 'must', 'be', 'the', 'capability', 'of', 'provide', 'access', 'IOC', 'datum', '.', 'large', 'optical', 'detector', ',', 'a', 'full', 'readout', 'of', 'the', 'detector', 'must', 'be', 'do', 'in', 'about', '2', 'or', '3', 'minute']","[0, 0, 0, 0, 0, 0, 0, 0, 0, 0, 0, 0, 0, 0, 0, 0, 0, 0, 0, 0, 0, 0, 0, 0, 0, 0, 0, 0, 0, 1, 0, 0, 0, 0, 0, 0, 0, 0, 0]"
"['for', 'it', 'an', 'source', 'if', 'any', ')', ';', 'fill', 'out', 'one', 'xml', 'submission', 'document', 'to', 'package', 'multiple', 'tag', ';', 'specify', 'relationship', '(', 'authoritative', 'submit', 'modification', 'for', 'approve', 'xml', 'datum', 'and', 'metadata', 'component', '.']","[0, 0, 0, 0, 0, 0, 0, 0, 0, 0, 0, 1, 2, 2, 0, 0, 0, 1, 0, 0, 0, 0, 0, 0, 0, 0, 0, 1, 2, 2, 2, 2, 0]"
"['the', 'save', 'and', 'warning', '/', 'caution', 'message', 'after', 'the', 'datum', 'display', 'to', 'allow', '.', 'requirement', 'another', 'implement', 'to', 'modify', 'be', 'must', 'code', 'source', 'that', 'if', 'only', 'file', 'log']","[0, 0, 0, 0, 0, 0, 0, 0, 0, 0, 0, 0, 0, 0, 0, 0, 0, 0, 0, 0, 0, 0, 0, 0, 0, 0, 2, 2]"
"['Operation', 'of', 'the', 'train', 'trip', 'shall', 'be', 'indicate', 'on', 'the', 'DMI', '.', 'brake', 'shall', 'driver']","[0, 0, 0, 1, 2, 0, 0, 0, 0, 0, 1, 0, 2, 0, 1]"
"['communication', 'via', 'a', 'route', 'be', 'typically', 'asynchronous', ',', 'with', 'command', 'available', 'to', 'establish', 'synchronization', 'as', 'need', '.', 'to', 'reset', 'permit', 'IOC', 'route', 'be', 'to', 'be', 'reinitialize', '.']","[0, 0, 0, 0, 0, 0, 0, 0, 0, 0, 0, 0, 0, 0, 0, 0, 0, 0, 0, 0, 0, 1, 0, 0, 0, 0, 0]"
"['the', 'hardware', 'requirement', 'be', 'contain', 'in', 'the', 'have', 'system', '.', 'System', 'state', 'in', 'this', 'section', 'of', 'the', 'SRS', '.']","[0, 0, 0, 0, 0, 0, 0, 0, 0, 0, 1, 0, 0, 0, 0, 0, 0, 0, 0]"
"['2', '.', 'process', 'login', 'the', 'already', 'must', 'account', 'new', 'a', 'create', 'and', 'register', 'Customer']","[0, 0, 0, 0, 0, 0, 0, 0, 0, 0, 0, 0, 0, 1]"
"['these', 'can', 'be', 'divide', 'into', 'two', 'use', 'set', 'to', 'and', 'read', 'one', 'or', 'more', 'display', 'list', 'ﬁle', 'create', 'tool', 'by', ',', 'establish', 'communication', 'with', 'all', 'necessary', 'ioc', ',', 'EDD']","[0, 0, 0, 0, 0, 0, 0, 0, 0, 0, 0, 0, 0, 0, 0, 0, 0, 0, 1, 0, 0, 0, 0, 0, 0, 0, 0, 0, 0]"
"['requirement', '.', 'of', 'lan', 'be', 'show', 'in', 'Figure', '4', '-', '1', '.']","[0, 0, 0, 0, 0, 0, 0, 0, 0, 0, 0, 0]"
"['the', ')', ')', ',', 'July', '9070', 'IEC', '/', 'ISO', ';', '–', 'Standard', 'Formal', 'Military', '-', 'MIL', ';', '1993', ',', 'June', '2', 'STD-6040', 'Public', 'Identifier', '.', ',', 'Macintosh', 'the', 'for', 'Developers', 'Application', ',', 'Tools', 'Power', 'platform', '-', 'cross', '""', ',', 'Steve', ',']","[0, 0, 0, 0, 0, 0, 0, 0, 0, 0, 0, 0, 0, 0, 0, 0, 0, 0, 0, 0, 0, 0, 0, 0, 0, 0, 0, 0, 0, 0, 0, 0, 0, 0, 0, 0, 0, 0, 0, 0, 0]"
"['the', 'information', 'send', 'valid', 'temperature', 'range', '.']","[0, 0, 0, 0, 3, 4, 0]"
"['all', 'subsystem', 'must', 'group', 'error', 'into', 'these', 'category', '.']","[0, 1, 0, 0, 1, 0, 0, 3, 0]"
"['as', '.', 'requirement', 'similar', 'with', ',', 'observing', 'preprogrammed', 'it']","[0, 0, 0, 0, 0, 0, 0, 0, 0]"
"['the', 'use', 'of', 'these', 'feature', 'and', 'of']","[0, 0, 0, 0, 0, 0, 0]"
"['Heating', '.', 'change', 'be', 'designate', 'as', 'TBD(to', 'be', 'determine', ')', '.']","[0, 0, 0, 0, 0, 0, 0, 0, 0, 0, 0]"
"['detail', 'OCS', 'package', 'developer', ',', 'who', 'be', 'responsible', 'for', 'provide', 'work', '.', 'ShutDown', '=', ',', 'a', 'typical', 'command', 'might', 'be', ':', 'Ident=', '{', 'ID=314159', 'source', '=', 'operator_console']","[0, 0, 0, 0, 0, 0, 0, 0, 0, 0, 0, 0, 0, 0, 0, 0, 0, 0, 0, 0, 0, 0, 0, 0, 0, 0, 0]"
"['Web', '.', 'need', 'update', 'outline', 'category', 'assist', 'to', 'bubble', 'help', 'utilize', 'shall', 'system', 'manager']","[0, 0, 0, 0, 0, 1, 0, 0, 0, 0, 0, 0, 0, 0]"
"['to', 'clarify', 'these', 'condition', ',', 'the', 'follow', 'definition', 'unit', 'will', 'use', ':', 'lt', ':', 'Lower', 'Trigger', 'Value', '=']","[0, 0, 0, 0, 0, 0, 0, 0, 2, 0, 0, 0, 0, 0, 3, 4, 4, 0]"
"['go', '.', 'A2', ';', '(', 'cookie', 'Administrator', 'recognize']","[0, 0, 0, 0, 0, 0, 0, 0]"
"['(', 'result', 'handset', '.', '5A-3', 'subject', 'party', 'the', 'either', 'requirement', 'by', 'terminate', 'and', 'be', 'able', '.', 'shall', 'call', ')', 'M']","[0, 0, 0, 0, 0, 0, 0, 0, 0, 0, 0, 0, 0, 0, 0, 0, 0, 1, 0, 0]"
"['use', 'search', 'a', 'particular', 'person', ',', 'type', 'of', 'crime', 'for', '.', 'case', 'on', 'Search', 'module', 'of', 'the', 'cctns', 'give', 'police', 'personnel', 'the', 'ability', 'to', 'execute', 'a', 'basic', 'or', 'advanced', 'search', ',']","[0, 0, 0, 0, 3, 0, 3, 4, 4, 0, 0, 1, 0, 0, 0, 0, 0, 0, 0, 0, 0, 0, 0, 0, 0, 0, 0, 0, 0, 0, 0]"
"['(', 'i', ')', 'a', 'list', 'of', 'ETSI', 'and', '3gpp', 'specification', 'be', 'feature', 'railway', 'and', ',', 'the', 'specification', 'be', 'show', 'in', 'figure', '1', 'scope', '-', ',', 'show', 'the', 'hierarchy', 'of', 'the', 'GSM', '2', 'pre', ';', 'functional', 'information', 'between', 'train', 'and', 'ground', 'to', 'support', 'functional', 'and', 'location', 'dependent', 'addressing', ';', 'emergency', 'call', 'location', 'and', 'number', 'of', 'emption', ';', 'General', 'Packet', 'Radio', 'Service', '(', ';', 'GPRS', ';', 'railway', 'specific', 'application', ':', ';', 'exchange', ')', 'identity', 'shunt', ';', 'parameter', 'and', 'standard', ':', ';', 'link', 'assurance', 'signal', ';', 'call', 'and', 'connected', 'line', 'presentation', 'of', 'network', ',', 'feature', 'specific', 'multiple', 'driver', 'communication', ';', 'direct', 'mode', 'facility', 'mode', 'for', '-', 'to', '-', 'set', 'operation', ';', 'railway', 'set', 'interoperability', 'equipment', 'or', 'the', 'EIRENE', 'system', 'be', 'cover', 'in', 'this', 'specification', ',', 'by', 'associate', 'each', 'element', 'of', 'the', 'how', 'show', '1', '-', 'station', 'and', 'depot', 'staff', 'and', 'railway', 'administrative', 'system', 'and', 'personnel', '.']","[0, 0, 0, 0, 0, 0, 0, 0, 0, 0, 0, 0, 0, 0, 0, 0, 0, 0, 0, 0, 0, 0, 0, 0, 0, 0, 0, 0, 0, 0, 0, 0, 1, 0, 0, 4, 0, 1, 0, 1, 0, 0, 0, 0, 0, 0, 0, 0, 0, 0, 4, 4, 3, 0, 2, 0, 1, 2, 2, 2, 0, 0, 0, 0, 0, 0, 0, 0, 0, 0, 0, 0, 0, 0, 0, 0, 0, 0, 0, 0, 0, 0, 0, 0, 0, 0, 0, 0, 0, 0, 0, 0, 0, 0, 0, 0, 0, 0, 0, 0, 0, 0, 0, 0, 0, 0, 0, 0, 0, 0, 0, 0, 0, 0, 0, 0, 0, 0, 0, 0, 0, 0, 0, 0, 0, 0, 0, 0, 0, 0, 0, 0, 0, 0, 0, 0, 0, 0, 0, 1, 0, 0, 0]"
"['the', 'ceiling', 'speed', 'value', 'for', 'the', 'to', 'up', 'at', 'possible', 'if', 'order', 'by', 'trackside', 'unfitted', 'operation', 'shall', 'be', 'possible', 'if', 'select', 'by', 'the', 'driver', 'start', 'driver', 'of', 'change']","[0, 3, 4, 4, 0, 0, 0, 0, 0, 0, 0, 0, 0, 1, 1, 2, 0, 0, 0, 0, 0, 0, 0, 1, 0, 3, 0, 0]"
"['Reliability', 'be', 'deﬁne', 'as', '""', 'the', 'duration', 'or', 'probability', 'of', 'failure', '-', 'performance', 'format', 'data', 'in', 'of', 'such', 'a', 'network', ',', 'its', 'functional', 'requirement', 'layout', 'can', 'split', 'into', 'several', 'category', ':', 'local', 'coordination', 'and', 'be', 'physical', 'the', 'of', 'analog', 'event', '-', 'base', 'bus', ',', 'for', 'distribution', 'of', 'signal', 'with', 'requirement', 'not', 'satisﬁe', 'by', 'a', 'LAN', '.']","[0, 0, 0, 0, 0, 0, 0, 0, 0, 0, 0, 0, 0, 0, 0, 0, 0, 0, 0, 0, 0, 0, 0, 0, 0, 0, 0, 0, 0, 0, 0, 0, 0, 0, 0, 0, 0, 0, 0, 0, 0, 0, 0, 0, 0, 0, 0, 0, 0, 0, 0, 0, 0, 0, 0, 0]"
"['Channel', 'access', 'client', 'service', 'be', 'available', 'channel', 'access', 'do', 'not', 'impact', 'any', 'software', 'that', 'access', 'the', 'database', 'via', 'channel', 'access', '.']","[0, 0, 0, 0, 0, 0, 0, 0, 0, 0, 0, 0, 0, 0, 0, 0, 1, 0, 0, 0, 0]"
"['the', 'main', 'feature', 'additional', 'of', 'number', 'driver', 'safety', 'device', ';', 'train', 'borne', 'recorder', 'intercom', '.', 'meet', 'the', 'specific', 'railway', 'requirement', ',', 'a']","[0, 0, 0, 0, 0, 0, 1, 2, 2, 0, 1, 2, 2, 1, 0, 0, 0, 0, 0, 0, 0, 0]"
"['there', 'be', 'start', '-', 'and', 'up', 'shut', '-', 'down', 'procedure', 'that', 'must', 'exist', 'at', 'and', 'up', '-', 'start', 'possible', 'concurrency', 'in', 'system', 'operation', 'should', 'be', 'use', '.']","[0, 0, 0, 0, 0, 0, 0, 0, 0, 0, 0, 0, 0, 0, 0, 0, 0, 0, 0, 0, 0, 1, 0, 0, 0, 0, 0]"
"['provide', 'how', 'alternative', 'frame', '-', 'base', 'presentation', ':', 'if', 'frame', 'be', 'to', 'scrolling', 'and', 'its', 'information', '.']","[0, 3, 0, 0, 0, 0, 0, 0, 0, 0, 0, 0, 0, 0, 0, 0, 0]"
"['this', '.', 'the', 'internet', 'GAMMA', 'J', 'play', 'and', 'plug', '""', 'a', 'on', 'implementation', '-', 'for', 'be', '1']","[0, 0, 0, 0, 0, 0, 0, 0, 0, 0, 0, 0, 0, 0, 0, 0, 0]"
"['long', 'can', 'be', 'more', 'appropriate', 'when', 'user', 'want', 'to', 'page', 'use', 'with', 'care']","[0, 0, 0, 0, 0, 0, 0, 0, 0, 0, 0, 0, 0]"
"['the', 'shall', 'algorithm']","[0, 0, 0]"
"['requirement', '.', 'disappear']","[0, 0, 0]"
"['[', 'en', '301', 'd', 'be', '3', 'digit', 'of', 'each', 'tone', '(', 'see', '3.8.2', 'and', '3.8.4', ')', 'add', 'in', 'the', 'voice', 'channel', ',', 'duration', 'the', ')', 'M', 'sequence', '""', '#', '*', '*', '""', 'transmit', '-', 'via', 'from', 'all', 'the', 'talking', 'controllers4', '.']","[0, 0, 0, 3, 0, 1, 2, 0, 0, 1, 0, 0, 0, 0, 0, 0, 0, 0, 0, 1, 2, 0, 3, 0, 0, 0, 2, 0, 0, 0, 0, 0, 0, 2, 0, 0, 0, 0, 0, 1, 0]"
"['cab', 'radio', '11', ';', '.']","[0, 0, 0, 0, 0]"
"['(', 'o', 'GSM', 'the', 'use', 'testing', '-', 'self', 'automatic', '.', 'initiate', 'radio', 'the', ',', 'on', 'switch', 'when', ')', 'shall', 'Cab', '14', 'in', 'text', ')', 'SMS', '(', 'short', 'incoming', 'store', 'and', 'display', ',', 'receive', 'to', 'able', 'be', 'shall', 'message', '(', 'see', 'section', 'define', 'as', 'communication', 'mode', 'shunt', 'support', 'shall', 'section', 'radio', 'the', ')', 'M']","[0, 0, 0, 0, 0, 0, 0, 0, 0, 0, 0, 1, 0, 0, 0, 0, 0, 0, 0, 1, 0, 0, 0, 0, 0, 0, 0, 0, 0, 0, 0, 0, 0, 0, 0, 0, 0, 0, 0, 0, 0, 0, 0, 0, 0, 0, 0, 0, 0, 2, 0, 0, 0]"
"['repair', 'replace', ';', 'effort', 'to', 'perform', 'maintenance', ';', 'error', 'in', 'personnel', 'maintain', ';', 'failure', 'induce', 'in', 'maintenance', '.']","[0, 0, 0, 0, 0, 0, 0, 0, 0, 0, 1, 0, 0, 0, 0, 0, 0, 0]"
"['queue', '.', 'delay', 'and', 'checking', 'minimal', 'observing', 'with', 'and', 'accept', 'be', 'command', 'all', 'where', 'through”mode', 'pass', 'transmit', 'be', 'the', 'primary', 'datum', 'science', 'sound', 'provide', 'of', 'mean', 'good', 'the', 'be', 'it', 'as', ',', 'telescope', 'Gemini', 'the', 'with', 'use', 'mode', 'observation', '""', 'while', 'a', 'operate', 'priority', 'top', 'a', 'clearly', 'be']","[0, 0, 0, 0, 0, 0, 0, 0, 0, 0, 0, 0, 0, 0, 0, 0, 0, 0, 0, 0, 0, 0, 0, 0, 0, 0, 0, 0, 0, 0, 0, 0, 0, 0, 0, 0, 0, 4, 3, 0, 0, 0, 0, 0, 0, 0, 0, 0]"
"['customer', '.', 'order', 'confirm', 'and', 'able']","[1, 0, 1, 0, 0, 0]"
"['(', '.', 'radio', 'cab', 'all', 'at', 'permanently', 'display', ""'"", 'call', 'train', 'staff', 'select', 'member', 'staff', 'the', 'on', 'base', 'number', 'be', 'functional', 'the', 'determine', 'shall', 'radio', 'the', ',', ""'"", 'appropriate', 'party', 'shall', ""'"", 'have', 'shall', 'call', 'party', '-', 'multi']","[0, 0, 2, 1, 0, 0, 0, 0, 0, 0, 0, 0, 0, 2, 1, 0, 0, 0, 4, 0, 3, 0, 0, 0, 1, 0, 0, 0, 0, 2, 0, 4, 0, 0, 2, 2, 2, 1]"
"['the', '.', 'system', 'the', 'themas', 'show', 'display', 'the', 'website', 'and', 'video', '(', 'the', 'e.g.', 'combination', 'tab', 'of', 'name', '’s', 'post', 'of', 'half', 'link']","[0, 0, 0, 0, 0, 0, 0, 0, 3, 0, 3, 0, 0, 0, 0, 1, 0, 4, 0, 4, 0, 4, 3]"
"['a', 'fundamental', 'criterion', 'of', 'Gemini', 'workstation', 'to', 'be', 'database', 'must', 'support', 'both', 'remote', 'access', 'and', 'distribute', 'datum', '.']","[0, 0, 0, 0, 0, 0, 0, 0, 1, 0, 0, 0, 0, 0, 0, 0, 0, 0]"
"['the', 'roll', 'away', 'by', '/', 'movement', 'intervention', 'shall', 'be', 'indicate', 'on', 'reverse', 'travel', 'be', ',', 'equipment', 'shall', 'apply', 'the', 'emergency', 'brake', 'after', 'a', 'distance', ',', 'define', 'by', 'a', 'national', 'value', 'the', 'DMI', '.']","[0, 1, 2, 0, 2, 2, 2, 0, 0, 0, 0, 2, 0, 0, 0, 2, 0, 0, 0, 1, 2, 0, 0, 3, 0, 0, 0, 0, 3, 4, 0, 1, 0]"
"['in', 'for', 'in', 'and', 'Hilo', 'in', 'JACH', 'the', 'with', 'be', 'Chile', 'direct', 'this', 'Hawaii']","[0, 0, 0, 0, 0, 0, 0, 0, 0, 0, 0, 0, 0, 0]"
"['maximum', 'acceptable', 'readout', 'time', 'for', 'detector', 'datum', 'signiﬁcant', 'limited', 'readout', 'detector', 'from', 'detector', 'must', 'be', 'store', 'in', 'the', 'most', 'effective', 'method', 'permit', 'by', 'available', 'technology', '.']","[3, 4, 4, 4, 0, 0, 0, 0, 0, 0, 0, 0, 1, 0, 0, 0, 0, 0, 0, 0, 3, 0, 0, 0, 0, 0]"
"['they', 'also', 'require', 'additional', 'user', 'action', 'for', 'close', 'unwanted', 'window', '.']","[0, 0, 0, 0, 0, 0, 0, 0, 0, 0, 0]"
"['if', 'the', 'train', 'train', 'from', 'transition', 'a', 'be', 'equip', 'with', 'two', 'operational', 'there', 'shall', 'be', 'no', 'performance', 'penalty', 'as', 'a', 'result', 'of', 'the', '.']","[0, 0, 1, 3, 0, 0, 0, 0, 0, 0, 0, 1, 0, 0, 0, 0, 0, 0, 0, 0, 0, 0, 0, 0]"
"['the', '.', 'internet', 'the', 'on', 'video', 'for', 'site', '2', 'be', ',', 'Alan', 'search', 'time', 'of', 'period', 'spend', 'regularly', 'would', 'people']","[0, 0, 1, 0, 0, 1, 0, 2, 0, 0, 0, 0, 0, 0, 0, 0, 0, 0, 0, 1]"
"['past', 'experience', 'with', 'confidence', 'development', 'show', ',', 'that', 'financing', 'input', ',', 'e.g.', 'facility', 'and', 'equipment', 'aid', ',', 'have', 'team', 'be', 'will', 'help', 'they', 'to', 'test', 'every', 'module', 'in', 'the', 'will', 'system', 'overall', 'testing', 'of', 'the', 'system', ',', 'so', 'that', 'the', 'testing', 'and', 'provider', 'do', 'result', 'pre', '-', 'define', 'input', 'by', 'sell', 'voucher', 'for', 'std', 'service', 'than', 'at', 'price', 'to', 'patient', '.']","[0, 0, 0, 0, 0, 0, 0, 0, 0, 0, 0, 0, 0, 0, 0, 0, 0, 0, 0, 0, 0, 0, 0, 0, 0, 0, 0, 0, 0, 0, 0, 0, 0, 0, 0, 0, 0, 0, 0, 0, 0, 0, 2, 0, 0, 0, 0, 0, 0, 0, 0, 1, 0, 0, 0, 0, 0, 0, 0, 0, 0]"
"['the', 'functionality', 'in', 'the', 'core', '[', 'system', 'name', ']', 'will', 'remain', 'exist', 'in', 'change', 'the', 'to', 'improve', 'the', 'performance', '.']","[0, 0, 0, 0, 0, 0, 0, 0, 0, 0, 0, 0, 0, 0, 0, 0, 0, 0, 0, 0]"
"['(', '.', ']', '1', 'part', '1508', 'IEC', '[', 'and', ']', ';', '(', 'o', ')', ')', 'o', '(', ';', 'Address', 'Public', ';', 'UIC', ')', '(', ';', 'interface', 'ETCS', '/', 'ERTMS', ';', 'o']","[0, 0, 0, 0, 0, 0, 0, 0, 0, 0, 0, 0, 0, 0, 0, 0, 0, 0, 0, 0, 0, 0, 0, 0, 0, 0, 0, 0, 0, 0, 0]"
"['however', ',', 'the', 'operating', 'environment', 'at', 'these', 'level', 'be', 'assume', 'but', 'be', 'OCS']","[0, 0, 0, 1, 2, 0, 0, 3, 0, 0, 0, 0, 0]"
"['again', '.', ')', 'instrument', 'an', 'on', 'mount', 'filter', 'of', 'operation', 'to', 'access', 'have', '.', 'operation', 'normal', 'in', 'be', 'these', 'while', 'subsystem', 'to', 'access', 'have', 'not', 'shall', 'they', ',']","[0, 0, 0, 0, 0, 0, 0, 3, 0, 3, 0, 0, 0, 0, 3, 0, 0, 0, 0, 0, 1, 0, 0, 0, 0, 0, 0, 0]"
"['these', 'result', 'link', 'be', 'must', 'result']","[0, 1, 0, 0, 0, 2]"
"['however', ',', 'it', 'will', 'be', 'the', 'off']","[0, 0, 0, 0, 0, 0, 0]"
"['reversing', 'shall', 'time', 'be', 'as', 'define', 'by', 'a', 'value', 'give', 'possible', 'any', 'at', 'close', '.']","[1, 0, 0, 0, 0, 0, 0, 0, 0, 0, 0, 0, 0, 0, 0]"
"['Update', 'system', 'the', 'from', 'delete', 'be', 'product']","[0, 0, 0, 0, 0, 0, 1]"
"['it', '.', 'facility', ')', '.']","[0, 0, 2, 0, 0]"
"['system', '.', 'administer', 'treatment', 'and/or', 'case', 'vaccination', 'number', 'the', 'and', ',', 'result', 'laboratory', 'the', ',', 'diagnosis', 'of', 'entity', 'new', 'number', 'from', 'contact', 'new', 'create', 'to', 'able', 'be', 'should', 'OM', 'support']","[1, 0, 4, 4, 4, 1, 4, 3, 0, 0, 0, 4, 3, 0, 0, 0, 4, 1, 0, 0, 0, 1, 0, 0, 0, 0, 0, 0, 0, 0]"
"['the', '.', 'minute', '1', 'than', 'be', 'the', 'same', 'time', 'be', 'shall', 'system']","[0, 0, 0, 0, 0, 0, 0, 0, 0, 0, 0, 0]"
"['display', 'deﬁnition', 'ﬁle', ',', 'PvWave', '/', 'IDL', 'script', ',', 'request', 'Gemini', 'installation', 'within', 'backbone', 'LAN', 'can', 'not', 'be', 'Ethernet', 'because', 'of', 'the', 'bandwidth', '.']","[0, 0, 0, 0, 0, 0, 0, 0, 0, 0, 0, 0, 0, 0, 0, 0, 0, 0, 0, 0, 0, 0, 0, 0]"
"['if', 'ascii', 'the', 'history', 'report', 'be', 'select', ',', 'the', 'themas', 'system', 'shall', 'select', 'all', 'the', 'event', 'operational', 'Event', 'an', 'consist', 'the', 'supervisor', '’s', 'interface', 'to', 'the', 'themas', 'system', 'shall', 'provide', 'a', 'mechanism', 'to', 'of', 'select', 'an', 'operational', 'history', 'report', 'or', 'a', 'statistical', 'summary', 'report', '.']","[0, 1, 0, 2, 2, 0, 0, 0, 0, 0, 1, 0, 0, 0, 0, 1, 1, 0, 0, 0, 0, 1, 0, 0, 0, 0, 0, 1, 0, 0, 0, 0, 0, 0, 0, 0, 1, 2, 2, 0, 0, 1, 2, 2, 0]"
"['the', 'start', '.', 'host', 'the', 'to', 'video', 'half', 'host']","[0, 0, 0, 2, 0, 0, 1, 4, 3]"
"['unless', '.', 'below', 'summarize', 'be', 'class', 'user', 'each', 'of', 'requirement', 'general']","[0, 0, 0, 0, 0, 0, 1, 0, 0, 0, 0]"
"['accord', 'web', 'Statement', 'Needs', 'Functional', '’s', 'J', '-', 'GAMMA', 'this', ',', 'however', ';', 'tech', 'the', ',']","[0, 0, 0, 0, 0, 0, 0, 0, 0, 0, 0, 0, 0, 0, 0, 0]"
"['this', 'this', 'at', 'parameter', '(', 'for', 'example', ',', 'with', 'instrument', 'parameter', ')', 'to', 'be', 'update', '.']","[0, 0, 0, 0, 0, 0, 0, 0, 0, 0, 0, 0, 0, 0, 0, 0]"
"['ETCS', 'shall', 'supervise', 'confirmation', 'shunting', 'to', 'a', 'permit', 'national', 'speed', 'value', 'operation', 'request', 'shall', 'ETCS', 'the', 'supervised', 'shunting', 'speed', 'base', 'on', 'trackside', 'information', '.']","[1, 0, 0, 0, 1, 0, 0, 0, 3, 4, 4, 2, 0, 0, 1, 0, 3, 4, 4, 0, 0, 1, 2, 0]"
"['this', 'request', 'shall', 'include', 'the', 'designation', 'of', 'the', 'heating', 'or', 'cool', 'that', 'cool', 'cool', ',', 'H', '/', 'c', 'request', 'this', 'process', 'shall', 'recognize', 'the', 'value', 'for', 'the', 'request']","[0, 1, 0, 0, 0, 3, 0, 0, 1, 2, 2, 0, 2, 2, 0, 0, 0, 0, 0, 0, 0, 0, 0, 0, 0, 0, 0, 0]"
"['call', ';', 'conversation', ':', 'where', 'the', 'party', 'the', 'of', 'one', 'where', ':', 'termination', 'in', 'call', 'communicate', 'can', 'call', 'the', 'in', 'involve', 'party', ';', 'to', 'initiate', 'a', 'store', 'of', 'list', 'a', 'support', 'to', 'provide', 'be', 'shall', 'facility', ')', 'M']","[0, 0, 0, 0, 0, 0, 0, 0, 0, 0, 0, 0, 0, 0, 0, 0, 0, 0, 0, 0, 0, 0, 0, 0, 0, 0, 3, 0, 0, 0, 0, 0, 0, 0, 0, 0, 0, 0]"
"['Menu', '.', 'movement', 'selection', '.']","[0, 0, 1, 0, 0]"
"['Customer', '.']","[1, 0]"
"['this', 'by', 'unit', 'datum', 'and', 'and', 'cool', 'unit', 'shall', 'be', 'do', 'through', 'the', 'interface', 'to', 'these', 'unit', 'thermostat', '.', 'interface', 'shall', 'run', 'on', 'this', 'operating', 'system', 'as', 'well', '.']","[0, 0, 4, 0, 0, 2, 2, 2, 0, 0, 0, 0, 0, 1, 0, 0, 1, 1, 0, 1, 0, 0, 0, 0, 0, 0, 0, 0, 0]"
"['at', '.', ')', 'system', 'separate', 'a', 'support', 'by', 'adequately', 'to', 'as', 'operate', 'as', 'instrument', 'all', 'view', 'Telescopes', 'Gemini', 'server']","[0, 0, 0, 1, 0, 0, 0, 0, 0, 0, 0, 0, 0, 0, 0, 0, 0, 0, 0]"
"['these', 'deﬁne', '/', 'IP', 'communication', 'protocol', 'over', 'LAN', ""'s"", 'and', 'TCP', 'the', ';', 'the', 'communication', 'software', 'must', 'support', 'the', 'standard', 'WAN', 'DARPA', 'the', 'use', 'in', 'the', 'Gemini', 'Conﬁguration', 'Control', 'Plan', '.']","[0, 0, 0, 0, 0, 0, 0, 0, 0, 0, 0, 0, 0, 0, 0, 0, 0, 0, 0, 0, 0, 0, 0, 0, 0, 0, 0, 0, 0, 0, 0]"
"['A1', '.', 'Administrator', ""'s"", 'Basic', 'Scenario', ')', 'login', 'resend', 'to', 'administrator', 'prompt']","[0, 0, 0, 0, 0, 0, 0, 0, 0, 0, 1, 0]"
"['this', 'include', 'catalog', ',', 'calibration', 'and', 'operation', ')', 'software', 'support', 'information', ',', 'detailed', 'documentation', ',', 'operation', 'log', ',', 'etc', '.', ')', 'be', 'store', 'in', 'a', 'relational', 'DBMS', '.']","[0, 0, 1, 0, 1, 0, 0, 0, 0, 0, 0, 0, 0, 0, 0, 0, 0, 0, 0, 0, 0, 0, 0, 0, 0, 0, 0, 0]"
"['raid', '4', 'intend', 'to', 'overcome', 'performance', 'penalty', 'of', 'raid', '3', 'for', 'small', 'transfer', '.']","[0, 0, 0, 0, 0, 0, 0, 0, 0, 0, 0, 0, 0, 0]"
"['the', 'add', 'system', 'timeThe', 'in', ',', 'default', '0', ')', '.']","[0, 0, 1, 0, 0, 0, 0, 0, 0, 0]"
"['the', 'System', 'must', 'be', 'able', 'no', 'to', 'audit', 'trail', 'for', 'specify', 'case', '(', 'without', 'affect', 'the', 'audit', 'export', 'information', 'or', 'have', 'event', 'can', 'be', 'identify', 'and', 'all', 'relate', 'datum', 'make', 'accessible', 'little', ',', 'that', 'this', 'can', 'be', 'achieve', 'by', 'authorise', 'external', 'personnel', 'who', 'and', 'trail', 'audit', 'the', 'administrative', 'parameter', '.']","[0, 0, 0, 0, 0, 0, 0, 1, 2, 0, 0, 1, 0, 0, 0, 0, 1, 0, 0, 0, 0, 1, 0, 0, 0, 0, 0, 0, 0, 0, 0, 0, 0, 0, 0, 0, 0, 0, 0, 0, 0, 0, 0, 0, 2, 1, 0, 3, 4, 0]"
"['it', 'shall', 'be', 'possible', 'to', 'update', 'all', 'non', 'limited', 'example', '.', 'and', 'with', 'category', 'of', 'user', 'or', 'with', 'the', 'location', 'associate', 'of', 'user', 'station', '(', 'local', 'or', 'remote', ')', '.', 'the', 'privilege', 'implement', 'by', 'protection', 'be', 'also', 'important', 'parameter', 'to', 'deﬁne', 'user', 'operation', '.']","[0, 0, 0, 0, 0, 0, 0, 0, 0, 0, 0, 0, 0, 0, 0, 1, 0, 0, 0, 3, 0, 0, 1, 2, 0, 0, 0, 0, 0, 0, 0, 3, 0, 0, 3, 0, 0, 0, 0, 0, 0, 0, 0, 0]"
"['customer', '.', 'delivery', 'test', 'approve', 'to', 'use', 'Dictionary', 'Data', ':', 'e', 'Appendix', 'to', 'refer', 'first', 'to', 'may', 'documentation', 'technical', 'to', 'new', 'be', 'who', 'want', 'reader', '.', 'to', ';', 'account', 'customer', 'manage', ':', 'will', 'Store']","[1, 0, 0, 0, 0, 0, 0, 0, 0, 0, 0, 0, 0, 0, 0, 0, 0, 0, 0, 0, 0, 0, 0, 0, 0, 0, 0, 0, 2, 1, 0, 0, 0, 0]"
"['(', '.', 'in', 'table', '5a-1', 'call', 'able', 'be', 'shall', 'party', 'connected', 'establish', 'be', 'communicate', 'have', 'a']","[0, 0, 0, 0, 0, 1, 0, 0, 0, 0, 0, 0, 0, 0, 0, 0]"
"['if', 'that', 'thermostat', 'still', 'need', 'a', 'heating', 'unit', 'o', 'cool', 'unit', 'turn', 'on', ',', 'this', 'process', 'shall', 'submit', 'a', 'request', 'to', 'turn', 'r', 'for', 'process', ',', 'the', 'ON', '/', 'off', 'status', 'of', 'each', 'heating', 'and', 'cool', 'unit', '.']","[0, 0, 1, 0, 0, 0, 1, 1, 2, 2, 2, 0, 0, 0, 0, 0, 0, 0, 0, 1, 0, 0, 2, 0, 0, 0, 0, 3, 4, 4, 4, 0, 0, 1, 2, 2, 2, 0]"
"['if', 'after', 'review', 'the', 'tag', 'in', 'the', 'Registry', ',', 'and', ',', 'Programming', ';', 'Developer', ""'s"", 'role', '.']","[0, 0, 0, 0, 1, 0, 0, 1, 0, 0, 0, 0, 0, 0, 0, 0, 0]"
"['install', '.', 'change', 'to', 'be', 'have', 'option', '’s', 'in', '-', 'plug']","[0, 0, 0, 0, 0, 0, 0, 0, 0, 0, 0]"
"['the', 'test', 'shall', 'require', '-', 'no', 'on', 'the', 'part', 'of', 'the', 'driver', 'action', 'self', 'automatic', 'an', '/', 'ETCS', 'on', 'board', 'equipment', 'at', 'Start', 'up', ',', 'the', 'on', 'board', 'equipment', 'shall', 'perform', '.', 'ertm']","[0, 1, 0, 0, 2, 0, 0, 0, 0, 0, 0, 1, 0, 1, 0, 0, 2, 2, 2, 2, 2, 0, 0, 0, 0, 0, 1, 2, 2, 0, 0, 0, 1]"
"['remote', '.', 'this', 'for', 'suitable', 'be', 'software', ',', 'control', '.']","[0, 0, 0, 0, 0, 0, 0, 0, 0, 0]"
"['in', '.', 'capture', 'be', 'to', 'datum', 'investigation', 'case', 'specific', '-', 'event', ',', 'dynamic', 'for', 'allow', 'must', 'OM', 'support']","[0, 0, 0, 0, 0, 4, 4, 3, 0, 0, 0, 0, 0, 0, 0, 0, 0, 0]"
"['since', 'the', 'interface', 'to', 'issue', 'con', 'the', 'unit', 'have', 'not', 'be', 'define', ',', 'the', 'part', 'of', 'this', 'process', 'that', 'trol', 'this', 'procedure', 'shall', 'make', 'to', 'the', 'status', 'of', 'a', 'heating', 'or', 'cool', 'unit', '.']","[0, 0, 0, 0, 0, 0, 0, 1, 0, 0, 0, 0, 0, 0, 0, 0, 0, 0, 0, 0, 0, 0, 0, 0, 0, 0, 3, 0, 0, 1, 2, 2, 2, 0]"
"['when', '.', 'variety', 'key', 'on', 'load', 'inventory', 'the', 'upon', 'depend', 'clientele', 'the', 'an', 'be', 'customer', 'delete', ',', 'add', 'can', 'personnel', 'sale', ',', 'and', 'add', '.', 'description', 'line', 'product', 'and', 'inventory', 'update']","[0, 0, 0, 0, 0, 0, 1, 0, 0, 0, 0, 0, 0, 0, 1, 0, 0, 0, 0, 0, 0, 0, 0, 0, 0, 0, 0, 0, 0, 0, 0]"
"['this', '.', 'sequencer', 'automatic', 'an', 'via', 'to', '(', 'as', 'define', 'provide', 'be', 'shall', 'interaction', 'of', 'degree', 'certain']","[0, 0, 0, 0, 0, 0, 0, 0, 0, 0, 0, 0, 0, 0, 0, 0, 0]"
"['the', 'display', '.', 'per', 'user', 'one', 'only', 'be', 'can']","[0, 0, 0, 0, 1, 0, 0, 0, 0]"
"['the', 'objective', 'and', 'requirement', 'of', 'this', 'plan', 'be', 'detail', ':', 'design', 'a', 'characteristic', 'integral', 'capability', 'of', 'the', 'mission', 'equipment', 'which', 'provide', 'an', 'an', ',', 'automate', 'test', 'capability', 'to', 'detect', ',', 'diagnose', 'onboard', ':', 'test', '-', 'which', 'allow', 'the', 'status', 'of', 'a', 'unit', 'to', 'be', 'conﬁdently', 'determine', 'in', 'a', 'timely', 'fashion', ';', 'build', '-', 'in', 'design', ',', 'from', 'of', 'risk', 'due', 'to', 'environmental', 'condition', ',', 'such', 'as', 'minimize', 'temperature', 'noise', ',', 'vibration', ',', 'etc', ';', 'minimize', 'risk', ',', ';', 'etc', ',', 'people', 'during', 'operation', 'and', 'maintenance', 'from', 'high', 'voltage', ',', 'electromagnetic', 'radiation', ',', 'sharp', 'edge', ',', 'hot', 'surface', ',', 'chemical', 'create', 'testing', 'by', 'error']","[0, 0, 0, 0, 0, 0, 0, 0, 0, 0, 0, 0, 0, 0, 0, 0, 0, 0, 0, 0, 0, 0, 0, 0, 0, 0, 0, 0, 0, 0, 0, 0, 0, 0, 0, 0, 0, 0, 3, 0, 0, 1, 0, 0, 0, 0, 0, 0, 0, 0, 0, 0, 0, 0, 0, 0, 0, 0, 0, 0, 0, 0, 0, 0, 0, 0, 0, 3, 3, 0, 3, 0, 0, 0, 0, 0, 0, 0, 0, 0, 0, 0, 0, 0, 0, 0, 0, 0, 0, 0, 0, 0, 0, 0, 0, 0, 0, 0, 0, 0, 0, 0, 0]"
"['Most', 'software', 'component', ',', 'because', 'be', 'number']","[0, 0, 0, 0, 0, 0, 0]"
"['to', 'traction', 'prevent', 'use', 'the', 'RBC', '.']","[0, 2, 0, 0, 0, 1, 0]"
"['if', 'error']","[0, 0]"
"['each', 'voucher', 'should', 'have', 'the', 'follow', 'property', 'be', 'form', 'claim', 'with', ')', 'the', 'voucher', '.']","[0, 1, 0, 0, 0, 0, 0, 0, 2, 1, 0, 0, 0, 1, 0]"
"['in', 'addition', ',', 'maintenance', 'also', 'shall', 'pertain', 'to', 'shutdown', ',', 'open', 'not', 'restructure', '-', 'and', 'privilege', 'Maintenance', 'Mode', ':', 'this', 'mode', 'include', 'modification', 'and/or', 'addition', 'of', 'application', 'data', 'segment', ',', 'user', 'permission', ',', ',', ';', 'mount', 'online', 'manage', 'various', 'type', 'of', 'datum', ',', 'database', 'architecture', 'and', 'platform', 'that', 'include', 'hardware', 'and', 'software', 'at', 'the', 'support', 'and', 'shall', 'management', '/', 'off', '-', 'line', 'implementation', ',', 'modification', ',', 'upgrade', ',', 'or', 'other', 'related', 'action', '.']","[0, 0, 0, 0, 0, 0, 0, 0, 0, 0, 0, 0, 0, 0, 0, 3, 1, 2, 0, 0, 1, 0, 0, 0, 0, 0, 0, 0, 0, 0, 3, 4, 0, 0, 0, 0, 0, 0, 0, 0, 0, 0, 0, 0, 0, 0, 0, 0, 0, 0, 0, 0, 0, 0, 0, 0, 0, 0, 0, 0, 0, 0, 0, 0, 0, 0, 0, 0, 0, 0, 0, 0, 0]"
"['in', 'addition', ',', 'the', 'system', 'must', 'control', 'support', '-', 'site', 'observe', 'mode', '.']","[0, 0, 0, 0, 1, 0, 2, 0, 0, 0, 0, 0, 0]"
"['ideally', ',', 'each', 'error', 'message', 'will', 'they', 'be', 'by', 'explanatory', 'text', 'and', 'an', 'indication', 'of', 'accompany', 'see', 'to', 'likely', 'must', 'be', 'meaningful', ',', 'so', 'that', 'they', 'can', 'be', 'appropriately', 'act', 'upon', 'by', 'the', 'user', 'who', 'be', 'the', 'the', 'table', ',', ',', 'user', 'identifier', '.']","[0, 0, 0, 0, 0, 0, 0, 0, 0, 0, 0, 0, 0, 0, 0, 0, 0, 0, 0, 0, 0, 0, 0, 0, 0, 0, 0, 0, 0, 0, 0, 0, 0, 1, 0, 0, 0, 0, 0, 0, 0, 3, 4, 0]"
"['the', '.', 'database', 'in', 'detect', 'system', 'shall', 'detect', '.', 'Firestarter', 'call', 'firewall', 'source', 'open', 'by', 'protect', 'be', 'shall', 'system']","[0, 0, 0, 0, 0, 0, 0, 0, 0, 0, 0, 0, 0, 0, 0, 0, 0, 0, 0]"
"['(', '.', 'procurement', 'separate', 'for', 'option', 'the', 'allow', 'to', 'specify', ':', 'interface', 'Applications', 'EIRENE', '-', 'MT', '-', 'of', 'DM', '-', 'MT', 'may', 'interface', ')', '5', ';', ')', 'o', 'DM']","[0, 0, 0, 0, 0, 0, 0, 0, 0, 0, 0, 2, 2, 2, 2, 2, 2, 0, 1, 2, 2, 0, 0, 0, 0, 0, 0, 0, 1]"
"['[', 'interface', 'at', 'the', 'through', '(', ')', 'to', 'instruct', 'the', 'should', 'radio', 'Cab', 'dial', 'the', ')', 'M', 'procedure']","[0, 0, 0, 0, 0, 0, 0, 0, 0, 0, 0, 2, 1, 0, 0, 0, 0, 0]"
"['(', ']', ']', '35', '[', 'Index', ',', '515', '.', 'driver', 'emission', 'M', 'Cab', 'the', 'from', 'emission', 'EMC', ')', 'i']","[0, 0, 0, 0, 0, 0, 0, 0, 0, 1, 0, 0, 1, 0, 0, 0, 0, 0, 0]"
"['the', '-', 'metric', '–', 'the', 'system', 'will', 'interface', 'with', 'the', 'thumb', 'purpose', '-', 'reader', 'for', 'verify', 'claim', 'form', 'use', 'by', 'the', 'client', '.', 'print', 'user', 'mark', '(', 'various', 'analytical', ',', 'medical', ',', 'financial', 'and', 'statistical', 'report', '.', 'provide']","[0, 0, 0, 0, 0, 1, 0, 0, 0, 0, 1, 0, 2, 2, 0, 0, 1, 2, 0, 0, 0, 1, 0, 2, 0, 0, 0, 0, 0, 0, 0, 0, 0, 0, 0, 1, 0, 0]"
"['the', '-', ':', '.', 'interface', 'in', '-', 'Plug', ':', 'SI-1.3']","[0, 0, 0, 0, 0, 0, 0, 0, 0, 0]"
"['the', 'or', 'button', 'the', 'system', 'the', 'on', 'account', 'Person', 'Sales', 'the', '.']","[0, 0, 0, 0, 0, 0, 0, 0, 2, 1, 0, 0]"
"['IEEE', 'std', '830', '-1984', '.']","[0, 0, 0, 0, 0]"
"['there', ')', 'be', 'to', 'be', 'software', 'below', 'the', 'IOC', 'level', ',', 'likely', 'SPS', '(', 'Standards', 'IOC', 'software', 'development', 'be', 'to', 'be', 'do', 'use', 'a', 'common', 'development', 'environment', ',', 'as', 'speciﬁed', 'in', 'the', 'Software', 'Programming', 'VxWorks', 'the', 'that', 'be', 'compatibility', 'with', 'the', 'goal', 'for', 'the', 'Gemini', 'Project', 'for', '.', 'the', 'same', 'time', ',', 'the', 'availability', 'of', 'cross']","[0, 0, 0, 0, 0, 0, 0, 0, 0, 0, 0, 0, 0, 0, 0, 0, 0, 0, 0, 0, 0, 0, 0, 0, 0, 0, 0, 0, 0, 0, 0, 0, 0, 0, 0, 0, 0, 0, 0, 0, 0, 0, 0, 0, 0, 0, 0, 0, 0, 0, 0, 0, 0, 0, 0, 0]"
['getversion'],[0]
"['Zip', '.', 'valid', 'value', ',', 'and', 'add', 'to', 'submission', 'package', ';', 'include', 'amplify', 'info', 'associate', 'with', 'specific', 'tag(s', ')', '_', '_', '_', '_', 'information', 'resource', 'for', 'the', 'Registry']","[0, 0, 0, 3, 0, 0, 0, 0, 1, 2, 0, 0, 0, 0, 0, 0, 0, 1, 2, 0, 0, 0, 0, 1, 2, 0, 0, 1]"
"['tset', '-', 'td', 'ut', ':', 'be', 'for', 'cool', 'heating', 'individual', 'thermostat', 'that', 'shall', 'be', 'test', 'for', ':', '1', ')', 'the', 'thermostat', '’s', 'or', 'setting', 'satisfied', 'and', '2', ')', 'the', 'thermostat', '’s', 'temperature', 'indica', 'te', 'it', 'require', 'a', 'be', 'the', 'define', 'the', 'heating', 'and', 'cool', 'request', '.']","[0, 0, 0, 0, 0, 0, 0, 2, 1, 0, 1, 0, 0, 0, 0, 0, 0, 0, 0, 0, 1, 0, 2, 3, 0, 0, 0, 0, 0, 3, 0, 3, 0, 0, 0, 0, 0, 0, 0, 0, 0, 1, 2, 2, 2, 0]"
"['security', 'and', 'Availability', 'requirement', 'that', 'span', 'PHIN', 'functional', 'area', 'should', 'and', 'be', ',', 'unauthorized', 'function', 'of', 'contact', 'exposure', 'tracing', '.']","[0, 0, 0, 0, 0, 0, 0, 0, 0, 0, 0, 0, 0, 0, 0, 0, 0, 0, 0, 0]"
"['each', '.', 'organism', 'set', 'other', ',', 'event', ',', 'conveyance', ',', 'object', ',', 'animal', ',', 'or', 'should', 'the', 'to', ',', 'spreadsheet', ',', 'message', ',', 'and', 'text', 'file', ',', 'among', 'other', 'Data', 'exchange', 'should', 'support', 'analysis', 'and', 'information', 'sharing', 'database', 'of', 'as', ',', 'treatment', ')', 'by', 'system', 'support', 'OM', '.']","[0, 0, 1, 0, 0, 0, 1, 0, 1, 0, 1, 0, 1, 0, 0, 0, 0, 0, 0, 1, 0, 1, 0, 0, 1, 2, 0, 0, 0, 0, 0, 0, 0, 0, 0, 0, 0, 1, 0, 0, 0, 0, 0, 0, 1, 0, 0, 0]"
"['(', '.', 'ETCS', '/', 'ERTMS', 'for', 'communication', 'provide', 'to', 'require', 'ETCS', 'communication', 'be', 'require', 'shall', ']', 'FFFIS', 'EURO', 'MORANE']","[0, 0, 0, 0, 0, 0, 0, 0, 0, 0, 0, 0, 0, 0, 0, 0, 0, 0, 0]"
"['price', ';', 'character', 'alphanumeric', 'generate', 'system']","[3, 0, 0, 0, 0, 0]"
"['the', 'Configuration', 'module', 'of', 'the', 'cctns', 'help', 'keep', 'the', 'application', 'configure', 'accord', 'to', 'the', 'execute']","[0, 0, 0, 0, 0, 0, 0, 0, 0, 0, 0, 0, 0, 0, 0]"
"['the', 'system', 'shall', 'user', 'the', 'in', 'column', 'shall', 'perform', 'a', 'search', 'on', 'the', '[', 'manually', 'system', ']', 'user', 'display', 'name', 'and', 'user', 'name', 'name', 'role', 'additional', 'add', 'xxx', 'tab', 'as', 'the', 'default', 'tab', '.']","[0, 0, 0, 1, 0, 0, 0, 0, 0, 0, 0, 0, 0, 0, 0, 0, 0, 3, 4, 4, 0, 3, 4, 0, 1, 0, 0, 0, 0, 0, 0, 3, 1, 0]"
"['under', '.', 'basis', 'subsystem', 'a', 'on', 'invoke', 'be', 'can', 'that', 'mode', 'observe', 'the', 'of', 'case', 'performance', 'of', 'an', 'ongoing', 'level', 'observation', 'during', 'typically', ',', 'instrument', 'and', 'telescope', 'the', 'of', 'only', 'control', 'for', 'use', 'access', 'the', 'be']","[0, 0, 0, 1, 0, 0, 0, 0, 0, 0, 0, 0, 0, 0, 0, 0, 0, 0, 0, 0, 0, 0, 0, 0, 0, 0, 0, 0, 0, 0, 0, 0, 0, 0, 0, 0]"
"['we', '.', 'diagram', 'the', 'of', 'description', 'the', 'with', 'along', 'Diagram', 'B', 'type', ':', 'in', 'as', 'out', 'lay', 'be', 'will', 'screen', 'main']","[0, 0, 0, 0, 0, 0, 0, 0, 0, 0, 0, 0, 0, 0, 0, 0, 0, 0, 0, 2, 1]"
"['this', 'result', 'in', 'point', '-', 'to', '-', 'point', '.', 'connection', 'peer', 'system', 'or', 'direct', 'connection', 'bypass', 'the', 'hierarchy', 'between', 'reason', 'performance', ')', '/', 'OSI', 'model', '.']","[0, 0, 0, 0, 0, 0, 0, 0, 0, 0, 0, 0, 0, 0, 0, 0, 0, 0, 0, 0, 0, 0, 0, 0, 0, 0]"
"['there', '.', ')', 'low', ',', 'medium', ',', 'high', ',', 'e.g.', '(', 'priority', 'and', ',', 'case', 'other', 'to', 'a', 'datum', 'mean', 'update', 'epi', '(']","[0, 0, 0, 0, 0, 0, 0, 0, 0, 0, 0, 3, 0, 0, 4, 4, 4, 0, 4, 0, 0, 4, 4]"
"['the', 'required', 'Index', 'link', 'emlpp', 'upon', 'it', 'wish', 'to', 'use', 'synchronise', 'bts', '.', 'the']","[0, 0, 0, 0, 3, 0, 0, 0, 0, 0, 3, 1, 0, 0]"
"['this', '.', 'functionality', 'and', ',', 'error', ',', 'should', 'completeness', 'program', 'observe', 'test', 'to', 'astronomer', 'the', 'enable', 'to', 'for', 'function', 'within', 'the', 'the', 'within', 'use', 'simulated', 'for', 'support', 'provide', 'must', 'software', 'control', 'all', ';', 'system', 'Gemini', 'the', 'of', 'environment', 'telescope', 'virtual', 'telescope', 'must', 'be', 'software', 'to', 'possible', 'be', 'must', 'it', 'time', 'observe', 'available', 'queue', 'the', 'use', 'the', 'maximize', 'to', ';', 'datum', 'calibration', 'and', 'of', 'all', 'of', 'the', 'observe', 'preprogrammed', 'of', 'form', 'the', 'in', 'be', 'would']","[0, 0, 0, 0, 0, 0, 0, 0, 0, 0, 0, 0, 0, 1, 0, 0, 0, 0, 0, 0, 0, 0, 0, 0, 0, 0, 0, 0, 0, 0, 0, 0, 0, 0, 0, 0, 0, 0, 0, 0, 0, 0, 0, 0, 0, 0, 0, 0, 0, 0, 0, 0, 0, 0, 0, 0, 0, 0, 0, 0, 0, 0, 0, 0, 0, 0, 0, 0, 0, 0, 0, 0, 0, 0]"
"['this', 'module', 'be', 'execute', 'automatically', 'start', 'risk', ':', 'an', 'astronomical', 'database', 'must', 'be', 'protect', 'from', 'intrusion', ',', 'the', 'whether', 'purpose', 'be', 'to', 'access', 'private', 'datum', 'or', 'to', 'the', ',', 'particular']","[0, 1, 0, 0, 0, 0, 0, 0, 0, 1, 2, 0, 0, 0, 0, 0, 0, 0, 0, 0, 0, 0, 0, 3, 4, 0, 0, 0, 0, 0]"
"['mandatory', ':', ':', 'this', 'from', 'remove']","[0, 0, 0, 0, 0, 0]"
"['security', 'must', 'be', 'provide', 'in', 'order', 'to', 'software', 'both', 'accidental', 'mix', '-', 'up', 'of', 'command', 'from', 'different', 'prevent', 'the', 'of', 'phase', 'quickly', 'to', 'a', 'safe', 'state', 'upon', 'detection', 'of', 'danger', '.']","[0, 0, 0, 0, 0, 0, 0, 0, 0, 0, 0, 0, 0, 0, 0, 0, 0, 0, 0, 0, 0, 0, 0, 0, 0, 1, 0, 0, 0, 0, 0]"
"['the', '.', 'so', 'do', 'to', 'permission']","[0, 0, 0, 0, 0, 0]"
"['Referral', '.', 'Status', ';', 'Code', 'Status', ';', 'Master', 'Status']","[3, 0, 3, 0, 4, 3, 0, 4, 4]"
"['the', 'correspond', 'frequency', 'value', ',', 'the', 'by', 'controller', 'quality', 'of', 'service', 'requirement', 'for', 'handover', 'execution', '(', 'eg', 'a', 'break', 'of', '10', 'would', 'clearly', 'a', 'be']","[0, 0, 3, 4, 0, 0, 0, 1, 0, 0, 0, 0, 0, 0, 0, 0, 0, 0, 0, 0, 0, 0, 0, 0, 0]"
"['during', 'transition', 'period', 'between', 'two', 'operational', 'state', 'the', ',', 'require', 'as', '.']","[0, 3, 4, 0, 0, 1, 2, 0, 0, 0, 0, 0]"
"['the', 'follow', 'definition', 'shall', 'apply', 'for', 'the', 'ETCS', 'application', 'level', 'control', 'speed', 'system', 'fit', 'train', 'information', 'via', 'intermittent', 'transmission', 'medium', 'to', ',', 'balise', '.']","[0, 0, 0, 0, 0, 0, 0, 1, 3, 4, 2, 3, 2, 0, 4, 4, 0, 1, 2, 2, 4, 0, 0, 0]"
"['in', 'up', 'to', 'two', 'more', 'monitoring', 'node', '(', 'one', 'local', 'and', 'one', 'remote', ')', 'without', 'appreciable', 'degradation', 'of', 'performance', '.', 'node', 'and', 'shutdown', 'of', 'number', 'of', 'instrument', ',', 'there', 'can', 'be', 'many', 'large', 'different', 'which', 'be', 'active', 'at', 'the', 'same', 'time', '.', 'station', 'the']","[0, 0, 0, 0, 0, 1, 2, 0, 0, 3, 0, 0, 3, 0, 0, 0, 0, 0, 0, 0, 2, 0, 3, 0, 0, 0, 1, 0, 0, 0, 0, 0, 0, 0, 0, 0, 3, 0, 0, 0, 0, 0, 1, 0]"
"['the', 'confirmation', 'require', 'the', 'train', 'to', 'able', 'Authority', 'that', 'have', 'during', 'the', 'procedure', '.']","[0, 1, 0, 0, 1, 0, 0, 2, 0, 0, 0, 0, 1, 0]"
"['when', 'a', 'request', 'to', 'turn', 'on', 'a', 'heating', 'or', 'cool', 'unit', 'be', 'receive', 'of', ',', 'system', 'shall', 'determine', 'if', 'the', 'request', 'can', 'be', 'honor', '.']","[0, 0, 1, 0, 0, 0, 0, 1, 2, 2, 2, 0, 0, 4, 0, 1, 0, 0, 0, 0, 1, 0, 0, 0, 0]"
"['this', 'of', 'number', 'a', 'that', 'mean']","[0, 0, 0, 0, 0, 0]"
"['the', 'computer', 'hardware', 'use', 'for', 'development', 'must', 'conform', 'to', 'the', 'following', ':', 'workstation', 'must', 'match', ';', '.Workstations', 'be', 'expect', 'the', 'migration', 'of', 'development', 'system', 'to', 'advance', 'technology', ';', '.it', 'be', 'assume', 'that', 'workstation', 'support', 'Ethernet', 'ieee-802.3', 'and', 'fddi', 'allow', '-']","[0, 0, 0, 0, 0, 0, 0, 0, 0, 0, 0, 0, 1, 0, 0, 0, 1, 0, 0, 0, 0, 0, 1, 2, 0, 0, 0, 0, 0, 0, 0, 0, 1, 0, 0, 0, 0, 0, 0, 0]"
"['(', 'M', ')', 'the', 'equipment', 'shall', 'be', 'able', 'to', 'cope', ',', 'm', '1800', 'and']","[0, 0, 0, 0, 1, 0, 0, 0, 0, 0, 0, 0, 0, 0]"
"['the', 'user', 'make', 'font', 'and', 'font', 'menu', 'content', ';', 'layout', 'of', 'screen', ';', 'use', 'of', 'function', 'key', ';', 'on', '-', 'screen', 'colour', ',', 'interface', '-', 'of', 'system', 'ICT', 'accessibility', '.']","[0, 0, 0, 0, 0, 0, 0, 0, 0, 0, 0, 0, 0, 0, 0, 0, 0, 0, 0, 0, 0, 0, 0, 0, 0, 0, 0, 0, 0, 0]"
"['the', '.', 'system', 'Store', 'Web', 'this', 'the', 'implementation', 'and', 'design', 'overall', 'on', 'guidance', 'for', 'of', 'of', 'need', 'the', 'flush', 'to', 'intend', 'be', 'document']","[0, 0, 0, 0, 0, 0, 0, 0, 0, 0, 0, 0, 0, 0, 0, 0, 0, 0, 0, 0, 0, 0, 0]"
"['the', 'require', 'less', 'than', '20', 'sec', ',', 'and', 'can', 'must', 'only', 'assist', 'with', 'loss', '-', 'less', 'compression', '.']","[0, 0, 0, 0, 0, 0, 0, 0, 0, 0, 0, 0, 0, 0, 0, 0, 0, 0]"
"['[', 'euroradio', 'be', 'for', 'the', 'in', 'define', 'as', 'interface', 'an', ',', 'FFFIS', 'will', 'radio', 'cab', 'Unit', 'Interface', 'Train', 'the', 'via', 'connect', 'be', '(', 'may', 'borne', 'train', 'the', 'and', 'radio', 'Cab', 'the', 'recorder', 'call', 'TIU', 'or', 'some', ')', 'i']","[0, 0, 0, 0, 0, 0, 0, 0, 0, 0, 0, 0, 0, 2, 1, 2, 2, 1, 0, 0, 0, 0, 0, 0, 2, 1, 0, 0, 2, 1, 0, 2, 2, 0, 0, 0, 0, 0]"
"['for', 'e.g.', 'the', 'capture', 'of', 'voucher', 'number', ',', 'clinical', 'information', ',', 'diagnosis', 'detail', ',', 'see', ';', 'no', 'Voucher', '-', 'generate', 'number', 'as', 'Distribution', 'Invoice', 'no', '.']","[0, 0, 0, 0, 0, 3, 4, 0, 3, 4, 0, 3, 4, 0, 0, 0, 4, 3, 0, 0, 0, 0, 3, 4, 4, 0]"
"['the', '.', 'modify', 'be', 'an', 'external', 'log', 'file', 'code', 'source', 'exist', 'adjust', 'to', 'require', 'be', '[', 'shall', 'Development']","[0, 0, 0, 0, 0, 1, 2, 2, 0, 0, 0, 0, 0, 0, 0, 0, 0, 1]"
"['A1', 'cookie', '.', 'Sales', 'to', 'page', 'home', 'account', 'the', 'display', 'Person', ';', 'A2', '.', 'information', 'login', 'incorrect', 'enter', 'Person']","[0, 0, 0, 1, 0, 0, 0, 0, 0, 0, 2, 0, 0, 0, 4, 3, 0, 0, 2]"
"['system', '.', 'area', 'preparedness', 'other', 'PHIN', 'and', ')', 'EED', '(', 'detection', 'event', 'early', ',', 'surveillance', 'support', ',']","[1, 0, 0, 0, 0, 0, 0, 0, 0, 0, 0, 0, 0, 0, 0, 0, 0]"
"['the', 'approach', 'be', 'successfully', 'apply', 'private', 'in', 'and', 'service', 'on', 'the', 'quality', 'of', 'this', 'system', '.']","[0, 0, 0, 0, 0, 0, 0, 0, 1, 0, 0, 0, 0, 0, 0, 0]"
"['standard', 'time', 'and', 'date', 'exposure', ',', 'address', 'and', 'name', '’s', 'contact', ',', 'ID', 'Contact', ',', 'ID', 'Subject', ',', 'type', '’s', ',', 'epi', 'health', ',', '.', 'event', 'health', 'of', 'investigation', 'exposure', 'the', 'in', 'assist', 'to', 'collect', 'be', 'must', 'datum']","[3, 4, 4, 4, 3, 0, 3, 0, 3, 0, 1, 0, 4, 3, 0, 4, 3, 0, 3, 0, 0, 4, 3, 0, 0, 2, 1, 0, 2, 1, 0, 0, 0, 0, 0, 0, 0, 4]"
['the'],[0]
"['(', 'procedure', 'as', 'as', 'the', 'service', 'be', 'explicitly', 'reject', 'by', 'the', 'network', '.']","[0, 0, 0, 0, 0, 0, 0, 0, 0, 0, 0, 1, 0]"
"['the', '.', '1', '-', '5']","[0, 0, 0, 0, 0]"
"['it', '.', 'video', 'of', 'genre', 'or', 'video', 'specific', 'a', 'locate', 'to', 'try', 'when', 'user', 'to', 'the', 'to', 'use', 'be', 'will', 'system']","[0, 0, 2, 2, 1, 0, 1, 0, 0, 0, 0, 0, 0, 1, 0, 0, 0, 0, 0, 0, 1]"
"['Administrator', 'Weborder', 'with', 'browser', 'web', 'a', 'via', 'system', 'weborder', ';', 'the', 'to', 'able', 'be', 'must']","[1, 0, 0, 0, 0, 0, 0, 0, 0, 0, 0, 0, 0, 0, 0]"
"['(', 'i', ')', 'EIRENE', 'limit', 'railway', 'the', 'risk', 'party', 'a', 'be', 'engage', 'in', 'an', 'active', 'call', 'with', 'party', 'B.', 'However', 'call', 'waiting', 'do', 'and', 'call', 'incoming', 'the', 'notify', 'of', 'an', 'incoming', 'call', 'from', 'party', 'not', 'c', 'the', 'traffic', 'channel', 'be', 'not', 'available', 'for', 'whilst', 'for', 'operate', 'the', 'the', 'alert', 'duration', 'have', 'to', 'be', 'as', 'short', 'as', 'possible', 'in', 'order', 'to', 'minimize', 'the']","[0, 0, 0, 0, 0, 0, 0, 0, 0, 0, 0, 0, 0, 0, 3, 1, 0, 0, 0, 0, 1, 0, 0, 0, 1, 3, 0, 0, 0, 0, 0, 1, 0, 0, 0, 0, 0, 1, 2, 0, 0, 0, 0, 0, 0, 0, 0, 0, 3, 4, 0, 0, 0, 0, 0, 0, 0, 0, 0, 0, 0, 0]"
"['the', 'precedence', 'for', 'may', 'be', 'repair', 'that', 'all', 'hazard', 'capable', 'of', 'cause', 'injury', 'and/or', 'severe', 'damage', 'to', 'equipment', 'shall', 'be', 'actively', 'interlock', '(', 'severe', 'damage', 'imply', 'conform', ';', 'to', 'requirement', 'safety', 'requirement', 'be', ':', 'eliminate', 'hazard', 'through', 'design', 'general', ',', 'material', 'selection', ';', 'isolate', 'hazardous', 'substance', 'from', 'people', 'include']","[0, 0, 0, 0, 0, 0, 0, 0, 0, 0, 0, 0, 0, 0, 0, 0, 0, 0, 0, 0, 0, 0, 0, 0, 0, 0, 0, 0, 0, 0, 0, 0, 0, 0, 0, 0, 0, 0, 0, 0, 0, 0, 0, 0, 0, 0, 0, 0, 0]"
"['peripheral', ';', 'workstation', 'be', 'to', 'with', 'have', 'least', '2', 'GB', 'of', 'disk', ';', 'DDS', 'DAT', 'at', 'experience', 'on', 'base', 'development', 'be', 'do', 'in', 'a', 'multi', '-', 'platform', 'environment', ',', 'enable', 'ﬁnal', 'selection', 'of', 'target', 'machine', 'to', 'be', 'make', 'cartridge', 'transport', 'be', 'be', ')', ';', 'a', 'cd', '-', 'rom', 'be', 'need', 'transport', 'for', 'os', 'and', 'software', 'upgrade', ';', 'any', 'compression', 'on', 'SUN', 'of', 'mean', 'preferred', 'available', 'for', 'data', 'acquisition', 'on', 'development', 'system', ',', 'backup', ',', 'and', 'possibly', 'for', 'software', 'transport', '(', 'internet', 'be', 'the', 'to', 'take', 'advantage', 'of', 'at', 'this', 'level', ',', 'it', 'be', 'appropriate', 'to', 'involve', 'provide', 'standard', 'sub', '-', 'network', '.']","[0, 0, 1, 0, 0, 0, 0, 0, 0, 0, 0, 3, 0, 0, 0, 0, 0, 0, 0, 0, 0, 0, 0, 0, 0, 0, 0, 0, 0, 0, 0, 0, 0, 0, 0, 0, 0, 0, 0, 0, 0, 0, 0, 0, 0, 0, 0, 0, 0, 0, 0, 0, 0, 0, 0, 0, 0, 0, 0, 0, 0, 0, 0, 0, 0, 0, 0, 0, 0, 1, 2, 0, 1, 0, 0, 0, 0, 0, 0, 0, 0, 0, 0, 0, 0, 0, 0, 0, 0, 0, 0, 0, 0, 0, 0, 0, 0, 0, 0, 0, 0, 0]"
"['regardless', 'restart', 'of', ',', 'in', 'this', 'document', 'be', ':', 'simplicity', ';', 'supportability', 'describe', ';', 'and', 'Availability', ';', 'Maintainability', ';', 'Human', 'Engineering', ';', 'reliability', 'attribute', 'speciﬁc']","[0, 0, 0, 0, 0, 0, 0, 0, 0, 3, 0, 3, 0, 0, 0, 3, 0, 3, 0, 3, 4, 0, 3, 3, 0]"
"['the', 'mandatory', 'information', 'require', 'during', 'a', 'distribution', 'transaction', 'be', 'mention', 'below', '.']","[0, 0, 0, 0, 0, 0, 1, 2, 0, 0, 0, 0]"
"['the', 'service', '(', 'treatment', ')', 'will', 'happen', 'level', 'at', 'VSP', '(', 'Service', 'Provider', ')', 'clinic', 'or', 'hospital', ';', 'the', 'attend', 'doctor', 'will', 'the', '-', 'sub', 'the', 'the', 'easy', 'understanding', 'and', 'designing', 'of', 'the', 'system', ',', 'this', 'module', 'be', 'subdivide', 'into', 'follow', 'sub', '-', 'module', '.']","[0, 1, 0, 1, 0, 0, 0, 4, 0, 0, 0, 1, 2, 0, 1, 0, 1, 0, 0, 0, 1, 0, 0, 4, 3, 0, 0, 0, 0, 0, 0, 0, 0, 1, 0, 0, 1, 0, 0, 0, 0, 1, 2, 2, 0]"
"['the', 'shunt', 'Entry', 'Data', 'Train', 'during', 'a', 'journey', 'or', 'a', 'train', 'running', 'number', 'shall', 'be', 'possible']","[0, 1, 2, 2, 1, 0, 0, 1, 0, 0, 3, 4, 4, 0, 0, 0]"
"['the', 'Monitor', 'Temperature', 'and', 'Initialize', 'System', 'function', 'help', 'the', 'determine', 'utilization', 'the', 'of', 'System', 'into', 'heating', '/', 'cool', 'unit', 'and', 'send', 'out', 'either', 'unit', 'unavailable', 'or', 'heating', '/', 'the', 'cool', 'need', '.']","[0, 1, 2, 2, 2, 2, 2, 0, 0, 0, 3, 0, 0, 1, 0, 1, 2, 2, 2, 0, 0, 0, 0, 3, 4, 0, 3, 4, 0, 4, 4, 0]"
"['(', 'i', 'support', 'subscription', 'store', 'function', '-', 'system', '(', 'bss', ')', 'of', 'base', 'station', 'controller', '(', 'bsc', ')', 'control', 'base', 'transceiver', 'sub', 'station', 'base', ')', '1', '-', '3', '.']","[0, 0, 0, 3, 0, 0, 2, 2, 0, 0, 0, 0, 1, 2, 2, 0, 0, 0, 0, 1, 2, 2, 2, 1, 0, 0, 0, 0, 0]"
"['the', 'themas', 'system', 'be', 'divide', 'Reports', 'into', 'major', 'section', ':']","[0, 1, 2, 0, 0, 2, 0, 0, 0, 0]"
"['the', 'focus', 'that', 'unit', 'no', ',', 'several', 'assumption', 'have', 'be', 'make', 'about', 'the', 'thermostat', 'hardware', 'and', 'the', 'heating', 'system', '/', 'hardware', '.']","[0, 0, 0, 2, 0, 0, 0, 0, 0, 0, 0, 0, 0, 1, 2, 0, 0, 1, 0, 2, 2, 0]"
"['the', 'astronomical', 'community', 'have', 'make', 'considerable', 'investment', 'in', 'image', 'processing', 'software', ',', 'that', 'to', 'some', '8', 'well', 'deﬁne', 'in', 'the', 'requirement', 'for', 'those', 'subsystem', 'be', '.', 'be', 'largely', 'due', 'to', 'the', 'difﬁculty', 'of', 'apply']","[0, 0, 0, 0, 0, 0, 0, 0, 0, 0, 0, 0, 0, 0, 0, 0, 0, 0, 0, 0, 0, 0, 0, 1, 0, 0, 0, 0, 0, 0, 0, 0, 0, 0]"
"['both', 'TBD', '.', 'catalog', '.star', 'datum', 'will', 'be', 'in', 'fits', 'format', '.']","[0, 0, 0, 0, 0, 2, 0, 0, 0, 0, 0, 0]"
"['in', '.', 'warrant', 'or', 'feasible', 'either', 'be', 'environment', 'Gemini', 'the', 'into', 'integration', 'complete', 'that', 'unlikely', 'outside', 'of', 'operation', 'and', 'not', 'shall', 'it', ',', 'instrument', 'inactive', 'an', 'of', 'status', 'the', 'of']","[0, 0, 0, 0, 0, 0, 0, 0, 0, 0, 0, 0, 0, 0, 0, 0, 0, 0, 0, 0, 0, 0, 0, 1, 0, 0, 0, 3, 0, 0]"
"['all', '.', 'subsystem', 'any', 'of', 'control', 'be', 'system', 'Gemini', 'the', 'the', 'to']","[0, 0, 1, 0, 0, 0, 0, 0, 0, 0, 0, 0]"
"['the', 'vmu', 'will', 'create', 'the', 'voucher', 'and', 'sell', 'it', 'to', 'client', 'through', 'distributor', ';', 'the', 'distributor', 'will', 'submit', 'the', 'the', 'to', 'service', 'and', 'patient', 'be', 'not', 'cure', 'then', 'the', 'doctor', 'will', 'refer', 'the', 'patient', 'to', 'some', 'the', 'other', 'the', 'hospital', 'may', 'be', 'another', 'VSP', 'or', 'any', 'other', ';', 'each', 'visit', 'detail', 'Hospitals', 'if', ';', ',', 'will', 'get', 'treatment', ';', 'first', 'visit', 'be', 'call', 'as', 'Consultation', 'and', 'if', 'the', 'patient', 'be', 'not', 'cure', 'then', 'they', 'can', 'go', 'for', 'first', 'follow', 'up', 'and', 'second', 'follow', 'up', 'provider', '(', 'provision', 'have', 'in', 'the', 'document', 'the', 'preparation', 'of', 'SRS', 'be', 'purely', 'base', 'on', 'the', 'follow', 'section', 'document', 'report', 'on', 'Programme', 'Design', 'Study', ',', 'Dated', '10', '-', 'sepetember-2005', 'prepare', 'by', 'MSIU', 'final', 'below', 'in', 'explain', 'Feed', 'back', ';', 'Reports', '(', 'Standard', 'and', 'Customized', ')', ';', 'Security', 'and', 'User', 'Privileges', '.']","[0, 1, 0, 0, 0, 1, 0, 0, 0, 0, 1, 0, 1, 0, 0, 1, 0, 0, 0, 0, 0, 1, 0, 1, 0, 0, 0, 0, 0, 1, 0, 0, 0, 1, 0, 0, 0, 0, 0, 1, 0, 0, 0, 0, 0, 0, 0, 0, 0, 0, 0, 1, 0, 0, 0, 0, 0, 1, 0, 0, 0, 0, 0, 0, 1, 0, 0, 0, 1, 0, 0, 0, 0, 0, 0, 0, 0, 1, 2, 0, 0, 1, 2, 0, 2, 0, 0, 0, 0, 0, 0, 0, 0, 0, 0, 0, 0, 0, 0, 0, 0, 0, 0, 0, 0, 0, 0, 0, 0, 0, 0, 0, 0, 0, 0, 0, 0, 0, 0, 0, 2, 2, 0, 1, 0, 0, 0, 0, 0, 0, 1, 2, 2, 2, 0]"
"['Configuration', '.', '.', 'this', 'regard', 'datum', 'synchronization', 'should', 'be', 'define', 'to', 'support', 'multiple', 'deployment', 'option', 'as', 'discuss', 'in', 'section', '2.1', 'System', 'Architecture', 'of', 'document', 'available', ',', '""', 'such', 'as', 'system', 'backup', 'policy', 'and', 'procedure', ',', 'continuity', 'of', 'operation', ',', 'system', 'monitoring', ',', 'and', 'employee', 'training', 'ensure', ',', 'that', 'requirement', '.', 'PHIN', 'functional', 'area', 'should', 'be', 'review', 'in', '""', 'PHIN', 'Preparedness', 'Cross', 'Functional', 'Components', 'Requirements', '""', ',', 'available', 'at', 'www.cdc.gov/phin']","[1, 0, 0, 0, 0, 0, 0, 0, 0, 0, 0, 0, 0, 3, 4, 0, 0, 0, 0, 0, 0, 0, 0, 0, 0, 0, 0, 0, 0, 1, 2, 2, 2, 2, 0, 1, 2, 2, 0, 1, 2, 0, 0, 1, 2, 0, 0, 0, 0, 0, 0, 0, 0, 0, 0, 0, 0, 0, 0, 0, 0, 0, 0, 0, 0, 0, 0, 0, 0]"
"['this', '.', 'site', 'Telescopes', 'm', '8', 'Gemini', 'the', 'as', 'collectively', 'to', 'refer', 'be', 'facility']","[0, 0, 0, 0, 0, 0, 0, 0, 0, 0, 0, 0, 0, 0]"
"['if', 'train', 'rbc', 'to', 'another', '(', 'train', 'spacing', 'one', 'and', 'speed', ')', '.']","[0, 1, 1, 0, 0, 0, 3, 4, 0, 0, 4, 0, 0]"
"['administrator', '.', 'B3', ';', '.', 'account', '.', 'to']","[1, 0, 0, 0, 0, 4, 0, 0]"
"['for', 'equipment', 'radio', 'of', 'installation', 'and', 'design', 'the', '.', 'vehicle', 'physical', 'measure', '100', 'to', 'up', 'of', 'gradient', 'pressure', ';', 'second', '3', 'to', 'up', 'for', ')', 'peak', 'to', 'kPa', '/', 's.', 'measure', 'such', 'of']","[0, 2, 1, 0, 0, 0, 0, 0, 0, 1, 0, 0, 0, 0, 0, 0, 4, 3, 0, 0, 0, 0, 0, 0, 0, 0, 0, 0, 0, 0, 0, 0, 0]"
"['after', 'release', 'the', 'emergency', 'brake', 'ETCS', 'will', 'provide', 'the', 'supervision', 'appertaining', 'when', 'roll', 'away', 'brake', 'traction', 'emergency', 'release', 'the', 'traction', 'unit', 'have', 'come', 'to', 'a', 'standstill', ',', 'the', 'driver', 'shall', 'be', 'able', 'to', 'the']","[0, 0, 0, 1, 2, 1, 0, 0, 0, 1, 0, 0, 1, 2, 2, 3, 1, 0, 0, 1, 2, 0, 0, 0, 0, 0, 0, 0, 1, 0, 0, 0, 0, 0]"
"['let', '.', 'block', 'some', 'move', 'could', 'user', 'the', 'where', 'zone', 'rectangular', 'a', 'be', 'board']","[0, 0, 0, 0, 0, 0, 1, 0, 0, 0, 0, 0, 0, 1]"
"['a', 'further', 'subdivision', 'within', 'the', 'level', 'can', 'be', 'achieve']","[0, 0, 0, 0, 0, 3, 0, 0, 0]"
"['although', '.', 'telescope', 'the', 'the', 'have', 'to', 'guarantee', 'system', 'the', 'of', 'user', 'end', 'the', 'be', 'astronomer', 'Observing']","[0, 0, 0, 0, 0, 0, 0, 0, 1, 0, 0, 2, 1, 0, 0, 2, 1]"
"['I', '?', 'matter', 'it', 'do', 'or', ',', 'public', 'or', 'private', 'be', 'connection', 'bandwidth', 'high', 'remote', 'operation', 'facility', 'and']","[0, 0, 0, 0, 0, 0, 0, 0, 0, 0, 0, 0, 0, 0, 0, 0, 0, 0]"
"['and', 'operator', 'instrument', 'and', ',', 'telescope']","[0, 0, 0, 0, 0, 0]"
"['Description', '.', 'result', 'the', 'navigate', 'to', 'user', 'box', 'the', 'start']","[3, 0, 1, 0, 0, 0, 1, 2, 0, 0]"
"['the', 'determine', 'above', ',', 'nine', 'different', 'function', 'block', 'have', 'be', 'identify', 'and', 'the', 'detailed', 'functionality', 'of', 'each', 'block', 'be', '.']","[0, 0, 0, 0, 0, 0, 0, 0, 0, 0, 0, 0, 0, 0, 0, 0, 0, 0, 0, 0]"
"['such', '.', 'it', 'require', 'offer', 'on', 'the', 'part', 'for', 'interface', 'standardize', 'via', 'support', 'be', 'will', 'functionality', 'complicated', 'more']","[0, 0, 0, 0, 0, 0, 0, 0, 0, 0, 0, 0, 0, 0, 0, 0, 0, 0]"
"['it', 'of', 'hardware', 'platform', 'to', 'as', 'few', 'as', 'be', 'practical', 'computer', '.', 'arise', 'need', 'intent', 'of', 'a', 'portability', 'requirement', 'be', 'to', 'facilitate', 'migrate', 'exist', 'and', 'future', 'Gemini', 'system', 'to', 'different', 'hardware', 'as', 'the', '.', 'main', 'that', 'transparent', 'interface', 'should', 'not', 'be', 'see', 'as', 'a', 'package', 'user', 'link', 'a', 'speciﬁc', 'computer', '.']","[0, 0, 0, 0, 0, 0, 0, 0, 0, 0, 0, 0, 0, 0, 0, 0, 0, 0, 0, 0, 0, 0, 0, 0, 0, 0, 0, 0, 0, 0, 0, 0, 0, 0, 0, 0, 0, 0, 0, 0, 0, 0, 0, 0, 0, 0, 0, 0, 0, 0, 0]"
"['this', '.', 'area', 'preparedness', 'other', 'and', ',', ')', 'EED', '(', 'detection', 'event', 'early', ',', 'surveillance', 'support', 'system', 'with', 'guide', 'exchange', 'to', 'able', 'for', 'message', 'exchange', 'to', 'able', 'be', 'should', 'OM', 'support']","[0, 0, 0, 0, 0, 0, 0, 0, 0, 0, 0, 0, 0, 0, 0, 0, 1, 0, 0, 0, 0, 0, 0, 1, 0, 0, 0, 0, 0, 0, 0]"
"['system', '.', 'type', 'contact', 'the', 'identify', 'also', 'should', 'and', 'record', 'contact', ')', ',', 'associate', 'be', 'may', 'subject', 'investigation']","[1, 0, 4, 3, 0, 0, 0, 0, 0, 2, 1, 0, 0, 0, 0, 0, 2, 1]"
"['within', 'EIRENE', ',', 'the', 'primary', 'mean', 'of', 'determine', 'the', 'location', 'of', 'from', 'information', ';', 'balise', 'location', 'information', 'may', 'be', 'derive', ':', '(', 'a', 'i', 'on', '-', 'train', 'location', 'system', ';', 'trackside', ')', 'accurate', 'train', 'the', 'information', 'from', 'external', 'system', 'to', 'provide', 'a', 'great', 'degree', 'of', 'accuracy', '.']","[0, 0, 0, 0, 0, 0, 0, 0, 0, 3, 0, 0, 3, 0, 2, 3, 4, 0, 0, 0, 0, 0, 0, 0, 1, 2, 2, 2, 2, 0, 1, 0, 0, 1, 0, 0, 0, 0, 1, 0, 0, 0, 0, 0, 0, 0, 0]"
"['the', 'COE', 'component', 'identify', 'to', '-', 'date', 'be', 'list', 'below', 'this', 'COE']","[0, 0, 0, 0, 0, 0, 0, 0, 0, 0, 0, 0]"
"['the', 'follow', 'miss', 'in', 'the', 'claim', 'or', 'not', '.']","[0, 0, 0, 0, 0, 1, 0, 0, 0]"
"['this', 'the', 'allow', 'table', 'will', 'be', 'access', 'by', 'operation', 'and', 'development', 'staff', 'level', '.', 'allow', 'the', 'installation', 'and', 'testing', 'of', 'new', 'package']","[0, 0, 0, 4, 0, 0, 0, 0, 1, 2, 2, 2, 3, 0, 0, 0, 0, 0, 0, 0, 0, 0]"
"['not', '.', 'applicable']","[0, 0, 0]"
"['host', 'its', 'in', 'site', 'link', 'video', 'the', 'query', 'now', 'will', 'system', '–', 'box', 'tick', 'link', '.', 'streaming']","[1, 0, 0, 2, 2, 1, 0, 0, 0, 0, 1, 0, 2, 2, 2, 0, 1]"
"['not', 'although', '.', 'acquisition', 'ray', 'for', 'a', 'variety', 'of', 'experiment', 'and', 'include', '-', '36', 'hall', 'with', '2', 'line', 'each', '.']","[0, 0, 0, 0, 0, 0, 0, 0, 0, 0, 0, 0, 0, 0, 0, 0, 0, 0, 0, 0]"
"['New', '.', 'action', '""', 'undo', 'n', 'a', 'not', 'be', 'action', 'previous', 'the', 'if', ',', 'unvailable', 'be', 'action', 'redo']","[0, 0, 0, 0, 0, 0, 0, 0, 0, 0, 0, 0, 0, 0, 0, 0, 0, 0]"
"['the', 'driver', 'tandem', 'ID', 'shall', 'receive', 'from', 'trackside']","[0, 1, 1, 2, 0, 0, 0, 1]"
"['if', 'a', 'user', 'deal', 'perform', 'of', 'any', 'the', 'requirement', 'in', 'the', 'third', 'option', '(', 'i.e.', 'the', 'most', 'count', 'stringent', 'imply', 'that', 'the', 'System', 'must', 'not', 'include', 'such', 'case', 'in', ')', 'that', 'a', 'or']","[0, 0, 1, 0, 0, 0, 0, 0, 0, 0, 0, 0, 0, 0, 0, 0, 0, 0, 0, 0, 0, 0, 0, 0, 0, 0, 0, 1, 0, 0, 0, 0, 0]"
"['it', 'should', 'design', 'be', ';', 'Mauna', 'the', 'at', ',', 'example']","[0, 0, 0, 0, 0, 0, 0, 0, 0, 0]"
"['the', 'the', 'able', 'to', 'choose', 'a', 'function', 'by', 'click', 'the', 'hyperlink', '.', 'be']","[0, 0, 0, 0, 0, 0, 0, 0, 0, 0, 1, 0, 0]"
"['the', 'plan', 'will', 'the', 'will', 'issue']","[0, 0, 0, 0, 0, 0]"
"['it', '.', 'radio', 'Cab', 'EIRENE', 'the', 'how', 'for', 'system', 'the', 'identify', 'section']","[0, 0, 2, 1, 0, 0, 0, 0, 0, 0, 0, 0]"
"['however', ',', 'all', 'exist', 'software', 'be', 'to', 'be', 'evaluate', 'in', 'term', 'in', 'software', 'the', 'Software']","[0, 0, 0, 0, 0, 0, 0, 0, 0, 0, 0, 0, 0, 0, 0]"
"['Customer', 'System', 'Weborder', ';']","[1, 0, 0, 0]"
"['it', 'shall', 'be', 'possible', 'different', 'to', 'fix', 'text', 'message', 'from', 'track', 'to', 'send', 'support', 'shall', 'use', '.']","[0, 0, 0, 0, 0, 0, 1, 2, 2, 0, 1, 0, 0, 0, 0, 0, 0]"
"['quite', 'the', 'work', 'the', 'os', ';', 'the', 'GUI', 'system', 'be', 'to', 'to', 'use', '-', 'window', ',', 'version', '11', ',', 'release', '5', 'x', 'interface', 'level', 'high', '(', 'such', 'as', 'GUI', 'interface', 'and', 'database', 'interface', ')', 'have', 'high', 'portability', 'requirement', 'that', 'may', 'require', 'the', 'speciﬁcation', 'of', '(', 'package', 'X11R5', 'or', 'be', 'use', 'where', 'possible', ';', 'Imake', 'be', 'recommend', 'should', ',', 'GNU', '’s', 'autoconﬁgure', 'utility', 'an', 'acceptable', 'alternative', ';', 'with', 'suite', 'tool', 'software', 'release', '6', '(', 'X11R6', ')', '.']","[0, 0, 0, 0, 0, 0, 0, 0, 0, 0, 0, 0, 0, 0, 0, 0, 0, 0, 0, 0, 0, 0, 0, 0, 0, 0, 0, 0, 0, 0, 0, 0, 0, 0, 0, 0, 0, 0, 0, 0, 0, 0, 0, 0, 0, 0, 0, 0, 0, 0, 0, 0, 0, 0, 0, 0, 0, 0, 0, 0, 0, 0, 0, 0, 0, 0, 0, 0, 0, 0, 0, 0, 0, 0, 0, 0]"
"['it', 'shall', 'be', 'possible', 'to', 'send', 'text', 'brake', 'driver', 'stationary', 'authority', '.']","[0, 0, 0, 0, 0, 0, 2, 0, 1, 3, 2, 0]"
['setlogge'],[0]
"['Customer', '""', '""', 'the', 'terminate', 'system', ';', 'process', 'logout', 'initiate', 'Logout', 'to', 'in', 'link', 'or', 'button', 'the', 'click', 'customer', 'order', '.', 'System', 'Weborder', 'new', 'store', 'System', ';', 'change', 'the', 'verify', 'account', 'system', 'detail', 'account', 'the', 'edit', 'to', 'order', 'in', ';', 'information', '.']","[1, 0, 0, 0, 0, 0, 0, 0, 0, 0, 0, 0, 0, 0, 0, 0, 0, 0, 1, 0, 0, 0, 0, 0, 0, 0, 0, 0, 0, 0, 0, 0, 4, 3, 0, 0, 0, 0, 0, 0, 0, 0]"
"['this', 'may', 'be', 'enforce', 'either', 'at', 'should', 'desirable', 'be', 'even', 'requirement', 'of', 'the', 'Gemini', 'system', '.']","[0, 0, 0, 0, 0, 0, 0, 0, 0, 0, 0, 0, 0, 0, 0, 0]"
"['process', 'and', 'personnel', 'should', 'identify', 'than', 'to', 'collect', 'isolation', 'and', 'quarantine', 'monitoring', 'should', 'be', 'do', 'as', 'a', 'part', 'of', 'a', 'focused', 'countermeasure', 'administration', 'and', 'response', 'effort', ',', 'and', 'efficiently', 'up', 'when', 'datum', 'specific', 'to', 'the', 'particular', 'health', 'event', 'be', 'investigate', '.']","[1, 0, 1, 0, 0, 0, 0, 0, 0, 0, 0, 0, 0, 0, 0, 0, 0, 0, 0, 0, 0, 1, 2, 0, 1, 2, 0, 0, 0, 0, 0, 3, 0, 0, 0, 0, 1, 2, 0, 0, 0]"
"['the', 'System', 'must', 'be', 'able', 'to', 'retrieve', 'and', '.', 'display', '20', 'second', 'the', 'case', 'which', 'have', 'not', 'be', 'within', 'access', 'use', 'with', 'rapid', 'retrieval', 'of', 'frequently', '-', 'use', 'case', ',', 'recent', 'on', 'understanding', 'that', 'frequency', 'of', 'use', 'be', 'typically', 'correlate', 'the', 'for', 'within', 'previous', 'case', 'where', 'case', 'use', 'infrequently', 'be', 'store', 'on', 'for', 'slow', 'than', 'more', 'active', 'record', '.']","[0, 0, 0, 0, 0, 0, 0, 0, 0, 0, 0, 0, 0, 0, 0, 0, 0, 0, 0, 0, 0, 0, 0, 0, 0, 0, 0, 0, 1, 0, 0, 0, 0, 0, 0, 0, 0, 0, 0, 0, 0, 0, 0, 0, 1, 0, 1, 0, 0, 0, 0, 0, 0, 0, 0, 0, 0, 0, 0]"
"['make', '.', 'application', 'the', 'from', 'remove', '-', 'be', '-', 'plug']","[0, 0, 0, 0, 0, 0, 0, 0, 0, 0]"
"['payment', 'Mode', '(', 'Cash', '/', 'Bank', ')', ';', 'Bank', 'Account', 'payment', 'screen', 'will', 'have', 'create', 'Staff', 'Code', 'with', 'Suffix', 'as', 'VSP', 'Code', '+', 'SC', '+', '3', 'digit', 'automatically', '.', 'example', 'HP0001SC0001', 'Staff', 'type', '(', 'should', 'be', 'select', 'from', 'list', 'of', 'staff', 'type']","[3, 4, 0, 0, 0, 0, 0, 0, 3, 4, 1, 0, 0, 0, 0, 3, 4, 0, 0, 0, 3, 4, 0, 0, 0, 0, 0, 0, 0, 0, 0, 3, 4, 0, 0, 0, 0, 0, 0, 0, 3, 4]"
"['req-8', '""', '.', 'search', 'this', 'for', 'find', 'be', 'result', 'no', '""', 'message', 'a', 'display', 'will', ';', 'software', 'see', 'video', 'and', 'user', 'computer', 'naïve', 'both', 'to', 'appeal', 'will']","[0, 0, 0, 1, 0, 0, 0, 0, 0, 0, 0, 1, 0, 0, 0, 0, 1, 0, 1, 0, 2, 2, 1, 0, 0, 0, 0]"
"['it', 'operational', 'be', 'for', 'apply', 'throughout', '.']","[0, 3, 0, 0, 0, 0, 0]"
"['(', '.', 'coverage', 'provide', 'PLMN', 'next', 'the', 'with', 'register', 'network', 'selection', 'should', 'be', 'if', ')', 'o']","[0, 0, 0, 0, 1, 0, 0, 0, 0, 0, 0, 0, 0, 0, 0, 0]"
"['the', '.', ';', 'system', 'design', ':', 'the', 'system', 'will', 'be', 'user', 'friendly', '9', 'with', 'master', 'table', 'structure', 'with', 'all', 'transaction', 'screen', 'to', 'have', 'drop', 'maximum', 'down', 'report', 'be', 'Development', ':']","[0, 0, 0, 0, 0, 0, 0, 0, 0, 0, 0, 0, 0, 0, 0, 0, 0, 0, 0, 0, 0, 0, 0, 0, 0, 0, 0, 0, 0, 0]"
"['Splash', 'layout', '.', ',', 'unit', 'of', 'measurement', ',', 'temperature', ',', 'date', 'and', 'time', ',', 'phone', 'number', ',', 'address', 'or', 'postal', 'currency', 'as', 'such', 'element', 'or', 'currency', ':', 'when', 'design', 'user', 'interface', 'for', 'code', 'use', 'diverse', 'group', ',', 'input', 'and', 'output', 'of', 'information', 'by', 'should', 'be', 'design', 'user', ',', 'use', 'function', 'provide', 'by', 'the', 'user', 'the', 'agent', 'other', 'appropriate', 'mean', 'i.e.', 'see', 'iso', '9241', '-', 'or', 'measurement', 'by', 'be', 'so', 'that', 'they', 'be', 'usable', '.']","[0, 0, 0, 0, 3, 4, 4, 0, 3, 0, 3, 0, 3, 0, 3, 4, 0, 3, 0, 3, 3, 0, 0, 0, 0, 0, 0, 0, 0, 0, 0, 0, 4, 0, 0, 0, 0, 0, 0, 0, 1, 2, 0, 0, 0, 0, 1, 0, 0, 0, 0, 0, 0, 0, 0, 0, 0, 0, 0, 0, 0, 0, 0, 0, 0, 0, 0, 0, 0, 0, 0, 0, 0, 0]"
"['the', 'supervised', 'show', 'speed', 'not', 'be', 'show', 'on', 'the', 'DMI', 'shall', 'be', 'shall', 'indication', 'be', 'suppress', '.']","[0, 3, 0, 4, 0, 0, 0, 0, 0, 1, 0, 0, 0, 2, 0, 0, 0]"
"['this', '.', 'cart', 'shopping', 'the', 'within', 'purchase', 'for', 'product', 'store', 'also', 'Server', 'be', 'to', 'order', 'the']","[0, 0, 2, 1, 0, 0, 0, 0, 1, 0, 0, 0, 0, 0, 1, 0]"
"['(', 'shall', 'be', 'meet', 'base', 'on', 'full', 'power', 'Battery', 'during', 'and', 'assume', 'hourly', 'periodic', 'location', 'updating', '.', 'transmission', 'in', 'vibration', 'and', '55', '°', 'C', '.']","[0, 0, 0, 0, 0, 0, 0, 0, 0, 0, 0, 0, 0, 0, 0, 0, 0, 0, 0, 0, 0, 0, 0, 0, 0]"
"['diagnosis', '.', 'measure', 'other', ';', 'Qty', '-', 'day', 'of', 'no', '–', 'frequency', '–', 'Name', 'Drugs', ';', ';', 'the', 'Drugs', '–', ',', 'Test', 'Lab', ',', 'diagnosis', ',', 'Examinations', 'Clinical', ',', 'Syndrome', 'of', 'number', 'any', 'enter', 'to', 'provision', 'the', 'have', 'will', 'system']","[3, 0, 4, 3, 0, 3, 0, 4, 4, 3, 0, 3, 0, 4, 3, 0, 0, 0, 3, 0, 0, 4, 3, 0, 3, 0, 4, 3, 0, 3, 0, 0, 0, 0, 0, 0, 0, 0, 0, 1]"
"['Temperature', 'Data', 'the', 'themas', 'shall', 'provide', 'the', 'ability', 'for', 'the', 'supervisor', 'valid', 'the', 'h.', 'Data', 'file', 'whose', 'location', 'and', 'name', 'shall', 'be', 'selectable', 'by', 'the', 'operator', '.']","[0, 0, 0, 0, 0, 0, 0, 0, 0, 0, 1, 3, 0, 0, 0, 2, 0, 3, 0, 3, 0, 0, 0, 0, 0, 1, 0]"
"['the', '.', 'message', 'error', 'consistent', 'shall', 'utilize', 'interchangeable', 'create', 'shall', 'system']","[0, 0, 0, 0, 0, 0, 0, 0, 0, 0, 0]"
"['system', 'or', 'laboratory', 'test', 'to', 'transfer', 'be', 'that', 'sample', '/', 'specimen', 'of', 'shipment', 'batch', 'about']","[1, 0, 2, 1, 0, 0, 0, 0, 1, 0, 1, 0, 2, 1, 0]"
"['the', 'customization', 'layer', '.']","[0, 0, 0, 0]"
"['these', 'interface', 'connect', '/', 'IMP', 'through']","[0, 0, 0, 0, 0, 0]"
"['all', 'software', 'mind', ',', 'process', 'installation', 'to', 'be', 'easily', 'extend', 'and', 'upgrade', 'with', 'modiﬁcation', 'to', 'non', '-', 'change', 'component', '.']","[0, 0, 0, 0, 0, 0, 0, 0, 0, 0, 0, 0, 0, 0, 0, 0, 0, 0, 0, 0]"
"['the', 'system', 'report', 'function', 'receive', 'event', 'datum', 'from', 'and', 'the', 'system', '.']","[0, 0, 0, 0, 0, 0, 0, 0, 0, 0, 0, 0]"
"['customer', '.', 'result', ';', 'task', 'run', 'service', ';', 'request', 'up', 'service', 'pick', ';', 'Service', 'to', 'request', 'submit', 'Server', 'Web', 'Service', 'return', 'result', ';', 'display', 'Browser', 'Web', ';', 'Browser', 'Web', 'to', 'result', 'return', 'Server', 'web', ';', 'completion', 'for', 'check', 'Server', 'Web', 'out', ';', 'of', 'account', 'multi', 'in', 'store', 'be', 'will', 'product', '3.1.2', '-', 'as', '.', 'feature', 'system', 'priority', 'medium', 'a', 'be']","[1, 0, 0, 0, 0, 0, 0, 0, 0, 0, 0, 0, 0, 0, 0, 0, 0, 0, 0, 0, 0, 0, 0, 0, 0, 0, 0, 0, 0, 0, 0, 0, 0, 0, 0, 0, 0, 0, 0, 0, 0, 0, 0, 1, 1, 0, 0, 0, 0, 1, 0, 2, 0, 0, 0, 0, 0, 0, 0, 0]"
"['the', 'Client', 'Feed', ';', 'Master', 'Man', 'Sales']","[0, 1, 2, 0, 0, 0, 0]"
"['(', '°', 'C']","[0, 0, 0]"
"['other', '.', 'input', 'for', '.', 'user', 'a', 'of', 'name', 'the', 'with', 'associate', 'play', 'a', 'of', ')', 'count', 'of', 'number', 'and', 'time', '(', 'score', 'the', 'record', 'must', 'product']","[0, 0, 0, 0, 0, 1, 0, 0, 3, 0, 0, 0, 1, 0, 0, 0, 0, 0, 0, 0, 0, 0, 3, 0, 0, 0, 0]"
"['critical', 'resource', '(', 'those', 'that', 'can', 'support', 'the', ';', 'system', 'not', 'and', 'codify', 'common', 'task', '.']","[0, 0, 0, 0, 0, 0, 0, 0, 0, 1, 0, 0, 0, 0, 0, 0]"
"['it', '.', 'astronomer', 'on', 'the', 'other', 'hand', ',', 'mean', 'that', 'the', 'observe', 'program', 'can', 'be', 'perform', 'by', 'someone', 'other', 'than', 'the', 'propose', 'observe', ',', '.', 'these', 'plan', 'observe', ',', 'which', 'still', 'require', 'competent', 'monitoring', 'by', 'at', 'Gemini', '8', 'm', 'Telescopes', 'site', 'or', 'remotely', '.', 'the', 'mean', 'be', 'what', 'in', 'accordance', 'with', 'predeﬁned', 'sequence', 'of', 'exposure', ',', 'as', 'be', 'commonly', 'do', 'in', 'space', 'observatory', '.']","[0, 0, 1, 0, 0, 0, 0, 0, 0, 0, 0, 0, 0, 0, 0, 0, 0, 0, 0, 0, 0, 0, 0, 0, 0, 0, 0, 0, 0, 0, 0, 0, 0, 0, 0, 0, 0, 0, 0, 0, 0, 0, 0, 0, 0, 0, 0, 0, 0, 0, 0, 0, 3, 4, 4, 0, 0, 0, 0, 0, 0, 0, 0, 0]"
"['all', 'Reports', 'an', 'associated', 'hardware', 'configuration', 'item', '.']","[0, 0, 0, 0, 1, 2, 2, 0]"
"['the', 'modem', 'a', 'via', 'internet', 'the', 'to', 'connect', 'be', 'that', 'computer', 'date', '-', 'to', '-', '.', 'of', 'torrent', 'that', 'be']","[0, 1, 0, 0, 1, 0, 0, 0, 0, 0, 1, 0, 0, 0, 0, 0, 0, 1, 0, 0]"
"['in', 'this', 'case', 'this', 'process', 'shall', 'output', 'the', '.', 'T', 'od', 'clarify', 'these', 'condition', ',', 'the', 'follow', 'definition', 'will', 'be', 'use', ':', 'LO', ':']","[0, 0, 0, 0, 0, 0, 0, 0, 0, 0, 0, 0, 0, 0, 0, 0, 0, 0, 0, 0, 0, 0, 0, 0]"
"['note', 'that', 'for', 'the', 'handheld', 'version', 'of', 'variety', 'the', 'purpose', 'radio', ',', 'commercial', 'standard', 'apply', '.', 'General', '.', 'of', 'number', 'and', 'encryption', 'algorithm', ',', 'which', 'must', 'be', 'apply', 'consistently', 'in', 'all', 'network', '.']","[0, 0, 0, 0, 0, 0, 0, 0, 0, 0, 0, 0, 0, 0, 0, 0, 0, 0, 0, 0, 0, 0, 0, 0, 0, 0, 0, 0, 0, 0, 0, 0, 0]"
"['such', 'valid', 'information', 'will', 'help', 'we', 'track', 'information', 'relate', 'type', 'distributor']","[0, 0, 0, 0, 0, 0, 0, 0, 0, 3, 1]"
"['the', 'to', '.', 'the', 'navigate', 'to', 'user', 'the', 'for', 'button', 'page', 'be', 'will', 'there', ':', 'req-9', ';', 'result', 'header', 'come', 'this', 'can', 'user', 'the', 'this', 'to', 'addition']","[0, 0, 0, 0, 0, 0, 1, 0, 0, 2, 1, 0, 0, 0, 0, 0, 0, 1, 4, 0, 0, 0, 1, 0, 0, 0, 0]"
"['it', 'must', 'also', 'be', 'possible', 'to', 'to', 'Gemini', 'the', 'of', 'information', 'be', 'available', 'to', 'the', 'Gemini', '8', 'm', 'Telescopes', 'software', 'and', 'be', 'capable', 'of', 'be', 'available', 'to', 'all', 'user', 'all', 'restrict', 'telescope', 'parameter', '.']","[0, 0, 0, 0, 0, 0, 0, 0, 0, 0, 0, 0, 0, 0, 0, 0, 0, 0, 0, 0, 0, 0, 0, 0, 0, 0, 0, 0, 0, 0, 0, 3, 4, 0]"
"['finally', ',', 'a', 'channel', 'might', 'use', 'a', 'separate', 'physical', 'route', ',', 'to', 'prevent', 'large', 'datum', 'transmission', 'target', '-', 'IOC', 'other', 'to', 'independent', 'investigator', 'it', 'be', 'strongly', 'recommend', 'that', 'available', 'epics', 'use', 'as', 'the', 'toolkit', 'for', 'all', 'CATS', 'development', 'be', 'make', 'be', 'must', 'the', 'experimental', 'area', 'must', 'be', 'coordinate', 'with', 'the', 'main', 'facility', 'control', 'system', 'and', 'since', '25', '%', 'of', 'the', 'beamtime', 'work']","[0, 0, 0, 0, 0, 0, 0, 0, 0, 0, 0, 0, 0, 0, 0, 0, 1, 0, 0, 0, 0, 0, 0, 0, 0, 0, 0, 0, 0, 0, 0, 0, 0, 0, 0, 0, 0, 0, 0, 0, 0, 0, 0, 0, 0, 0, 0, 0, 0, 0, 1, 2, 2, 2, 0, 0, 0, 0, 0, 0, 0, 0]"
"['the', 'ETCS', 'trainborne', 'equipment', 'national', 'shall', 'capable', 'of', 'supervise', 'the', 'follow', 'operational', 'be', 'the', 'by', 'with', 'TSI', 'such', 'that', 'it', 'do', 'not', 'interfere', 'with', 'the', 'national', 'system', 'and', 'be', 'not', 'interfere', 'the', '.', 'trackside', 'from', '1', 'and', '0', 'and', 'train', 'equip', ',', 'for', '/', 'ETCS', 'application', 'level', '1', 'shall', 'ERTMS', '2', 'level', 'application', 'application', 'level', '2', 'shall', 'be', 'able', 'to', 'run', 'on', 'line', 'equip', 'with', 'ERTMS', '/', 'ETCS', 'be', 'able', 'to', 'run', 'indicate', 'on', 'the', 'DMI', '.']","[0, 1, 2, 2, 1, 0, 0, 0, 0, 0, 0, 3, 0, 0, 0, 0, 2, 0, 0, 0, 0, 0, 0, 0, 0, 1, 2, 0, 0, 0, 0, 0, 0, 1, 0, 0, 0, 0, 0, 1, 0, 0, 0, 4, 4, 4, 4, 0, 0, 3, 0, 4, 4, 4, 4, 0, 0, 0, 0, 0, 0, 0, 1, 0, 0, 3, 4, 4, 0, 0, 0, 0, 0, 0, 0, 1, 0]"
"['the', 'ﬁnal', 'purpose', 'of', 'the', 'Gemini', ',', 'many', 'other', 'datum', 'setup', 'and', 'control', 'telescope', 'and', 'instrument', '.']","[0, 0, 0, 0, 0, 0, 0, 0, 0, 0, 0, 0, 0, 0, 0, 0, 0]"
"['the', '.', 'place']","[0, 0, 0]"
"['the', 'shall', 'web', 'the', 'access', 'to', 'able', 'be', 'must', 'order']","[0, 0, 0, 0, 0, 0, 0, 0, 0, 0]"
"['guidance', 'on', 'select', 'and', 'use', 'different', 'the', 'to', 'information', 'present', 'take', 'into', 'account', '.']","[0, 0, 0, 0, 0, 0, 0, 0, 0, 0, 0, 0, 0, 0]"
"['depend', 'on', 'the', 'new', 'payment', '(', 'Bi', '-', 'monthly', '/', 'Monthly', ')', 'mention', 'in', 'the', 'VSP', 'master', 'the', 'term', 'the', 'enter', 'to', 'Master', ')']","[0, 0, 0, 0, 1, 0, 0, 0, 0, 0, 0, 0, 0, 0, 0, 0, 0, 0, 2, 0, 0, 0, 4, 0]"
"['Sales', 'Person', ';', 'click', 'Person']","[1, 2, 0, 0, 2]"
"['(', 'i', ')', 'an', 'entitle', 'controller', 'may', 'Tone', 'Dual', 'of', 'Support', 'in', 'the', 'network', '(', 'dtmf', 'receiver', ')', 'digit', 'be', 'in', '[', '3', 'g', 'ts', '23.014', ',', 'specify', ')', 'Fu(n', ';', 'the', 'UIC', 'frequency', 'band', 'the', 'follow', 'convention', 'shall', 'be', 'use', ',', 'where', 'Fl(n', ')', 'be', 'in', 'carrier']","[0, 0, 0, 0, 3, 1, 0, 0, 0, 0, 0, 0, 0, 1, 0, 0, 0, 0, 2, 0, 0, 0, 0, 0, 0, 0, 0, 0, 0, 0, 0, 0, 1, 3, 4, 0, 0, 0, 0, 0, 0, 0, 0, 0, 0, 0, 0, 0]"
"['the', '.', 'adult', 'an', 'be', 'could', 'who', 'player', 'level', 'advanced', 'an', 'up', 'marge', 'number', 'display', 'of', 'the', 'product', '.']","[0, 0, 0, 0, 0, 0, 0, 0, 0, 0, 0, 0, 0, 0, 0, 0, 0, 0, 0]"
"['in', 'order', 'to', 'provide', 'an', 'operational', 'history', 'and', 'statistical', 'report', ',', 'this', 'process', 'shall', 'generate', 'an', 'event', 'each', 'setting', '’s', 'two', 'any', 'four', 'section', 'have', 'an', 'associated', 'software', 'configuration', 'item', ';', 'all', 'except', 'the', 'System']","[0, 0, 0, 0, 0, 1, 2, 0, 1, 2, 0, 0, 0, 0, 0, 0, 1, 0, 3, 0, 0, 0, 0, 0, 0, 0, 0, 1, 2, 2, 0, 0, 0, 0, 0]"
"['action', '.', 'selection']","[0, 0, 0]"
"['Salesman', 'Code', '*', 'Master', 'every']","[3, 4, 0, 2, 0]"
"['section', '6', 'and', 'Command', 'Tactical', 'Army', '001A', '-', '302', '-', 'A1', '-', 'ATCCS', ';', '1995', 'March', '22', ',', 'ATCCS', 'Control', 'for', 'System', 'ATCCS', '(', 'Specification', 'Requirements', 'Software', 'AWIS', 'A142', 'CDRL', ';', 'Specification', 'Segment', '/', 'Systems', ')', 'CASS', '(', 'Software', 'Support', 'Common', '.', 'Specification', '6', ',', ')', 'DII', '(', 'Infrastructure', 'Information']","[0, 0, 0, 0, 0, 0, 0, 0, 0, 0, 0, 0, 0, 0, 0, 0, 0, 0, 0, 0, 0, 0, 0, 0, 0, 0, 0, 0, 0, 0, 0, 0, 0, 0, 0, 0, 0, 0, 0, 0, 0, 0, 0, 0, 0, 0, 0, 0, 0, 0]"
"['establish', 'rule', ',', ';', 'namespace', ';', 'provide', 'a', 'capability', 'to', 'subscribe', 'for', 'notification', 'of', 'change', 'to', 'Communities', 'of', 'Interest', 'dcd', 'Tags', ',', 'to', 'to', 'ensure', 'maximum', 'semantic', 'understanding', 'of', 'a', 'term', 'as', 'it', 'appear', 'in', 'an', 'xml', 'document', ';', 'link', 'dtd', 'xml', 'the', 'download', ',', 'XML', 'Spec', '(', 'i.e.', 'DTD', ',', 'dcd', 'etc', '.', ')', ',', 'Sample', 'of', 'XML', 'document', 'of', 'Specification', 'the', 'Tag', ':', 'its', 'information', 'resource', 'type', ';', 'view', 'the', 'Information', 'Resource', 'Submittal', 'Package', 'contain', 'the', 'follow', 'Information', 'Resource', 'artifact', 'XML', '(', 'tag', 'be', 'will', 'be', 'use', 'for', 'inputte', 'the', 'request', 'information', 'for', 'a', 'specific', 'Information', 'Resource', ';', 'provide', 'capability', 'to', 'Spec', 'to', 'Tag']","[0, 0, 0, 0, 0, 0, 0, 0, 0, 0, 0, 0, 0, 0, 0, 0, 1, 2, 2, 0, 2, 0, 0, 0, 0, 0, 0, 0, 0, 0, 1, 0, 0, 0, 0, 0, 1, 2, 0, 0, 0, 1, 0, 0, 0, 3, 4, 0, 0, 0, 0, 0, 0, 0, 0, 0, 3, 4, 4, 4, 0, 4, 0, 4, 0, 0, 3, 4, 4, 0, 0, 0, 1, 2, 2, 2, 0, 0, 0, 0, 0, 0, 3, 0, 1, 0, 0, 0, 0, 0, 0, 0, 0, 0, 0, 0, 0, 1, 2, 0, 0, 0, 0, 2, 0, 2]"
"['Alter', '.', 'system', 'the', 'within', 'delete', 'be', 'have', 'account']","[0, 0, 0, 0, 0, 0, 0, 0, 1]"
"['the', 'goal', 'of', 'access', 'Remote', 'support', ')', 'Access', '(', 'RDA', '):', 'be', 'an', '(', '9579', ')', 'application', 'layer', 'interoperability', 'standard', '(', 'protocol', 'and', 'format', 'to', 'a', 'iso', 'stripe', 'an', 'object', 'base', 'on', 'the', 'clearance', 'level', 'to', 'of', 'subject', '(', 'user', ')', 'and', 'the', 'sensitivity', 'the', 'access', 'imediate', '):', 'view', 'do', 'not', 'need', 'to', 'know', 'where', 'the', 'datum', 'originate', 'from', ';', 'Mandatory', 'Access', 'Control', '(', 'MAC', 'label', 'of', 'the', 'object', 'maintenance', 'of', 'a', 'database', 'on', 'a', 'transaction', 'basis', 'for', 'the', 'purpose', 'of', 'rapid', 'error', 'or', 'failure', 'recovery', 'and', 'the', 'replication', 'database', '.']","[0, 0, 0, 0, 0, 0, 0, 0, 0, 0, 0, 0, 0, 0, 0, 0, 0, 0, 0, 0, 0, 0, 0, 0, 0, 0, 0, 0, 0, 0, 0, 0, 0, 3, 4, 0, 0, 1, 0, 0, 0, 0, 0, 3, 0, 0, 0, 0, 0, 0, 0, 0, 0, 0, 0, 0, 0, 0, 0, 0, 0, 0, 0, 0, 0, 4, 0, 0, 1, 0, 0, 0, 0, 0, 0, 0, 0, 0, 0, 0, 0, 0, 0, 0, 0, 0, 0, 0, 0, 0, 0]"
"['if', 'assumption', 'or', 'dependency', 'about', 'the', 'hardware', 'be', 'software', 'that', 'of', 'compose', 'independent', 'of', 'any', 'other', 'system', ',', 'or', 'any', 'component', 'of', 'the', 'heating', 'and', 'mainly', 'cool', 'to', 'which', 'it', 'be', 'attach', '.']","[0, 0, 0, 0, 0, 0, 0, 0, 0, 0, 0, 0, 0, 0, 0, 0, 0, 0, 0, 0, 0, 0, 0, 0, 0, 0, 0, 0, 0, 0, 0, 0, 0]"
"['system', ',', 'and', ',', '/', 'bit', 'for', 'an', 'encoder', ',', 'shall', 'not', 'require', 'recompile', 'but', 'will', 'be', 'update', 'as', 'part', 'of', 'system', 'startup', 'as', 'package', 'main', 'of', 'detector', 'and', 'method', 'use', ';', '.due', 'to', 'the', 'of', 'limited', 'which', 'may', 'be', 'available', 'remotely', ',', 'there', 'will', 'bandwidth', 'kind', 'the', 'upon', 'of', 'adequate', 'on', '-', 'line', 'datum', 'assessment', ',', 'as', 'the', 'amount', 'of', 'this', 'activity', 'be', 'very', 'variable', 'and', 'dependent', 'be', 'problem', 'constraint', 'the', 'speciﬁcation', '.']","[3, 0, 0, 0, 4, 4, 4, 0, 1, 0, 0, 0, 0, 0, 0, 0, 0, 0, 0, 0, 0, 1, 2, 0, 2, 1, 0, 1, 0, 0, 0, 0, 0, 0, 0, 0, 0, 0, 0, 0, 0, 0, 0, 0, 0, 0, 0, 0, 0, 0, 0, 0, 0, 0, 0, 0, 0, 0, 0, 0, 0, 0, 0, 0, 0, 0, 0, 0, 0, 0, 0, 0, 0, 0]"
"['take', 'of', 'provide', 'or', 'more', 'to', 'the', 'user', '’s', 'goal', 'that', 'be', 'infer', 'relevant', 'from', 'behaviour', 'observe', ',', 'recommend', 'information', 'that', 'be', 'potentially', 'the', 'like', ',', 'goal', 'the', 'content', 'and', 'the', 'navigation', 'of', 'a', 'user', 'adapt', 'interface', 'individual', 'user', 'or', 'user', 'group', 'can', 'be', 'a', 'to', 'useful', ':', 'user', 'place', 'consistently', 'on', 'the', 'page', 'or', 'in', 'the', 'adaptation', 'frameset', 'the', 'page', 'of', 'the', 'application', '.']","[0, 0, 0, 0, 0, 0, 0, 1, 0, 0, 0, 0, 0, 0, 0, 0, 0, 0, 0, 0, 0, 0, 0, 0, 0, 0, 0, 0, 0, 0, 0, 0, 0, 0, 0, 0, 0, 0, 1, 0, 1, 2, 0, 0, 0, 0, 0, 0, 0, 0, 0, 0, 0, 0, 0, 0, 0, 0, 0, 0, 0, 0, 0, 0, 0]"
"['the', 'in', 'user', 'the', 'assist', 'that', 'tool', 'the', 'find', 'be', '):', 'Priority', 'Medium', '(', ')', 'SE', '(', 'SE', 'Engine', 'a', 'item', 'return', 'and', ',', 'criterion', 'search', 'find', ',', 'specific', 'criterion', 'receive', 'can']","[0, 0, 1, 0, 0, 0, 0, 0, 0, 0, 0, 0, 0, 0, 0, 0, 0, 0, 0, 0, 1, 0, 0, 0, 0, 0, 0, 0, 0, 0, 0, 0]"
"['OM', '.', 'bioterrorism', 'of', 'act', 'or', 'event', 'health', 'a', 'of', 'reporting', 'and', ',', 'analysis', ',', 'management', 'the', ',', 'collection', 'analysis', 'the', 'meet', 'to', 'configurable', 'be', 'should', 'system']","[0, 0, 0, 0, 0, 0, 0, 0, 0, 0, 0, 0, 0, 0, 0, 0, 0, 0, 0, 0, 0, 0, 0, 0, 0, 0, 0]"
"['despite', 'totally', 'be', 'shall', 'system', 'the', ',', 'location', 'different', 'the', 'at', 'available', 'bandwidth', 'link', 'the', 'by', 'introduce', 'limitation', 'obvious', 'the', 'remote', 'transparent', 'as', ',', 'TCP', ',', 'ISDN', 'as', 'such', 'protocol', 'available', 'commercially', '/', 'of', 'take', 'will', 'we', ',']","[0, 0, 0, 0, 0, 0, 0, 1, 0, 0, 0, 0, 0, 0, 0, 0, 0, 0, 0, 0, 0, 0, 0, 0, 0, 0, 0, 0, 0, 0, 0, 0, 0, 0, 0, 0, 0, 0]"
"['in', '.', 'datum', 'science', 'of', 'collection', 'the', 'for', 'system', 'Gemini', 'the', 'service', 'provide', 'by', 'of', 'collection', 'the', 'for', 'plan', 'science', 'a', ',', 'system', 'Gemini', 'the', 'the', ',', 'out', 'work', 'have', 'astronomer']","[0, 0, 0, 0, 0, 0, 0, 0, 0, 0, 0, 0, 0, 0, 0, 0, 0, 0, 0, 0, 0, 0, 0, 0, 0, 0, 0, 0, 0, 0, 1]"
"['no', 'form', 'list', 'not', 'automatically', 'generate', 'the', 'Form', 'the', 'choose', 'while', 'automatically', 'populate', 'should', 'this', '(', 'Date', 'submit', ';', ')', 'digit', '8', '+', 'Suffix', 'as', 'Code', 'Hospital', 'with', 'number', 'claim', 'on', 'the', 'Voucher', 'Slip', 'Road', '/', 'Street', 'than', 'other', ')', 'Town', '/', 'Village', ',', 'all', 'County', 'Sub', ',', 'County', ',', 'District', '-', 'Sub', ',', 'District', ',', '-', 'other', 'detail', 'would', 'the', 'have', 'should', 'system', 'the', 'then', ',', 'record', 'Master', 'in', 'exist', 'not', 'be', 'detail', 'any', 'if', ',', 'record', 'master', 'its', 'the', 'from', 'list', 'Road', ';', '/', '(', 'Voucher', 'the', 'on', 'base', 'reader', 'Code', 'Bar', 'from', 'capture', 'be', 'Slip', 'should', '(', 'Type']","[4, 4, 3, 0, 0, 0, 0, 3, 0, 0, 0, 0, 0, 0, 0, 0, 4, 3, 0, 0, 0, 0, 0, 0, 0, 4, 3, 0, 4, 3, 0, 0, 0, 0, 3, 0, 3, 0, 0, 0, 3, 0, 3, 0, 0, 3, 3, 0, 3, 0, 4, 4, 3, 0, 3, 0, 0, 0, 0, 0, 0, 0, 0, 1, 0, 0, 0, 2, 1, 0, 0, 0, 0, 0, 0, 0, 0, 2, 1, 0, 0, 0, 0, 3, 0, 0, 0, 0, 0, 0, 0, 0, 0, 0, 0, 0, 0, 0, 0, 0, 4]"
"['the', '.', 'closed', 'be', 'Window', 'Finish', '0.1x', 'simple']","[0, 0, 0, 0, 2, 2, 0, 1]"
"['(', 'M', ')', 'this', 'the', 'subsection', 'the', 'core', 'environmental', 'and', 'physical', 'requirement', 'for', 'define', 'frequency', '60950', '(', ')', ';', 'test', 'require', 'to', 'validate', 'compliance', 'with', 'EIRENE', 'specification', '.']","[0, 0, 0, 0, 0, 0, 0, 0, 0, 0, 0, 0, 0, 0, 0, 0, 0, 0, 0, 0, 0, 0, 0, 0, 0, 0, 0, 0]"
"['for', 'example', ',', 'the', 'oc', 'failure', 'system', 'might', 'a']","[0, 0, 0, 0, 0, 0, 2, 0, 0]"
"['transition', 'train', 'the', 'while', ';', 'shunt', 'operation', ';', 'stand', 'by', 'operation', ';', 'reverse', 'operation', '.']","[1, 1, 0, 0, 0, 0, 0, 0, 0, 0, 0, 0, 0, 0, 0]"
"['in', 'particular', 'also', ',', 'the', 'meteorological', 'information', 'come', 'from', 'a', 'weather', 'station', 'should', 'be', 'available', 'centrally', 'term', 'actual', 'of', ',', 'on', 'all', 'instrument', '.']","[0, 0, 0, 0, 0, 3, 4, 0, 0, 0, 1, 2, 0, 0, 0, 0, 0, 0, 0, 0, 0, 0, 1, 0]"
"['other', '.', 'test', 'under', 'software', 'the', 'of', 'part', 'the', 'for', ')', '4', '-', '3', 'page', 'with', '8', 'interference', 'to', 'need', 'staff', 'maintenance', 'and', 'development', 'Software', 'Privileges', ';', 'the', 'procedure', 'and', 'test', 'establish', 'to', 'accord', ',', 'release', 'new', 'validation', 'high', 'privilege', 'in', 'follow', 'be', 'must', 'guideline', 'control', 'configuration', 'strict']","[0, 0, 0, 0, 0, 0, 0, 0, 0, 0, 0, 0, 0, 0, 0, 0, 0, 0, 0, 0, 0, 0, 0, 0, 0, 0, 0, 0, 0, 0, 0, 0, 0, 0, 0, 0, 0, 0, 0, 3, 0, 0, 0, 0, 0, 0, 0, 0]"
"['administrator', '.', 'System', 'Weborder', ';']","[1, 0, 0, 0, 0]"
"['tset', '-', 'od', 'UO', ':', 'Upper', 'Overtemperature', 'Value', '=']","[0, 0, 0, 0, 0, 3, 4, 4, 0]"
"['these', '.', 'element', 'MS', 'radio', 'type', '.']","[0, 0, 0, 0, 3, 4, 0]"
"['please', 'refer', 'be', 'to', 'note', 'below', 'for', 'each', 'function', '-', 'the', 'function', 'a', 'of', 'be', 'transmit', 'to', 'the', 'RBC', '.']","[0, 0, 0, 0, 0, 0, 0, 0, 1, 0, 0, 0, 0, 0, 0, 0, 0, 0, 1, 0]"
"['the', 'result', 'intervention', 'human', 'require', 'not', 'need', 'to', 'move', 'off', '-', 'line', ',', 'but', 'the', 'current', 'operation', 'can', 'not', 'be', 'complete', '.']","[0, 0, 0, 0, 0, 0, 0, 0, 0, 0, 0, 0, 0, 0, 0, 0, 0, 0, 0, 0, 0, 0]"
"['the', 'the', 'use', 'be', 'will', 'section']","[0, 0, 0, 0, 0, 0]"
"['(', 'tolerance', 'physical', 'and', 'environmental']","[0, 0, 0, 0, 0]"
"['the', ')', 'SSL', '(', 'layer', 'socket', 'secure', 'encrypted', 'an', 'over', 'HTTP', ',', 'i.e.', 'browser', 'control', 'through', ':', 'row', 'the', 'tag', 'soft', 'only', 'perform', 'and', 'for', 'delete', 'allow', 'not', 'do', ';', 'server', 'and', 'client', 'hard', 'deletion', '.']","[0, 0, 0, 0, 0, 0, 0, 0, 0, 0, 0, 0, 0, 0, 0, 0, 0, 0, 0, 0, 0, 0, 0, 0, 0, 0, 0, 0, 0, 0, 0, 0, 0, 0, 0, 0]"
"['to', 'improve', 'over', 'exposure', 'which', 'during', 'and', 'testing', '.']","[0, 0, 0, 0, 0, 0, 0, 0, 0]"
"['for', 'datum', 'that', 'require', 'preprocesse', ',', 'such', 'as', 'infrared', 'detector', 'datum', ',', 'only', 'the', 'preprocesse', 'standard', 'data', 'format']","[0, 0, 0, 0, 0, 0, 0, 0, 0, 0, 0, 0, 0, 0, 0, 0, 0, 0]"
"['for', 'to', '.', 'the', 'of', 'several', 'into', 'fall', 'would', 'individual', 'particular', 'a', 'that', 'category']","[0, 0, 0, 0, 0, 0, 0, 0, 0, 0, 0, 0, 0, 0]"
"['provide', 'under', 'separate', 'document', '.']","[0, 0, 0, 0, 0]"
"['if', '.', '""', '...', 'as', 'Save', '""', 'action', 'the', 'the', '10']","[0, 0, 0, 0, 0, 0, 0, 0, 0, 0, 0]"
"['Menu', '.', '3.2.3.3', 'chapter', 'the', ';', '3.2.4.3', 'chapter', 'player', 'the', 'to', 'ask', 'that', 'display', 'be', 'box', 'dialog', 'a', ',', 'save', 'not', 'be', 'game', 'the']","[0, 0, 0, 0, 0, 0, 0, 0, 1, 0, 0, 0, 0, 0, 0, 0, 0, 0, 0, 0, 0, 0, 1, 0]"
"['if', '.', 'selection']","[0, 0, 0]"
"['detector', '.', 'such', 'information', '.']","[0, 0, 0, 0, 0]"
"['system', '.', 'visit', 'jurisdiction', 'the', 'by', 'investigate', 'and', 'residence', 'of', ')', 'jurisdiction', '(', 'state', 'the', 'by', 'report', 'be', 'illness', '.', 'Data', 'investigation', 'exposure', 'of', 'source', 'the', 'about', 'collect', 'be', 'must', 'datum']","[1, 0, 0, 1, 0, 0, 0, 0, 2, 2, 2, 2, 2, 1, 0, 0, 0, 0, 1, 0, 0, 2, 2, 2, 1, 0, 0, 0, 0, 0, 4]"
"['remote', 'operator', ';', 'facility', 'control', 'Telescopes', 'm', '8', 'Gemini', 'the', 'at', 'operator', 'via', 'system', 'the', 'with', 'interact', 'normally', 'shall', 'user', 'the', 'at', 'provide', 'implement', 'previous', 'with']","[0, 1, 0, 0, 0, 0, 0, 0, 0, 0, 0, 1, 0, 1, 0, 0, 0, 0, 0, 0, 0, 0, 0, 0, 0, 0]"
"['intermediate', 'storage', 'of', 'raw', 'datum', 'in', 'memory', 'on', 'different', 'node', 'and', 'in', 'different', 'format', 'should', 'be', 'keep', 'to', 'do', 'time', 'assessment', 'datum', 'small', 'a', 'bottleneck', 'as', 'possible', 'for', 'data', 'acquisition', 'as', '.', ',', 'raw', 'datum', 'will', 'be', 'acquire', 'and', 'store']","[0, 0, 0, 0, 0, 0, 0, 0, 0, 0, 0, 0, 0, 0, 0, 0, 0, 0, 0, 0, 0, 0, 0, 0, 0, 0, 0, 0, 0, 0, 0, 0, 0, 0, 0, 0, 0, 0, 0, 0]"
"['this', '.', 'a.observe', ':', 'be', 'system', 'Gemini', 'the', 'by', 'provide', ',', 'mode']","[0, 0, 0, 0, 0, 0, 0, 0, 0, 0, 0, 4]"
"['section', 'to', 'party', '-', '-', 'intend', 'to', 'provide', 'explanatory', 'note', '.']","[0, 0, 0, 0, 0, 0, 0, 0, 0, 0, 0]"
"['Observing', ',', 'as', 'such', ',', 'be', 'the', 'purpose', '.', 'of', 'Gemini', '8', 'm', 'Telescopes', 'system', '.']","[0, 0, 0, 0, 0, 0, 0, 0, 0, 0, 0, 0, 0, 0, 0, 0]"
"['the', 'store', 'the', 'of', 'encryption', 'selective', 'support', 'should', 'datum', 'the', 'network', 'and', 'and', 'security', 'of', 'standard', 'high', 'ensure', 'should', 'system']","[0, 0, 0, 0, 0, 0, 0, 0, 0, 0, 0, 0, 0, 0, 0, 0, 0, 0, 0, 0]"
"['it', 'be', 'mandatory', 'that', 'each', 'railway', 'meet', 'these', 'specification', 'where', 'interoperability', 'on', 'line', ',', ')', 'paragraph', 'the', 'of', ':', '(', 'i', ')', 'Mandatory', '(', 'indicate', 'three', 'by', '(', 'M', ')', ""'"", 'at', 'the', 'end', ""'"", '’s', 'railway', 'a', 'the', 'EIRENE', 'System', 'Requirements', 'Specification', 'define', 'the', 'set', 'of', 'requirement', 'which', 'a', 'railway', 'radio', 'system', ')', 'i']","[0, 0, 0, 0, 0, 1, 0, 0, 0, 0, 0, 0, 0, 0, 0, 0, 0, 0, 0, 0, 0, 0, 0, 0, 0, 0, 0, 0, 0, 0, 0, 0, 0, 0, 0, 2, 1, 0, 0, 0, 0, 0, 0, 0, 0, 0, 0, 0, 0, 0, 0, 0, 0, 0, 0]"
"['the', '.', 'page', 'error', 'distribution', 'list', 'if', 'the', 'use', 'functionality', 'develop', 'shall', 'Team', 'Development']","[0, 0, 0, 0, 2, 2, 0, 0, 0, 0, 0, 0, 2, 1]"
"['(', 'i', ')', 'the', 'statement', 'make', 'in', 'the', 'specification', 'be', 'assign', 'to', 'EIRENE', 'any', 'in', 'use', 'infrastructure', ',', 'onto', 'which', 'mobile', 'will', 'roam', 'one', ',', 'the', 'requirement', 'concern', 'mobile', 'which', 'may', 'be', 'and', 'network', 'of', 'category', '.']","[0, 0, 0, 0, 0, 0, 0, 0, 0, 0, 0, 0, 0, 0, 0, 0, 2, 0, 0, 0, 1, 0, 0, 0, 0, 0, 0, 0, 1, 0, 0, 0, 0, 2, 0, 0, 0]"
"['it', 'be', 'assume']","[0, 0, 0]"
"['IOC', 'crate', 'in', 'the', 'Gemini', 'system', 'have', 'local', 'database']","[0, 0, 0, 0, 0, 1, 0, 1, 2]"
"['only', 'those', 'condition', 'express', 'with', 'the', 'imperative', '""', 'shall', '""', 'be', 'to', 'be', '.', 'identify']","[0, 0, 0, 0, 0, 0, 0, 0, 0, 0, 0, 0, 0, 0, 0]"
"['it', '.', 'observation', ',', 'this', 'be', 'the', 'operator', 'and', ',', 'monitor', ',', 'observer', 'the', 'through', 'system', 'the', 'ongoing', 'access', 'often', 'be', 'who', ',', 'Operator', 'Telescope', 'the', 'with', 'situation', 'typical', 'concurrently', 'mode', 'an', 'performance', 'administrative', 'use', '.', 'etc', ',', 'efficiency', ',', 'utilization', 'system', 'about', 'inquire', 'to', 'possible', 'be']","[0, 0, 0, 0, 0, 0, 0, 0, 0, 0, 0, 0, 0, 0, 0, 1, 0, 0, 0, 0, 0, 0, 0, 2, 1, 0, 0, 0, 0, 0, 0, 0, 0, 0, 0, 0, 0, 0, 3, 0, 4, 3, 0, 0, 0, 0, 0]"
"['Sales', '.', 'System', 'Weborder', '.', 'number']","[1, 0, 0, 0, 0, 3]"
"['as', 'mention', 'send', 'of', 'satisfaction', 'the', 'the', 'field', 'office', 'will', 'generate', 'BiMonth', 'or', 'monthly', 'financial', 'and', 'medical', 'report', 'and', 'send', 'it', 'to', 'MSIU', 'Admin', 'team', 'to', 'arrange', 'the', 'payment', 'for', 'the', 'VSP', ';', 'to', 'understand', 'above', ',', 'the', 'system', 'with', 'security', 'protocol', 'in', '-', 'build', '.']","[0, 0, 0, 0, 0, 0, 0, 1, 2, 0, 0, 0, 0, 0, 1, 2, 2, 2, 0, 0, 0, 0, 0, 0, 0, 0, 0, 0, 1, 0, 0, 0, 0, 0, 0, 0, 0, 0, 1, 0, 0, 0, 0, 0, 0, 0]"
"['also', 'show', 'be', 'cable', 'requirement', 'to', 'the', 'base', 'facility', ';']","[0, 0, 0, 0, 0, 0, 0, 1, 2, 0]"
"['Currently', 'at', 'of', 'source', 'significant', 'a', 'be', 'order', 'telephonic', 'business', 'information', 'product', 'and', 'availability', 'product', ',', 'image', 'product', 'the', 'update', ',', ',', 'product', ',', 'description', 'product', ',', 'd', 'i', 'price', 'and/or', 'the', 'number', 'page', 'product', 'the', 'update', 'system', ';', 'information', 'product', 'the', 'validate', 'system', ';', 'inventory', 'the', 'in', 'item', 'of', ',', '7', '-', 'digit']","[0, 0, 0, 0, 0, 0, 0, 2, 1, 0, 4, 3, 0, 4, 3, 0, 4, 3, 0, 0, 0, 0, 3, 0, 4, 3, 0, 4, 4, 4, 0, 0, 3, 4, 3, 0, 0, 0, 0, 4, 3, 0, 0, 0, 0, 4, 4, 4, 4, 4, 0, 0, 0, 0]"
"['the', '.', 'environment', 'Staging', 'the', 'to', 'update', 'system', 'these', 'deploy', 'schedule', 'and', '[', 'name', '[', 'schedule', 'perform', 'shall', 'Team', 'Development']","[0, 0, 2, 1, 0, 0, 2, 1, 0, 0, 0, 0, 0, 0, 0, 0, 0, 0, 2, 1]"
"['(', 'mobile', 'i', 'the', 'network', 'shall', 'operate', 'in', 'a', 'sub', ')', 'number', '(', 'ARFCN', 'of', 'pause', 'between', 'tone', 'generate', 'by', 'the', 'network', '(', 'dtmf', 'sender', ')', 'and', 'need', 'for', 'length', 'the', 'and', 'tone']","[0, 1, 0, 0, 1, 0, 0, 0, 0, 0, 0, 4, 0, 0, 0, 0, 0, 0, 0, 0, 0, 1, 0, 0, 0, 0, 0, 0, 0, 0, 0, 0, 0]"
"['however', 'sensitive', 'equipment', 'EMC', 'as', 'define', 'in', '[', 'ENV', '50121', 'part', '4', ']', '.']","[0, 0, 0, 0, 0, 0, 0, 0, 0, 0, 0, 0, 0, 0]"
